2026-03-09 15:37:45,471 - INFO - 📁 DYNAMIC DATA PATHS: Train=data/L2/labelled/train | Val=data/L2/labelled/val
2026-03-09 15:37:45,471 - INFO - Loading data for optimization...
2026-03-09 15:38:27,993 - INFO - Loaded 228,301 rows from data/L2/labelled/train
2026-03-09 15:38:44,721 - INFO - Loaded 97,885 rows from data/L2/labelled/val
2026-03-09 15:38:44,987 - INFO - 💾 Scaler saved properly to: data/models/scaler_foundation.pkl
2026-03-09 15:38:44,987 - INFO - FocalLoss alpha: Optuna assumira o controle Dinamico no espaco de busca.
2026-03-09 15:38:44,987 - INFO - Loss: FocalLossWithSmoothing | fallback_gamma=OPTUNA_DINAMICO | fallback_smoothing=OPTUNA_DINAMICO
2026-03-09 15:39:01,012 - INFO - A new study created in RDB with name: QUANTGOD_V000
2026-03-09 15:39:01,075 - INFO - Starting 100 trials | Metric: f1_macro | Timeout: 72000s
2026-03-09 15:39:02,781 - INFO - SequenceDataset: 210062/228278 valid sequences (Lookback protection active).
2026-03-09 15:39:02,781 - INFO - SequenceDataset: 90065/97862 valid sequences (Lookback protection active).
2026-03-09 15:39:04,298 - INFO - Trial 0 START | tcn=256, lstm=32, layers=4, batch=256, seq=24, drop=0.4246, lr=0.000010, wd=0.0005 | alpha=[2.57, 0.62, 2.57], gamma=2.46, smooth=0.01
2026-03-09 15:40:28,101 - INFO - T0 E1/50 | L: 0.46074433/0.38307109 | F1 M: 0.28512371 D: 0.08595994 | [S/N/B]: [0.1719/0.6835/0.0000] | LR: 0.00001027
2026-03-09 15:40:28,157 - INFO - 🥇 [MACRO]  Trial 0 | Global F1 Macro record: 0.28512371 (prev: 0.00000000) → saved best_tcn_lstm.pt
2026-03-09 15:40:28,187 - INFO - 🏆 [DIR]    Trial 0 | Global F1 Dir record: 0.08595994 (prev: 0.00000000) → saved best_tcn_lstm_dir.pt
2026-03-09 15:40:48,163 - INFO - T0 E2/50 | L: 0.44492900/0.36560662 | F1 M: 0.32863843 D: 0.09875183 | [S/N/B]: [0.1975/0.7884/0.0000] | LR: 0.00001024
2026-03-09 15:40:48,192 - INFO - 🥇 [MACRO]  Trial 0 | Global F1 Macro record: 0.32863843 (prev: 0.28512371) → saved best_tcn_lstm.pt
2026-03-09 15:40:48,235 - INFO - 🏆 [DIR]    Trial 0 | Global F1 Dir record: 0.09875183 (prev: 0.08595994) → saved best_tcn_lstm_dir.pt
2026-03-09 15:41:08,540 - INFO - T0 E3/50 | L: 0.42930186/0.35333258 | F1 M: 0.34928011 D: 0.10812695 | [S/N/B]: [0.2163/0.8316/0.0000] | LR: 0.00001019
2026-03-09 15:41:08,651 - INFO - 🥇 [MACRO]  Trial 0 | Global F1 Macro record: 0.34928011 (prev: 0.32863843) → saved best_tcn_lstm.pt
2026-03-09 15:41:08,719 - INFO - 🏆 [DIR]    Trial 0 | Global F1 Dir record: 0.10812695 (prev: 0.09875183) → saved best_tcn_lstm_dir.pt
2026-03-09 15:41:28,897 - INFO - T0 E4/50 | L: 0.42187653/0.34801461 | F1 M: 0.35604352 D: 0.11162791 | [S/N/B]: [0.2233/0.8449/0.0000] | LR: 0.00001012
2026-03-09 15:41:28,955 - INFO - 🥇 [MACRO]  Trial 0 | Global F1 Macro record: 0.35604352 (prev: 0.34928011) → saved best_tcn_lstm.pt
2026-03-09 15:41:28,982 - INFO - 🏆 [DIR]    Trial 0 | Global F1 Dir record: 0.11162791 (prev: 0.10812695) → saved best_tcn_lstm_dir.pt
2026-03-09 15:41:49,005 - INFO - T0 E5/50 | L: 0.41810896/0.34569612 | F1 M: 0.35554027 D: 0.11138209 | [S/N/B]: [0.2228/0.8439/0.0000] | LR: 0.00001003
2026-03-09 15:42:08,976 - INFO - T0 E6/50 | L: 0.41571472/0.34510778 | F1 M: 0.35287158 D: 0.11050545 | [S/N/B]: [0.2210/0.8376/0.0000] | LR: 0.00000992
2026-03-09 15:42:28,976 - INFO - T0 E7/50 | L: 0.41361140/0.34398260 | F1 M: 0.35705143 D: 0.11211302 | [S/N/B]: [0.2242/0.8469/0.0000] | LR: 0.00000979
2026-03-09 15:42:29,051 - INFO - 🥇 [MACRO]  Trial 0 | Global F1 Macro record: 0.35705143 (prev: 0.35604352) → saved best_tcn_lstm.pt
2026-03-09 15:42:29,173 - INFO - 🏆 [DIR]    Trial 0 | Global F1 Dir record: 0.11211302 (prev: 0.11162791) → saved best_tcn_lstm_dir.pt
2026-03-09 15:42:50,610 - INFO - T0 E8/50 | L: 0.41240094/0.34341916 | F1 M: 0.40950110 D: 0.18899357 | [S/N/B]: [0.1955/0.8505/0.1825] | LR: 0.00000965
2026-03-09 15:42:50,644 - INFO - 🥇 [MACRO]  Trial 0 | Global F1 Macro record: 0.40950110 (prev: 0.35705143) → saved best_tcn_lstm.pt
2026-03-09 15:42:50,672 - INFO - 🏆 [DIR]    Trial 0 | Global F1 Dir record: 0.18899357 (prev: 0.11211302) → saved best_tcn_lstm_dir.pt
2026-03-09 15:43:10,404 - INFO - T0 E9/50 | L: 0.41166228/0.34295755 | F1 M: 0.42042203 D: 0.20246019 | [S/N/B]: [0.1743/0.8563/0.2306] | LR: 0.00000948
2026-03-09 15:43:10,443 - INFO - 🥇 [MACRO]  Trial 0 | Global F1 Macro record: 0.42042203 (prev: 0.40950110) → saved best_tcn_lstm.pt
2026-03-09 15:43:10,473 - INFO - 🏆 [DIR]    Trial 0 | Global F1 Dir record: 0.20246019 (prev: 0.18899357) → saved best_tcn_lstm_dir.pt
2026-03-09 15:43:30,109 - INFO - T0 E10/50 | L: 0.41095261/0.34241476 | F1 M: 0.42176119 D: 0.20259358 | [S/N/B]: [0.1480/0.8601/0.2572] | LR: 0.00000930
2026-03-09 15:43:30,149 - INFO - 🥇 [MACRO]  Trial 0 | Global F1 Macro record: 0.42176119 (prev: 0.42042203) → saved best_tcn_lstm.pt
2026-03-09 15:43:30,660 - INFO - 🏆 [DIR]    Trial 0 | Global F1 Dir record: 0.20259358 (prev: 0.20246019) → saved best_tcn_lstm_dir.pt
2026-03-09 15:43:50,650 - INFO - T0 E11/50 | L: 0.41022746/0.34235202 | F1 M: 0.41824042 D: 0.19747005 | [S/N/B]: [0.1314/0.8598/0.2636] | LR: 0.00000910
2026-03-09 15:44:10,784 - INFO - T0 E12/50 | L: 0.40966861/0.34208186 | F1 M: 0.42168131 D: 0.19901619 | [S/N/B]: [0.1427/0.8670/0.2554] | LR: 0.00000889
2026-03-09 15:44:31,059 - INFO - T0 E13/50 | L: 0.40850915/0.34294376 | F1 M: 0.40255405 D: 0.17991352 | [S/N/B]: [0.1062/0.8478/0.2536] | LR: 0.00000866
2026-03-09 15:44:50,752 - INFO - T0 E14/50 | L: 0.40766023/0.34229603 | F1 M: 0.39855781 D: 0.16863772 | [S/N/B]: [0.0890/0.8584/0.2483] | LR: 0.00000842
2026-03-09 15:45:10,653 - INFO - T0 E15/50 | L: 0.40809167/0.34233980 | F1 M: 0.39539441 D: 0.16563724 | [S/N/B]: [0.0862/0.8549/0.2450] | LR: 0.00000816
2026-03-09 15:45:10,735 - INFO - Trial 0 stopped early due to patience (3 epochs without improvement)
2026-03-09 15:45:11,594 - INFO - Trial 0 finished with value: 0.4217611896005004 and parameters: {'tcn_channels': 256, 'lstm_hidden': 32, 'num_lstm_layers': 4, 'batch_size': 256, 'dropout': 0.42459759015752613, 'seq_len': 24, 'lr': 1.0281902989444867e-05, 'weight_decay': 0.0005081791287786664, 'base_alpha_side': 2.570519991203307, 'base_alpha_neutral': 0.6193943775145, 'base_loss_gamma': 2.4562363868233366, 'base_loss_smoothing': 0.014040836810000106}. Best is trial 0 with value: 0.4217611896005004.
2026-03-09 15:45:12,527 - INFO - SequenceDataset: 133934/228182 valid sequences (Lookback protection active).
2026-03-09 15:45:12,528 - INFO - SequenceDataset: 57425/97766 valid sequences (Lookback protection active).
2026-03-09 15:45:13,516 - INFO - Trial 1 START | tcn=256, lstm=128, layers=7, batch=128, seq=120, drop=0.3891, lr=0.000055, wd=0.0001 | alpha=[5.30, 0.57, 5.30], gamma=2.95, smooth=0.06
2026-03-09 15:45:44,368 - INFO - T1 E1/50 | L: 1.02072616/0.83450506 | F1 M: 0.34132403 D: 0.18578932 | [S/N/B]: [0.1188/0.6524/0.2527] | LR: 0.00005455
2026-03-09 15:46:16,022 - INFO - T1 E2/50 | L: 0.99781851/0.82749856 | F1 M: 0.35899017 D: 0.17819067 | [S/N/B]: [0.1879/0.7206/0.1685] | LR: 0.00005439
2026-03-09 15:46:47,211 - INFO - T1 E3/50 | L: 0.99104526/0.82456491 | F1 M: 0.31578868 D: 0.16026689 | [S/N/B]: [0.1872/0.6268/0.1333] | LR: 0.00005412
2026-03-09 15:47:18,219 - INFO - T1 E4/50 | L: 0.98611048/0.82497576 | F1 M: 0.34200256 D: 0.17166331 | [S/N/B]: [0.1946/0.6827/0.1487] | LR: 0.00005375
2026-03-09 15:47:49,488 - INFO - T1 E5/50 | L: 0.98105949/0.82893229 | F1 M: 0.29403072 D: 0.15968718 | [S/N/B]: [0.1683/0.5627/0.1510] | LR: 0.00005327
2026-03-09 15:48:20,618 - INFO - T1 E6/50 | L: 0.97365061/0.83465613 | F1 M: 0.33505327 D: 0.17267220 | [S/N/B]: [0.1686/0.6598/0.1767] | LR: 0.00005269
2026-03-09 15:48:20,699 - INFO - Trial 1 stopped early due to patience (3 epochs without improvement)
2026-03-09 15:48:21,029 - INFO - Trial 1 finished with value: 0.3589901682465299 and parameters: {'tcn_channels': 256, 'lstm_hidden': 128, 'num_lstm_layers': 7, 'batch_size': 128, 'dropout': 0.38909377171439086, 'seq_len': 120, 'lr': 5.460796115273819e-05, 'weight_decay': 0.00010362040585565635, 'base_alpha_side': 5.300007443446854, 'base_alpha_neutral': 0.5711551533277578, 'base_loss_gamma': 2.950001153402445, 'base_loss_smoothing': 0.05611863271632697}. Best is trial 0 with value: 0.4217611896005004.
2026-03-09 15:48:22,531 - INFO - SequenceDataset: 133934/228182 valid sequences (Lookback protection active).
2026-03-09 15:48:22,531 - INFO - SequenceDataset: 57425/97766 valid sequences (Lookback protection active).
2026-03-09 15:48:23,075 - INFO - Trial 2 START | tcn=64, lstm=128, layers=8, batch=128, seq=120, drop=0.5917, lr=0.000015, wd=0.0003 | alpha=[3.36, 0.62, 3.36], gamma=2.02, smooth=0.03
2026-03-09 15:48:55,058 - INFO - T2 E1/50 | L: 0.76014821/0.62050586 | F1 M: 0.31213954 D: 0.11803606 | [S/N/B]: [0.1918/0.7003/0.0443] | LR: 0.00001487
2026-03-09 15:49:28,908 - INFO - T2 E2/50 | L: 0.71855651/0.59949880 | F1 M: 0.32901993 D: 0.10751354 | [S/N/B]: [0.0000/0.7720/0.2150] | LR: 0.00001483
2026-03-09 15:50:02,454 - INFO - T2 E3/50 | L: 0.71083884/0.59467014 | F1 M: 0.33277271 D: 0.11007044 | [S/N/B]: [0.0000/0.7782/0.2201] | LR: 0.00001475
2026-03-09 15:50:36,057 - INFO - T2 E4/50 | L: 0.70906892/0.59203299 | F1 M: 0.34133257 D: 0.11353942 | [S/N/B]: [0.0000/0.7969/0.2271] | LR: 0.00001465
2026-03-09 15:51:09,224 - INFO - T2 E5/50 | L: 0.70694324/0.59104980 | F1 M: 0.34259743 D: 0.11487063 | [S/N/B]: [0.0000/0.7981/0.2297] | LR: 0.00001452
2026-03-09 15:51:42,273 - INFO - T2 E6/50 | L: 0.70605784/0.59111823 | F1 M: 0.33313626 D: 0.11170591 | [S/N/B]: [0.0000/0.7760/0.2234] | LR: 0.00001436
2026-03-09 15:52:14,788 - INFO - T2 E7/50 | L: 0.70494115/0.58849708 | F1 M: 0.33963135 D: 0.11479572 | [S/N/B]: [0.0000/0.7893/0.2296] | LR: 0.00001418
2026-03-09 15:52:47,277 - INFO - T2 E8/50 | L: 0.70406053/0.58820148 | F1 M: 0.38740232 D: 0.17846592 | [S/N/B]: [0.1376/0.8053/0.2194] | LR: 0.00001396
2026-03-09 15:53:20,704 - INFO - T2 E9/50 | L: 0.70340837/0.58617826 | F1 M: 0.37099549 D: 0.15923489 | [S/N/B]: [0.0943/0.7945/0.2241] | LR: 0.00001373
2026-03-09 15:53:54,595 - INFO - T2 E10/50 | L: 0.70244376/0.58507129 | F1 M: 0.37838883 D: 0.16601764 | [S/N/B]: [0.1072/0.8031/0.2249] | LR: 0.00001346
2026-03-09 15:54:27,198 - INFO - T2 E11/50 | L: 0.70188712/0.58434453 | F1 M: 0.36024500 D: 0.13824615 | [S/N/B]: [0.0417/0.8042/0.2347] | LR: 0.00001318
2026-03-09 15:55:00,947 - INFO - T2 E12/50 | L: 0.70118476/0.58450597 | F1 M: 0.34763851 D: 0.11870791 | [S/N/B]: [0.0010/0.8055/0.2364] | LR: 0.00001287
2026-03-09 15:55:34,806 - INFO - T2 E13/50 | L: 0.70106050/0.58418606 | F1 M: 0.35598635 D: 0.12759379 | [S/N/B]: [0.0153/0.8128/0.2399] | LR: 0.00001254
2026-03-09 15:56:08,090 - INFO - T2 E14/50 | L: 0.69983788/0.58405201 | F1 M: 0.38936230 D: 0.18196547 | [S/N/B]: [0.1347/0.8042/0.2292] | LR: 0.00001219
2026-03-09 15:56:41,359 - INFO - T2 E15/50 | L: 0.69927940/0.58263025 | F1 M: 0.39712359 D: 0.18915652 | [S/N/B]: [0.1495/0.8131/0.2288] | LR: 0.00001182
2026-03-09 15:57:14,250 - INFO - T2 E16/50 | L: 0.69948130/0.58211162 | F1 M: 0.39843089 D: 0.18873854 | [S/N/B]: [0.1458/0.8178/0.2317] | LR: 0.00001143
2026-03-09 15:57:47,184 - INFO - T2 E17/50 | L: 0.69862640/0.58187383 | F1 M: 0.40162873 D: 0.19606319 | [S/N/B]: [0.1629/0.8128/0.2292] | LR: 0.00001103
2026-03-09 15:58:20,157 - INFO - T2 E18/50 | L: 0.69752646/0.58124938 | F1 M: 0.40247046 D: 0.19579409 | [S/N/B]: [0.1605/0.8158/0.2311] | LR: 0.00001061
2026-03-09 15:58:54,258 - INFO - T2 E19/50 | L: 0.69763584/0.58256651 | F1 M: 0.39887777 D: 0.19197007 | [S/N/B]: [0.1444/0.8127/0.2395] | LR: 0.00001018
2026-03-09 15:59:27,574 - INFO - T2 E20/50 | L: 0.69713314/0.58227237 | F1 M: 0.39773548 D: 0.19247939 | [S/N/B]: [0.1519/0.8082/0.2330] | LR: 0.00000974
2026-03-09 16:00:00,244 - INFO - T2 E21/50 | L: 0.69703931/0.58117269 | F1 M: 0.40343836 D: 0.19496630 | [S/N/B]: [0.1516/0.8204/0.2384] | LR: 0.00000929
2026-03-09 16:00:33,457 - INFO - T2 E22/50 | L: 0.69636247/0.58315394 | F1 M: 0.39629736 D: 0.18980175 | [S/N/B]: [0.1379/0.8093/0.2417] | LR: 0.00000884
2026-03-09 16:01:06,805 - INFO - T2 E23/50 | L: 0.69614537/0.58019128 | F1 M: 0.40538721 D: 0.19830440 | [S/N/B]: [0.1571/0.8196/0.2395] | LR: 0.00000838
2026-03-09 16:01:40,431 - INFO - T2 E24/50 | L: 0.69603805/0.58086480 | F1 M: 0.40308698 D: 0.19776514 | [S/N/B]: [0.1542/0.8137/0.2414] | LR: 0.00000791
2026-03-09 16:02:13,163 - INFO - T2 E25/50 | L: 0.69543186/0.58072393 | F1 M: 0.40648295 D: 0.19898778 | [S/N/B]: [0.1557/0.8215/0.2422] | LR: 0.00000744
2026-03-09 16:02:47,088 - INFO - T2 E26/50 | L: 0.69542005/0.58023423 | F1 M: 0.40253348 D: 0.19941911 | [S/N/B]: [0.1632/0.8088/0.2357] | LR: 0.00000698
2026-03-09 16:02:47,318 - INFO - Trial 2 stopped early due to patience (3 epochs without improvement)
2026-03-09 16:02:47,590 - INFO - Trial 2 finished with value: 0.4064829536390447 and parameters: {'tcn_channels': 64, 'lstm_hidden': 128, 'num_lstm_layers': 8, 'batch_size': 128, 'dropout': 0.5916628076027421, 'seq_len': 120, 'lr': 1.488549382023434e-05, 'weight_decay': 0.00028374920382735926, 'base_alpha_side': 3.3581205923318924, 'base_alpha_neutral': 0.6171157594954859, 'base_loss_gamma': 2.0236877464818877, 'base_loss_smoothing': 0.026051980843392046}. Best is trial 0 with value: 0.4217611896005004.
2026-03-09 16:02:49,437 - INFO - SequenceDataset: 191030/228254 valid sequences (Lookback protection active).
2026-03-09 16:02:49,438 - INFO - SequenceDataset: 81905/97838 valid sequences (Lookback protection active).
2026-03-09 16:02:49,773 - INFO - Trial 3 START | tcn=64, lstm=32, layers=3, batch=256, seq=48, drop=0.3002, lr=0.000056, wd=0.0012 | alpha=[3.04, 0.17, 3.04], gamma=2.81, smooth=0.06
2026-03-09 16:03:07,379 - INFO - T3 E1/50 | L: 0.33168427/0.23054745 | F1 M: 0.03643429 D: 0.05465143 | [S/N/B]: [0.0000/0.0000/0.1093] | LR: 0.00005640
2026-03-09 16:03:24,768 - INFO - T3 E2/50 | L: 0.28999534/0.22791792 | F1 M: 0.11062522 D: 0.16593783 | [S/N/B]: [0.2597/0.0000/0.0722] | LR: 0.00005623
2026-03-09 16:03:42,498 - INFO - T3 E3/50 | L: 0.28667016/0.22740642 | F1 M: 0.03643429 D: 0.05465143 | [S/N/B]: [0.0000/0.0000/0.1093] | LR: 0.00005595
2026-03-09 16:04:00,230 - INFO - T3 E4/50 | L: 0.28488505/0.22702113 | F1 M: 0.03643429 D: 0.05465143 | [S/N/B]: [0.0000/0.0000/0.1093] | LR: 0.00005557
2026-03-09 16:04:16,983 - INFO - T3 E5/50 | L: 0.28383213/0.22693452 | F1 M: 0.03643429 D: 0.05465143 | [S/N/B]: [0.0000/0.0000/0.1093] | LR: 0.00005507
2026-03-09 16:04:34,387 - INFO - T3 E6/50 | L: 0.28252455/0.22662826 | F1 M: 0.10961910 D: 0.16442865 | [S/N/B]: [0.2422/0.0000/0.0867] | LR: 0.00005447
2026-03-09 16:04:52,201 - INFO - T3 E7/50 | L: 0.28213560/0.22673600 | F1 M: 0.03643429 D: 0.05465143 | [S/N/B]: [0.0000/0.0000/0.1093] | LR: 0.00005377
2026-03-09 16:05:09,746 - INFO - T3 E8/50 | L: 0.28112518/0.22654542 | F1 M: 0.03747085 D: 0.05620627 | [S/N/B]: [0.0033/0.0000/0.1091] | LR: 0.00005296
2026-03-09 16:05:27,239 - INFO - T3 E9/50 | L: 0.28024364/0.22661480 | F1 M: 0.08763843 D: 0.13145765 | [S/N/B]: [0.1679/0.0000/0.0950] | LR: 0.00005206
2026-03-09 16:05:44,420 - INFO - T3 E10/50 | L: 0.27979903/0.22663299 | F1 M: 0.06487502 D: 0.09731253 | [S/N/B]: [0.0904/0.0000/0.1042] | LR: 0.00005106
2026-03-09 16:06:02,434 - INFO - T3 E11/50 | L: 0.27994603/0.22660326 | F1 M: 0.08747097 D: 0.13120645 | [S/N/B]: [0.1689/0.0000/0.0935] | LR: 0.00004998
2026-03-09 16:06:02,603 - INFO - Trial 3 stopped early due to patience (3 epochs without improvement)
2026-03-09 16:06:03,557 - INFO - Trial 3 finished with value: 0.11062521704311644 and parameters: {'tcn_channels': 64, 'lstm_hidden': 32, 'num_lstm_layers': 3, 'batch_size': 256, 'dropout': 0.3002336719437819, 'seq_len': 48, 'lr': 5.645420343525069e-05, 'weight_decay': 0.0012291261021571383, 'base_alpha_side': 3.0402662505250015, 'base_alpha_neutral': 0.17457977593149532, 'base_loss_gamma': 2.8052306428255234, 'base_loss_smoothing': 0.06157108669186845}. Best is trial 0 with value: 0.4217611896005004.
2026-03-09 16:06:05,683 - INFO - SequenceDataset: 210062/228278 valid sequences (Lookback protection active).
2026-03-09 16:06:05,685 - INFO - SequenceDataset: 90065/97862 valid sequences (Lookback protection active).
2026-03-09 16:06:07,026 - INFO - Trial 4 START | tcn=512, lstm=64, layers=5, batch=512, seq=24, drop=0.3412, lr=0.000012, wd=0.0005 | alpha=[2.08, 0.52, 2.08], gamma=2.76, smooth=0.02
2026-03-09 16:06:21,143 - INFO - T4 E1/50 | L: 0.29380169/0.24276269 | F1 M: 0.03559479 D: 0.05339219 | [S/N/B]: [0.0000/0.0000/0.1068] | LR: 0.00001195
2026-03-09 16:06:35,962 - INFO - T4 E2/50 | L: 0.27689691/0.23074964 | F1 M: 0.32428943 D: 0.09705394 | [S/N/B]: [0.0000/0.7788/0.1941] | LR: 0.00001192
2026-03-09 16:06:51,129 - INFO - T4 E3/50 | L: 0.26985069/0.22568925 | F1 M: 0.33372054 D: 0.10028837 | [S/N/B]: [0.0000/0.8006/0.2006] | LR: 0.00001186
2026-03-09 16:07:05,773 - INFO - T4 E4/50 | L: 0.26647362/0.22410004 | F1 M: 0.33073405 D: 0.09916150 | [S/N/B]: [0.0000/0.7939/0.1983] | LR: 0.00001178
2026-03-09 16:07:20,290 - INFO - T4 E5/50 | L: 0.26422815/0.22398960 | F1 M: 0.32505455 D: 0.09740840 | [S/N/B]: [0.0000/0.7803/0.1948] | LR: 0.00001167
2026-03-09 16:07:35,222 - INFO - T4 E6/50 | L: 0.26296074/0.22322806 | F1 M: 0.33691515 D: 0.10178674 | [S/N/B]: [0.0000/0.8072/0.2036] | LR: 0.00001154
2026-03-09 16:07:48,731 - INFO - T4 E7/50 | L: 0.26141528/0.22399718 | F1 M: 0.34843210 D: 0.10692034 | [S/N/B]: [0.0000/0.8315/0.2138] | LR: 0.00001140
2026-03-09 16:08:04,107 - INFO - T4 E8/50 | L: 0.26078835/0.22377099 | F1 M: 0.34065872 D: 0.10323256 | [S/N/B]: [0.0000/0.8155/0.2065] | LR: 0.00001122
2026-03-09 16:08:18,837 - INFO - T4 E9/50 | L: 0.25955407/0.22447198 | F1 M: 0.32652328 D: 0.09799197 | [S/N/B]: [0.0000/0.7836/0.1960] | LR: 0.00001103
2026-03-09 16:08:19,368 - INFO - Trial 4 stopped early due to patience (3 epochs without improvement)
2026-03-09 16:08:19,705 - INFO - Trial 4 finished with value: 0.34843209795193214 and parameters: {'tcn_channels': 512, 'lstm_hidden': 64, 'num_lstm_layers': 5, 'batch_size': 512, 'dropout': 0.34124169920480796, 'seq_len': 24, 'lr': 1.1964580624825222e-05, 'weight_decay': 0.0005304586823354598, 'base_alpha_side': 2.077298897119652, 'base_alpha_neutral': 0.5224948091017911, 'base_loss_gamma': 2.7574062065555953, 'base_loss_smoothing': 0.020604204795911546}. Best is trial 0 with value: 0.4217611896005004.
2026-03-09 16:08:22,880 - INFO - SequenceDataset: 191030/228254 valid sequences (Lookback protection active).
2026-03-09 16:08:22,881 - INFO - SequenceDataset: 81905/97838 valid sequences (Lookback protection active).
2026-03-09 16:08:23,435 - INFO - Trial 5 START | tcn=512, lstm=64, layers=8, batch=128, seq=48, drop=0.5789, lr=0.000018, wd=0.0020 | alpha=[5.31, 0.75, 5.31], gamma=1.65, smooth=0.03
2026-03-09 16:09:08,651 - INFO - T5 E1/50 | L: 1.14386081/0.93036366 | F1 M: 0.36577052 D: 0.11290603 | [S/N/B]: [0.0000/0.8715/0.2258] | LR: 0.00001749
2026-03-09 16:09:53,892 - INFO - T5 E2/50 | L: 1.09443951/0.91782216 | F1 M: 0.37281199 D: 0.11867525 | [S/N/B]: [0.0000/0.8811/0.2374] | LR: 0.00001744
2026-03-09 16:10:39,698 - INFO - T5 E3/50 | L: 1.08408996/0.91965129 | F1 M: 0.36382998 D: 0.11418783 | [S/N/B]: [0.0000/0.8631/0.2284] | LR: 0.00001735
2026-03-09 16:11:25,281 - INFO - T5 E4/50 | L: 1.07911906/0.91718458 | F1 M: 0.36975993 D: 0.11750402 | [S/N/B]: [0.0000/0.8743/0.2350] | LR: 0.00001723
2026-03-09 16:12:10,217 - INFO - T5 E5/50 | L: 1.07515619/0.92395783 | F1 M: 0.36833572 D: 0.11669644 | [S/N/B]: [0.0000/0.8716/0.2334] | LR: 0.00001708
2026-03-09 16:12:55,971 - INFO - T5 E6/50 | L: 1.06972657/0.92543338 | F1 M: 0.37377655 D: 0.11917802 | [S/N/B]: [0.0000/0.8830/0.2384] | LR: 0.00001689
2026-03-09 16:13:40,730 - INFO - T5 E7/50 | L: 1.06607585/0.92126638 | F1 M: 0.36236333 D: 0.11280757 | [S/N/B]: [0.0000/0.8615/0.2256] | LR: 0.00001667
2026-03-09 16:13:40,850 - INFO - Trial 5 stopped early due to patience (3 epochs without improvement)
2026-03-09 16:13:41,068 - INFO - Trial 5 finished with value: 0.3737765524134547 and parameters: {'tcn_channels': 512, 'lstm_hidden': 64, 'num_lstm_layers': 8, 'batch_size': 128, 'dropout': 0.578888827665231, 'seq_len': 48, 'lr': 1.7506629345689144e-05, 'weight_decay': 0.0019981211103403925, 'base_alpha_side': 5.313098010082264, 'base_alpha_neutral': 0.7545827700921516, 'base_loss_gamma': 1.647477303422051, 'base_loss_smoothing': 0.02657324777325242}. Best is trial 0 with value: 0.4217611896005004.
2026-03-09 16:13:42,982 - INFO - SequenceDataset: 133934/228182 valid sequences (Lookback protection active).
2026-03-09 16:13:42,983 - INFO - SequenceDataset: 57425/97766 valid sequences (Lookback protection active).
2026-03-09 16:13:43,353 - INFO - Trial 6 START | tcn=512, lstm=32, layers=3, batch=128, seq=120, drop=0.5091, lr=0.000014, wd=0.0076 | alpha=[2.01, 0.10, 2.01], gamma=1.61, smooth=0.11
2026-03-09 16:14:15,947 - INFO - T6 E1/50 | L: 0.28894873/0.20896045 | F1 M: 0.04372776 D: 0.06559164 | [S/N/B]: [0.1312/0.0000/0.0000] | LR: 0.00001413
2026-03-09 16:14:48,480 - INFO - T6 E2/50 | L: 0.24483205/0.18836561 | F1 M: 0.05283640 D: 0.07925460 | [S/N/B]: [0.0112/0.0000/0.1473] | LR: 0.00001409
2026-03-09 16:15:21,090 - INFO - T6 E3/50 | L: 0.23138950/0.18213825 | F1 M: 0.07078857 D: 0.10618285 | [S/N/B]: [0.0341/0.0000/0.1783] | LR: 0.00001402
2026-03-09 16:15:21,446 - INFO - Trial 6 pruned by Optuna at epoch 3
2026-03-09 16:15:21,645 - INFO - Trial 6 pruned. 
2026-03-09 16:15:23,961 - INFO - SequenceDataset: 133934/228182 valid sequences (Lookback protection active).
2026-03-09 16:15:23,962 - INFO - SequenceDataset: 57425/97766 valid sequences (Lookback protection active).
2026-03-09 16:15:24,991 - INFO - Trial 7 START | tcn=128, lstm=128, layers=5, batch=128, seq=120, drop=0.3180, lr=0.000018, wd=0.0007 | alpha=[1.86, 0.59, 1.86], gamma=1.72, smooth=0.04
2026-03-09 16:15:51,683 - INFO - T7 E1/50 | L: 0.41322193/0.33632647 | F1 M: 0.37438596 D: 0.12813924 | [S/N/B]: [0.0000/0.8669/0.2563] | LR: 0.00001792
2026-03-09 16:16:19,422 - INFO - T7 E2/50 | L: 0.39583073/0.33135374 | F1 M: 0.38367370 D: 0.13450452 | [S/N/B]: [0.0010/0.8820/0.2680] | LR: 0.00001787
2026-03-09 16:16:45,740 - INFO - T7 E3/50 | L: 0.39312677/0.33089592 | F1 M: 0.38255227 D: 0.13394380 | [S/N/B]: [0.0000/0.8798/0.2679] | LR: 0.00001778
2026-03-09 16:17:11,940 - INFO - T7 E4/50 | L: 0.39142033/0.32958940 | F1 M: 0.39143318 D: 0.14164982 | [S/N/B]: [0.0092/0.8910/0.2741] | LR: 0.00001766
2026-03-09 16:17:38,572 - INFO - T7 E5/50 | L: 0.39039916/0.32921100 | F1 M: 0.41179801 D: 0.17409630 | [S/N/B]: [0.0707/0.8872/0.2775] | LR: 0.00001750
2026-03-09 16:18:05,966 - INFO - T7 E6/50 | L: 0.38900371/0.32892604 | F1 M: 0.42791796 D: 0.19867921 | [S/N/B]: [0.1213/0.8864/0.2761] | LR: 0.00001731
2026-03-09 16:18:06,014 - INFO - 🥇 [MACRO]  Trial 7 | Global F1 Macro record: 0.42791796 (prev: 0.42176119) → saved best_tcn_lstm.pt
2026-03-09 16:18:33,092 - INFO - T7 E7/50 | L: 0.38831810/0.33010100 | F1 M: 0.40141360 D: 0.15631354 | [S/N/B]: [0.0343/0.8916/0.2783] | LR: 0.00001709
2026-03-09 16:19:00,191 - INFO - T7 E8/50 | L: 0.38735329/0.32933858 | F1 M: 0.43840894 D: 0.21319673 | [S/N/B]: [0.1628/0.8888/0.2636] | LR: 0.00001683
2026-03-09 16:19:00,263 - INFO - 🥇 [MACRO]  Trial 7 | Global F1 Macro record: 0.43840894 (prev: 0.42791796) → saved best_tcn_lstm.pt
2026-03-09 16:19:00,443 - INFO - 🏆 [DIR]    Trial 7 | Global F1 Dir record: 0.21319673 (prev: 0.20259358) → saved best_tcn_lstm_dir.pt
2026-03-09 16:19:28,366 - INFO - T7 E9/50 | L: 0.38600009/0.32924203 | F1 M: 0.43887271 D: 0.21942794 | [S/N/B]: [0.1773/0.8778/0.2615] | LR: 0.00001654
2026-03-09 16:19:28,678 - INFO - 🥇 [MACRO]  Trial 7 | Global F1 Macro record: 0.43887271 (prev: 0.43840894) → saved best_tcn_lstm.pt
2026-03-09 16:19:29,095 - INFO - 🏆 [DIR]    Trial 7 | Global F1 Dir record: 0.21942794 (prev: 0.21319673) → saved best_tcn_lstm_dir.pt
2026-03-09 16:19:29,342 - INFO - Trial 7 stopped early due to patience (3 epochs without improvement)
2026-03-09 16:19:29,649 - INFO - Trial 7 finished with value: 0.4388727109311032 and parameters: {'tcn_channels': 128, 'lstm_hidden': 128, 'num_lstm_layers': 5, 'batch_size': 128, 'dropout': 0.31800745803696795, 'seq_len': 120, 'lr': 1.79405845106944e-05, 'weight_decay': 0.000674043428404708, 'base_alpha_side': 1.8614847475892948, 'base_alpha_neutral': 0.5944299762545316, 'base_loss_gamma': 1.723667506763908, 'base_loss_smoothing': 0.03595946431484454}. Best is trial 7 with value: 0.4388727109311032.
2026-03-09 16:19:32,371 - INFO - SequenceDataset: 191030/228254 valid sequences (Lookback protection active).
2026-03-09 16:19:32,372 - INFO - SequenceDataset: 81905/97838 valid sequences (Lookback protection active).
2026-03-09 16:19:32,799 - INFO - Trial 8 START | tcn=256, lstm=128, layers=8, batch=512, seq=48, drop=0.4217, lr=0.000015, wd=0.0015 | alpha=[5.23, 0.23, 5.23], gamma=2.95, smooth=0.12
2026-03-09 16:19:47,408 - INFO - T8 E1/50 | L: 0.79410382/0.58452122 | F1 M: 0.03717538 D: 0.05576307 | [S/N/B]: [0.1115/0.0000/0.0000] | LR: 0.00001544
2026-03-09 16:20:03,496 - INFO - T8 E2/50 | L: 0.69036314/0.56906113 | F1 M: 0.03643429 D: 0.05465143 | [S/N/B]: [0.0000/0.0000/0.1093] | LR: 0.00001540
2026-03-09 16:20:18,683 - INFO - T8 E3/50 | L: 0.68233842/0.56363055 | F1 M: 0.03643429 D: 0.05465143 | [S/N/B]: [0.0000/0.0000/0.1093] | LR: 0.00001532
2026-03-09 16:20:18,897 - INFO - Trial 8 pruned by Optuna at epoch 3
2026-03-09 16:20:19,112 - INFO - Trial 8 pruned. 
2026-03-09 16:20:21,194 - INFO - SequenceDataset: 191030/228254 valid sequences (Lookback protection active).
2026-03-09 16:20:21,195 - INFO - SequenceDataset: 81905/97838 valid sequences (Lookback protection active).
2026-03-09 16:20:21,565 - INFO - Trial 9 START | tcn=64, lstm=32, layers=3, batch=512, seq=48, drop=0.3957, lr=0.000084, wd=0.0002 | alpha=[2.18, 0.32, 2.18], gamma=2.06, smooth=0.08
2026-03-09 16:20:31,215 - INFO - T9 E1/50 | L: 0.33085522/0.24671573 | F1 M: 0.27971495 D: 0.13522453 | [S/N/B]: [0.0667/0.5687/0.2037] | LR: 0.00008387
2026-03-09 16:20:41,150 - INFO - T9 E2/50 | L: 0.29498412/0.24109718 | F1 M: 0.33884624 D: 0.18704373 | [S/N/B]: [0.1120/0.6425/0.2621] | LR: 0.00008362
2026-03-09 16:20:50,846 - INFO - T9 E3/50 | L: 0.29079030/0.23925586 | F1 M: 0.32271062 D: 0.16666507 | [S/N/B]: [0.0901/0.6348/0.2432] | LR: 0.00008321
2026-03-09 16:21:00,352 - INFO - T9 E4/50 | L: 0.28757743/0.23846213 | F1 M: 0.29714407 D: 0.13765283 | [S/N/B]: [0.0656/0.6161/0.2097] | LR: 0.00008263
2026-03-09 16:21:00,595 - INFO - Trial 9 pruned by Optuna at epoch 4
2026-03-09 16:21:00,777 - INFO - Trial 9 pruned. 
2026-03-09 16:21:02,601 - INFO - SequenceDataset: 152966/228206 valid sequences (Lookback protection active).
2026-03-09 16:21:02,602 - INFO - SequenceDataset: 65585/97790 valid sequences (Lookback protection active).
2026-03-09 16:21:02,942 - INFO - Trial 10 START | tcn=128, lstm=128, layers=6, batch=128, seq=96, drop=0.4922, lr=0.000026, wd=0.0043 | alpha=[4.09, 0.37, 4.09], gamma=1.08, smooth=0.14
2026-03-09 16:21:35,867 - INFO - T10 E1/50 | L: 0.97231198/0.84819806 | F1 M: 0.23930133 D: 0.13902636 | [S/N/B]: [0.0707/0.4399/0.2073] | LR: 0.00002621
2026-03-09 16:22:09,365 - INFO - T10 E2/50 | L: 0.95625474/0.84858630 | F1 M: 0.23112536 D: 0.08081164 | [S/N/B]: [0.0000/0.5318/0.1616] | LR: 0.00002613
2026-03-09 16:22:42,105 - INFO - T10 E3/50 | L: 0.95486825/0.84630427 | F1 M: 0.22475506 D: 0.07998458 | [S/N/B]: [0.0000/0.5143/0.1600] | LR: 0.00002600
2026-03-09 16:22:42,513 - INFO - Trial 10 pruned by Optuna at epoch 3
2026-03-09 16:22:42,799 - INFO - Trial 10 pruned. 
2026-03-09 16:22:44,157 - INFO - SequenceDataset: 210062/228278 valid sequences (Lookback protection active).
2026-03-09 16:22:44,158 - INFO - SequenceDataset: 90065/97862 valid sequences (Lookback protection active).
2026-03-09 16:22:45,090 - INFO - Trial 11 START | tcn=128, lstm=32, layers=5, batch=256, seq=24, drop=0.3497, lr=0.000010, wd=0.0006 | alpha=[2.76, 0.70, 2.76], gamma=2.48, smooth=0.01
2026-03-09 16:23:06,336 - INFO - T11 E1/50 | L: 0.55433872/0.47931477 | F1 M: 0.03559479 D: 0.05339219 | [S/N/B]: [0.0000/0.0000/0.1068] | LR: 0.00001024
2026-03-09 16:23:29,093 - INFO - T11 E2/50 | L: 0.52650528/0.43633357 | F1 M: 0.36033025 D: 0.10958397 | [S/N/B]: [0.0000/0.8618/0.2192] | LR: 0.00001021
2026-03-09 16:23:51,792 - INFO - T11 E3/50 | L: 0.50370806/0.41892025 | F1 M: 0.35583683 D: 0.10770669 | [S/N/B]: [0.0000/0.8521/0.2154] | LR: 0.00001016
2026-03-09 16:24:12,943 - INFO - T11 E4/50 | L: 0.49502958/0.41151042 | F1 M: 0.35598914 D: 0.10868009 | [S/N/B]: [0.0000/0.8506/0.2174] | LR: 0.00001009
2026-03-09 16:24:34,733 - INFO - T11 E5/50 | L: 0.48992648/0.40640100 | F1 M: 0.36261157 D: 0.11213580 | [S/N/B]: [0.0000/0.8636/0.2243] | LR: 0.00001000
2026-03-09 16:24:56,813 - INFO - T11 E6/50 | L: 0.48671369/0.40324350 | F1 M: 0.36187882 D: 0.11254805 | [S/N/B]: [0.0000/0.8605/0.2251] | LR: 0.00000989
2026-03-09 16:25:18,145 - INFO - T11 E7/50 | L: 0.48348517/0.40052438 | F1 M: 0.36837836 D: 0.11624389 | [S/N/B]: [0.0000/0.8726/0.2325] | LR: 0.00000977
2026-03-09 16:25:40,020 - INFO - T11 E8/50 | L: 0.48078985/0.39921417 | F1 M: 0.36305119 D: 0.11363636 | [S/N/B]: [0.0000/0.8619/0.2273] | LR: 0.00000962
2026-03-09 16:25:40,911 - INFO - Trial 11 pruned by Optuna at epoch 8
2026-03-09 16:25:41,245 - INFO - Trial 11 pruned. 
2026-03-09 16:25:44,195 - INFO - SequenceDataset: 210062/228278 valid sequences (Lookback protection active).
2026-03-09 16:25:44,195 - INFO - SequenceDataset: 90065/97862 valid sequences (Lookback protection active).
2026-03-09 16:25:44,732 - INFO - Trial 12 START | tcn=256, lstm=128, layers=4, batch=256, seq=24, drop=0.4613, lr=0.000023, wd=0.0005 | alpha=[1.64, 0.46, 1.64], gamma=1.58, smooth=0.05
2026-03-09 16:26:04,632 - INFO - T12 E1/50 | L: 0.28030723/0.23072816 | F1 M: 0.37594351 D: 0.12148942 | [S/N/B]: [0.0000/0.8849/0.2430] | LR: 0.00002342
2026-03-09 16:26:24,946 - INFO - T12 E2/50 | L: 0.26916903/0.22955881 | F1 M: 0.38417920 D: 0.12751804 | [S/N/B]: [0.0000/0.8975/0.2550] | LR: 0.00002335
2026-03-09 16:26:45,461 - INFO - T12 E3/50 | L: 0.26736989/0.22909586 | F1 M: 0.38127137 D: 0.12591450 | [S/N/B]: [0.0000/0.8920/0.2518] | LR: 0.00002324
2026-03-09 16:27:05,731 - INFO - T12 E4/50 | L: 0.26616770/0.22851782 | F1 M: 0.38473247 D: 0.12815038 | [S/N/B]: [0.0000/0.8979/0.2563] | LR: 0.00002307
2026-03-09 16:27:26,295 - INFO - T12 E5/50 | L: 0.26507720/0.22877900 | F1 M: 0.38177371 D: 0.12640536 | [S/N/B]: [0.0000/0.8925/0.2528] | LR: 0.00002287
2026-03-09 16:27:45,573 - INFO - T12 E6/50 | L: 0.26435520/0.22870587 | F1 M: 0.38438913 D: 0.12804655 | [S/N/B]: [0.0000/0.8971/0.2561] | LR: 0.00002262
2026-03-09 16:28:05,607 - INFO - T12 E7/50 | L: 0.26350213/0.22834765 | F1 M: 0.40953387 D: 0.16882788 | [S/N/B]: [0.0858/0.8909/0.2518] | LR: 0.00002233
2026-03-09 16:28:25,807 - INFO - T12 E8/50 | L: 0.26248107/0.22963024 | F1 M: 0.41830664 D: 0.18381318 | [S/N/B]: [0.1216/0.8873/0.2460] | LR: 0.00002199
2026-03-09 16:28:45,634 - INFO - T12 E9/50 | L: 0.26181837/0.22995593 | F1 M: 0.42518537 D: 0.18841728 | [S/N/B]: [0.1281/0.8987/0.2488] | LR: 0.00002162
2026-03-09 16:29:05,730 - INFO - T12 E10/50 | L: 0.26143117/0.23050439 | F1 M: 0.41925194 D: 0.18331968 | [S/N/B]: [0.1159/0.8911/0.2507] | LR: 0.00002120
2026-03-09 16:29:05,828 - INFO - Trial 12 stopped early due to patience (3 epochs without improvement)
2026-03-09 16:29:06,571 - INFO - Trial 12 finished with value: 0.4251853739038946 and parameters: {'tcn_channels': 256, 'lstm_hidden': 128, 'num_lstm_layers': 4, 'batch_size': 256, 'dropout': 0.4613287902479255, 'seq_len': 24, 'lr': 2.344316420619045e-05, 'weight_decay': 0.0005360573581062168, 'base_alpha_side': 1.636875438959348, 'base_alpha_neutral': 0.4557487152800718, 'base_loss_gamma': 1.576700526886168, 'base_loss_smoothing': 0.04961630982394523}. Best is trial 7 with value: 0.4388727109311032.
2026-03-09 16:29:08,164 - INFO - SequenceDataset: 152966/228206 valid sequences (Lookback protection active).
2026-03-09 16:29:08,164 - INFO - SequenceDataset: 65585/97790 valid sequences (Lookback protection active).
2026-03-09 16:29:08,509 - INFO - Trial 13 START | tcn=128, lstm=128, layers=4, batch=256, seq=96, drop=0.4894, lr=0.000025, wd=0.0003 | alpha=[1.59, 0.48, 1.59], gamma=1.37, smooth=0.06
2026-03-09 16:29:23,705 - INFO - T13 E1/50 | L: 0.34436523/0.28301392 | F1 M: 0.37556253 D: 0.12708377 | [S/N/B]: [0.0000/0.8725/0.2542] | LR: 0.00002505
2026-03-09 16:29:39,510 - INFO - T13 E2/50 | L: 0.32899372/0.28033020 | F1 M: 0.38497516 D: 0.13402424 | [S/N/B]: [0.0000/0.8869/0.2680] | LR: 0.00002498
2026-03-09 16:29:54,643 - INFO - T13 E3/50 | L: 0.32692898/0.27842312 | F1 M: 0.38745748 D: 0.13538573 | [S/N/B]: [0.0000/0.8916/0.2708] | LR: 0.00002486
2026-03-09 16:30:09,759 - INFO - T13 E4/50 | L: 0.32616907/0.27806494 | F1 M: 0.38500231 D: 0.13422238 | [S/N/B]: [0.0000/0.8866/0.2684] | LR: 0.00002468
2026-03-09 16:30:25,378 - INFO - T13 E5/50 | L: 0.32518627/0.27773195 | F1 M: 0.38499863 D: 0.13434291 | [S/N/B]: [0.0000/0.8863/0.2687] | LR: 0.00002446
2026-03-09 16:30:41,103 - INFO - T13 E6/50 | L: 0.32463291/0.27770636 | F1 M: 0.39119792 D: 0.13772031 | [S/N/B]: [0.0000/0.8982/0.2754] | LR: 0.00002420
2026-03-09 16:30:57,200 - INFO - T13 E7/50 | L: 0.32420307/0.27678976 | F1 M: 0.39082497 D: 0.13808470 | [S/N/B]: [0.0005/0.8963/0.2757] | LR: 0.00002388
2026-03-09 16:31:13,062 - INFO - T13 E8/50 | L: 0.32364718/0.27649502 | F1 M: 0.39861069 D: 0.15175186 | [S/N/B]: [0.0288/0.8923/0.2747] | LR: 0.00002353
2026-03-09 16:31:28,206 - INFO - T13 E9/50 | L: 0.32324105/0.27673050 | F1 M: 0.41503825 D: 0.17451955 | [S/N/B]: [0.0760/0.8961/0.2730] | LR: 0.00002313
2026-03-09 16:31:43,705 - INFO - T13 E10/50 | L: 0.32272761/0.27624223 | F1 M: 0.40281992 D: 0.15704672 | [S/N/B]: [0.0393/0.8944/0.2748] | LR: 0.00002268
2026-03-09 16:32:00,250 - INFO - T13 E11/50 | L: 0.32216401/0.27713226 | F1 M: 0.41440616 D: 0.17687203 | [S/N/B]: [0.0801/0.8895/0.2736] | LR: 0.00002220
2026-03-09 16:32:15,327 - INFO - T13 E12/50 | L: 0.32171750/0.27690680 | F1 M: 0.42719210 D: 0.19046153 | [S/N/B]: [0.1097/0.9007/0.2712] | LR: 0.00002168
2026-03-09 16:32:30,724 - INFO - T13 E13/50 | L: 0.32133458/0.27661564 | F1 M: 0.42885206 D: 0.19961541 | [S/N/B]: [0.1260/0.8873/0.2733] | LR: 0.00002112
2026-03-09 16:33:00,394 - INFO - Trial 13 stopped early due to patience (3 epochs without improvement)
2026-03-09 16:33:01,327 - INFO - Trial 13 finished with value: 0.4288520581805142 and parameters: {'tcn_channels': 128, 'lstm_hidden': 128, 'num_lstm_layers': 4, 'batch_size': 256, 'dropout': 0.4894472932898785, 'seq_len': 96, 'lr': 2.5077566488986254e-05, 'weight_decay': 0.00026475712575625053, 'base_alpha_side': 1.5860465885820763, 'base_alpha_neutral': 0.4836607822980827, 'base_loss_gamma': 1.3666813502926811, 'base_loss_smoothing': 0.06174827708336977}. Best is trial 7 with value: 0.4388727109311032.
2026-03-09 16:33:03,550 - INFO - SequenceDataset: 152966/228206 valid sequences (Lookback protection active).
2026-03-09 16:33:03,551 - INFO - SequenceDataset: 65585/97790 valid sequences (Lookback protection active).
2026-03-09 16:33:03,996 - INFO - Trial 14 START | tcn=128, lstm=128, layers=6, batch=256, seq=96, drop=0.5339, lr=0.000034, wd=0.0002 | alpha=[4.28, 0.46, 4.28], gamma=1.09, smooth=0.08
2026-03-09 16:33:22,451 - INFO - T14 E1/50 | L: 1.00733592/0.85057613 | F1 M: 0.29616873 D: 0.09448840 | [S/N/B]: [0.0000/0.6995/0.1890] | LR: 0.00003420
2026-03-09 16:33:40,882 - INFO - T14 E2/50 | L: 0.97868439/0.84500117 | F1 M: 0.31274544 D: 0.10039341 | [S/N/B]: [0.0000/0.7374/0.2008] | LR: 0.00003410
2026-03-09 16:34:00,028 - INFO - T14 E3/50 | L: 0.97509074/0.84293125 | F1 M: 0.31759589 D: 0.10229480 | [S/N/B]: [0.0000/0.7482/0.2046] | LR: 0.00003393
2026-03-09 16:34:01,091 - INFO - Trial 14 pruned by Optuna at epoch 3
2026-03-09 16:34:01,401 - INFO - Trial 14 pruned. 
2026-03-09 16:34:04,226 - INFO - SequenceDataset: 152966/228206 valid sequences (Lookback protection active).
2026-03-09 16:34:04,227 - INFO - SequenceDataset: 65585/97790 valid sequences (Lookback protection active).
2026-03-09 16:34:05,366 - INFO - Trial 15 START | tcn=128, lstm=128, layers=4, batch=128, seq=96, drop=0.4765, lr=0.000038, wd=0.0003 | alpha=[1.61, 0.35, 1.61], gamma=1.37, smooth=0.04
2026-03-09 16:34:33,887 - INFO - T15 E1/50 | L: 0.27977414/0.23075003 | F1 M: 0.39637207 D: 0.18934647 | [S/N/B]: [0.1938/0.8104/0.1849] | LR: 0.00003816
2026-03-09 16:35:03,961 - INFO - T15 E2/50 | L: 0.27233751/0.22951795 | F1 M: 0.39613119 D: 0.19050503 | [S/N/B]: [0.1719/0.8074/0.2091] | LR: 0.00003804
2026-03-09 16:35:32,926 - INFO - T15 E3/50 | L: 0.27083916/0.23025535 | F1 M: 0.41054324 D: 0.19500371 | [S/N/B]: [0.1567/0.8416/0.2333] | LR: 0.00003786
2026-03-09 16:36:01,760 - INFO - T15 E4/50 | L: 0.27014795/0.22884909 | F1 M: 0.41256427 D: 0.19897054 | [S/N/B]: [0.1670/0.8398/0.2310] | LR: 0.00003759
2026-03-09 16:36:30,319 - INFO - T15 E5/50 | L: 0.26941724/0.22885317 | F1 M: 0.40143322 D: 0.19350690 | [S/N/B]: [0.1993/0.8173/0.1877] | LR: 0.00003726
2026-03-09 16:36:58,903 - INFO - T15 E6/50 | L: 0.26865336/0.22868441 | F1 M: 0.40855986 D: 0.19798036 | [S/N/B]: [0.1982/0.8297/0.1977] | LR: 0.00003685
2026-03-09 16:37:27,999 - INFO - T15 E7/50 | L: 0.26773696/0.22845385 | F1 M: 0.40733533 D: 0.19721363 | [S/N/B]: [0.1943/0.8276/0.2002] | LR: 0.00003638
2026-03-09 16:37:57,204 - INFO - T15 E8/50 | L: 0.26725879/0.22900298 | F1 M: 0.40192078 D: 0.19596883 | [S/N/B]: [0.1769/0.8138/0.2150] | LR: 0.00003583
2026-03-09 16:38:25,639 - INFO - T15 E9/50 | L: 0.26660782/0.22886661 | F1 M: 0.40983221 D: 0.20231749 | [S/N/B]: [0.1871/0.8249/0.2175] | LR: 0.00003522
2026-03-09 16:38:26,129 - INFO - Trial 15 pruned by Optuna at epoch 9
2026-03-09 16:38:27,206 - INFO - Trial 15 pruned. 
2026-03-09 16:38:29,188 - INFO - SequenceDataset: 152966/228206 valid sequences (Lookback protection active).
2026-03-09 16:38:29,193 - INFO - SequenceDataset: 65585/97790 valid sequences (Lookback protection active).
2026-03-09 16:38:30,021 - INFO - Trial 16 START | tcn=128, lstm=128, layers=5, batch=256, seq=96, drop=0.5416, lr=0.000022, wd=0.0010 | alpha=[3.54, 0.70, 3.54], gamma=1.84, smooth=0.07
2026-03-09 16:38:46,277 - INFO - T16 E1/50 | L: 0.85406359/0.69994307 | F1 M: 0.41692770 D: 0.19941535 | [S/N/B]: [0.1713/0.8520/0.2276] | LR: 0.00002153
2026-03-09 16:39:03,506 - INFO - T16 E2/50 | L: 0.82128221/0.69541744 | F1 M: 0.41653342 D: 0.19313633 | [S/N/B]: [0.1325/0.8633/0.2538] | LR: 0.00002147
2026-03-09 16:39:20,287 - INFO - T16 E3/50 | L: 0.81805739/0.69211414 | F1 M: 0.41903377 D: 0.19625386 | [S/N/B]: [0.1358/0.8646/0.2567] | LR: 0.00002137
2026-03-09 16:39:36,652 - INFO - T16 E4/50 | L: 0.81574229/0.69004500 | F1 M: 0.42190882 D: 0.19682488 | [S/N/B]: [0.1379/0.8721/0.2557] | LR: 0.00002122
2026-03-09 16:39:53,684 - INFO - T16 E5/50 | L: 0.81409678/0.69073099 | F1 M: 0.41306570 D: 0.18739738 | [S/N/B]: [0.1162/0.8644/0.2586] | LR: 0.00002103
2026-03-09 16:40:10,553 - INFO - T16 E6/50 | L: 0.81272372/0.68869426 | F1 M: 0.41827098 D: 0.19289574 | [S/N/B]: [0.1218/0.8690/0.2640] | LR: 0.00002080
2026-03-09 16:40:28,334 - INFO - T16 E7/50 | L: 0.81193477/0.68764818 | F1 M: 0.42421393 D: 0.20010078 | [S/N/B]: [0.1492/0.8724/0.2510] | LR: 0.00002053
2026-03-09 16:40:45,179 - INFO - T16 E8/50 | L: 0.81089618/0.68885552 | F1 M: 0.40747073 D: 0.17282748 | [S/N/B]: [0.0766/0.8768/0.2690] | LR: 0.00002022
2026-03-09 16:41:01,491 - INFO - T16 E9/50 | L: 0.80994456/0.68707214 | F1 M: 0.42951557 D: 0.19947321 | [S/N/B]: [0.1323/0.8896/0.2666] | LR: 0.00001988
2026-03-09 16:41:18,484 - INFO - T16 E10/50 | L: 0.80902756/0.68716267 | F1 M: 0.42551352 D: 0.20292924 | [S/N/B]: [0.1491/0.8707/0.2568] | LR: 0.00001950
2026-03-09 16:41:35,375 - INFO - T16 E11/50 | L: 0.80796221/0.68740843 | F1 M: 0.42426821 D: 0.20229676 | [S/N/B]: [0.1450/0.8682/0.2596] | LR: 0.00001908
2026-03-09 16:41:51,873 - INFO - T16 E12/50 | L: 0.80731427/0.68759608 | F1 M: 0.42190376 D: 0.19890841 | [S/N/B]: [0.1367/0.8679/0.2611] | LR: 0.00001863
2026-03-09 16:41:51,979 - INFO - Trial 16 stopped early due to patience (3 epochs without improvement)
2026-03-09 16:41:52,301 - INFO - Trial 16 finished with value: 0.4295155698841712 and parameters: {'tcn_channels': 128, 'lstm_hidden': 128, 'num_lstm_layers': 5, 'batch_size': 256, 'dropout': 0.5415884493856835, 'seq_len': 96, 'lr': 2.1556028980876772e-05, 'weight_decay': 0.0009590617869460257, 'base_alpha_side': 3.542883801385752, 'base_alpha_neutral': 0.6962325383723194, 'base_loss_gamma': 1.838095008912466, 'base_loss_smoothing': 0.0678387768118858}. Best is trial 7 with value: 0.4388727109311032.
2026-03-09 16:41:54,256 - INFO - SequenceDataset: 133934/228182 valid sequences (Lookback protection active).
2026-03-09 16:41:54,257 - INFO - SequenceDataset: 57425/97766 valid sequences (Lookback protection active).
2026-03-09 16:41:55,405 - INFO - Trial 17 START | tcn=128, lstm=64, layers=5, batch=256, seq=120, drop=0.5487, lr=0.000020, wd=0.0025 | alpha=[4.58, 0.79, 4.58], gamma=1.90, smooth=0.10
2026-03-09 16:42:09,429 - INFO - T17 E1/50 | L: 1.29934608/1.08908965 | F1 M: 0.33551656 D: 0.10898800 | [S/N/B]: [0.0000/0.7886/0.2180] | LR: 0.00001967
2026-03-09 16:42:23,754 - INFO - T17 E2/50 | L: 1.24598201/1.07023698 | F1 M: 0.34306662 D: 0.11449817 | [S/N/B]: [0.0000/0.8002/0.2290] | LR: 0.00001961
2026-03-09 16:42:38,459 - INFO - T17 E3/50 | L: 1.23134264/1.06099267 | F1 M: 0.36227865 D: 0.12321367 | [S/N/B]: [0.0000/0.8404/0.2464] | LR: 0.00001951
2026-03-09 16:42:54,031 - INFO - T17 E4/50 | L: 1.22577921/1.05688777 | F1 M: 0.37151144 D: 0.12817169 | [S/N/B]: [0.0000/0.8582/0.2563] | LR: 0.00001938
2026-03-09 16:43:08,561 - INFO - T17 E5/50 | L: 1.22122590/1.05524607 | F1 M: 0.36948526 D: 0.12889075 | [S/N/B]: [0.0020/0.8507/0.2558] | LR: 0.00001921
2026-03-09 16:43:22,665 - INFO - T17 E6/50 | L: 1.21886365/1.05478811 | F1 M: 0.37681693 D: 0.14014004 | [S/N/B]: [0.0246/0.8502/0.2557] | LR: 0.00001900
2026-03-09 16:43:37,664 - INFO - T17 E7/50 | L: 1.21824582/1.05344734 | F1 M: 0.38123206 D: 0.14708019 | [S/N/B]: [0.0357/0.8495/0.2585] | LR: 0.00001875
2026-03-09 16:43:52,459 - INFO - T17 E8/50 | L: 1.21696828/1.05308619 | F1 M: 0.39096719 D: 0.16049975 | [S/N/B]: [0.0566/0.8519/0.2644] | LR: 0.00001847
2026-03-09 16:43:52,741 - INFO - Trial 17 pruned by Optuna at epoch 8
2026-03-09 16:43:52,903 - INFO - Trial 17 pruned. 
2026-03-09 16:43:54,929 - INFO - SequenceDataset: 152966/228206 valid sequences (Lookback protection active).
2026-03-09 16:43:54,930 - INFO - SequenceDataset: 65585/97790 valid sequences (Lookback protection active).
2026-03-09 16:43:55,679 - INFO - Trial 18 START | tcn=128, lstm=128, layers=6, batch=128, seq=96, drop=0.3084, lr=0.000043, wd=0.0008 | alpha=[3.60, 0.68, 3.60], gamma=2.25, smooth=0.07
2026-03-09 16:44:27,350 - INFO - T18 E1/50 | L: 0.78888864/0.65426454 | F1 M: 0.41481911 D: 0.19634808 | [S/N/B]: [0.1883/0.8518/0.2044] | LR: 0.00004289
2026-03-09 16:45:00,659 - INFO - T18 E2/50 | L: 0.77300279/0.65667750 | F1 M: 0.39235796 D: 0.18818101 | [S/N/B]: [0.1886/0.8007/0.1878] | LR: 0.00004276
2026-03-09 16:45:32,973 - INFO - T18 E3/50 | L: 0.76882848/0.64923141 | F1 M: 0.38130649 D: 0.15124331 | [S/N/B]: [0.0558/0.8414/0.2467] | LR: 0.00004255
2026-03-09 16:46:06,028 - INFO - T18 E4/50 | L: 0.76507210/0.64777003 | F1 M: 0.41405635 D: 0.19911536 | [S/N/B]: [0.1659/0.8439/0.2324] | LR: 0.00004225
2026-03-09 16:46:38,412 - INFO - T18 E5/50 | L: 0.76239216/0.64691606 | F1 M: 0.42067342 D: 0.19653221 | [S/N/B]: [0.1468/0.8690/0.2463] | LR: 0.00004188
2026-03-09 16:47:11,097 - INFO - T18 E6/50 | L: 0.76019955/0.64697936 | F1 M: 0.42035368 D: 0.20476813 | [S/N/B]: [0.1770/0.8515/0.2325] | LR: 0.00004142
2026-03-09 16:47:45,216 - INFO - T18 E7/50 | L: 0.75685137/0.64823056 | F1 M: 0.41808619 D: 0.20260208 | [S/N/B]: [0.2025/0.8491/0.2027] | LR: 0.00004088
2026-03-09 16:48:18,401 - INFO - T18 E8/50 | L: 0.75322398/0.65560708 | F1 M: 0.43632415 D: 0.21247567 | [S/N/B]: [0.1930/0.8840/0.2320] | LR: 0.00004027
2026-03-09 16:48:18,625 - INFO - Trial 18 stopped early due to patience (3 epochs without improvement)
2026-03-09 16:48:18,867 - INFO - Trial 18 finished with value: 0.43632415326862484 and parameters: {'tcn_channels': 128, 'lstm_hidden': 128, 'num_lstm_layers': 6, 'batch_size': 128, 'dropout': 0.30842267409477725, 'seq_len': 96, 'lr': 4.2927547497572267e-05, 'weight_decay': 0.0007672904017812401, 'base_alpha_side': 3.598644392846497, 'base_alpha_neutral': 0.6826877529572244, 'base_loss_gamma': 2.2529650028342036, 'base_loss_smoothing': 0.07412025353639248}. Best is trial 7 with value: 0.4388727109311032.
2026-03-09 16:48:21,286 - INFO - SequenceDataset: 133934/228182 valid sequences (Lookback protection active).
2026-03-09 16:48:21,286 - INFO - SequenceDataset: 57425/97766 valid sequences (Lookback protection active).
2026-03-09 16:48:21,713 - INFO - Trial 19 START | tcn=128, lstm=128, layers=7, batch=128, seq=120, drop=0.3255, lr=0.000047, wd=0.0009 | alpha=[4.66, 0.68, 4.66], gamma=2.29, smooth=0.09
2026-03-09 16:48:52,905 - INFO - T19 E1/50 | L: 1.10022945/0.92624606 | F1 M: 0.39446016 D: 0.20572805 | [S/N/B]: [0.2696/0.7719/0.1418] | LR: 0.00004741
2026-03-09 16:49:24,559 - INFO - T19 E2/50 | L: 1.08015781/0.92142329 | F1 M: 0.33897224 D: 0.11449969 | [S/N/B]: [0.0000/0.7879/0.2290] | LR: 0.00004727
2026-03-09 16:49:56,253 - INFO - T19 E3/50 | L: 1.07415324/0.92474018 | F1 M: 0.33179300 D: 0.11234033 | [S/N/B]: [0.0000/0.7707/0.2247] | LR: 0.00004703
2026-03-09 16:50:27,991 - INFO - T19 E4/50 | L: 1.07008896/0.91408644 | F1 M: 0.40722439 D: 0.19832425 | [S/N/B]: [0.1505/0.8250/0.2462] | LR: 0.00004671
2026-03-09 16:50:59,092 - INFO - T19 E5/50 | L: 1.06592408/0.91466540 | F1 M: 0.40071603 D: 0.20576954 | [S/N/B]: [0.1862/0.7906/0.2253] | LR: 0.00004629
2026-03-09 16:51:31,241 - INFO - T19 E6/50 | L: 1.06448573/0.91353884 | F1 M: 0.41121845 D: 0.20602437 | [S/N/B]: [0.1881/0.8216/0.2240] | LR: 0.00004579
2026-03-09 16:52:03,750 - INFO - T19 E7/50 | L: 1.06006145/0.91419067 | F1 M: 0.40853191 D: 0.20305307 | [S/N/B]: [0.2067/0.8195/0.1994] | LR: 0.00004520
2026-03-09 16:52:35,573 - INFO - T19 E8/50 | L: 1.05811690/0.91593312 | F1 M: 0.41026822 D: 0.20324215 | [S/N/B]: [0.2074/0.8243/0.1991] | LR: 0.00004452
2026-03-09 16:53:07,707 - INFO - T19 E9/50 | L: 1.05436912/0.91978765 | F1 M: 0.40645760 D: 0.20588489 | [S/N/B]: [0.1801/0.8076/0.2317] | LR: 0.00004376
2026-03-09 16:53:07,926 - INFO - Trial 19 stopped early due to patience (3 epochs without improvement)
2026-03-09 16:53:08,362 - INFO - Trial 19 finished with value: 0.41121845270239477 and parameters: {'tcn_channels': 128, 'lstm_hidden': 128, 'num_lstm_layers': 7, 'batch_size': 128, 'dropout': 0.3255008769463189, 'seq_len': 120, 'lr': 4.745412980601362e-05, 'weight_decay': 0.0008691092326991786, 'base_alpha_side': 4.658900297923577, 'base_alpha_neutral': 0.6840061857214694, 'base_loss_gamma': 2.2903229723298386, 'base_loss_smoothing': 0.09320932685821476}. Best is trial 7 with value: 0.4388727109311032.
2026-03-09 16:53:11,800 - INFO - SequenceDataset: 133934/228182 valid sequences (Lookback protection active).
2026-03-09 16:53:11,801 - INFO - SequenceDataset: 57425/97766 valid sequences (Lookback protection active).
2026-03-09 16:53:13,253 - INFO - Trial 20 START | tcn=128, lstm=64, layers=6, batch=128, seq=120, drop=0.3007, lr=0.000092, wd=0.0033 | alpha=[5.91, 0.58, 5.91], gamma=2.25, smooth=0.07
2026-03-09 16:53:42,238 - INFO - T20 E1/50 | L: 1.25306708/1.03898403 | F1 M: 0.34373730 D: 0.19331144 | [S/N/B]: [0.1504/0.6446/0.2363] | LR: 0.00009224
2026-03-09 16:54:12,893 - INFO - T20 E2/50 | L: 1.22871217/1.03304801 | F1 M: 0.34464496 D: 0.17742423 | [S/N/B]: [0.1409/0.6791/0.2139] | LR: 0.00009196
2026-03-09 16:54:42,761 - INFO - T20 E3/50 | L: 1.22089962/1.03152133 | F1 M: 0.35000213 D: 0.17308690 | [S/N/B]: [0.1478/0.7038/0.1984] | LR: 0.00009151
2026-03-09 16:54:43,066 - INFO - Trial 20 pruned by Optuna at epoch 3
2026-03-09 16:54:43,379 - INFO - Trial 20 pruned. 
2026-03-09 16:54:46,172 - INFO - SequenceDataset: 152966/228206 valid sequences (Lookback protection active).
2026-03-09 16:54:46,172 - INFO - SequenceDataset: 65585/97790 valid sequences (Lookback protection active).
2026-03-09 16:54:47,260 - INFO - Trial 21 START | tcn=128, lstm=128, layers=5, batch=128, seq=96, drop=0.3700, lr=0.000021, wd=0.0010 | alpha=[3.58, 0.71, 3.58], gamma=1.86, smooth=0.04
2026-03-09 16:55:18,591 - INFO - T21 E1/50 | L: 0.81588406/0.66341987 | F1 M: 0.41974359 D: 0.19950371 | [S/N/B]: [0.1785/0.8602/0.2205] | LR: 0.00002110
2026-03-09 16:55:49,330 - INFO - T21 E2/50 | L: 0.79204469/0.65916292 | F1 M: 0.42623914 D: 0.20333099 | [S/N/B]: [0.1769/0.8721/0.2297] | LR: 0.00002104
2026-03-09 16:56:19,734 - INFO - T21 E3/50 | L: 0.78824965/0.65671580 | F1 M: 0.42342573 D: 0.19800446 | [S/N/B]: [0.1323/0.8743/0.2637] | LR: 0.00002093
2026-03-09 16:56:51,013 - INFO - T21 E4/50 | L: 0.78501279/0.65574462 | F1 M: 0.42950623 D: 0.20699762 | [S/N/B]: [0.1632/0.8745/0.2508] | LR: 0.00002079
2026-03-09 16:57:22,415 - INFO - T21 E5/50 | L: 0.78358955/0.65451042 | F1 M: 0.42925730 D: 0.20454420 | [S/N/B]: [0.1502/0.8787/0.2589] | LR: 0.00002060
2026-03-09 16:57:53,583 - INFO - T21 E6/50 | L: 0.78185777/0.65597826 | F1 M: 0.42585470 D: 0.20377279 | [S/N/B]: [0.1494/0.8700/0.2582] | LR: 0.00002038
2026-03-09 16:58:24,800 - INFO - T21 E7/50 | L: 0.78051047/0.65441190 | F1 M: 0.43037292 D: 0.20926637 | [S/N/B]: [0.1877/0.8726/0.2309] | LR: 0.00002011
2026-03-09 16:58:55,739 - INFO - T21 E8/50 | L: 0.77994267/0.65410421 | F1 M: 0.42969943 D: 0.20756193 | [S/N/B]: [0.1641/0.8740/0.2511] | LR: 0.00001981
2026-03-09 16:59:26,650 - INFO - T21 E9/50 | L: 0.77770265/0.65452947 | F1 M: 0.43129471 D: 0.20749366 | [S/N/B]: [0.1685/0.8789/0.2465] | LR: 0.00001948
2026-03-09 16:59:58,082 - INFO - T21 E10/50 | L: 0.77566115/0.65395891 | F1 M: 0.43035916 D: 0.20796094 | [S/N/B]: [0.1698/0.8752/0.2461] | LR: 0.00001910
2026-03-09 17:00:26,323 - INFO - T21 E11/50 | L: 0.77366155/0.65507356 | F1 M: 0.43414320 D: 0.21225794 | [S/N/B]: [0.1790/0.8779/0.2455] | LR: 0.00001870
2026-03-09 17:00:56,825 - INFO - T21 E12/50 | L: 0.77287350/0.65471733 | F1 M: 0.42751225 D: 0.20785894 | [S/N/B]: [0.1717/0.8668/0.2440] | LR: 0.00001826
2026-03-09 17:01:27,921 - INFO - T21 E13/50 | L: 0.77193345/0.65433150 | F1 M: 0.42970473 D: 0.20898569 | [S/N/B]: [0.1945/0.8711/0.2235] | LR: 0.00001779
2026-03-09 17:01:28,106 - INFO - Trial 21 stopped early due to patience (3 epochs without improvement)
2026-03-09 17:01:28,495 - INFO - Trial 21 finished with value: 0.43414319838514376 and parameters: {'tcn_channels': 128, 'lstm_hidden': 128, 'num_lstm_layers': 5, 'batch_size': 128, 'dropout': 0.3700006342355855, 'seq_len': 96, 'lr': 2.111983214345012e-05, 'weight_decay': 0.0009587750609963327, 'base_alpha_side': 3.5844951144811055, 'base_alpha_neutral': 0.7052176412014067, 'base_loss_gamma': 1.8573822515917362, 'base_loss_smoothing': 0.03766115959844393}. Best is trial 7 with value: 0.4388727109311032.
2026-03-09 17:01:29,811 - INFO - SequenceDataset: 152966/228206 valid sequences (Lookback protection active).
2026-03-09 17:01:29,812 - INFO - SequenceDataset: 65585/97790 valid sequences (Lookback protection active).
2026-03-09 17:01:30,254 - INFO - Trial 22 START | tcn=128, lstm=128, layers=7, batch=128, seq=96, drop=0.3733, lr=0.000030, wd=0.0008 | alpha=[3.76, 0.65, 3.76], gamma=2.18, smooth=0.04
2026-03-09 17:02:04,160 - INFO - T22 E1/50 | L: 0.78421083/0.63940113 | F1 M: 0.34157842 D: 0.11109489 | [S/N/B]: [0.0000/0.8025/0.2222] | LR: 0.00003016
2026-03-09 17:02:39,089 - INFO - T22 E2/50 | L: 0.76526862/0.63530139 | F1 M: 0.34180812 D: 0.11155724 | [S/N/B]: [0.0000/0.8023/0.2231] | LR: 0.00003007
2026-03-09 17:03:14,908 - INFO - T22 E3/50 | L: 0.76114867/0.63311245 | F1 M: 0.34284239 D: 0.11220308 | [S/N/B]: [0.0000/0.8041/0.2244] | LR: 0.00002992
2026-03-09 17:03:15,217 - INFO - Trial 22 pruned by Optuna at epoch 3
2026-03-09 17:03:15,410 - INFO - Trial 22 pruned. 
2026-03-09 17:03:17,298 - INFO - SequenceDataset: 152966/228206 valid sequences (Lookback protection active).
2026-03-09 17:03:17,299 - INFO - SequenceDataset: 65585/97790 valid sequences (Lookback protection active).
2026-03-09 17:03:18,449 - INFO - Trial 23 START | tcn=128, lstm=128, layers=6, batch=128, seq=96, drop=0.3593, lr=0.000040, wd=0.0016 | alpha=[3.30, 0.74, 3.30], gamma=1.78, smooth=0.04
2026-03-09 17:03:50,551 - INFO - T23 E1/50 | L: 0.78044365/0.63947284 | F1 M: 0.40369684 D: 0.16477471 | [S/N/B]: [0.0826/0.8815/0.2470] | LR: 0.00004001
2026-03-09 17:04:23,481 - INFO - T23 E2/50 | L: 0.76050667/0.63438331 | F1 M: 0.38622638 D: 0.13290003 | [S/N/B]: [0.0000/0.8929/0.2658] | LR: 0.00003989
2026-03-09 17:04:55,595 - INFO - T23 E3/50 | L: 0.75626428/0.63197518 | F1 M: 0.39087155 D: 0.13714840 | [S/N/B]: [0.0000/0.8983/0.2743] | LR: 0.00003970
2026-03-09 17:05:29,039 - INFO - T23 E4/50 | L: 0.75376325/0.63081294 | F1 M: 0.43099835 D: 0.20222021 | [S/N/B]: [0.1539/0.8886/0.2505] | LR: 0.00003942
2026-03-09 17:06:03,065 - INFO - T23 E5/50 | L: 0.74930294/0.62957923 | F1 M: 0.40579213 D: 0.16013460 | [S/N/B]: [0.0458/0.8971/0.2745] | LR: 0.00003907
2026-03-09 17:06:36,096 - INFO - T23 E6/50 | L: 0.74665072/0.63107634 | F1 M: 0.41274520 D: 0.17723574 | [S/N/B]: [0.0868/0.8838/0.2676] | LR: 0.00003865
2026-03-09 17:07:09,826 - INFO - T23 E7/50 | L: 0.74345733/0.63015522 | F1 M: 0.43601370 D: 0.20341029 | [S/N/B]: [0.1469/0.9012/0.2600] | LR: 0.00003815
2026-03-09 17:07:43,929 - INFO - T23 E8/50 | L: 0.74172633/0.62974036 | F1 M: 0.44123854 D: 0.21343059 | [S/N/B]: [0.2045/0.8969/0.2224] | LR: 0.00003757
2026-03-09 17:07:44,005 - INFO - 🥇 [MACRO]  Trial 23 | Global F1 Macro record: 0.44123854 (prev: 0.43887271) → saved best_tcn_lstm.pt
2026-03-09 17:07:44,260 - INFO - Trial 23 stopped early due to patience (3 epochs without improvement)
2026-03-09 17:07:45,552 - INFO - Trial 23 finished with value: 0.441238541798892 and parameters: {'tcn_channels': 128, 'lstm_hidden': 128, 'num_lstm_layers': 6, 'batch_size': 128, 'dropout': 0.3593163794716372, 'seq_len': 96, 'lr': 4.005154204984725e-05, 'weight_decay': 0.0015719827329210585, 'base_alpha_side': 3.296127488189039, 'base_alpha_neutral': 0.7442395757952698, 'base_loss_gamma': 1.7820407291914422, 'base_loss_smoothing': 0.04179726642286011}. Best is trial 23 with value: 0.441238541798892.
2026-03-09 17:07:48,762 - INFO - SequenceDataset: 152966/228206 valid sequences (Lookback protection active).
2026-03-09 17:07:48,763 - INFO - SequenceDataset: 65585/97790 valid sequences (Lookback protection active).
2026-03-09 17:07:49,305 - INFO - Trial 24 START | tcn=128, lstm=128, layers=6, batch=128, seq=96, drop=0.3274, lr=0.000043, wd=0.0016 | alpha=[3.06, 0.74, 3.06], gamma=1.42, smooth=0.05
2026-03-09 17:08:22,881 - INFO - T24 E1/50 | L: 0.77942142/0.64379090 | F1 M: 0.42472427 D: 0.18576078 | [S/N/B]: [0.1294/0.9027/0.2421] | LR: 0.00004289
2026-03-09 17:08:57,053 - INFO - T24 E2/50 | L: 0.75944851/0.63960552 | F1 M: 0.43569907 D: 0.20005521 | [S/N/B]: [0.1809/0.9070/0.2192] | LR: 0.00004276
2026-03-09 17:09:30,553 - INFO - T24 E3/50 | L: 0.75425087/0.63845035 | F1 M: 0.43081226 D: 0.20113410 | [S/N/B]: [0.1379/0.8902/0.2644] | LR: 0.00004255
2026-03-09 17:10:05,727 - INFO - T24 E4/50 | L: 0.75167296/0.63637308 | F1 M: 0.43474261 D: 0.20374803 | [S/N/B]: [0.1506/0.8967/0.2568] | LR: 0.00004225
2026-03-09 17:10:39,532 - INFO - T24 E5/50 | L: 0.74686764/0.63485314 | F1 M: 0.42892684 D: 0.19104085 | [S/N/B]: [0.1121/0.9047/0.2700] | LR: 0.00004188
2026-03-09 17:11:13,331 - INFO - T24 E6/50 | L: 0.74430270/0.63502529 | F1 M: 0.43917933 D: 0.20640669 | [S/N/B]: [0.1588/0.9047/0.2541] | LR: 0.00004142
2026-03-09 17:11:47,226 - INFO - T24 E7/50 | L: 0.74089734/0.63582784 | F1 M: 0.44255667 D: 0.20941643 | [S/N/B]: [0.1755/0.9088/0.2434] | LR: 0.00004088
2026-03-09 17:11:47,778 - INFO - 🥇 [MACRO]  Trial 24 | Global F1 Macro record: 0.44255667 (prev: 0.44123854) → saved best_tcn_lstm.pt
2026-03-09 17:12:20,862 - INFO - T24 E8/50 | L: 0.73924937/0.63759864 | F1 M: 0.43828592 D: 0.21195483 | [S/N/B]: [0.1656/0.8909/0.2583] | LR: 0.00004027
2026-03-09 17:12:21,421 - INFO - Trial 24 stopped early due to patience (3 epochs without improvement)
2026-03-09 17:12:21,807 - INFO - Trial 24 finished with value: 0.4425566733327864 and parameters: {'tcn_channels': 128, 'lstm_hidden': 128, 'num_lstm_layers': 6, 'batch_size': 128, 'dropout': 0.32735534117901655, 'seq_len': 96, 'lr': 4.292741610146702e-05, 'weight_decay': 0.0015567492577128323, 'base_alpha_side': 3.0630778307781243, 'base_alpha_neutral': 0.736285696339515, 'base_loss_gamma': 1.418436055520314, 'base_loss_smoothing': 0.046535659688366995}. Best is trial 24 with value: 0.4425566733327864.
2026-03-09 17:12:23,782 - INFO - SequenceDataset: 152966/228206 valid sequences (Lookback protection active).
2026-03-09 17:12:23,783 - INFO - SequenceDataset: 65585/97790 valid sequences (Lookback protection active).
2026-03-09 17:12:24,292 - INFO - Trial 25 START | tcn=128, lstm=128, layers=7, batch=128, seq=96, drop=0.3374, lr=0.000071, wd=0.0018 | alpha=[2.97, 0.79, 2.97], gamma=1.41, smooth=0.03
2026-03-09 17:12:59,006 - INFO - T25 E1/50 | L: 0.76622391/0.63014083 | F1 M: 0.43494773 D: 0.19534759 | [S/N/B]: [0.1814/0.9141/0.2093] | LR: 0.00007126
2026-03-09 17:13:34,351 - INFO - T25 E2/50 | L: 0.74640405/0.62311406 | F1 M: 0.43579816 D: 0.19932884 | [S/N/B]: [0.1366/0.9087/0.2621] | LR: 0.00007105
2026-03-09 17:14:09,621 - INFO - T25 E3/50 | L: 0.73973591/0.62219060 | F1 M: 0.43219867 D: 0.19423463 | [S/N/B]: [0.1228/0.9081/0.2657] | LR: 0.00007070
2026-03-09 17:14:44,466 - INFO - T25 E4/50 | L: 0.73587890/0.62361757 | F1 M: 0.43776395 D: 0.20760008 | [S/N/B]: [0.1574/0.8981/0.2578] | LR: 0.00007021
2026-03-09 17:15:19,860 - INFO - T25 E5/50 | L: 0.73023851/0.62008017 | F1 M: 0.43708134 D: 0.20330017 | [S/N/B]: [0.1480/0.9046/0.2586] | LR: 0.00006959
2026-03-09 17:15:53,760 - INFO - T25 E6/50 | L: 0.72764089/0.62849406 | F1 M: 0.43796545 D: 0.20194928 | [S/N/B]: [0.1483/0.9100/0.2556] | LR: 0.00006883
2026-03-09 17:16:28,158 - INFO - T25 E7/50 | L: 0.72209727/0.62743882 | F1 M: 0.43736797 D: 0.21420966 | [S/N/B]: [0.1710/0.8837/0.2574] | LR: 0.00006794
2026-03-09 17:17:02,836 - INFO - T25 E8/50 | L: 0.71828903/0.64385704 | F1 M: 0.43587740 D: 0.19662340 | [S/N/B]: [0.1517/0.9144/0.2416] | LR: 0.00006692
2026-03-09 17:17:02,944 - INFO - Trial 25 stopped early due to patience (3 epochs without improvement)
2026-03-09 17:17:03,172 - INFO - Trial 25 finished with value: 0.43796544955349886 and parameters: {'tcn_channels': 128, 'lstm_hidden': 128, 'num_lstm_layers': 7, 'batch_size': 128, 'dropout': 0.3373543544682419, 'seq_len': 96, 'lr': 7.133142386833155e-05, 'weight_decay': 0.0017561637910099652, 'base_alpha_side': 2.96599595176074, 'base_alpha_neutral': 0.792876830057057, 'base_loss_gamma': 1.4127386037941596, 'base_loss_smoothing': 0.034194622356338834}. Best is trial 24 with value: 0.4425566733327864.
2026-03-09 17:17:05,483 - INFO - SequenceDataset: 152966/228206 valid sequences (Lookback protection active).
2026-03-09 17:17:05,484 - INFO - SequenceDataset: 65585/97790 valid sequences (Lookback protection active).
2026-03-09 17:17:06,326 - INFO - Trial 26 START | tcn=128, lstm=128, layers=6, batch=128, seq=96, drop=0.3608, lr=0.000031, wd=0.0040 | alpha=[2.45, 0.74, 2.45], gamma=1.77, smooth=0.05
2026-03-09 17:17:38,704 - INFO - T26 E1/50 | L: 0.59916147/0.48765262 | F1 M: 0.38489927 D: 0.12993871 | [S/N/B]: [0.0000/0.8948/0.2599] | LR: 0.00003049
2026-03-09 17:18:12,568 - INFO - T26 E2/50 | L: 0.57658635/0.48297505 | F1 M: 0.38983335 D: 0.13370551 | [S/N/B]: [0.0000/0.9021/0.2674] | LR: 0.00003040
2026-03-09 17:18:46,205 - INFO - T26 E3/50 | L: 0.57349595/0.48212987 | F1 M: 0.38791823 D: 0.13314113 | [S/N/B]: [0.0000/0.8975/0.2663] | LR: 0.00003025
2026-03-09 17:19:19,205 - INFO - T26 E4/50 | L: 0.56991025/0.48036175 | F1 M: 0.39243189 D: 0.13646296 | [S/N/B]: [0.0000/0.9044/0.2729] | LR: 0.00003004
2026-03-09 17:19:52,974 - INFO - T26 E5/50 | L: 0.56827208/0.47983996 | F1 M: 0.39463859 D: 0.13633186 | [S/N/B]: [0.0000/0.9113/0.2727] | LR: 0.00002977
2026-03-09 17:20:26,505 - INFO - T26 E6/50 | L: 0.56625950/0.48079083 | F1 M: 0.39464895 D: 0.14351523 | [S/N/B]: [0.0138/0.8969/0.2732] | LR: 0.00002944
2026-03-09 17:20:27,646 - INFO - Trial 26 pruned by Optuna at epoch 6
2026-03-09 17:20:28,024 - INFO - Trial 26 pruned. 
2026-03-09 17:20:30,853 - INFO - SequenceDataset: 133934/228182 valid sequences (Lookback protection active).
2026-03-09 17:20:30,854 - INFO - SequenceDataset: 57425/97766 valid sequences (Lookback protection active).
2026-03-09 17:20:32,058 - INFO - Trial 27 START | tcn=512, lstm=128, layers=6, batch=512, seq=120, drop=0.3263, lr=0.000068, wd=0.0070 | alpha=[3.17, 0.57, 3.17], gamma=1.19, smooth=0.05
2026-03-09 17:21:20,295 - INFO - T27 E1/50 | L: 0.79964960/0.66267097 | F1 M: 0.41707735 D: 0.20419131 | [S/N/B]: [0.1915/0.8428/0.2169] | LR: 0.00006775
2026-03-09 17:22:10,257 - INFO - T27 E2/50 | L: 0.76948095/0.66044268 | F1 M: 0.42746039 D: 0.22370131 | [S/N/B]: [0.2516/0.8350/0.1958] | LR: 0.00006755
2026-03-09 17:22:10,519 - INFO - 🏆 [DIR]    Trial 27 | Global F1 Dir record: 0.22370131 (prev: 0.21942794) → saved best_tcn_lstm_dir.pt
2026-03-09 17:23:00,429 - INFO - T27 E3/50 | L: 0.75964783/0.66699490 | F1 M: 0.37877980 D: 0.13152174 | [S/N/B]: [0.0000/0.8733/0.2630] | LR: 0.00006722
2026-03-09 17:23:49,511 - INFO - T27 E4/50 | L: 0.74886023/0.66401732 | F1 M: 0.42660065 D: 0.21193321 | [S/N/B]: [0.2351/0.8559/0.1888] | LR: 0.00006675
2026-03-09 17:24:38,523 - INFO - T27 E5/50 | L: 0.73701542/0.67234573 | F1 M: 0.35753774 D: 0.11977358 | [S/N/B]: [0.0000/0.8331/0.2395] | LR: 0.00006616
2026-03-09 17:24:38,897 - INFO - Trial 27 stopped early due to patience (3 epochs without improvement)
2026-03-09 17:24:39,142 - INFO - Trial 27 finished with value: 0.42746038547523413 and parameters: {'tcn_channels': 512, 'lstm_hidden': 128, 'num_lstm_layers': 6, 'batch_size': 512, 'dropout': 0.3262593947449177, 'seq_len': 120, 'lr': 6.78172594199124e-05, 'weight_decay': 0.00697453841421738, 'base_alpha_side': 3.1709554551376806, 'base_alpha_neutral': 0.5695849000845092, 'base_loss_gamma': 1.1921875019660142, 'base_loss_smoothing': 0.04826486019947549}. Best is trial 24 with value: 0.4425566733327864.
2026-03-09 17:24:40,862 - INFO - SequenceDataset: 152966/228206 valid sequences (Lookback protection active).
2026-03-09 17:24:40,863 - INFO - SequenceDataset: 65585/97790 valid sequences (Lookback protection active).
2026-03-09 17:24:41,228 - INFO - Trial 28 START | tcn=64, lstm=64, layers=7, batch=128, seq=96, drop=0.4068, lr=0.000039, wd=0.0027 | alpha=[3.96, 0.75, 3.96], gamma=1.51, smooth=0.03
2026-03-09 17:25:15,441 - INFO - T28 E1/50 | L: 0.98599987/0.79743215 | F1 M: 0.40447235 D: 0.17279742 | [S/N/B]: [0.2462/0.8678/0.0994] | LR: 0.00003862
2026-03-09 17:25:49,737 - INFO - T28 E2/50 | L: 0.94738585/0.79141124 | F1 M: 0.42481476 D: 0.19990215 | [S/N/B]: [0.2599/0.8746/0.1399] | LR: 0.00003851
2026-03-09 17:26:23,967 - INFO - T28 E3/50 | L: 0.94178016/0.78712226 | F1 M: 0.38268929 D: 0.12993600 | [S/N/B]: [0.0000/0.8882/0.2599] | LR: 0.00003832
2026-03-09 17:26:58,516 - INFO - T28 E4/50 | L: 0.93785993/0.78486940 | F1 M: 0.38141719 D: 0.13014172 | [S/N/B]: [0.0000/0.8840/0.2603] | LR: 0.00003805
2026-03-09 17:27:32,247 - INFO - T28 E5/50 | L: 0.93505995/0.78187439 | F1 M: 0.38513286 D: 0.13268882 | [S/N/B]: [0.0000/0.8900/0.2654] | LR: 0.00003772
2026-03-09 17:28:07,372 - INFO - T28 E6/50 | L: 0.93293897/0.78185210 | F1 M: 0.38689027 D: 0.13340033 | [S/N/B]: [0.0000/0.8939/0.2668] | LR: 0.00003730
2026-03-09 17:28:42,163 - INFO - T28 E7/50 | L: 0.93084609/0.78013593 | F1 M: 0.38172789 D: 0.13129213 | [S/N/B]: [0.0000/0.8826/0.2626] | LR: 0.00003682
2026-03-09 17:29:17,265 - INFO - T28 E8/50 | L: 0.92918778/0.77832170 | F1 M: 0.38173357 D: 0.13139340 | [S/N/B]: [0.0000/0.8824/0.2628] | LR: 0.00003627
2026-03-09 17:29:51,407 - INFO - T28 E9/50 | L: 0.92765323/0.77844590 | F1 M: 0.38462106 D: 0.13342240 | [S/N/B]: [0.0000/0.8870/0.2668] | LR: 0.00003565
2026-03-09 17:30:26,131 - INFO - T28 E10/50 | L: 0.92469957/0.77910236 | F1 M: 0.38616339 D: 0.13458132 | [S/N/B]: [0.0000/0.8893/0.2692] | LR: 0.00003497
2026-03-09 17:31:01,475 - INFO - T28 E11/50 | L: 0.92422515/0.77691383 | F1 M: 0.38107731 D: 0.13185626 | [S/N/B]: [0.0000/0.8795/0.2637] | LR: 0.00003423
2026-03-09 17:31:35,850 - INFO - T28 E12/50 | L: 0.92360386/0.77511100 | F1 M: 0.38803081 D: 0.13697213 | [S/N/B]: [0.0041/0.8901/0.2698] | LR: 0.00003342
2026-03-09 17:32:11,402 - INFO - T28 E13/50 | L: 0.92169626/0.77588197 | F1 M: 0.40228585 D: 0.15516783 | [S/N/B]: [0.0368/0.8965/0.2735] | LR: 0.00003256
2026-03-09 17:32:46,095 - INFO - T28 E14/50 | L: 0.92079226/0.77434661 | F1 M: 0.39975722 D: 0.15849427 | [S/N/B]: [0.0529/0.8823/0.2641] | LR: 0.00003165
2026-03-09 17:33:20,782 - INFO - T28 E15/50 | L: 0.91966043/0.77569003 | F1 M: 0.42638444 D: 0.19215927 | [S/N/B]: [0.1143/0.8948/0.2701] | LR: 0.00003069
2026-03-09 17:33:55,892 - INFO - T28 E16/50 | L: 0.91865781/0.77755826 | F1 M: 0.42613766 D: 0.19204393 | [S/N/B]: [0.1116/0.8943/0.2725] | LR: 0.00002969
2026-03-09 17:34:30,863 - INFO - T28 E17/50 | L: 0.91852323/0.77631071 | F1 M: 0.42459037 D: 0.19706138 | [S/N/B]: [0.1277/0.8796/0.2664] | LR: 0.00002864
2026-03-09 17:34:31,673 - INFO - Trial 28 stopped early due to patience (3 epochs without improvement)
2026-03-09 17:34:32,030 - INFO - Trial 28 finished with value: 0.426384441925214 and parameters: {'tcn_channels': 64, 'lstm_hidden': 64, 'num_lstm_layers': 7, 'batch_size': 128, 'dropout': 0.40683282965466927, 'seq_len': 96, 'lr': 3.866126089206041e-05, 'weight_decay': 0.0027077663692217533, 'base_alpha_side': 3.9552975042841902, 'base_alpha_neutral': 0.754429628313369, 'base_loss_gamma': 1.5118453774534306, 'base_loss_smoothing': 0.033614863896500514}. Best is trial 24 with value: 0.4425566733327864.
2026-03-09 17:34:34,130 - INFO - SequenceDataset: 210062/228278 valid sequences (Lookback protection active).
2026-03-09 17:34:34,131 - INFO - SequenceDataset: 90065/97862 valid sequences (Lookback protection active).
2026-03-09 17:34:34,592 - INFO - Trial 29 START | tcn=256, lstm=128, layers=5, batch=128, seq=24, drop=0.4420, lr=0.000053, wd=0.0013 | alpha=[2.54, 0.62, 2.54], gamma=1.23, smooth=0.02
2026-03-09 17:35:13,821 - INFO - T29 E1/50 | L: 0.54077934/0.44739682 | F1 M: 0.42298985 D: 0.17296941 | [S/N/B]: [0.1003/0.9230/0.2457] | LR: 0.00005308
2026-03-09 17:35:53,273 - INFO - T29 E2/50 | L: 0.52707754/0.45037787 | F1 M: 0.38623396 D: 0.13124673 | [S/N/B]: [0.0063/0.8962/0.2562] | LR: 0.00005293
2026-03-09 17:36:33,497 - INFO - T29 E3/50 | L: 0.52228483/0.44424474 | F1 M: 0.44231193 D: 0.20684958 | [S/N/B]: [0.1984/0.9132/0.2153] | LR: 0.00005267
2026-03-09 17:37:12,710 - INFO - T29 E4/50 | L: 0.51876531/0.44517809 | F1 M: 0.43519364 D: 0.19512177 | [S/N/B]: [0.1487/0.9153/0.2416] | LR: 0.00005230
2026-03-09 17:37:53,133 - INFO - T29 E5/50 | L: 0.51562191/0.44723901 | F1 M: 0.43559268 D: 0.20414539 | [S/N/B]: [0.1612/0.8985/0.2470] | LR: 0.00005184
2026-03-09 17:38:32,541 - INFO - T29 E6/50 | L: 0.51276965/0.45003915 | F1 M: 0.43738570 D: 0.19750266 | [S/N/B]: [0.1512/0.9172/0.2438] | LR: 0.00005127
2026-03-09 17:38:33,217 - INFO - Trial 29 stopped early due to patience (3 epochs without improvement)
2026-03-09 17:38:33,453 - INFO - Trial 29 finished with value: 0.4423119345346304 and parameters: {'tcn_channels': 256, 'lstm_hidden': 128, 'num_lstm_layers': 5, 'batch_size': 128, 'dropout': 0.4420257309975852, 'seq_len': 24, 'lr': 5.313614211536041e-05, 'weight_decay': 0.001303878206804403, 'base_alpha_side': 2.5424364888277458, 'base_alpha_neutral': 0.6202012235450839, 'base_loss_gamma': 1.2309799231073124, 'base_loss_smoothing': 0.018804443739869045}. Best is trial 24 with value: 0.4425566733327864.
2026-03-09 17:38:35,089 - INFO - SequenceDataset: 210062/228278 valid sequences (Lookback protection active).
2026-03-09 17:38:35,090 - INFO - SequenceDataset: 90065/97862 valid sequences (Lookback protection active).
2026-03-09 17:38:36,009 - INFO - Trial 30 START | tcn=256, lstm=32, layers=6, batch=128, seq=24, drop=0.4360, lr=0.000052, wd=0.0012 | alpha=[2.52, 0.64, 2.52], gamma=1.23, smooth=0.02
2026-03-09 17:39:18,932 - INFO - T30 E1/50 | L: 0.57104340/0.46084642 | F1 M: 0.43105214 D: 0.19540418 | [S/N/B]: [0.2566/0.9023/0.1342] | LR: 0.00005204
2026-03-09 17:40:02,414 - INFO - T30 E2/50 | L: 0.54471689/0.45494098 | F1 M: 0.43692918 D: 0.19959947 | [S/N/B]: [0.2497/0.9116/0.1494] | LR: 0.00005189
2026-03-09 17:40:45,753 - INFO - T30 E3/50 | L: 0.53884345/0.45449406 | F1 M: 0.44193927 D: 0.20606751 | [S/N/B]: [0.2369/0.9137/0.1752] | LR: 0.00005163
2026-03-09 17:41:28,366 - INFO - T30 E4/50 | L: 0.53597287/0.45563163 | F1 M: 0.44136719 D: 0.20683743 | [S/N/B]: [0.2124/0.9104/0.2012] | LR: 0.00005127
2026-03-09 17:42:12,287 - INFO - T30 E5/50 | L: 0.53261755/0.45728212 | F1 M: 0.42445416 D: 0.18082632 | [S/N/B]: [0.1312/0.9117/0.2305] | LR: 0.00005082
2026-03-09 17:42:56,404 - INFO - T30 E6/50 | L: 0.52969670/0.45943620 | F1 M: 0.40324404 D: 0.14369528 | [S/N/B]: [0.0411/0.9223/0.2463] | LR: 0.00005026
2026-03-09 17:42:56,553 - INFO - Trial 30 stopped early due to patience (3 epochs without improvement)
2026-03-09 17:42:56,846 - INFO - Trial 30 finished with value: 0.4419392745362563 and parameters: {'tcn_channels': 256, 'lstm_hidden': 32, 'num_lstm_layers': 6, 'batch_size': 128, 'dropout': 0.43603632618619126, 'seq_len': 24, 'lr': 5.2090817322377344e-05, 'weight_decay': 0.0012238863524662146, 'base_alpha_side': 2.5210597434009485, 'base_alpha_neutral': 0.6421211868764001, 'base_loss_gamma': 1.2314302765675604, 'base_loss_smoothing': 0.018082768511765466}. Best is trial 24 with value: 0.4425566733327864.
2026-03-09 17:42:59,045 - INFO - SequenceDataset: 210062/228278 valid sequences (Lookback protection active).
2026-03-09 17:42:59,045 - INFO - SequenceDataset: 90065/97862 valid sequences (Lookback protection active).
2026-03-09 17:43:00,329 - INFO - Trial 31 START | tcn=256, lstm=32, layers=6, batch=128, seq=24, drop=0.4467, lr=0.000054, wd=0.0015 | alpha=[2.47, 0.64, 2.47], gamma=1.26, smooth=0.02
2026-03-09 17:43:43,244 - INFO - T31 E1/50 | L: 0.55687617/0.44852570 | F1 M: 0.38272635 D: 0.12388200 | [S/N/B]: [0.0000/0.9004/0.2478] | LR: 0.00005398
2026-03-09 17:44:26,043 - INFO - T31 E2/50 | L: 0.52988872/0.44440521 | F1 M: 0.38796772 D: 0.12697802 | [S/N/B]: [0.0000/0.9099/0.2540] | LR: 0.00005382
2026-03-09 17:45:09,683 - INFO - T31 E3/50 | L: 0.52498933/0.44423433 | F1 M: 0.39263916 D: 0.12797976 | [S/N/B]: [0.0000/0.9220/0.2560] | LR: 0.00005355
2026-03-09 17:45:52,701 - INFO - T31 E4/50 | L: 0.52169967/0.44248116 | F1 M: 0.39091714 D: 0.12910552 | [S/N/B]: [0.0000/0.9145/0.2582] | LR: 0.00005318
2026-03-09 17:45:53,504 - INFO - Trial 31 pruned by Optuna at epoch 4
2026-03-09 17:45:53,717 - INFO - Trial 31 pruned. 
2026-03-09 17:45:55,156 - INFO - SequenceDataset: 210062/228278 valid sequences (Lookback protection active).
2026-03-09 17:45:55,157 - INFO - SequenceDataset: 90065/97862 valid sequences (Lookback protection active).
2026-03-09 17:45:55,493 - INFO - Trial 32 START | tcn=256, lstm=32, layers=7, batch=128, seq=24, drop=0.4377, lr=0.000048, wd=0.0013 | alpha=[2.70, 0.53, 2.70], gamma=1.21, smooth=0.01
2026-03-09 17:46:41,457 - INFO - T32 E1/50 | L: 0.56201156/0.45129445 | F1 M: 0.37823266 D: 0.12422262 | [S/N/B]: [0.0101/0.8863/0.2383] | LR: 0.00004844
2026-03-09 17:47:27,075 - INFO - T32 E2/50 | L: 0.53478810/0.44675459 | F1 M: 0.37510452 D: 0.11924640 | [S/N/B]: [0.0000/0.8868/0.2385] | LR: 0.00004829
2026-03-09 17:48:12,907 - INFO - T32 E3/50 | L: 0.52937449/0.44576624 | F1 M: 0.37187811 D: 0.11776775 | [S/N/B]: [0.0000/0.8801/0.2355] | LR: 0.00004805
2026-03-09 17:48:13,356 - INFO - Trial 32 pruned by Optuna at epoch 3
2026-03-09 17:48:13,610 - INFO - Trial 32 pruned. 
2026-03-09 17:48:16,256 - INFO - SequenceDataset: 210062/228278 valid sequences (Lookback protection active).
2026-03-09 17:48:16,257 - INFO - SequenceDataset: 90065/97862 valid sequences (Lookback protection active).
2026-03-09 17:48:17,396 - INFO - Trial 33 START | tcn=256, lstm=32, layers=6, batch=128, seq=24, drop=0.4182, lr=0.000061, wd=0.0019 | alpha=[2.39, 0.64, 2.39], gamma=1.49, smooth=0.02
2026-03-09 17:49:00,131 - INFO - T33 E1/50 | L: 0.50482028/0.40919534 | F1 M: 0.38476532 D: 0.12452147 | [S/N/B]: [0.2490/0.9053/0.0000] | LR: 0.00006142
2026-03-09 17:49:42,344 - INFO - T33 E2/50 | L: 0.48418906/0.40707405 | F1 M: 0.39209322 D: 0.12894639 | [S/N/B]: [0.2579/0.9184/0.0000] | LR: 0.00006124
2026-03-09 17:50:24,688 - INFO - T33 E3/50 | L: 0.47950028/0.40587307 | F1 M: 0.39142569 D: 0.13280538 | [S/N/B]: [0.2537/0.9087/0.0120] | LR: 0.00006093
2026-03-09 17:51:07,965 - INFO - T33 E4/50 | L: 0.47670463/0.40530093 | F1 M: 0.41503981 D: 0.16806603 | [S/N/B]: [0.2388/0.9090/0.0974] | LR: 0.00006051
2026-03-09 17:51:50,711 - INFO - T33 E5/50 | L: 0.47324283/0.40554121 | F1 M: 0.40642547 D: 0.15405702 | [S/N/B]: [0.2430/0.9112/0.0651] | LR: 0.00005997
2026-03-09 17:52:31,726 - INFO - T33 E6/50 | L: 0.46987622/0.40696316 | F1 M: 0.42601763 D: 0.18225201 | [S/N/B]: [0.2291/0.9135/0.1354] | LR: 0.00005932
2026-03-09 17:53:15,005 - INFO - T33 E7/50 | L: 0.46685125/0.40825535 | F1 M: 0.40132629 D: 0.14997715 | [S/N/B]: [0.2409/0.9040/0.0591] | LR: 0.00005855
2026-03-09 17:53:15,135 - INFO - Trial 33 stopped early due to patience (3 epochs without improvement)
2026-03-09 17:53:15,917 - INFO - Trial 33 finished with value: 0.42601763217605365 and parameters: {'tcn_channels': 256, 'lstm_hidden': 32, 'num_lstm_layers': 6, 'batch_size': 128, 'dropout': 0.41823671426454445, 'seq_len': 24, 'lr': 6.147852890435237e-05, 'weight_decay': 0.0019321444005080282, 'base_alpha_side': 2.387958316934852, 'base_alpha_neutral': 0.6352161887852538, 'base_loss_gamma': 1.4860604382963096, 'base_loss_smoothing': 0.02281333606934457}. Best is trial 24 with value: 0.4425566733327864.
2026-03-09 17:53:18,328 - INFO - SequenceDataset: 210062/228278 valid sequences (Lookback protection active).
2026-03-09 17:53:18,328 - INFO - SequenceDataset: 90065/97862 valid sequences (Lookback protection active).
2026-03-09 17:53:18,799 - INFO - Trial 34 START | tcn=256, lstm=32, layers=5, batch=128, seq=24, drop=0.3907, lr=0.000045, wd=0.0004 | alpha=[3.15, 0.73, 3.15], gamma=1.03, smooth=0.03
2026-03-09 17:53:59,108 - INFO - T34 E1/50 | L: 0.79680379/0.63654532 | F1 M: 0.38612250 D: 0.12577540 | [S/N/B]: [0.0000/0.9068/0.2516] | LR: 0.00004503
2026-03-09 17:54:39,065 - INFO - T34 E2/50 | L: 0.75177689/0.63031258 | F1 M: 0.39089744 D: 0.12925840 | [S/N/B]: [0.0000/0.9142/0.2585] | LR: 0.00004490
2026-03-09 17:55:19,451 - INFO - T34 E3/50 | L: 0.74228040/0.62998286 | F1 M: 0.39236922 D: 0.12846267 | [S/N/B]: [0.0000/0.9202/0.2569] | LR: 0.00004468
2026-03-09 17:55:59,924 - INFO - T34 E4/50 | L: 0.73654170/0.62732128 | F1 M: 0.39003975 D: 0.12828173 | [S/N/B]: [0.0000/0.9136/0.2566] | LR: 0.00004437
2026-03-09 17:56:00,731 - INFO - Trial 34 pruned by Optuna at epoch 4
2026-03-09 17:56:00,994 - INFO - Trial 34 pruned. 
2026-03-09 17:56:03,188 - INFO - SequenceDataset: 210062/228278 valid sequences (Lookback protection active).
2026-03-09 17:56:03,189 - INFO - SequenceDataset: 90065/97862 valid sequences (Lookback protection active).
2026-03-09 17:56:04,396 - INFO - Trial 35 START | tcn=256, lstm=32, layers=6, batch=128, seq=24, drop=0.3815, lr=0.000054, wd=0.0011 | alpha=[2.73, 0.54, 2.73], gamma=1.33, smooth=0.02
2026-03-09 17:56:45,150 - INFO - T35 E1/50 | L: 0.55298994/0.44701265 | F1 M: 0.37642487 D: 0.11974930 | [S/N/B]: [0.2395/0.8898/0.0000] | LR: 0.00005416
2026-03-09 17:57:29,174 - INFO - T35 E2/50 | L: 0.52929110/0.44355981 | F1 M: 0.42152369 D: 0.17920883 | [S/N/B]: [0.1218/0.9062/0.2366] | LR: 0.00005400
2026-03-09 17:58:12,463 - INFO - T35 E3/50 | L: 0.52498611/0.44230744 | F1 M: 0.42574014 D: 0.18940409 | [S/N/B]: [0.2136/0.8984/0.1652] | LR: 0.00005373
2026-03-09 17:58:55,695 - INFO - T35 E4/50 | L: 0.52086873/0.44254421 | F1 M: 0.38094103 D: 0.12421825 | [S/N/B]: [0.0030/0.8944/0.2454] | LR: 0.00005336
2026-03-09 17:59:38,193 - INFO - T35 E5/50 | L: 0.51801871/0.44538847 | F1 M: 0.38531698 D: 0.12860133 | [S/N/B]: [0.2479/0.8987/0.0093] | LR: 0.00005288
2026-03-09 18:00:21,082 - INFO - T35 E6/50 | L: 0.51534416/0.44465039 | F1 M: 0.40104054 D: 0.15962338 | [S/N/B]: [0.2274/0.8839/0.0918] | LR: 0.00005231
2026-03-09 18:00:21,241 - INFO - Trial 35 stopped early due to patience (3 epochs without improvement)
2026-03-09 18:00:21,591 - INFO - Trial 35 finished with value: 0.4257401431759256 and parameters: {'tcn_channels': 256, 'lstm_hidden': 32, 'num_lstm_layers': 6, 'batch_size': 128, 'dropout': 0.3814529951477744, 'seq_len': 24, 'lr': 5.420938112226992e-05, 'weight_decay': 0.001148434129816232, 'base_alpha_side': 2.7305049304465987, 'base_alpha_neutral': 0.5427166537806917, 'base_loss_gamma': 1.3260034364954123, 'base_loss_smoothing': 0.01720285518135182}. Best is trial 24 with value: 0.4425566733327864.
2026-03-09 18:00:24,881 - INFO - SequenceDataset: 210062/228278 valid sequences (Lookback protection active).
2026-03-09 18:00:24,882 - INFO - SequenceDataset: 90065/97862 valid sequences (Lookback protection active).
2026-03-09 18:00:25,439 - INFO - Trial 36 START | tcn=256, lstm=128, layers=5, batch=128, seq=24, drop=0.4619, lr=0.000040, wd=0.0025 | alpha=[2.91, 0.61, 2.91], gamma=1.16, smooth=0.03
2026-03-09 18:01:05,652 - INFO - T36 E1/50 | L: 0.63121553/0.52469002 | F1 M: 0.39315812 D: 0.13045882 | [S/N/B]: [0.0000/0.9186/0.2609] | LR: 0.00003984
2026-03-09 18:01:45,543 - INFO - T36 E2/50 | L: 0.61498427/0.52270759 | F1 M: 0.39049699 D: 0.13122626 | [S/N/B]: [0.0000/0.9090/0.2625] | LR: 0.00003972
2026-03-09 18:02:25,540 - INFO - T36 E3/50 | L: 0.61098574/0.52276945 | F1 M: 0.42422441 D: 0.18097690 | [S/N/B]: [0.1050/0.9107/0.2570] | LR: 0.00003952
2026-03-09 18:03:05,502 - INFO - T36 E4/50 | L: 0.60751571/0.52153645 | F1 M: 0.42779843 D: 0.18588260 | [S/N/B]: [0.1213/0.9116/0.2505] | LR: 0.00003925
2026-03-09 18:03:44,749 - INFO - T36 E5/50 | L: 0.60455410/0.52164237 | F1 M: 0.43686885 D: 0.20436397 | [S/N/B]: [0.1734/0.9019/0.2353] | LR: 0.00003890
2026-03-09 18:04:24,684 - INFO - T36 E6/50 | L: 0.60207763/0.52181824 | F1 M: 0.43048900 D: 0.19385951 | [S/N/B]: [0.1360/0.9037/0.2517] | LR: 0.00003847
2026-03-09 18:05:04,802 - INFO - T36 E7/50 | L: 0.59883581/0.52497388 | F1 M: 0.42951021 D: 0.19260356 | [S/N/B]: [0.1376/0.9033/0.2476] | LR: 0.00003798
2026-03-09 18:05:04,939 - INFO - Trial 36 stopped early due to patience (3 epochs without improvement)
2026-03-09 18:05:05,677 - INFO - Trial 36 finished with value: 0.4368688515407679 and parameters: {'tcn_channels': 256, 'lstm_hidden': 128, 'num_lstm_layers': 5, 'batch_size': 128, 'dropout': 0.46192405034422485, 'seq_len': 24, 'lr': 3.987473742384658e-05, 'weight_decay': 0.0024545275150985686, 'base_alpha_side': 2.909786543507844, 'base_alpha_neutral': 0.6087774854301573, 'base_loss_gamma': 1.1561826775403319, 'base_loss_smoothing': 0.02977877465491978}. Best is trial 24 with value: 0.4425566733327864.
2026-03-09 18:05:07,255 - INFO - SequenceDataset: 210062/228278 valid sequences (Lookback protection active).
2026-03-09 18:05:07,256 - INFO - SequenceDataset: 90065/97862 valid sequences (Lookback protection active).
2026-03-09 18:05:08,159 - INFO - Trial 37 START | tcn=256, lstm=128, layers=7, batch=512, seq=24, drop=0.3549, lr=0.000034, wd=0.0054 | alpha=[3.33, 0.66, 3.33], gamma=1.49, smooth=0.06
2026-03-09 18:05:20,627 - INFO - T37 E1/50 | L: 0.75495335/0.62012948 | F1 M: 0.37320314 D: 0.11712453 | [S/N/B]: [0.0000/0.8854/0.2342] | LR: 0.00003413
2026-03-09 18:05:33,426 - INFO - T37 E2/50 | L: 0.71854045/0.61453489 | F1 M: 0.37615971 D: 0.12042503 | [S/N/B]: [0.0000/0.8876/0.2409] | LR: 0.00003403
2026-03-09 18:05:46,532 - INFO - T37 E3/50 | L: 0.71318382/0.61195420 | F1 M: 0.38826814 D: 0.12756190 | [S/N/B]: [0.0000/0.9097/0.2551] | LR: 0.00003386
2026-03-09 18:06:00,058 - INFO - T37 E4/50 | L: 0.70977991/0.61419113 | F1 M: 0.38830036 D: 0.12775354 | [S/N/B]: [0.0000/0.9094/0.2555] | LR: 0.00003363
2026-03-09 18:06:00,598 - INFO - Trial 37 pruned by Optuna at epoch 4
2026-03-09 18:06:01,000 - INFO - Trial 37 pruned. 
2026-03-09 18:06:02,559 - INFO - SequenceDataset: 210062/228278 valid sequences (Lookback protection active).
2026-03-09 18:06:02,560 - INFO - SequenceDataset: 90065/97862 valid sequences (Lookback protection active).
2026-03-09 18:06:03,232 - INFO - Trial 38 START | tcn=64, lstm=64, layers=4, batch=128, seq=24, drop=0.4060, lr=0.000073, wd=0.0018 | alpha=[2.24, 0.73, 2.24], gamma=1.71, smooth=0.01
2026-03-09 18:06:39,878 - INFO - T38 E1/50 | L: 0.46128218/0.37505247 | F1 M: 0.39495398 D: 0.12842339 | [S/N/B]: [0.0000/0.9280/0.2568] | LR: 0.00007298
2026-03-09 18:07:16,244 - INFO - T38 E2/50 | L: 0.44703633/0.37259355 | F1 M: 0.39692638 D: 0.13234170 | [S/N/B]: [0.0000/0.9261/0.2647] | LR: 0.00007277
2026-03-09 18:07:53,220 - INFO - T38 E3/50 | L: 0.44459042/0.37395533 | F1 M: 0.39784374 D: 0.13285755 | [S/N/B]: [0.0000/0.9278/0.2657] | LR: 0.00007241
2026-03-09 18:08:29,754 - INFO - T38 E4/50 | L: 0.44204449/0.37248356 | F1 M: 0.39563632 D: 0.13419732 | [S/N/B]: [0.0000/0.9185/0.2684] | LR: 0.00007191
2026-03-09 18:08:30,262 - INFO - Trial 38 pruned by Optuna at epoch 4
2026-03-09 18:08:30,710 - INFO - Trial 38 pruned. 
2026-03-09 18:08:32,051 - INFO - SequenceDataset: 191030/228254 valid sequences (Lookback protection active).
2026-03-09 18:08:32,052 - INFO - SequenceDataset: 81905/97838 valid sequences (Lookback protection active).
2026-03-09 18:08:32,365 - INFO - Trial 39 START | tcn=256, lstm=32, layers=6, batch=128, seq=48, drop=0.4330, lr=0.000060, wd=0.0012 | alpha=[3.33, 0.77, 3.33], gamma=1.27, smooth=0.05
2026-03-09 18:09:11,372 - INFO - T39 E1/50 | L: 0.83676033/0.68895152 | F1 M: 0.38745921 D: 0.12663889 | [S/N/B]: [0.0000/0.9091/0.2533] | LR: 0.00005976
2026-03-09 18:09:50,030 - INFO - T39 E2/50 | L: 0.80409261/0.68189967 | F1 M: 0.39036591 D: 0.12690111 | [S/N/B]: [0.0000/0.9173/0.2538] | LR: 0.00005958
2026-03-09 18:10:29,011 - INFO - T39 E3/50 | L: 0.79832548/0.68384147 | F1 M: 0.39026106 D: 0.12836225 | [S/N/B]: [0.0000/0.9141/0.2567] | LR: 0.00005929
2026-03-09 18:11:09,106 - INFO - T39 E4/50 | L: 0.79301696/0.68444337 | F1 M: 0.39163904 D: 0.12867672 | [S/N/B]: [0.0000/0.9176/0.2574] | LR: 0.00005888
2026-03-09 18:11:09,525 - INFO - Trial 39 pruned by Optuna at epoch 4
2026-03-09 18:11:10,385 - INFO - Trial 39 pruned. 
2026-03-09 18:11:12,946 - INFO - SequenceDataset: 210062/228278 valid sequences (Lookback protection active).
2026-03-09 18:11:12,947 - INFO - SequenceDataset: 90065/97862 valid sequences (Lookback protection active).
2026-03-09 18:11:13,526 - INFO - Trial 40 START | tcn=512, lstm=128, layers=8, batch=512, seq=24, drop=0.5193, lr=0.000050, wd=0.0007 | alpha=[1.99, 0.61, 1.99], gamma=1.56, smooth=0.02
2026-03-09 18:11:29,890 - INFO - T40 E1/50 | L: 0.40541609/0.32714276 | F1 M: 0.38434603 D: 0.12297488 | [S/N/B]: [0.0000/0.9071/0.2459] | LR: 0.00005026
2026-03-09 18:11:46,111 - INFO - T40 E2/50 | L: 0.38428558/0.32519934 | F1 M: 0.38865271 D: 0.12669268 | [S/N/B]: [0.0000/0.9126/0.2534] | LR: 0.00005011
2026-03-09 18:12:02,369 - INFO - T40 E3/50 | L: 0.38073776/0.32526520 | F1 M: 0.38758341 D: 0.12607209 | [S/N/B]: [0.0000/0.9106/0.2521] | LR: 0.00004986
2026-03-09 18:12:18,282 - INFO - T40 E4/50 | L: 0.37770457/0.32626181 | F1 M: 0.38903393 D: 0.12787581 | [S/N/B]: [0.0000/0.9114/0.2558] | LR: 0.00004952
2026-03-09 18:12:18,669 - INFO - Trial 40 pruned by Optuna at epoch 4
2026-03-09 18:12:19,509 - INFO - Trial 40 pruned. 
2026-03-09 18:12:21,545 - INFO - SequenceDataset: 133934/228182 valid sequences (Lookback protection active).
2026-03-09 18:12:21,546 - INFO - SequenceDataset: 57425/97766 valid sequences (Lookback protection active).
2026-03-09 18:12:22,639 - INFO - Trial 41 START | tcn=256, lstm=128, layers=5, batch=128, seq=120, drop=0.3184, lr=0.000012, wd=0.0004 | alpha=[1.88, 0.58, 1.88], gamma=1.69, smooth=0.03
2026-03-09 18:12:49,796 - INFO - T41 E1/50 | L: 0.41682642/0.33771002 | F1 M: 0.36660497 D: 0.12218701 | [S/N/B]: [0.2444/0.8554/0.0000] | LR: 0.00001209
2026-03-09 18:13:17,607 - INFO - T41 E2/50 | L: 0.39738278/0.33329406 | F1 M: 0.42891044 D: 0.20500096 | [S/N/B]: [0.1874/0.8767/0.2226] | LR: 0.00001205
2026-03-09 18:13:44,946 - INFO - T41 E3/50 | L: 0.39434102/0.33266687 | F1 M: 0.42617456 D: 0.20016444 | [S/N/B]: [0.1624/0.8782/0.2380] | LR: 0.00001199
2026-03-09 18:14:12,234 - INFO - T41 E4/50 | L: 0.39214261/0.33211958 | F1 M: 0.43091962 D: 0.20948262 | [S/N/B]: [0.1901/0.8738/0.2288] | LR: 0.00001191
2026-03-09 18:14:40,148 - INFO - T41 E5/50 | L: 0.39051438/0.33129858 | F1 M: 0.43548771 D: 0.21032789 | [S/N/B]: [0.1979/0.8858/0.2228] | LR: 0.00001180
2026-03-09 18:15:08,491 - INFO - T41 E6/50 | L: 0.38887465/0.33217024 | F1 M: 0.42867257 D: 0.20791375 | [S/N/B]: [0.1803/0.8702/0.2355] | LR: 0.00001168
2026-03-09 18:15:37,405 - INFO - T41 E7/50 | L: 0.38736983/0.33145060 | F1 M: 0.43438634 D: 0.21170763 | [S/N/B]: [0.2034/0.8797/0.2201] | LR: 0.00001153
2026-03-09 18:16:05,520 - INFO - T41 E8/50 | L: 0.38637931/0.33414542 | F1 M: 0.43035119 D: 0.20320964 | [S/N/B]: [0.2023/0.8846/0.2041] | LR: 0.00001135
2026-03-09 18:16:05,651 - INFO - Trial 41 stopped early due to patience (3 epochs without improvement)
2026-03-09 18:16:05,949 - INFO - Trial 41 finished with value: 0.4354877132769532 and parameters: {'tcn_channels': 256, 'lstm_hidden': 128, 'num_lstm_layers': 5, 'batch_size': 128, 'dropout': 0.3183599232524158, 'seq_len': 120, 'lr': 1.2101005877729833e-05, 'weight_decay': 0.00040500718297236066, 'base_alpha_side': 1.8795627554341379, 'base_alpha_neutral': 0.5805577878679176, 'base_loss_gamma': 1.6932257260317736, 'base_loss_smoothing': 0.030285825219955563}. Best is trial 24 with value: 0.4425566733327864.
2026-03-09 18:16:08,402 - INFO - SequenceDataset: 133934/228182 valid sequences (Lookback protection active).
2026-03-09 18:16:08,404 - INFO - SequenceDataset: 57425/97766 valid sequences (Lookback protection active).
2026-03-09 18:16:08,890 - INFO - Trial 42 START | tcn=64, lstm=128, layers=5, batch=128, seq=120, drop=0.3408, lr=0.000042, wd=0.0007 | alpha=[2.59, 0.42, 2.59], gamma=2.05, smooth=0.04
2026-03-09 18:16:36,073 - INFO - T42 E1/50 | L: 0.45537787/0.37127922 | F1 M: 0.30018449 D: 0.14002257 | [S/N/B]: [0.0988/0.6205/0.1812] | LR: 0.00004242
2026-03-09 18:17:03,715 - INFO - T42 E2/50 | L: 0.44215589/0.36791252 | F1 M: 0.31722879 D: 0.15643234 | [S/N/B]: [0.2091/0.6388/0.1038] | LR: 0.00004229
2026-03-09 18:17:30,445 - INFO - T42 E3/50 | L: 0.44006082/0.36644123 | F1 M: 0.32573729 D: 0.16360928 | [S/N/B]: [0.2121/0.6500/0.1151] | LR: 0.00004208
2026-03-09 18:17:30,705 - INFO - Trial 42 pruned by Optuna at epoch 3
2026-03-09 18:17:30,880 - INFO - Trial 42 pruned. 
2026-03-09 18:17:32,895 - INFO - SequenceDataset: 191030/228254 valid sequences (Lookback protection active).
2026-03-09 18:17:32,896 - INFO - SequenceDataset: 81905/97838 valid sequences (Lookback protection active).
2026-03-09 18:17:33,221 - INFO - Trial 43 START | tcn=128, lstm=128, layers=5, batch=128, seq=48, drop=0.3180, lr=0.000028, wd=0.0014 | alpha=[2.25, 0.67, 2.25], gamma=1.95, smooth=0.05
2026-03-09 18:18:09,221 - INFO - T43 E1/50 | L: 0.44972634/0.37062996 | F1 M: 0.43687657 D: 0.19995195 | [S/N/B]: [0.1801/0.9107/0.2198] | LR: 0.00002805
2026-03-09 18:18:45,765 - INFO - T43 E2/50 | L: 0.43637361/0.36726865 | F1 M: 0.39257976 D: 0.13313932 | [S/N/B]: [0.0000/0.9115/0.2663] | LR: 0.00002797
2026-03-09 18:19:22,607 - INFO - T43 E3/50 | L: 0.43304642/0.36728112 | F1 M: 0.38762223 D: 0.13130467 | [S/N/B]: [0.0000/0.9003/0.2626] | LR: 0.00002783
2026-03-09 18:19:59,224 - INFO - T43 E4/50 | L: 0.43116592/0.36704951 | F1 M: 0.38988238 D: 0.13219088 | [S/N/B]: [0.0000/0.9053/0.2644] | LR: 0.00002764
2026-03-09 18:20:36,072 - INFO - T43 E5/50 | L: 0.42929570/0.36577153 | F1 M: 0.40855717 D: 0.15895471 | [S/N/B]: [0.0526/0.9078/0.2653] | LR: 0.00002739
2026-03-09 18:21:12,512 - INFO - T43 E6/50 | L: 0.42766407/0.36579480 | F1 M: 0.42388461 D: 0.18228797 | [S/N/B]: [0.1053/0.9071/0.2593] | LR: 0.00002710
2026-03-09 18:21:50,606 - INFO - T43 E7/50 | L: 0.42682559/0.36557156 | F1 M: 0.42839569 D: 0.19013708 | [S/N/B]: [0.1238/0.9049/0.2565] | LR: 0.00002675
2026-03-09 18:22:27,874 - INFO - T43 E8/50 | L: 0.42507161/0.36673708 | F1 M: 0.43457414 D: 0.20134894 | [S/N/B]: [0.1514/0.9010/0.2513] | LR: 0.00002635
2026-03-09 18:23:04,424 - INFO - T43 E9/50 | L: 0.42415723/0.36715798 | F1 M: 0.43602261 D: 0.20080697 | [S/N/B]: [0.1512/0.9065/0.2505] | LR: 0.00002590
2026-03-09 18:23:41,321 - INFO - T43 E10/50 | L: 0.42294669/0.37114128 | F1 M: 0.44138090 D: 0.20530877 | [S/N/B]: [0.1629/0.9135/0.2477] | LR: 0.00002540
2026-03-09 18:23:42,208 - INFO - Trial 43 stopped early due to patience (3 epochs without improvement)
2026-03-09 18:23:42,529 - INFO - Trial 43 finished with value: 0.44138089869057445 and parameters: {'tcn_channels': 128, 'lstm_hidden': 128, 'num_lstm_layers': 5, 'batch_size': 128, 'dropout': 0.3179805431907973, 'seq_len': 48, 'lr': 2.8082192826855465e-05, 'weight_decay': 0.0013620843747945194, 'base_alpha_side': 2.247483288221463, 'base_alpha_neutral': 0.6656094317859059, 'base_loss_gamma': 1.949820351075925, 'base_loss_smoothing': 0.054333569574293715}. Best is trial 24 with value: 0.4425566733327864.
2026-03-09 18:23:44,577 - INFO - SequenceDataset: 191030/228254 valid sequences (Lookback protection active).
2026-03-09 18:23:44,577 - INFO - SequenceDataset: 81905/97838 valid sequences (Lookback protection active).
2026-03-09 18:23:45,761 - INFO - Trial 44 START | tcn=512, lstm=128, layers=5, batch=128, seq=48, drop=0.3343, lr=0.000030, wd=0.0015 | alpha=[2.93, 0.66, 2.93], gamma=1.95, smooth=0.06
2026-03-09 18:24:22,401 - INFO - T44 E1/50 | L: 0.59913306/0.49943640 | F1 M: 0.42822202 D: 0.19311676 | [S/N/B]: [0.1323/0.8984/0.2539] | LR: 0.00002970
2026-03-09 18:25:00,008 - INFO - T44 E2/50 | L: 0.58378120/0.49802930 | F1 M: 0.43489338 D: 0.20639735 | [S/N/B]: [0.1830/0.8919/0.2297] | LR: 0.00002961
2026-03-09 18:25:37,192 - INFO - T44 E3/50 | L: 0.57726461/0.49960595 | F1 M: 0.42041041 D: 0.19063941 | [S/N/B]: [0.1211/0.8800/0.2602] | LR: 0.00002947
2026-03-09 18:26:15,467 - INFO - T44 E4/50 | L: 0.56946765/0.50442350 | F1 M: 0.43917575 D: 0.20967432 | [S/N/B]: [0.1634/0.8982/0.2559] | LR: 0.00002926
2026-03-09 18:26:51,936 - INFO - T44 E5/50 | L: 0.56166718/0.51594857 | F1 M: 0.43355564 D: 0.20087912 | [S/N/B]: [0.1555/0.8989/0.2462] | LR: 0.00002900
2026-03-09 18:26:52,029 - INFO - Trial 44 stopped early due to patience (3 epochs without improvement)
2026-03-09 18:26:52,285 - INFO - Trial 44 finished with value: 0.4391757516186998 and parameters: {'tcn_channels': 512, 'lstm_hidden': 128, 'num_lstm_layers': 5, 'batch_size': 128, 'dropout': 0.33433070620196514, 'seq_len': 48, 'lr': 2.9729361071504536e-05, 'weight_decay': 0.0015229534799811935, 'base_alpha_side': 2.930611514030196, 'base_alpha_neutral': 0.6646288846089413, 'base_loss_gamma': 1.949266239610488, 'base_loss_smoothing': 0.06304439828181672}. Best is trial 24 with value: 0.4425566733327864.
2026-03-09 18:26:53,727 - INFO - SequenceDataset: 191030/228254 valid sequences (Lookback protection active).
2026-03-09 18:26:53,728 - INFO - SequenceDataset: 81905/97838 valid sequences (Lookback protection active).
2026-03-09 18:26:54,562 - INFO - Trial 45 START | tcn=128, lstm=128, layers=6, batch=128, seq=48, drop=0.3621, lr=0.000027, wd=0.0022 | alpha=[2.25, 0.72, 2.25], gamma=2.44, smooth=0.06
2026-03-09 18:27:33,656 - INFO - T45 E1/50 | L: 0.42194543/0.34616406 | F1 M: 0.42931341 D: 0.19334546 | [S/N/B]: [0.1912/0.9012/0.1955] | LR: 0.00002698
2026-03-09 18:28:13,168 - INFO - T45 E2/50 | L: 0.40845274/0.34274618 | F1 M: 0.39341916 D: 0.13103869 | [S/N/B]: [0.0000/0.9182/0.2621] | LR: 0.00002691
2026-03-09 18:28:52,302 - INFO - T45 E3/50 | L: 0.40632766/0.34184400 | F1 M: 0.38730557 D: 0.12962160 | [S/N/B]: [0.0000/0.9027/0.2592] | LR: 0.00002677
2026-03-09 18:29:31,560 - INFO - T45 E4/50 | L: 0.40414633/0.34090990 | F1 M: 0.43582282 D: 0.20169901 | [S/N/B]: [0.1599/0.9041/0.2435] | LR: 0.00002659
2026-03-09 18:30:10,618 - INFO - T45 E5/50 | L: 0.40250309/0.34123133 | F1 M: 0.42206054 D: 0.17686991 | [S/N/B]: [0.0910/0.9124/0.2627] | LR: 0.00002635
2026-03-09 18:30:50,470 - INFO - T45 E6/50 | L: 0.40105244/0.33966888 | F1 M: 0.43869275 D: 0.20569761 | [S/N/B]: [0.1572/0.9047/0.2542] | LR: 0.00002606
2026-03-09 18:31:29,916 - INFO - T45 E7/50 | L: 0.39970021/0.34132303 | F1 M: 0.41982742 D: 0.17861331 | [S/N/B]: [0.0913/0.9023/0.2660] | LR: 0.00002573
2026-03-09 18:32:10,144 - INFO - T45 E8/50 | L: 0.39842146/0.33959095 | F1 M: 0.44369643 D: 0.21141715 | [S/N/B]: [0.1966/0.9083/0.2262] | LR: 0.00002534
2026-03-09 18:32:10,195 - INFO - 🥇 [MACRO]  Trial 45 | Global F1 Macro record: 0.44369643 (prev: 0.44255667) → saved best_tcn_lstm.pt
2026-03-09 18:32:50,320 - INFO - T45 E9/50 | L: 0.39711825/0.33976696 | F1 M: 0.44152825 D: 0.20786448 | [S/N/B]: [0.1704/0.9089/0.2453] | LR: 0.00002491
2026-03-09 18:33:31,072 - INFO - T45 E10/50 | L: 0.39591704/0.34036527 | F1 M: 0.43896359 D: 0.21023706 | [S/N/B]: [0.1812/0.8964/0.2393] | LR: 0.00002443
2026-03-09 18:34:10,174 - INFO - T45 E11/50 | L: 0.39521129/0.34067503 | F1 M: 0.44060020 D: 0.20961609 | [S/N/B]: [0.1739/0.9026/0.2453] | LR: 0.00002391
2026-03-09 18:34:10,326 - INFO - Trial 45 stopped early due to patience (3 epochs without improvement)
2026-03-09 18:34:11,494 - INFO - Trial 45 finished with value: 0.4436964344240924 and parameters: {'tcn_channels': 128, 'lstm_hidden': 128, 'num_lstm_layers': 6, 'batch_size': 128, 'dropout': 0.36210800847476415, 'seq_len': 48, 'lr': 2.7011571858928645e-05, 'weight_decay': 0.002194388943267519, 'base_alpha_side': 2.2472222891315927, 'base_alpha_neutral': 0.718904300546923, 'base_loss_gamma': 2.438310700052822, 'base_loss_smoothing': 0.05567700970491013}. Best is trial 45 with value: 0.4436964344240924.
2026-03-09 18:34:14,357 - INFO - SequenceDataset: 191030/228254 valid sequences (Lookback protection active).
2026-03-09 18:34:14,358 - INFO - SequenceDataset: 81905/97838 valid sequences (Lookback protection active).
2026-03-09 18:34:15,191 - INFO - Trial 46 START | tcn=256, lstm=32, layers=4, batch=128, seq=48, drop=0.3111, lr=0.000027, wd=0.0022 | alpha=[2.24, 0.49, 2.24], gamma=2.70, smooth=0.05
2026-03-09 18:34:48,785 - INFO - T46 E1/50 | L: 0.32063662/0.25741548 | F1 M: 0.30199241 D: 0.09122994 | [S/N/B]: [0.0000/0.7235/0.1825] | LR: 0.00002691
2026-03-09 18:35:23,482 - INFO - T46 E2/50 | L: 0.30501678/0.25370794 | F1 M: 0.31890687 D: 0.09730950 | [S/N/B]: [0.0000/0.7621/0.1946] | LR: 0.00002683
2026-03-09 18:35:57,714 - INFO - T46 E3/50 | L: 0.30215181/0.25330216 | F1 M: 0.38357775 D: 0.19479577 | [S/N/B]: [0.2290/0.7611/0.1606] | LR: 0.00002670
2026-03-09 18:35:58,502 - INFO - Trial 46 pruned by Optuna at epoch 3
2026-03-09 18:35:59,213 - INFO - Trial 46 pruned. 
2026-03-09 18:36:01,514 - INFO - SequenceDataset: 191030/228254 valid sequences (Lookback protection active).
2026-03-09 18:36:01,515 - INFO - SequenceDataset: 81905/97838 valid sequences (Lookback protection active).
2026-03-09 18:36:01,981 - INFO - Trial 47 START | tcn=128, lstm=128, layers=6, batch=128, seq=48, drop=0.4661, lr=0.000035, wd=0.0030 | alpha=[1.86, 0.71, 1.86], gamma=2.53, smooth=0.06
2026-03-09 18:36:41,459 - INFO - T47 E1/50 | L: 0.32170527/0.26637816 | F1 M: 0.39014345 D: 0.12880166 | [S/N/B]: [0.0000/0.9128/0.2576] | LR: 0.00003478
2026-03-09 18:37:19,049 - INFO - T47 E2/50 | L: 0.31263284/0.26293300 | F1 M: 0.39038257 D: 0.13084278 | [S/N/B]: [0.0000/0.9095/0.2617] | LR: 0.00003468
2026-03-09 18:37:58,317 - INFO - T47 E3/50 | L: 0.31030139/0.26137001 | F1 M: 0.39477857 D: 0.13449588 | [S/N/B]: [0.0000/0.9153/0.2690] | LR: 0.00003451
2026-03-09 18:38:37,841 - INFO - T47 E4/50 | L: 0.30877150/0.26151249 | F1 M: 0.39959009 D: 0.14007639 | [S/N/B]: [0.0065/0.9186/0.2736] | LR: 0.00003427
2026-03-09 18:38:38,466 - INFO - Trial 47 pruned by Optuna at epoch 4
2026-03-09 18:38:38,631 - INFO - Trial 47 pruned. 
2026-03-09 18:38:40,029 - INFO - SequenceDataset: 191030/228254 valid sequences (Lookback protection active).
2026-03-09 18:38:40,030 - INFO - SequenceDataset: 81905/97838 valid sequences (Lookback protection active).
2026-03-09 18:38:40,898 - INFO - Trial 48 START | tcn=256, lstm=128, layers=5, batch=512, seq=48, drop=0.4044, lr=0.000081, wd=0.0037 | alpha=[2.33, 0.21, 2.33], gamma=2.63, smooth=0.15
2026-03-09 18:38:52,754 - INFO - T48 E1/50 | L: 0.23657950/0.18763330 | F1 M: 0.06907469 D: 0.10361203 | [S/N/B]: [0.0327/0.0000/0.1746] | LR: 0.00008065
2026-03-09 18:39:05,791 - INFO - T48 E2/50 | L: 0.22218452/0.18642435 | F1 M: 0.07628079 D: 0.09243871 | [S/N/B]: [0.0251/0.0440/0.1597] | LR: 0.00008041
2026-03-09 18:39:18,684 - INFO - T48 E3/50 | L: 0.22092965/0.18600874 | F1 M: 0.10218367 D: 0.07060752 | [S/N/B]: [0.1191/0.1653/0.0221] | LR: 0.00008002
2026-03-09 18:39:18,872 - INFO - Trial 48 pruned by Optuna at epoch 3
2026-03-09 18:39:19,030 - INFO - Trial 48 pruned. 
2026-03-09 18:39:20,608 - INFO - SequenceDataset: 191030/228254 valid sequences (Lookback protection active).
2026-03-09 18:39:20,609 - INFO - SequenceDataset: 81905/97838 valid sequences (Lookback protection active).
2026-03-09 18:39:20,926 - INFO - Trial 49 START | tcn=128, lstm=64, layers=3, batch=128, seq=48, drop=0.4953, lr=0.000024, wd=0.0011 | alpha=[2.03, 0.80, 2.03], gamma=2.37, smooth=0.07
2026-03-09 18:39:52,603 - INFO - T49 E1/50 | L: 0.41692019/0.33576440 | F1 M: 0.39357997 D: 0.13119534 | [S/N/B]: [0.0000/0.9183/0.2624] | LR: 0.00002433
2026-03-09 18:40:23,719 - INFO - T49 E2/50 | L: 0.39789641/0.33285680 | F1 M: 0.39560461 D: 0.13164314 | [S/N/B]: [0.0000/0.9235/0.2633] | LR: 0.00002426
2026-03-09 18:40:55,871 - INFO - T49 E3/50 | L: 0.39513317/0.33229273 | F1 M: 0.39726445 D: 0.13553442 | [S/N/B]: [0.0037/0.9207/0.2674] | LR: 0.00002414
2026-03-09 18:41:29,121 - INFO - T49 E4/50 | L: 0.39346163/0.33103041 | F1 M: 0.39975313 D: 0.13727223 | [S/N/B]: [0.0097/0.9247/0.2649] | LR: 0.00002397
2026-03-09 18:41:29,660 - INFO - Trial 49 pruned by Optuna at epoch 4
2026-03-09 18:41:29,989 - INFO - Trial 49 pruned. 
2026-03-09 18:41:33,021 - INFO - SequenceDataset: 191030/228254 valid sequences (Lookback protection active).
2026-03-09 18:41:33,022 - INFO - SequenceDataset: 81905/97838 valid sequences (Lookback protection active).
2026-03-09 18:41:33,609 - INFO - Trial 50 START | tcn=64, lstm=32, layers=4, batch=128, seq=48, drop=0.5867, lr=0.000028, wd=0.0022 | alpha=[2.61, 0.55, 2.61], gamma=2.88, smooth=0.09
2026-03-09 18:42:08,182 - INFO - T50 E1/50 | L: 0.43386478/0.35023374 | F1 M: 0.38397415 D: 0.18397800 | [S/N/B]: [0.1194/0.7840/0.2485] | LR: 0.00002763
2026-03-09 18:42:43,223 - INFO - T50 E2/50 | L: 0.41094816/0.34119694 | F1 M: 0.39816245 D: 0.18791718 | [S/N/B]: [0.1808/0.8187/0.1951] | LR: 0.00002755
2026-03-09 18:43:17,866 - INFO - T50 E3/50 | L: 0.40640344/0.33849442 | F1 M: 0.39861734 D: 0.19380546 | [S/N/B]: [0.1536/0.8082/0.2340] | LR: 0.00002741
2026-03-09 18:43:52,495 - INFO - T50 E4/50 | L: 0.40449878/0.33762972 | F1 M: 0.38618520 D: 0.18706609 | [S/N/B]: [0.1454/0.7844/0.2287] | LR: 0.00002722
2026-03-09 18:43:52,683 - INFO - Trial 50 pruned by Optuna at epoch 4
2026-03-09 18:43:52,848 - INFO - Trial 50 pruned. 
2026-03-09 18:43:53,749 - INFO - SequenceDataset: 191030/228254 valid sequences (Lookback protection active).
2026-03-09 18:43:53,750 - INFO - SequenceDataset: 81905/97838 valid sequences (Lookback protection active).
2026-03-09 18:43:54,694 - INFO - Trial 51 START | tcn=128, lstm=128, layers=6, batch=128, seq=48, drop=0.3516, lr=0.000036, wd=0.0015 | alpha=[2.83, 0.76, 2.83], gamma=2.00, smooth=0.06
2026-03-09 18:44:34,382 - INFO - T51 E1/50 | L: 0.61082356/0.50784616 | F1 M: 0.38438541 D: 0.12594376 | [S/N/B]: [0.0000/0.9013/0.2519] | LR: 0.00003616
2026-03-09 18:45:15,015 - INFO - T51 E2/50 | L: 0.59456897/0.50132852 | F1 M: 0.38769308 D: 0.12968077 | [S/N/B]: [0.0000/0.9037/0.2594] | LR: 0.00003605
2026-03-09 18:45:54,499 - INFO - T51 E3/50 | L: 0.59042939/0.49816345 | F1 M: 0.39338633 D: 0.13332507 | [S/N/B]: [0.0000/0.9135/0.2667] | LR: 0.00003587
2026-03-09 18:46:35,469 - INFO - T51 E4/50 | L: 0.58747985/0.49786759 | F1 M: 0.39641688 D: 0.13442419 | [S/N/B]: [0.0000/0.9204/0.2688] | LR: 0.00003562
2026-03-09 18:46:36,717 - INFO - Trial 51 pruned by Optuna at epoch 4
2026-03-09 18:46:37,029 - INFO - Trial 51 pruned. 
2026-03-09 18:46:39,459 - INFO - SequenceDataset: 191030/228254 valid sequences (Lookback protection active).
2026-03-09 18:46:39,459 - INFO - SequenceDataset: 81905/97838 valid sequences (Lookback protection active).
2026-03-09 18:46:40,804 - INFO - Trial 52 START | tcn=128, lstm=128, layers=6, batch=128, seq=48, drop=0.3698, lr=0.000032, wd=0.0017 | alpha=[3.07, 0.67, 3.07], gamma=2.08, smooth=0.05
2026-03-09 18:47:19,391 - INFO - T52 E1/50 | L: 0.60604294/0.50005078 | F1 M: 0.37165361 D: 0.12070211 | [S/N/B]: [0.0000/0.8736/0.2414] | LR: 0.00003169
2026-03-09 18:47:59,568 - INFO - T52 E2/50 | L: 0.59066996/0.49662993 | F1 M: 0.36756339 D: 0.11906744 | [S/N/B]: [0.0000/0.8646/0.2381] | LR: 0.00003160
2026-03-09 18:48:39,925 - INFO - T52 E3/50 | L: 0.58752097/0.49307968 | F1 M: 0.42089204 D: 0.18832989 | [S/N/B]: [0.1382/0.8860/0.2385] | LR: 0.00003144
2026-03-09 18:49:20,152 - INFO - T52 E4/50 | L: 0.58496641/0.49228884 | F1 M: 0.42513134 D: 0.19919414 | [S/N/B]: [0.1833/0.8770/0.2151] | LR: 0.00003122
2026-03-09 18:49:57,968 - INFO - T52 E5/50 | L: 0.58323657/0.49108428 | F1 M: 0.38759440 D: 0.13145928 | [S/N/B]: [0.0000/0.8999/0.2629] | LR: 0.00003095
2026-03-09 18:50:37,046 - INFO - T52 E6/50 | L: 0.58085435/0.49120745 | F1 M: 0.39715148 D: 0.15091464 | [S/N/B]: [0.0447/0.8896/0.2571] | LR: 0.00003061
2026-03-09 18:51:16,607 - INFO - T52 E7/50 | L: 0.57859031/0.49041191 | F1 M: 0.42089395 D: 0.18856282 | [S/N/B]: [0.1322/0.8856/0.2449] | LR: 0.00003021
2026-03-09 18:51:56,523 - INFO - T52 E8/50 | L: 0.57717143/0.49042916 | F1 M: 0.42791058 D: 0.20040124 | [S/N/B]: [0.1726/0.8829/0.2282] | LR: 0.00002976
2026-03-09 18:52:36,353 - INFO - T52 E9/50 | L: 0.57627806/0.49143752 | F1 M: 0.42842650 D: 0.19826242 | [S/N/B]: [0.1525/0.8888/0.2440] | LR: 0.00002925
2026-03-09 18:53:15,047 - INFO - T52 E10/50 | L: 0.57455743/0.49098507 | F1 M: 0.43490365 D: 0.20760399 | [S/N/B]: [0.2006/0.8895/0.2147] | LR: 0.00002869
2026-03-09 18:53:15,237 - INFO - Trial 52 stopped early due to patience (3 epochs without improvement)
2026-03-09 18:53:15,437 - INFO - Trial 52 finished with value: 0.4349036453250837 and parameters: {'tcn_channels': 128, 'lstm_hidden': 128, 'num_lstm_layers': 6, 'batch_size': 128, 'dropout': 0.3698065766298348, 'seq_len': 48, 'lr': 3.1722827661741876e-05, 'weight_decay': 0.0016773114678620498, 'base_alpha_side': 3.066141946107129, 'base_alpha_neutral': 0.6718982060494025, 'base_loss_gamma': 2.078113206909617, 'base_loss_smoothing': 0.04549191317381213}. Best is trial 45 with value: 0.4436964344240924.
2026-03-09 18:53:16,984 - INFO - SequenceDataset: 152966/228206 valid sequences (Lookback protection active).
2026-03-09 18:53:16,984 - INFO - SequenceDataset: 65585/97790 valid sequences (Lookback protection active).
2026-03-09 18:53:17,999 - INFO - Trial 53 START | tcn=128, lstm=128, layers=6, batch=128, seq=96, drop=0.3291, lr=0.000065, wd=0.0013 | alpha=[1.75, 0.72, 1.75], gamma=2.14, smooth=0.03
2026-03-09 18:53:50,025 - INFO - T53 E1/50 | L: 0.35198402/0.29105390 | F1 M: 0.38854634 D: 0.13365271 | [S/N/B]: [0.0009/0.8983/0.2664] | LR: 0.00006447
2026-03-09 18:54:22,947 - INFO - T53 E2/50 | L: 0.34215230/0.28642689 | F1 M: 0.39383990 D: 0.13756538 | [S/N/B]: [0.0000/0.9064/0.2751] | LR: 0.00006428
2026-03-09 18:54:55,988 - INFO - T53 E3/50 | L: 0.33927437/0.28671836 | F1 M: 0.39294199 D: 0.13812677 | [S/N/B]: [0.0000/0.9026/0.2763] | LR: 0.00006396
2026-03-09 18:55:29,329 - INFO - T53 E4/50 | L: 0.33689781/0.28608963 | F1 M: 0.44484114 D: 0.21637393 | [S/N/B]: [0.1878/0.9018/0.2449] | LR: 0.00006352
2026-03-09 18:55:29,800 - INFO - 🥇 [MACRO]  Trial 53 | Global F1 Macro record: 0.44484114 (prev: 0.44369643) → saved best_tcn_lstm.pt
2026-03-09 18:56:01,326 - INFO - T53 E5/50 | L: 0.33522618/0.28400186 | F1 M: 0.43208315 D: 0.19122509 | [S/N/B]: [0.1277/0.9138/0.2547] | LR: 0.00006296
2026-03-09 18:56:34,470 - INFO - T53 E6/50 | L: 0.33339138/0.28490289 | F1 M: 0.43979820 D: 0.20040862 | [S/N/B]: [0.2066/0.9186/0.1943] | LR: 0.00006227
2026-03-09 18:57:07,738 - INFO - T53 E7/50 | L: 0.33140185/0.28838773 | F1 M: 0.43249459 D: 0.19022293 | [S/N/B]: [0.2312/0.9170/0.1492] | LR: 0.00006146
2026-03-09 18:57:40,693 - INFO - T53 E8/50 | L: 0.32945180/0.28761866 | F1 M: 0.44022123 D: 0.21080725 | [S/N/B]: [0.2048/0.8990/0.2168] | LR: 0.00006054
2026-03-09 18:57:40,854 - INFO - Trial 53 stopped early due to patience (3 epochs without improvement)
2026-03-09 18:57:41,322 - INFO - Trial 53 finished with value: 0.44484114413196946 and parameters: {'tcn_channels': 128, 'lstm_hidden': 128, 'num_lstm_layers': 6, 'batch_size': 128, 'dropout': 0.3290532524309458, 'seq_len': 96, 'lr': 6.453579036008926e-05, 'weight_decay': 0.001296502273538083, 'base_alpha_side': 1.754628693808551, 'base_alpha_neutral': 0.721013474888085, 'base_loss_gamma': 2.1403166465155286, 'base_loss_smoothing': 0.02687144225300125}. Best is trial 53 with value: 0.44484114413196946.
2026-03-09 18:57:43,801 - INFO - SequenceDataset: 152966/228206 valid sequences (Lookback protection active).
2026-03-09 18:57:43,802 - INFO - SequenceDataset: 65585/97790 valid sequences (Lookback protection active).
2026-03-09 18:57:44,864 - INFO - Trial 54 START | tcn=128, lstm=128, layers=5, batch=256, seq=96, drop=0.3294, lr=0.000064, wd=0.0010 | alpha=[1.79, 0.64, 1.79], gamma=2.38, smooth=0.02
2026-03-09 18:58:01,664 - INFO - T54 E1/50 | L: 0.31158747/0.25437724 | F1 M: 0.37910634 D: 0.13002108 | [S/N/B]: [0.0000/0.8773/0.2600] | LR: 0.00006408
2026-03-09 18:58:19,007 - INFO - T54 E2/50 | L: 0.30172369/0.25200345 | F1 M: 0.38035735 D: 0.13185351 | [S/N/B]: [0.0000/0.8774/0.2637] | LR: 0.00006389
2026-03-09 18:58:36,130 - INFO - T54 E3/50 | L: 0.29985157/0.25058280 | F1 M: 0.42640389 D: 0.19371622 | [S/N/B]: [0.1224/0.8918/0.2651] | LR: 0.00006357
2026-03-09 18:58:53,007 - INFO - T54 E4/50 | L: 0.29813967/0.25218484 | F1 M: 0.41218776 D: 0.18672953 | [S/N/B]: [0.1251/0.8631/0.2483] | LR: 0.00006313
2026-03-09 18:59:10,242 - INFO - T54 E5/50 | L: 0.29685884/0.25046973 | F1 M: 0.43826134 D: 0.21300235 | [S/N/B]: [0.1791/0.8888/0.2470] | LR: 0.00006257
2026-03-09 18:59:27,300 - INFO - T54 E6/50 | L: 0.29523273/0.25144291 | F1 M: 0.43378427 D: 0.20519943 | [S/N/B]: [0.1482/0.8910/0.2622] | LR: 0.00006189
2026-03-09 18:59:44,243 - INFO - T54 E7/50 | L: 0.29402213/0.25210016 | F1 M: 0.43571617 D: 0.20871760 | [S/N/B]: [0.1622/0.8897/0.2553] | LR: 0.00006109
2026-03-09 19:00:00,980 - INFO - T54 E8/50 | L: 0.29299588/0.25365903 | F1 M: 0.43634431 D: 0.20742159 | [S/N/B]: [0.2277/0.8942/0.1872] | LR: 0.00006017
2026-03-09 19:00:01,111 - INFO - Trial 54 stopped early due to patience (3 epochs without improvement)
2026-03-09 19:00:01,509 - INFO - Trial 54 finished with value: 0.43826134422766594 and parameters: {'tcn_channels': 128, 'lstm_hidden': 128, 'num_lstm_layers': 5, 'batch_size': 256, 'dropout': 0.329359136299149, 'seq_len': 96, 'lr': 6.41400312895946e-05, 'weight_decay': 0.0010402493749971202, 'base_alpha_side': 1.787981480300183, 'base_alpha_neutral': 0.635665504914135, 'base_loss_gamma': 2.3832988267168416, 'base_loss_smoothing': 0.024050956523811534}. Best is trial 53 with value: 0.44484114413196946.
2026-03-09 19:00:03,863 - INFO - SequenceDataset: 191030/228254 valid sequences (Lookback protection active).
2026-03-09 19:00:03,864 - INFO - SequenceDataset: 81905/97838 valid sequences (Lookback protection active).
2026-03-09 19:00:04,826 - INFO - Trial 55 START | tcn=128, lstm=128, layers=7, batch=128, seq=48, drop=0.3468, lr=0.000056, wd=0.0013 | alpha=[1.50, 0.71, 1.50], gamma=1.12, smooth=0.02
2026-03-09 19:00:47,193 - INFO - T55 E1/50 | L: 0.37562803/0.30708372 | F1 M: 0.38514266 D: 0.11093367 | [S/N/B]: [0.0000/0.9336/0.2219] | LR: 0.00005600
2026-03-09 19:01:29,508 - INFO - T55 E2/50 | L: 0.36084435/0.30197568 | F1 M: 0.38396390 D: 0.10774648 | [S/N/B]: [0.0000/0.9364/0.2155] | LR: 0.00005584
2026-03-09 19:02:11,956 - INFO - T55 E3/50 | L: 0.35719337/0.29988204 | F1 M: 0.38721335 D: 0.11264595 | [S/N/B]: [0.0017/0.9363/0.2236] | LR: 0.00005556
2026-03-09 19:02:12,279 - INFO - Trial 55 pruned by Optuna at epoch 3
2026-03-09 19:02:12,493 - INFO - Trial 55 pruned. 
2026-03-09 19:02:14,444 - INFO - SequenceDataset: 210062/228278 valid sequences (Lookback protection active).
2026-03-09 19:02:14,445 - INFO - SequenceDataset: 90065/97862 valid sequences (Lookback protection active).
2026-03-09 19:02:15,269 - INFO - Trial 56 START | tcn=128, lstm=128, layers=6, batch=128, seq=24, drop=0.3155, lr=0.000019, wd=0.0006 | alpha=[2.13, 0.70, 2.13], gamma=2.17, smooth=0.01
2026-03-09 19:02:57,580 - INFO - T56 E1/50 | L: 0.39347108/0.31959248 | F1 M: 0.38092728 D: 0.12180458 | [S/N/B]: [0.2436/0.8992/0.0000] | LR: 0.00001862
2026-03-09 19:03:41,883 - INFO - T56 E2/50 | L: 0.37678292/0.31557703 | F1 M: 0.43239350 D: 0.19273662 | [S/N/B]: [0.1571/0.9117/0.2284] | LR: 0.00001857
2026-03-09 19:04:24,877 - INFO - T56 E3/50 | L: 0.37432008/0.31420920 | F1 M: 0.43479350 D: 0.19687805 | [S/N/B]: [0.1728/0.9106/0.2210] | LR: 0.00001847
2026-03-09 19:05:07,994 - INFO - T56 E4/50 | L: 0.37244631/0.31278510 | F1 M: 0.43341758 D: 0.19190509 | [S/N/B]: [0.1476/0.9164/0.2362] | LR: 0.00001835
2026-03-09 19:05:50,584 - INFO - T56 E5/50 | L: 0.37125013/0.31208747 | F1 M: 0.43531245 D: 0.19487098 | [S/N/B]: [0.1784/0.9162/0.2114] | LR: 0.00001818
2026-03-09 19:06:30,052 - INFO - T56 E6/50 | L: 0.36981276/0.31216832 | F1 M: 0.43085290 D: 0.19066206 | [S/N/B]: [0.1333/0.9112/0.2480] | LR: 0.00001798
2026-03-09 19:07:12,866 - INFO - T56 E7/50 | L: 0.36846402/0.31195925 | F1 M: 0.43059831 D: 0.19055522 | [S/N/B]: [0.1314/0.9107/0.2497] | LR: 0.00001775
2026-03-09 19:07:55,875 - INFO - T56 E8/50 | L: 0.36765038/0.31266677 | F1 M: 0.43734991 D: 0.19899583 | [S/N/B]: [0.1637/0.9141/0.2343] | LR: 0.00001749
2026-03-09 19:08:38,716 - INFO - T56 E9/50 | L: 0.36675454/0.31388084 | F1 M: 0.43323994 D: 0.18940559 | [S/N/B]: [0.1409/0.9209/0.2379] | LR: 0.00001719
2026-03-09 19:09:21,440 - INFO - T56 E10/50 | L: 0.36573080/0.31214203 | F1 M: 0.43868858 D: 0.20089073 | [S/N/B]: [0.1847/0.9143/0.2171] | LR: 0.00001686
2026-03-09 19:09:21,669 - INFO - Trial 56 stopped early due to patience (3 epochs without improvement)
2026-03-09 19:09:21,862 - INFO - Trial 56 finished with value: 0.4386885761636174 and parameters: {'tcn_channels': 128, 'lstm_hidden': 128, 'num_lstm_layers': 6, 'batch_size': 128, 'dropout': 0.3155170556320349, 'seq_len': 24, 'lr': 1.8638811128233516e-05, 'weight_decay': 0.0006146043199561139, 'base_alpha_side': 2.134433528381167, 'base_alpha_neutral': 0.697044413912504, 'base_loss_gamma': 2.1658682622891456, 'base_loss_smoothing': 0.010573337593041479}. Best is trial 53 with value: 0.44484114413196946.
2026-03-09 19:09:23,194 - INFO - SequenceDataset: 152966/228206 valid sequences (Lookback protection active).
2026-03-09 19:09:23,195 - INFO - SequenceDataset: 65585/97790 valid sequences (Lookback protection active).
2026-03-09 19:09:23,948 - INFO - Trial 57 START | tcn=128, lstm=128, layers=5, batch=128, seq=96, drop=0.3000, lr=0.000079, wd=0.0010 | alpha=[1.70, 0.11, 1.70], gamma=2.53, smooth=0.08
2026-03-09 19:09:53,902 - INFO - T57 E1/50 | L: 0.10863279/0.08127915 | F1 M: 0.09799864 D: 0.14699796 | [S/N/B]: [0.2319/0.0000/0.0621] | LR: 0.00007843
2026-03-09 19:10:24,533 - INFO - T57 E2/50 | L: 0.10125543/0.08125436 | F1 M: 0.04025515 D: 0.06038272 | [S/N/B]: [0.0005/0.0000/0.1203] | LR: 0.00007820
2026-03-09 19:10:54,142 - INFO - T57 E3/50 | L: 0.10037132/0.08113366 | F1 M: 0.08618584 D: 0.12927875 | [S/N/B]: [0.2004/0.0000/0.0582] | LR: 0.00007782
2026-03-09 19:10:54,398 - INFO - Trial 57 pruned by Optuna at epoch 3
2026-03-09 19:10:54,718 - INFO - Trial 57 pruned. 
2026-03-09 19:10:57,208 - INFO - SequenceDataset: 152966/228206 valid sequences (Lookback protection active).
2026-03-09 19:10:57,209 - INFO - SequenceDataset: 65585/97790 valid sequences (Lookback protection active).
2026-03-09 19:10:57,665 - INFO - Trial 58 START | tcn=512, lstm=128, layers=6, batch=256, seq=96, drop=0.5657, lr=0.000051, wd=0.0021 | alpha=[2.47, 0.77, 2.47], gamma=2.15, smooth=0.04
2026-03-09 19:11:34,108 - INFO - T58 E1/50 | L: 0.55585311/0.45247125 | F1 M: 0.38811536 D: 0.13184303 | [S/N/B]: [0.0000/0.9007/0.2637] | LR: 0.00005119
2026-03-09 19:12:11,562 - INFO - T58 E2/50 | L: 0.53567399/0.45244190 | F1 M: 0.38270570 D: 0.13129027 | [S/N/B]: [0.0000/0.8855/0.2626] | LR: 0.00005104
2026-03-09 19:12:48,111 - INFO - T58 E3/50 | L: 0.53160977/0.45018359 | F1 M: 0.39094195 D: 0.13649654 | [S/N/B]: [0.0000/0.8998/0.2730] | LR: 0.00005078
2026-03-09 19:13:25,740 - INFO - T58 E4/50 | L: 0.52789512/0.44908860 | F1 M: 0.39992273 D: 0.14955451 | [S/N/B]: [0.0255/0.9007/0.2736] | LR: 0.00005043
2026-03-09 19:13:26,126 - INFO - Trial 58 pruned by Optuna at epoch 4
2026-03-09 19:13:26,368 - INFO - Trial 58 pruned. 
2026-03-09 19:13:29,310 - INFO - SequenceDataset: 191030/228254 valid sequences (Lookback protection active).
2026-03-09 19:13:29,311 - INFO - SequenceDataset: 81905/97838 valid sequences (Lookback protection active).
2026-03-09 19:13:29,815 - INFO - Trial 59 START | tcn=128, lstm=128, layers=6, batch=128, seq=48, drop=0.3210, lr=0.000091, wd=0.0008 | alpha=[2.10, 0.29, 2.10], gamma=1.42, smooth=0.03
2026-03-09 19:14:09,405 - INFO - T59 E1/50 | L: 0.30519188/0.25227752 | F1 M: 0.33207024 D: 0.15731126 | [S/N/B]: [0.2328/0.6816/0.0818] | LR: 0.00009071
2026-03-09 19:14:48,992 - INFO - T59 E2/50 | L: 0.29812146/0.25223355 | F1 M: 0.30737916 D: 0.14572443 | [S/N/B]: [0.1262/0.6307/0.1653] | LR: 0.00009044
2026-03-09 19:15:28,363 - INFO - T59 E3/50 | L: 0.29615350/0.25093769 | F1 M: 0.33025373 D: 0.15487500 | [S/N/B]: [0.1454/0.6810/0.1644] | LR: 0.00008999
2026-03-09 19:15:29,206 - INFO - Trial 59 pruned by Optuna at epoch 3
2026-03-09 19:15:29,440 - INFO - Trial 59 pruned. 
2026-03-09 19:15:31,909 - INFO - SequenceDataset: 210062/228278 valid sequences (Lookback protection active).
2026-03-09 19:15:31,910 - INFO - SequenceDataset: 90065/97862 valid sequences (Lookback protection active).
2026-03-09 19:15:32,341 - INFO - Trial 60 START | tcn=128, lstm=128, layers=5, batch=128, seq=24, drop=0.4516, lr=0.000046, wd=0.0028 | alpha=[2.30, 0.60, 2.30], gamma=1.01, smooth=0.02
2026-03-09 19:16:13,271 - INFO - T60 E1/50 | L: 0.51878855/0.42945629 | F1 M: 0.43941902 D: 0.20081365 | [S/N/B]: [0.1791/0.9166/0.2225] | LR: 0.00004581
2026-03-09 19:16:53,265 - INFO - T60 E2/50 | L: 0.50451399/0.42620460 | F1 M: 0.39553837 D: 0.13271801 | [S/N/B]: [0.0000/0.9212/0.2654] | LR: 0.00004567
2026-03-09 19:17:33,447 - INFO - T60 E3/50 | L: 0.50079142/0.42501420 | F1 M: 0.39779532 D: 0.13514392 | [S/N/B]: [0.0000/0.9231/0.2703] | LR: 0.00004545
2026-03-09 19:18:13,559 - INFO - T60 E4/50 | L: 0.49860536/0.42505681 | F1 M: 0.41082067 D: 0.15800186 | [S/N/B]: [0.0487/0.9165/0.2673] | LR: 0.00004513
2026-03-09 19:18:53,129 - INFO - T60 E5/50 | L: 0.49658454/0.42434586 | F1 M: 0.40887775 D: 0.15269378 | [S/N/B]: [0.0387/0.9212/0.2667] | LR: 0.00004473
2026-03-09 19:19:33,238 - INFO - T60 E6/50 | L: 0.49506300/0.42581083 | F1 M: 0.42509847 D: 0.17846306 | [S/N/B]: [0.0930/0.9184/0.2639] | LR: 0.00004424
2026-03-09 19:20:12,757 - INFO - T60 E7/50 | L: 0.49412243/0.42473774 | F1 M: 0.42464935 D: 0.17630616 | [S/N/B]: [0.0973/0.9213/0.2554] | LR: 0.00004367
2026-03-09 19:20:53,715 - INFO - T60 E8/50 | L: 0.49298704/0.42480162 | F1 M: 0.42430479 D: 0.17784575 | [S/N/B]: [0.0965/0.9172/0.2592] | LR: 0.00004302
2026-03-09 19:20:54,199 - INFO - Trial 60 stopped early due to patience (3 epochs without improvement)
2026-03-09 19:20:54,531 - INFO - Trial 60 finished with value: 0.4394190233528707 and parameters: {'tcn_channels': 128, 'lstm_hidden': 128, 'num_lstm_layers': 5, 'batch_size': 128, 'dropout': 0.4516486692425719, 'seq_len': 24, 'lr': 4.585281964906093e-05, 'weight_decay': 0.0028185708891760707, 'base_alpha_side': 2.2954343656736658, 'base_alpha_neutral': 0.6030658059130698, 'base_loss_gamma': 1.0132595080119782, 'base_loss_smoothing': 0.01885796672528321}. Best is trial 53 with value: 0.44484114413196946.
2026-03-09 19:20:56,780 - INFO - SequenceDataset: 152966/228206 valid sequences (Lookback protection active).
2026-03-09 19:20:56,780 - INFO - SequenceDataset: 65585/97790 valid sequences (Lookback protection active).
2026-03-09 19:20:58,103 - INFO - Trial 61 START | tcn=128, lstm=128, layers=6, batch=128, seq=96, drop=0.3621, lr=0.000060, wd=0.0013 | alpha=[3.46, 0.73, 3.46], gamma=1.79, smooth=0.04
2026-03-09 19:21:30,344 - INFO - T61 E1/50 | L: 0.80365372/0.65821348 | F1 M: 0.41694978 D: 0.17998969 | [S/N/B]: [0.2329/0.8909/0.1271] | LR: 0.00005998
2026-03-09 19:22:03,597 - INFO - T61 E2/50 | L: 0.78384210/0.65384207 | F1 M: 0.43678008 D: 0.20872524 | [S/N/B]: [0.1870/0.8929/0.2305] | LR: 0.00005981
2026-03-09 19:22:36,329 - INFO - T61 E3/50 | L: 0.77866238/0.65599254 | F1 M: 0.41633465 D: 0.19236541 | [S/N/B]: [0.2271/0.8643/0.1577] | LR: 0.00005951
2026-03-09 19:23:09,185 - INFO - T61 E4/50 | L: 0.77425069/0.65211921 | F1 M: 0.43313175 D: 0.21237491 | [S/N/B]: [0.1677/0.8746/0.2570] | LR: 0.00005910
2026-03-09 19:23:41,683 - INFO - T61 E5/50 | L: 0.77118311/0.65011114 | F1 M: 0.43925941 D: 0.21339355 | [S/N/B]: [0.1910/0.8910/0.2358] | LR: 0.00005857
2026-03-09 19:24:16,182 - INFO - T61 E6/50 | L: 0.76785729/0.65011563 | F1 M: 0.44016927 D: 0.21560776 | [S/N/B]: [0.2137/0.8893/0.2175] | LR: 0.00005794
2026-03-09 19:24:49,367 - INFO - T61 E7/50 | L: 0.76430921/0.66147843 | F1 M: 0.44176874 D: 0.21083564 | [S/N/B]: [0.1913/0.9036/0.2304] | LR: 0.00005719
2026-03-09 19:25:22,730 - INFO - T61 E8/50 | L: 0.76207038/0.65333679 | F1 M: 0.42908031 D: 0.20874187 | [S/N/B]: [0.2049/0.8698/0.2126] | LR: 0.00005633
2026-03-09 19:25:22,893 - INFO - Trial 61 stopped early due to patience (3 epochs without improvement)
2026-03-09 19:25:23,244 - INFO - Trial 61 finished with value: 0.4417687419548337 and parameters: {'tcn_channels': 128, 'lstm_hidden': 128, 'num_lstm_layers': 6, 'batch_size': 128, 'dropout': 0.36214687262932455, 'seq_len': 96, 'lr': 6.0043817187039114e-05, 'weight_decay': 0.001300688576773925, 'base_alpha_side': 3.4578660384954962, 'base_alpha_neutral': 0.7290213300355941, 'base_loss_gamma': 1.7898629878572951, 'base_loss_smoothing': 0.04060615107387721}. Best is trial 53 with value: 0.44484114413196946.
2026-03-09 19:25:25,428 - INFO - SequenceDataset: 152966/228206 valid sequences (Lookback protection active).
2026-03-09 19:25:25,429 - INFO - SequenceDataset: 65585/97790 valid sequences (Lookback protection active).
2026-03-09 19:25:26,597 - INFO - Trial 62 START | tcn=128, lstm=128, layers=6, batch=128, seq=96, drop=0.3840, lr=0.000059, wd=0.0013 | alpha=[3.50, 0.69, 3.50], gamma=1.30, smooth=0.12
2026-03-09 19:25:58,758 - INFO - T62 E1/50 | L: 0.99612350/0.86831216 | F1 M: 0.39682437 D: 0.16233571 | [S/N/B]: [0.0761/0.8658/0.2486] | LR: 0.00005880
2026-03-09 19:26:32,224 - INFO - T62 E2/50 | L: 0.98144013/0.86335221 | F1 M: 0.37876234 D: 0.13128434 | [S/N/B]: [0.0000/0.8737/0.2626] | LR: 0.00005862
2026-03-09 19:27:05,316 - INFO - T62 E3/50 | L: 0.97707974/0.86123118 | F1 M: 0.43035729 D: 0.20178776 | [S/N/B]: [0.1460/0.8875/0.2575] | LR: 0.00005833
2026-03-09 19:27:37,759 - INFO - T62 E4/50 | L: 0.97342054/0.86255288 | F1 M: 0.41688441 D: 0.19515420 | [S/N/B]: [0.1274/0.8603/0.2629] | LR: 0.00005793
2026-03-09 19:28:09,926 - INFO - T62 E5/50 | L: 0.97158216/0.86090685 | F1 M: 0.42316295 D: 0.20041596 | [S/N/B]: [0.1449/0.8687/0.2560] | LR: 0.00005741
2026-03-09 19:28:42,509 - INFO - T62 E6/50 | L: 0.96965868/0.86053591 | F1 M: 0.43597309 D: 0.21121140 | [S/N/B]: [0.1824/0.8855/0.2400] | LR: 0.00005679
2026-03-09 19:29:14,757 - INFO - T62 E7/50 | L: 0.96644748/0.86443573 | F1 M: 0.43466548 D: 0.20902082 | [S/N/B]: [0.1895/0.8860/0.2285] | LR: 0.00005605
2026-03-09 19:29:46,251 - INFO - T62 E8/50 | L: 0.96406466/0.86411518 | F1 M: 0.43202757 D: 0.21028595 | [S/N/B]: [0.1824/0.8755/0.2381] | LR: 0.00005521
2026-03-09 19:30:19,314 - INFO - T62 E9/50 | L: 0.96156717/0.86489638 | F1 M: 0.43729718 D: 0.21526702 | [S/N/B]: [0.2100/0.8814/0.2206] | LR: 0.00005427
2026-03-09 19:30:19,888 - INFO - Trial 62 stopped early due to patience (3 epochs without improvement)
2026-03-09 19:30:20,545 - INFO - Trial 62 finished with value: 0.4372971756040036 and parameters: {'tcn_channels': 128, 'lstm_hidden': 128, 'num_lstm_layers': 6, 'batch_size': 128, 'dropout': 0.38400462257638646, 'seq_len': 96, 'lr': 5.885348147635353e-05, 'weight_decay': 0.0012834665337418344, 'base_alpha_side': 3.498139950820063, 'base_alpha_neutral': 0.6901573468044775, 'base_loss_gamma': 1.302484771462777, 'base_loss_smoothing': 0.12241608919185669}. Best is trial 53 with value: 0.44484114413196946.
2026-03-09 19:30:21,477 - INFO - SequenceDataset: 152966/228206 valid sequences (Lookback protection active).
2026-03-09 19:30:21,478 - INFO - SequenceDataset: 65585/97790 valid sequences (Lookback protection active).
2026-03-09 19:30:22,548 - INFO - Trial 63 START | tcn=128, lstm=128, layers=6, batch=128, seq=96, drop=0.3634, lr=0.000069, wd=0.0024 | alpha=[3.79, 0.73, 3.79], gamma=1.93, smooth=0.04
2026-03-09 19:30:54,999 - INFO - T63 E1/50 | L: 0.84783262/0.69621830 | F1 M: 0.42287588 D: 0.19822248 | [S/N/B]: [0.1349/0.8722/0.2615] | LR: 0.00006871
2026-03-09 19:31:28,099 - INFO - T63 E2/50 | L: 0.82995847/0.69106850 | F1 M: 0.42297586 D: 0.20101941 | [S/N/B]: [0.1411/0.8669/0.2609] | LR: 0.00006850
2026-03-09 19:32:01,486 - INFO - T63 E3/50 | L: 0.82382782/0.68969688 | F1 M: 0.42573699 D: 0.19993433 | [S/N/B]: [0.1343/0.8773/0.2655] | LR: 0.00006817
2026-03-09 19:32:34,003 - INFO - T63 E4/50 | L: 0.81981274/0.69034785 | F1 M: 0.42573468 D: 0.20698478 | [S/N/B]: [0.1609/0.8632/0.2531] | LR: 0.00006769
2026-03-09 19:33:06,279 - INFO - T63 E5/50 | L: 0.81745665/0.69111413 | F1 M: 0.42419241 D: 0.20720527 | [S/N/B]: [0.1536/0.8582/0.2608] | LR: 0.00006709
2026-03-09 19:33:40,297 - INFO - T63 E6/50 | L: 0.81290655/0.69385367 | F1 M: 0.43798507 D: 0.21375521 | [S/N/B]: [0.2144/0.8864/0.2131] | LR: 0.00006636
2026-03-09 19:33:40,897 - INFO - Trial 63 stopped early due to patience (3 epochs without improvement)
2026-03-09 19:33:41,185 - INFO - Trial 63 finished with value: 0.4379850735170718 and parameters: {'tcn_channels': 128, 'lstm_hidden': 128, 'num_lstm_layers': 6, 'batch_size': 128, 'dropout': 0.3633803069524295, 'seq_len': 96, 'lr': 6.877483311619542e-05, 'weight_decay': 0.0023543508090529365, 'base_alpha_side': 3.7865472830648312, 'base_alpha_neutral': 0.7267758533321457, 'base_loss_gamma': 1.932144107284428, 'base_loss_smoothing': 0.03771470816328043}. Best is trial 53 with value: 0.44484114413196946.
2026-03-09 19:33:43,087 - INFO - SequenceDataset: 152966/228206 valid sequences (Lookback protection active).
2026-03-09 19:33:43,087 - INFO - SequenceDataset: 65585/97790 valid sequences (Lookback protection active).
2026-03-09 19:33:44,112 - INFO - Trial 64 START | tcn=128, lstm=128, layers=7, batch=128, seq=96, drop=0.3426, lr=0.000022, wd=0.0099 | alpha=[2.52, 0.66, 2.52], gamma=1.61, smooth=0.03
2026-03-09 19:34:18,083 - INFO - T64 E1/50 | L: 0.58380271/0.47563756 | F1 M: 0.42703931 D: 0.19653668 | [S/N/B]: [0.1847/0.8880/0.2084] | LR: 0.00002230
2026-03-09 19:34:53,187 - INFO - T64 E2/50 | L: 0.56379629/0.47109706 | F1 M: 0.42499275 D: 0.18820343 | [S/N/B]: [0.1289/0.8986/0.2475] | LR: 0.00002223
2026-03-09 19:35:28,744 - INFO - T64 E3/50 | L: 0.56068784/0.46907266 | F1 M: 0.42879777 D: 0.19890544 | [S/N/B]: [0.1459/0.8886/0.2519] | LR: 0.00002212
2026-03-09 19:36:04,315 - INFO - T64 E4/50 | L: 0.55763020/0.46745666 | F1 M: 0.43684126 D: 0.20567545 | [S/N/B]: [0.1935/0.8992/0.2179] | LR: 0.00002197
2026-03-09 19:36:39,223 - INFO - T64 E5/50 | L: 0.55621077/0.46860596 | F1 M: 0.43264861 D: 0.20831332 | [S/N/B]: [0.1786/0.8813/0.2381] | LR: 0.00002178
2026-03-09 19:37:14,521 - INFO - T64 E6/50 | L: 0.55398758/0.46522493 | F1 M: 0.43694011 D: 0.20891900 | [S/N/B]: [0.1683/0.8930/0.2496] | LR: 0.00002154
2026-03-09 19:37:49,524 - INFO - T64 E7/50 | L: 0.55196077/0.46504159 | F1 M: 0.43676145 D: 0.20925594 | [S/N/B]: [0.1735/0.8918/0.2450] | LR: 0.00002126
2026-03-09 19:38:24,741 - INFO - T64 E8/50 | L: 0.55135181/0.46606849 | F1 M: 0.43924875 D: 0.21290257 | [S/N/B]: [0.1788/0.8919/0.2470] | LR: 0.00002094
2026-03-09 19:38:59,743 - INFO - T64 E9/50 | L: 0.54926314/0.46411739 | F1 M: 0.43714453 D: 0.20988974 | [S/N/B]: [0.1721/0.8917/0.2477] | LR: 0.00002058
2026-03-09 19:39:33,656 - INFO - T64 E10/50 | L: 0.54787988/0.46491066 | F1 M: 0.43757684 D: 0.21142361 | [S/N/B]: [0.1723/0.8899/0.2506] | LR: 0.00002019
2026-03-09 19:40:07,567 - INFO - T64 E11/50 | L: 0.54700648/0.46688982 | F1 M: 0.43703401 D: 0.21128478 | [S/N/B]: [0.1866/0.8885/0.2360] | LR: 0.00001976
2026-03-09 19:40:42,254 - INFO - T64 E12/50 | L: 0.54486346/0.46505550 | F1 M: 0.43834802 D: 0.21060101 | [S/N/B]: [0.1982/0.8938/0.2230] | LR: 0.00001930
2026-03-09 19:40:42,671 - INFO - Trial 64 stopped early due to patience (3 epochs without improvement)
2026-03-09 19:40:43,372 - INFO - Trial 64 finished with value: 0.43924875136996694 and parameters: {'tcn_channels': 128, 'lstm_hidden': 128, 'num_lstm_layers': 7, 'batch_size': 128, 'dropout': 0.3425749096622129, 'seq_len': 96, 'lr': 2.232225487398838e-05, 'weight_decay': 0.00992504130014248, 'base_alpha_side': 2.522150114830315, 'base_alpha_neutral': 0.6571885470658669, 'base_loss_gamma': 1.6118435283004473, 'base_loss_smoothing': 0.026967663492731615}. Best is trial 53 with value: 0.44484114413196946.
2026-03-09 19:40:45,751 - INFO - SequenceDataset: 152966/228206 valid sequences (Lookback protection active).
2026-03-09 19:40:45,752 - INFO - SequenceDataset: 65585/97790 valid sequences (Lookback protection active).
2026-03-09 19:40:46,234 - INFO - Trial 65 START | tcn=128, lstm=64, layers=6, batch=128, seq=96, drop=0.4793, lr=0.000065, wd=0.0019 | alpha=[1.97, 0.62, 1.97], gamma=1.83, smooth=0.03
2026-03-09 19:41:18,889 - INFO - T65 E1/50 | L: 0.41464425/0.33643943 | F1 M: 0.38634445 D: 0.13061770 | [S/N/B]: [0.0000/0.8978/0.2612] | LR: 0.00006535
2026-03-09 19:41:51,861 - INFO - T65 E2/50 | L: 0.40058982/0.33566619 | F1 M: 0.37979629 D: 0.13010092 | [S/N/B]: [0.0000/0.8792/0.2602] | LR: 0.00006516
2026-03-09 19:42:24,353 - INFO - T65 E3/50 | L: 0.39780723/0.33335202 | F1 M: 0.38715815 D: 0.13446715 | [S/N/B]: [0.0000/0.8925/0.2689] | LR: 0.00006484
2026-03-09 19:42:24,719 - INFO - Trial 65 pruned by Optuna at epoch 3
2026-03-09 19:42:25,777 - INFO - Trial 65 pruned. 
2026-03-09 19:42:27,442 - INFO - SequenceDataset: 152966/228206 valid sequences (Lookback protection active).
2026-03-09 19:42:27,443 - INFO - SequenceDataset: 65585/97790 valid sequences (Lookback protection active).
2026-03-09 19:42:28,235 - INFO - Trial 66 START | tcn=128, lstm=128, layers=6, batch=128, seq=96, drop=0.4245, lr=0.000074, wd=0.0014 | alpha=[3.10, 0.68, 3.10], gamma=1.21, smooth=0.07
2026-03-09 19:43:00,636 - INFO - T66 E1/50 | L: 0.81380913/0.68771561 | F1 M: 0.43130607 D: 0.20931204 | [S/N/B]: [0.1761/0.8753/0.2426] | LR: 0.00007400
2026-03-09 19:43:35,606 - INFO - T66 E2/50 | L: 0.79794990/0.68271849 | F1 M: 0.43734046 D: 0.20808528 | [S/N/B]: [0.1623/0.8959/0.2539] | LR: 0.00007378
2026-03-09 19:44:11,704 - INFO - T66 E3/50 | L: 0.79281080/0.67937522 | F1 M: 0.44145508 D: 0.21169884 | [S/N/B]: [0.2188/0.9010/0.2046] | LR: 0.00007341
2026-03-09 19:44:44,342 - INFO - T66 E4/50 | L: 0.78959296/0.67970282 | F1 M: 0.43494721 D: 0.21177164 | [S/N/B]: [0.1625/0.8813/0.2610] | LR: 0.00007291
2026-03-09 19:45:17,156 - INFO - T66 E5/50 | L: 0.78663427/0.68077310 | F1 M: 0.43715058 D: 0.21094085 | [S/N/B]: [0.1701/0.8896/0.2518] | LR: 0.00007226
2026-03-09 19:45:50,301 - INFO - T66 E6/50 | L: 0.78347985/0.67944984 | F1 M: 0.43707698 D: 0.21282434 | [S/N/B]: [0.2081/0.8856/0.2176] | LR: 0.00007147
2026-03-09 19:45:51,335 - INFO - Trial 66 stopped early due to patience (3 epochs without improvement)
2026-03-09 19:45:51,653 - INFO - Trial 66 finished with value: 0.4414550801430319 and parameters: {'tcn_channels': 128, 'lstm_hidden': 128, 'num_lstm_layers': 6, 'batch_size': 128, 'dropout': 0.42447057756510254, 'seq_len': 96, 'lr': 7.40708789841582e-05, 'weight_decay': 0.0013819604529738971, 'base_alpha_side': 3.1040045708820667, 'base_alpha_neutral': 0.6776797404527332, 'base_loss_gamma': 1.2144187815293035, 'base_loss_smoothing': 0.06567759495256467}. Best is trial 53 with value: 0.44484114413196946.
2026-03-09 19:45:53,880 - INFO - SequenceDataset: 152966/228206 valid sequences (Lookback protection active).
2026-03-09 19:45:53,880 - INFO - SequenceDataset: 65585/97790 valid sequences (Lookback protection active).
2026-03-09 19:45:54,353 - INFO - Trial 67 START | tcn=256, lstm=32, layers=6, batch=512, seq=96, drop=0.4213, lr=0.000075, wd=0.0011 | alpha=[3.20, 0.78, 3.20], gamma=1.38, smooth=0.06
2026-03-09 19:46:10,111 - INFO - T67 E1/50 | L: 0.93864832/0.75373148 | F1 M: 0.37486721 D: 0.11645016 | [S/N/B]: [0.2329/0.8917/0.0000] | LR: 0.00007515
2026-03-09 19:46:25,545 - INFO - T67 E2/50 | L: 0.87244828/0.73279984 | F1 M: 0.37173896 D: 0.11982678 | [S/N/B]: [0.2397/0.8756/0.0000] | LR: 0.00007492
2026-03-09 19:46:40,906 - INFO - T67 E3/50 | L: 0.85652742/0.72464006 | F1 M: 0.38256360 D: 0.12695435 | [S/N/B]: [0.2525/0.8938/0.0014] | LR: 0.00007455
2026-03-09 19:46:42,046 - INFO - Trial 67 pruned by Optuna at epoch 3
2026-03-09 19:46:42,213 - INFO - Trial 67 pruned. 
2026-03-09 19:46:43,150 - INFO - SequenceDataset: 152966/228206 valid sequences (Lookback protection active).
2026-03-09 19:46:43,151 - INFO - SequenceDataset: 65585/97790 valid sequences (Lookback protection active).
2026-03-09 19:46:44,163 - INFO - Trial 68 START | tcn=128, lstm=128, layers=7, batch=128, seq=96, drop=0.4310, lr=0.000084, wd=0.0017 | alpha=[3.46, 0.74, 3.46], gamma=1.21, smooth=0.04
2026-03-09 19:47:18,438 - INFO - T68 E1/50 | L: 0.90081935/0.74949305 | F1 M: 0.43481573 D: 0.20468870 | [S/N/B]: [0.1778/0.8951/0.2316] | LR: 0.00008426
2026-03-09 19:47:53,458 - INFO - T68 E2/50 | L: 0.88025836/0.74205541 | F1 M: 0.43525570 D: 0.20172694 | [S/N/B]: [0.1509/0.9023/0.2526] | LR: 0.00008401
2026-03-09 19:48:28,046 - INFO - T68 E3/50 | L: 0.87320229/0.73877908 | F1 M: 0.43539160 D: 0.20404201 | [S/N/B]: [0.1416/0.8981/0.2665] | LR: 0.00008360
2026-03-09 19:49:02,685 - INFO - T68 E4/50 | L: 0.86877105/0.74456294 | F1 M: 0.43949182 D: 0.21282894 | [S/N/B]: [0.1857/0.8928/0.2399] | LR: 0.00008302
2026-03-09 19:49:37,106 - INFO - T68 E5/50 | L: 0.86655907/0.74178508 | F1 M: 0.43248981 D: 0.20290449 | [S/N/B]: [0.1401/0.8917/0.2657] | LR: 0.00008228
2026-03-09 19:50:11,274 - INFO - T68 E6/50 | L: 0.86277386/0.73912537 | F1 M: 0.43680402 D: 0.20279202 | [S/N/B]: [0.1501/0.9048/0.2555] | LR: 0.00008138
2026-03-09 19:50:11,477 - INFO - Trial 68 stopped early due to patience (3 epochs without improvement)
2026-03-09 19:50:11,792 - INFO - Trial 68 finished with value: 0.4394918229614997 and parameters: {'tcn_channels': 128, 'lstm_hidden': 128, 'num_lstm_layers': 7, 'batch_size': 128, 'dropout': 0.43096100765214496, 'seq_len': 96, 'lr': 8.434593357220508e-05, 'weight_decay': 0.0016950399538408429, 'base_alpha_side': 3.4557811134965792, 'base_alpha_neutral': 0.7413691633589818, 'base_loss_gamma': 1.2139467349468245, 'base_loss_smoothing': 0.044779843526540825}. Best is trial 53 with value: 0.44484114413196946.
2026-03-09 19:50:14,234 - INFO - SequenceDataset: 152966/228206 valid sequences (Lookback protection active).
2026-03-09 19:50:14,235 - INFO - SequenceDataset: 65585/97790 valid sequences (Lookback protection active).
2026-03-09 19:50:15,452 - INFO - Trial 69 START | tcn=256, lstm=128, layers=6, batch=256, seq=96, drop=0.4490, lr=0.000053, wd=0.0009 | alpha=[2.82, 0.69, 2.82], gamma=1.15, smooth=0.07
2026-03-09 19:50:35,545 - INFO - T69 E1/50 | L: 0.77535820/0.65068528 | F1 M: 0.41413476 D: 0.17278064 | [S/N/B]: [0.0814/0.8968/0.2641] | LR: 0.00005341
2026-03-09 19:50:57,008 - INFO - T69 E2/50 | L: 0.75269741/0.64823914 | F1 M: 0.43179211 D: 0.19236499 | [S/N/B]: [0.1355/0.9106/0.2492] | LR: 0.00005325
2026-03-09 19:51:19,004 - INFO - T69 E3/50 | L: 0.74685221/0.64544171 | F1 M: 0.43595916 D: 0.20580249 | [S/N/B]: [0.1840/0.8963/0.2276] | LR: 0.00005299
2026-03-09 19:51:40,896 - INFO - T69 E4/50 | L: 0.74379046/0.64542902 | F1 M: 0.40880147 D: 0.16771821 | [S/N/B]: [0.0601/0.8910/0.2753] | LR: 0.00005262
2026-03-09 19:52:02,116 - INFO - T69 E5/50 | L: 0.73930735/0.64576276 | F1 M: 0.43979270 D: 0.20402139 | [S/N/B]: [0.1810/0.9113/0.2270] | LR: 0.00005215
2026-03-09 19:52:22,999 - INFO - T69 E6/50 | L: 0.73570957/0.64886450 | F1 M: 0.43289171 D: 0.21182480 | [S/N/B]: [0.1675/0.8750/0.2562] | LR: 0.00005159
2026-03-09 19:52:44,604 - INFO - T69 E7/50 | L: 0.73277868/0.64639717 | F1 M: 0.43703556 D: 0.20826969 | [S/N/B]: [0.1480/0.8946/0.2686] | LR: 0.00005092
2026-03-09 19:52:44,753 - INFO - Trial 69 stopped early due to patience (3 epochs without improvement)
2026-03-09 19:52:45,055 - INFO - Trial 69 finished with value: 0.43979270380812124 and parameters: {'tcn_channels': 256, 'lstm_hidden': 128, 'num_lstm_layers': 6, 'batch_size': 256, 'dropout': 0.44898578677883283, 'seq_len': 96, 'lr': 5.346303111166008e-05, 'weight_decay': 0.00090479925684769, 'base_alpha_side': 2.819843164394544, 'base_alpha_neutral': 0.6852221459241061, 'base_loss_gamma': 1.1470760675316238, 'base_loss_smoothing': 0.0686756171857639}. Best is trial 53 with value: 0.44484114413196946.
2026-03-09 19:52:47,190 - INFO - SequenceDataset: 152966/228206 valid sequences (Lookback protection active).
2026-03-09 19:52:47,191 - INFO - SequenceDataset: 65585/97790 valid sequences (Lookback protection active).
2026-03-09 19:52:48,377 - INFO - Trial 70 START | tcn=128, lstm=32, layers=6, batch=128, seq=96, drop=0.3793, lr=0.000059, wd=0.0005 | alpha=[3.04, 0.72, 3.04], gamma=1.10, smooth=0.04
2026-03-09 19:53:20,514 - INFO - T70 E1/50 | L: 0.83557350/0.67965864 | F1 M: 0.38385997 D: 0.12867527 | [S/N/B]: [0.0000/0.8942/0.2574] | LR: 0.00005876
2026-03-09 19:53:53,876 - INFO - T70 E2/50 | L: 0.80051748/0.67241786 | F1 M: 0.38475122 D: 0.12946955 | [S/N/B]: [0.0000/0.8953/0.2589] | LR: 0.00005859
2026-03-09 19:54:26,337 - INFO - T70 E3/50 | L: 0.79306616/0.67029308 | F1 M: 0.38639679 D: 0.13126805 | [S/N/B]: [0.0000/0.8967/0.2625] | LR: 0.00005830
2026-03-09 19:54:27,170 - INFO - Trial 70 pruned by Optuna at epoch 3
2026-03-09 19:54:27,395 - INFO - Trial 70 pruned. 
2026-03-09 19:54:29,694 - INFO - SequenceDataset: 152966/228206 valid sequences (Lookback protection active).
2026-03-09 19:54:29,695 - INFO - SequenceDataset: 65585/97790 valid sequences (Lookback protection active).
2026-03-09 19:54:30,634 - INFO - Trial 71 START | tcn=128, lstm=128, layers=5, batch=128, seq=96, drop=0.3999, lr=0.000042, wd=0.0014 | alpha=[2.69, 0.68, 2.69], gamma=1.33, smooth=0.05
2026-03-09 19:55:00,281 - INFO - T71 E1/50 | L: 0.68250501/0.56455883 | F1 M: 0.42377564 D: 0.18467889 | [S/N/B]: [0.1215/0.9020/0.2478] | LR: 0.00004244
2026-03-09 19:55:31,106 - INFO - T71 E2/50 | L: 0.66461129/0.56292381 | F1 M: 0.43561621 D: 0.20578982 | [S/N/B]: [0.1911/0.8953/0.2205] | LR: 0.00004232
2026-03-09 19:56:02,663 - INFO - T71 E3/50 | L: 0.66077038/0.56017974 | F1 M: 0.39657461 D: 0.14757220 | [S/N/B]: [0.0206/0.8946/0.2746] | LR: 0.00004211
2026-03-09 19:56:33,321 - INFO - T71 E4/50 | L: 0.65850285/0.55810456 | F1 M: 0.44145040 D: 0.21203351 | [S/N/B]: [0.1920/0.9003/0.2321] | LR: 0.00004182
2026-03-09 19:57:03,686 - INFO - T71 E5/50 | L: 0.65590859/0.55859791 | F1 M: 0.43958423 D: 0.20628755 | [S/N/B]: [0.1648/0.9062/0.2478] | LR: 0.00004145
2026-03-09 19:57:33,748 - INFO - T71 E6/50 | L: 0.65406800/0.55859261 | F1 M: 0.43409923 D: 0.19806795 | [S/N/B]: [0.1366/0.9062/0.2595] | LR: 0.00004099
2026-03-09 19:58:04,129 - INFO - T71 E7/50 | L: 0.65204933/0.55868372 | F1 M: 0.43735804 D: 0.20804703 | [S/N/B]: [0.2312/0.8960/0.1849] | LR: 0.00004046
2026-03-09 19:58:04,220 - INFO - Trial 71 stopped early due to patience (3 epochs without improvement)
2026-03-09 19:58:04,424 - INFO - Trial 71 finished with value: 0.44145040257521045 and parameters: {'tcn_channels': 128, 'lstm_hidden': 128, 'num_lstm_layers': 5, 'batch_size': 128, 'dropout': 0.39987480847033763, 'seq_len': 96, 'lr': 4.2486259947580645e-05, 'weight_decay': 0.001353780447754992, 'base_alpha_side': 2.6928624349005186, 'base_alpha_neutral': 0.679151112184016, 'base_loss_gamma': 1.3286126791564794, 'base_loss_smoothing': 0.05058973345482409}. Best is trial 53 with value: 0.44484114413196946.
2026-03-09 19:58:06,507 - INFO - SequenceDataset: 152966/228206 valid sequences (Lookback protection active).
2026-03-09 19:58:06,508 - INFO - SequenceDataset: 65585/97790 valid sequences (Lookback protection active).
2026-03-09 19:58:06,838 - INFO - Trial 72 START | tcn=128, lstm=128, layers=6, batch=128, seq=96, drop=0.4160, lr=0.000064, wd=0.0014 | alpha=[2.65, 0.75, 2.65], gamma=1.45, smooth=0.06
2026-03-09 19:58:38,722 - INFO - T72 E1/50 | L: 0.69672999/0.57778848 | F1 M: 0.39027513 D: 0.13271829 | [S/N/B]: [0.0000/0.9054/0.2654] | LR: 0.00006362
2026-03-09 19:59:10,075 - INFO - T72 E2/50 | L: 0.67920320/0.57466840 | F1 M: 0.39383111 D: 0.13625085 | [S/N/B]: [0.0000/0.9090/0.2725] | LR: 0.00006343
2026-03-09 19:59:43,511 - INFO - T72 E3/50 | L: 0.67432764/0.57251938 | F1 M: 0.39295319 D: 0.13777808 | [S/N/B]: [0.0000/0.9033/0.2756] | LR: 0.00006312
2026-03-09 19:59:43,788 - INFO - Trial 72 pruned by Optuna at epoch 3
2026-03-09 19:59:43,956 - INFO - Trial 72 pruned. 
2026-03-09 19:59:45,908 - INFO - SequenceDataset: 152966/228206 valid sequences (Lookback protection active).
2026-03-09 19:59:45,909 - INFO - SequenceDataset: 65585/97790 valid sequences (Lookback protection active).
2026-03-09 19:59:46,598 - INFO - Trial 73 START | tcn=128, lstm=128, layers=5, batch=128, seq=96, drop=0.4396, lr=0.000099, wd=0.0001 | alpha=[2.84, 0.70, 2.84], gamma=1.35, smooth=0.05
2026-03-09 20:00:15,775 - INFO - T73 E1/50 | L: 0.71355664/0.59198204 | F1 M: 0.39187181 D: 0.13778220 | [S/N/B]: [0.0005/0.9001/0.2751] | LR: 0.00009863
2026-03-09 20:00:47,547 - INFO - T73 E2/50 | L: 0.69850822/0.59139940 | F1 M: 0.43408333 D: 0.20366565 | [S/N/B]: [0.1386/0.8949/0.2687] | LR: 0.00009834
2026-03-09 20:01:18,175 - INFO - T73 E3/50 | L: 0.69444457/0.58891600 | F1 M: 0.41934021 D: 0.18238450 | [S/N/B]: [0.0904/0.8933/0.2743] | LR: 0.00009785
2026-03-09 20:01:49,209 - INFO - T73 E4/50 | L: 0.69218565/0.58868291 | F1 M: 0.44334034 D: 0.21529057 | [S/N/B]: [0.1862/0.8994/0.2443] | LR: 0.00009718
2026-03-09 20:02:21,100 - INFO - T73 E5/50 | L: 0.68946600/0.58964193 | F1 M: 0.42869598 D: 0.19229701 | [S/N/B]: [0.1219/0.9015/0.2627] | LR: 0.00009631
2026-03-09 20:02:51,745 - INFO - T73 E6/50 | L: 0.68688956/0.59347309 | F1 M: 0.43502192 D: 0.19835325 | [S/N/B]: [0.1392/0.9084/0.2575] | LR: 0.00009526
2026-03-09 20:03:22,923 - INFO - T73 E7/50 | L: 0.68414831/0.59336175 | F1 M: 0.43611104 D: 0.21186734 | [S/N/B]: [0.1837/0.8846/0.2400] | LR: 0.00009403
2026-03-09 20:03:23,744 - INFO - Trial 73 stopped early due to patience (3 epochs without improvement)
2026-03-09 20:03:24,087 - INFO - Trial 73 finished with value: 0.4433403410176611 and parameters: {'tcn_channels': 128, 'lstm_hidden': 128, 'num_lstm_layers': 5, 'batch_size': 128, 'dropout': 0.4395855450814522, 'seq_len': 96, 'lr': 9.872727471831791e-05, 'weight_decay': 0.0001102435948908903, 'base_alpha_side': 2.8363817897981667, 'base_alpha_neutral': 0.7016025776304836, 'base_loss_gamma': 1.3509859761914513, 'base_loss_smoothing': 0.04885116678011202}. Best is trial 53 with value: 0.44484114413196946.
2026-03-09 20:03:27,030 - INFO - SequenceDataset: 152966/228206 valid sequences (Lookback protection active).
2026-03-09 20:03:27,031 - INFO - SequenceDataset: 65585/97790 valid sequences (Lookback protection active).
2026-03-09 20:03:27,565 - INFO - Trial 74 START | tcn=128, lstm=128, layers=6, batch=128, seq=96, drop=0.4461, lr=0.000095, wd=0.0001 | alpha=[3.13, 0.70, 3.13], gamma=1.55, smooth=0.03
2026-03-09 20:04:00,085 - INFO - T74 E1/50 | L: 0.72856506/0.59706463 | F1 M: 0.39128952 D: 0.13649493 | [S/N/B]: [0.0000/0.9009/0.2730] | LR: 0.00009488
2026-03-09 20:04:33,997 - INFO - T74 E2/50 | L: 0.71219477/0.59473813 | F1 M: 0.42685112 D: 0.20205190 | [S/N/B]: [0.1338/0.8764/0.2703] | LR: 0.00009460
2026-03-09 20:05:06,790 - INFO - T74 E3/50 | L: 0.70717994/0.59151373 | F1 M: 0.40490636 D: 0.16195285 | [S/N/B]: [0.0489/0.8908/0.2751] | LR: 0.00009414
2026-03-09 20:05:39,012 - INFO - T74 E4/50 | L: 0.70397026/0.59015142 | F1 M: 0.43940386 D: 0.21006559 | [S/N/B]: [0.1796/0.8981/0.2405] | LR: 0.00009348
2026-03-09 20:06:12,039 - INFO - T74 E5/50 | L: 0.70096178/0.59328663 | F1 M: 0.43613091 D: 0.21412323 | [S/N/B]: [0.1966/0.8801/0.2317] | LR: 0.00009265
2026-03-09 20:06:44,977 - INFO - T74 E6/50 | L: 0.69791878/0.59477825 | F1 M: 0.43419881 D: 0.21382263 | [S/N/B]: [0.1905/0.8750/0.2371] | LR: 0.00009164
2026-03-09 20:07:18,228 - INFO - T74 E7/50 | L: 0.69520551/0.59697387 | F1 M: 0.43886237 D: 0.21380457 | [S/N/B]: [0.2066/0.8890/0.2210] | LR: 0.00009046
2026-03-09 20:07:18,367 - INFO - Trial 74 stopped early due to patience (3 epochs without improvement)
2026-03-09 20:07:18,664 - INFO - Trial 74 finished with value: 0.4394038626611314 and parameters: {'tcn_channels': 128, 'lstm_hidden': 128, 'num_lstm_layers': 6, 'batch_size': 128, 'dropout': 0.44605635014093625, 'seq_len': 96, 'lr': 9.49765753761473e-05, 'weight_decay': 0.00013183912637556268, 'base_alpha_side': 3.125543424076185, 'base_alpha_neutral': 0.7020539345737704, 'base_loss_gamma': 1.5455280819216237, 'base_loss_smoothing': 0.025673150089147802}. Best is trial 53 with value: 0.44484114413196946.
2026-03-09 20:07:21,337 - INFO - SequenceDataset: 152966/228206 valid sequences (Lookback protection active).
2026-03-09 20:07:21,338 - INFO - SequenceDataset: 65585/97790 valid sequences (Lookback protection active).
2026-03-09 20:07:21,818 - INFO - Trial 75 START | tcn=128, lstm=128, layers=6, batch=128, seq=96, drop=0.4392, lr=0.000098, wd=0.0008 | alpha=[3.69, 0.63, 3.69], gamma=1.25, smooth=0.02
2026-03-09 20:07:54,544 - INFO - T75 E1/50 | L: 0.84641769/0.69326458 | F1 M: 0.39494608 D: 0.15936355 | [S/N/B]: [0.0569/0.8661/0.2618] | LR: 0.00009802
2026-03-09 20:08:27,021 - INFO - T75 E2/50 | L: 0.82726830/0.68792930 | F1 M: 0.43664539 D: 0.21493743 | [S/N/B]: [0.2045/0.8801/0.2254] | LR: 0.00009773
2026-03-09 20:09:00,235 - INFO - T75 E3/50 | L: 0.82181860/0.68771645 | F1 M: 0.43066100 D: 0.20898311 | [S/N/B]: [0.2172/0.8740/0.2008] | LR: 0.00009724
2026-03-09 20:09:32,673 - INFO - T75 E4/50 | L: 0.81760219/0.68823559 | F1 M: 0.43393017 D: 0.21507692 | [S/N/B]: [0.2139/0.8716/0.2162] | LR: 0.00009657
2026-03-09 20:10:04,725 - INFO - T75 E5/50 | L: 0.81440756/0.68838429 | F1 M: 0.43398208 D: 0.21447267 | [S/N/B]: [0.1855/0.8730/0.2434] | LR: 0.00009571
2026-03-09 20:10:37,944 - INFO - T75 E6/50 | L: 0.81229739/0.69546594 | F1 M: 0.42381540 D: 0.20954943 | [S/N/B]: [0.1655/0.8523/0.2536] | LR: 0.00009467
2026-03-09 20:10:38,041 - INFO - Trial 75 stopped early due to patience (3 epochs without improvement)
2026-03-09 20:10:38,266 - INFO - Trial 75 finished with value: 0.43664539499445687 and parameters: {'tcn_channels': 128, 'lstm_hidden': 128, 'num_lstm_layers': 6, 'batch_size': 128, 'dropout': 0.43920947236852553, 'seq_len': 96, 'lr': 9.811375907263922e-05, 'weight_decay': 0.0007675527573961466, 'base_alpha_side': 3.6851384602779618, 'base_alpha_neutral': 0.6304102420864528, 'base_loss_gamma': 1.2504453750297244, 'base_loss_smoothing': 0.021063446862461317}. Best is trial 53 with value: 0.44484114413196946.
2026-03-09 20:10:40,191 - INFO - SequenceDataset: 210062/228278 valid sequences (Lookback protection active).
2026-03-09 20:10:40,192 - INFO - SequenceDataset: 90065/97862 valid sequences (Lookback protection active).
2026-03-09 20:10:40,604 - INFO - Trial 76 START | tcn=64, lstm=128, layers=5, batch=128, seq=24, drop=0.4118, lr=0.000070, wd=0.0001 | alpha=[2.85, 0.73, 2.85], gamma=1.35, smooth=0.07
2026-03-09 20:11:20,149 - INFO - T76 E1/50 | L: 0.69042283/0.58603036 | F1 M: 0.39360057 D: 0.12734297 | [S/N/B]: [0.0000/0.9261/0.2547] | LR: 0.00006986
2026-03-09 20:12:00,306 - INFO - T76 E2/50 | L: 0.67657659/0.58229362 | F1 M: 0.39482391 D: 0.13274605 | [S/N/B]: [0.0000/0.9190/0.2655] | LR: 0.00006965
2026-03-09 20:12:39,968 - INFO - T76 E3/50 | L: 0.67222375/0.58223367 | F1 M: 0.42299049 D: 0.17946894 | [S/N/B]: [0.0978/0.9100/0.2612] | LR: 0.00006931
2026-03-09 20:13:20,509 - INFO - T76 E4/50 | L: 0.66945982/0.57986002 | F1 M: 0.40911520 D: 0.15403746 | [S/N/B]: [0.0424/0.9193/0.2657] | LR: 0.00006883
2026-03-09 20:13:20,685 - INFO - Trial 76 pruned by Optuna at epoch 4
2026-03-09 20:13:20,830 - INFO - Trial 76 pruned. 
2026-03-09 20:13:22,376 - INFO - SequenceDataset: 152966/228206 valid sequences (Lookback protection active).
2026-03-09 20:13:22,377 - INFO - SequenceDataset: 65585/97790 valid sequences (Lookback protection active).
2026-03-09 20:13:22,797 - INFO - Trial 77 START | tcn=256, lstm=128, layers=7, batch=128, seq=96, drop=0.4263, lr=0.000049, wd=0.0002 | alpha=[3.24, 0.65, 3.24], gamma=1.07, smooth=0.05
2026-03-09 20:13:57,546 - INFO - T77 E1/50 | L: 0.84752712/0.70843162 | F1 M: 0.42229839 D: 0.18756380 | [S/N/B]: [0.1219/0.8918/0.2532] | LR: 0.00004893
2026-03-09 20:14:31,379 - INFO - T77 E2/50 | L: 0.82620903/0.70360136 | F1 M: 0.43646118 D: 0.20672679 | [S/N/B]: [0.1757/0.8959/0.2377] | LR: 0.00004878
2026-03-09 20:15:07,139 - INFO - T77 E3/50 | L: 0.81936780/0.70398163 | F1 M: 0.43146813 D: 0.20554493 | [S/N/B]: [0.1622/0.8833/0.2489] | LR: 0.00004854
2026-03-09 20:15:42,257 - INFO - T77 E4/50 | L: 0.81465225/0.70108866 | F1 M: 0.43549417 D: 0.20882816 | [S/N/B]: [0.1762/0.8888/0.2414] | LR: 0.00004821
2026-03-09 20:16:17,947 - INFO - T77 E5/50 | L: 0.80890753/0.70434151 | F1 M: 0.43646257 D: 0.20798532 | [S/N/B]: [0.1753/0.8934/0.2407] | LR: 0.00004778
2026-03-09 20:16:52,801 - INFO - T77 E6/50 | L: 0.80429327/0.70579296 | F1 M: 0.43699137 D: 0.20863152 | [S/N/B]: [0.1781/0.8937/0.2392] | LR: 0.00004726
2026-03-09 20:17:29,230 - INFO - T77 E7/50 | L: 0.79785610/0.71490145 | F1 M: 0.43736560 D: 0.20700410 | [S/N/B]: [0.1861/0.8981/0.2279] | LR: 0.00004664
2026-03-09 20:17:29,383 - INFO - Trial 77 stopped early due to patience (3 epochs without improvement)
2026-03-09 20:17:29,737 - INFO - Trial 77 finished with value: 0.43736560070895797 and parameters: {'tcn_channels': 256, 'lstm_hidden': 128, 'num_lstm_layers': 7, 'batch_size': 128, 'dropout': 0.4263172736757416, 'seq_len': 96, 'lr': 4.897552703361696e-05, 'weight_decay': 0.0001820482839682613, 'base_alpha_side': 3.2402967127891595, 'base_alpha_neutral': 0.6484644416074201, 'base_loss_gamma': 1.0678348566296703, 'base_loss_smoothing': 0.05289060439247682}. Best is trial 53 with value: 0.44484114413196946.
2026-03-09 20:17:32,871 - INFO - SequenceDataset: 210062/228278 valid sequences (Lookback protection active).
2026-03-09 20:17:32,872 - INFO - SequenceDataset: 90065/97862 valid sequences (Lookback protection active).
2026-03-09 20:17:33,495 - INFO - Trial 78 START | tcn=512, lstm=64, layers=7, batch=128, seq=24, drop=0.4717, lr=0.000090, wd=0.0011 | alpha=[2.39, 0.42, 2.39], gamma=1.64, smooth=0.04
2026-03-09 20:18:20,000 - INFO - T78 E1/50 | L: 0.39208835/0.32562638 | F1 M: 0.39406317 D: 0.17983884 | [S/N/B]: [0.1984/0.8225/0.1613] | LR: 0.00009033
2026-03-09 20:19:05,325 - INFO - T78 E2/50 | L: 0.38130301/0.32324788 | F1 M: 0.35026343 D: 0.10798857 | [S/N/B]: [0.0000/0.8348/0.2160] | LR: 0.00009007
2026-03-09 20:19:52,154 - INFO - T78 E3/50 | L: 0.37743898/0.32277607 | F1 M: 0.37911128 D: 0.16808308 | [S/N/B]: [0.1312/0.8012/0.2049] | LR: 0.00008962
2026-03-09 20:19:52,433 - INFO - Trial 78 pruned by Optuna at epoch 3
2026-03-09 20:19:52,665 - INFO - Trial 78 pruned. 
2026-03-09 20:19:55,271 - INFO - SequenceDataset: 152966/228206 valid sequences (Lookback protection active).
2026-03-09 20:19:55,272 - INFO - SequenceDataset: 65585/97790 valid sequences (Lookback protection active).
2026-03-09 20:19:56,324 - INFO - Trial 79 START | tcn=128, lstm=32, layers=5, batch=512, seq=96, drop=0.4581, lr=0.000086, wd=0.0034 | alpha=[2.95, 0.78, 2.95], gamma=1.17, smooth=0.02
2026-03-09 20:20:06,466 - INFO - T79 E1/50 | L: 0.84070075/0.65029405 | F1 M: 0.38359637 D: 0.12821360 | [S/N/B]: [0.0000/0.8944/0.2564] | LR: 0.00008586
2026-03-09 20:20:17,941 - INFO - T79 E2/50 | L: 0.77398887/0.63728905 | F1 M: 0.38725274 D: 0.13174497 | [S/N/B]: [0.0000/0.8983/0.2635] | LR: 0.00008561
2026-03-09 20:20:28,601 - INFO - T79 E3/50 | L: 0.76518251/0.63510444 | F1 M: 0.38649991 D: 0.13294288 | [S/N/B]: [0.0000/0.8936/0.2659] | LR: 0.00008518
2026-03-09 20:20:29,284 - INFO - Trial 79 pruned by Optuna at epoch 3
2026-03-09 20:20:29,639 - INFO - Trial 79 pruned. 
2026-03-09 20:20:32,523 - INFO - SequenceDataset: 210062/228278 valid sequences (Lookback protection active).
2026-03-09 20:20:32,524 - INFO - SequenceDataset: 90065/97862 valid sequences (Lookback protection active).
2026-03-09 20:20:32,983 - INFO - Trial 80 START | tcn=256, lstm=128, layers=6, batch=128, seq=24, drop=0.4407, lr=0.000051, wd=0.0047 | alpha=[5.60, 0.71, 5.60], gamma=1.22, smooth=0.05
2026-03-09 20:21:15,645 - INFO - T80 E1/50 | L: 1.21985227/1.03491776 | F1 M: 0.37301514 D: 0.12012180 | [S/N/B]: [0.0000/0.8788/0.2402] | LR: 0.00005104
2026-03-09 20:21:59,042 - INFO - T80 E2/50 | L: 1.19613114/1.02983659 | F1 M: 0.40334505 D: 0.17552517 | [S/N/B]: [0.1236/0.8590/0.2275] | LR: 0.00005089
2026-03-09 20:22:41,976 - INFO - T80 E3/50 | L: 1.18806583/1.02814907 | F1 M: 0.42076724 D: 0.19045899 | [S/N/B]: [0.1531/0.8814/0.2278] | LR: 0.00005064
2026-03-09 20:23:24,918 - INFO - T80 E4/50 | L: 1.18163556/1.02461630 | F1 M: 0.42911834 D: 0.19956963 | [S/N/B]: [0.1687/0.8882/0.2304] | LR: 0.00005029
2026-03-09 20:24:07,654 - INFO - T80 E5/50 | L: 1.17666629/1.02876329 | F1 M: 0.42300393 D: 0.19618107 | [S/N/B]: [0.1589/0.8766/0.2334] | LR: 0.00004984
2026-03-09 20:24:50,809 - INFO - T80 E6/50 | L: 1.17131886/1.03191328 | F1 M: 0.42288156 D: 0.19490468 | [S/N/B]: [0.1592/0.8788/0.2306] | LR: 0.00004930
2026-03-09 20:25:33,798 - INFO - T80 E7/50 | L: 1.16689657/1.03250537 | F1 M: 0.41616728 D: 0.19362395 | [S/N/B]: [0.1710/0.8613/0.2163] | LR: 0.00004866
2026-03-09 20:25:33,876 - INFO - Trial 80 stopped early due to patience (3 epochs without improvement)
2026-03-09 20:25:34,548 - INFO - Trial 80 finished with value: 0.42911834026834245 and parameters: {'tcn_channels': 256, 'lstm_hidden': 128, 'num_lstm_layers': 6, 'batch_size': 128, 'dropout': 0.440693879503819, 'seq_len': 24, 'lr': 5.1094038843710735e-05, 'weight_decay': 0.00468622074507146, 'base_alpha_side': 5.596385618138384, 'base_alpha_neutral': 0.7122290634208585, 'base_loss_gamma': 1.2166724635830255, 'base_loss_smoothing': 0.0479568316426354}. Best is trial 53 with value: 0.44484114413196946.
2026-03-09 20:25:35,744 - INFO - SequenceDataset: 152966/228206 valid sequences (Lookback protection active).
2026-03-09 20:25:35,744 - INFO - SequenceDataset: 65585/97790 valid sequences (Lookback protection active).
2026-03-09 20:25:36,035 - INFO - Trial 81 START | tcn=128, lstm=128, layers=5, batch=128, seq=96, drop=0.3907, lr=0.000042, wd=0.0012 | alpha=[2.64, 0.76, 2.64], gamma=1.31, smooth=0.06
2026-03-09 20:26:06,648 - INFO - T81 E1/50 | L: 0.72038260/0.59672277 | F1 M: 0.39100701 D: 0.13308523 | [S/N/B]: [0.2662/0.9069/0.0000] | LR: 0.00004169
2026-03-09 20:26:38,177 - INFO - T81 E2/50 | L: 0.69931702/0.59407983 | F1 M: 0.41283510 D: 0.16657779 | [S/N/B]: [0.0654/0.9053/0.2678] | LR: 0.00004157
2026-03-09 20:27:08,866 - INFO - T81 E3/50 | L: 0.69546280/0.59168467 | F1 M: 0.42925835 D: 0.19103708 | [S/N/B]: [0.1147/0.9057/0.2673] | LR: 0.00004136
2026-03-09 20:27:39,721 - INFO - T81 E4/50 | L: 0.69320155/0.58856907 | F1 M: 0.42873696 D: 0.18572327 | [S/N/B]: [0.1244/0.9148/0.2470] | LR: 0.00004107
2026-03-09 20:28:11,515 - INFO - T81 E5/50 | L: 0.68995484/0.58895891 | F1 M: 0.43568209 D: 0.19480587 | [S/N/B]: [0.1780/0.9174/0.2116] | LR: 0.00004071
2026-03-09 20:28:42,730 - INFO - T81 E6/50 | L: 0.68707327/0.58836617 | F1 M: 0.43835981 D: 0.20097402 | [S/N/B]: [0.1562/0.9131/0.2457] | LR: 0.00004026
2026-03-09 20:29:13,620 - INFO - T81 E7/50 | L: 0.68514293/0.58909908 | F1 M: 0.43517121 D: 0.19878194 | [S/N/B]: [0.1440/0.9079/0.2536] | LR: 0.00003974
2026-03-09 20:29:44,969 - INFO - T81 E8/50 | L: 0.68254063/0.59132655 | F1 M: 0.43293658 D: 0.19722283 | [S/N/B]: [0.1362/0.9044/0.2583] | LR: 0.00003915
2026-03-09 20:30:14,881 - INFO - T81 E9/50 | L: 0.68125028/0.59069973 | F1 M: 0.44141927 D: 0.20655763 | [S/N/B]: [0.1767/0.9111/0.2364] | LR: 0.00003848
2026-03-09 20:30:15,407 - INFO - Trial 81 stopped early due to patience (3 epochs without improvement)
2026-03-09 20:30:16,070 - INFO - Trial 81 finished with value: 0.4414192712547593 and parameters: {'tcn_channels': 128, 'lstm_hidden': 128, 'num_lstm_layers': 5, 'batch_size': 128, 'dropout': 0.390690136192701, 'seq_len': 96, 'lr': 4.1730208265182025e-05, 'weight_decay': 0.0012256818424592024, 'base_alpha_side': 2.639607001334081, 'base_alpha_neutral': 0.7612537052565076, 'base_loss_gamma': 1.311404848777078, 'base_loss_smoothing': 0.05836643166961532}. Best is trial 53 with value: 0.44484114413196946.
2026-03-09 20:30:18,521 - INFO - SequenceDataset: 152966/228206 valid sequences (Lookback protection active).
2026-03-09 20:30:18,522 - INFO - SequenceDataset: 65585/97790 valid sequences (Lookback protection active).
2026-03-09 20:30:19,522 - INFO - Trial 82 START | tcn=128, lstm=128, layers=5, batch=128, seq=96, drop=0.3982, lr=0.000047, wd=0.0019 | alpha=[2.75, 0.68, 2.75], gamma=1.29, smooth=0.04
2026-03-09 20:30:49,868 - INFO - T82 E1/50 | L: 0.69472280/0.57058081 | F1 M: 0.43081700 D: 0.19764060 | [S/N/B]: [0.1461/0.8972/0.2492] | LR: 0.00004683
2026-03-09 20:31:20,499 - INFO - T82 E2/50 | L: 0.67533955/0.56671932 | F1 M: 0.44018169 D: 0.20721728 | [S/N/B]: [0.1843/0.9061/0.2301] | LR: 0.00004669
2026-03-09 20:31:51,867 - INFO - T82 E3/50 | L: 0.67040669/0.56434668 | F1 M: 0.44040784 D: 0.21020522 | [S/N/B]: [0.1631/0.9008/0.2573] | LR: 0.00004646
2026-03-09 20:32:24,114 - INFO - T82 E4/50 | L: 0.66825807/0.56429278 | F1 M: 0.43931472 D: 0.21256246 | [S/N/B]: [0.1750/0.8928/0.2501] | LR: 0.00004614
2026-03-09 20:32:55,326 - INFO - T82 E5/50 | L: 0.66499950/0.56573297 | F1 M: 0.43381957 D: 0.20565904 | [S/N/B]: [0.1484/0.8901/0.2629] | LR: 0.00004573
2026-03-09 20:33:25,859 - INFO - T82 E6/50 | L: 0.66262391/0.56411940 | F1 M: 0.44042412 D: 0.21324061 | [S/N/B]: [0.1743/0.8948/0.2522] | LR: 0.00004523
2026-03-09 20:33:57,129 - INFO - T82 E7/50 | L: 0.66056085/0.56461566 | F1 M: 0.44357034 D: 0.21826919 | [S/N/B]: [0.1930/0.8942/0.2435] | LR: 0.00004464
2026-03-09 20:34:27,297 - INFO - T82 E8/50 | L: 0.65858025/0.56434608 | F1 M: 0.44393326 D: 0.21358483 | [S/N/B]: [0.1943/0.9046/0.2329] | LR: 0.00004397
2026-03-09 20:34:57,938 - INFO - T82 E9/50 | L: 0.65676311/0.56833091 | F1 M: 0.44280634 D: 0.21150465 | [S/N/B]: [0.2025/0.9054/0.2205] | LR: 0.00004322
2026-03-09 20:34:58,031 - INFO - Trial 82 stopped early due to patience (3 epochs without improvement)
2026-03-09 20:34:58,285 - INFO - Trial 82 finished with value: 0.4439332612253299 and parameters: {'tcn_channels': 128, 'lstm_hidden': 128, 'num_lstm_layers': 5, 'batch_size': 128, 'dropout': 0.3982416975108487, 'seq_len': 96, 'lr': 4.687315889002251e-05, 'weight_decay': 0.0018985219928473022, 'base_alpha_side': 2.753605170679129, 'base_alpha_neutral': 0.6801814651813767, 'base_loss_gamma': 1.2867416518441885, 'base_loss_smoothing': 0.03981177710473344}. Best is trial 53 with value: 0.44484114413196946.
2026-03-09 20:35:00,350 - INFO - SequenceDataset: 152966/228206 valid sequences (Lookback protection active).
2026-03-09 20:35:00,350 - INFO - SequenceDataset: 65585/97790 valid sequences (Lookback protection active).
2026-03-09 20:35:00,690 - INFO - Trial 83 START | tcn=128, lstm=128, layers=5, batch=128, seq=96, drop=0.4278, lr=0.000076, wd=0.0019 | alpha=[3.01, 0.68, 3.01], gamma=1.38, smooth=0.04
2026-03-09 20:35:31,811 - INFO - T83 E1/50 | L: 0.73479769/0.61100974 | F1 M: 0.43615653 D: 0.21235728 | [S/N/B]: [0.1772/0.8838/0.2475] | LR: 0.00007604
2026-03-09 20:36:02,486 - INFO - T83 E2/50 | L: 0.71752890/0.60299030 | F1 M: 0.43577053 D: 0.20513811 | [S/N/B]: [0.1383/0.8970/0.2720] | LR: 0.00007581
2026-03-09 20:36:33,625 - INFO - T83 E3/50 | L: 0.71331809/0.60151785 | F1 M: 0.43590260 D: 0.20688318 | [S/N/B]: [0.1467/0.8939/0.2671] | LR: 0.00007544
2026-03-09 20:37:03,687 - INFO - T83 E4/50 | L: 0.71065794/0.60195131 | F1 M: 0.43464323 D: 0.20929448 | [S/N/B]: [0.1533/0.8853/0.2653] | LR: 0.00007492
2026-03-09 20:37:35,368 - INFO - T83 E5/50 | L: 0.70798829/0.60269015 | F1 M: 0.43674608 D: 0.20975881 | [S/N/B]: [0.1585/0.8907/0.2610] | LR: 0.00007425
2026-03-09 20:38:06,211 - INFO - T83 E6/50 | L: 0.70535392/0.60416781 | F1 M: 0.43924786 D: 0.21471963 | [S/N/B]: [0.1902/0.8883/0.2392] | LR: 0.00007344
2026-03-09 20:38:06,514 - INFO - Trial 83 stopped early due to patience (3 epochs without improvement)
2026-03-09 20:38:06,862 - INFO - Trial 83 finished with value: 0.43924786353870315 and parameters: {'tcn_channels': 128, 'lstm_hidden': 128, 'num_lstm_layers': 5, 'batch_size': 128, 'dropout': 0.4277739411377287, 'seq_len': 96, 'lr': 7.611330201102708e-05, 'weight_decay': 0.0019421300393906752, 'base_alpha_side': 3.005040644342912, 'base_alpha_neutral': 0.681386430803532, 'base_loss_gamma': 1.3753000255272807, 'base_loss_smoothing': 0.042594107721634425}. Best is trial 53 with value: 0.44484114413196946.
2026-03-09 20:38:09,263 - INFO - SequenceDataset: 152966/228206 valid sequences (Lookback protection active).
2026-03-09 20:38:09,264 - INFO - SequenceDataset: 65585/97790 valid sequences (Lookback protection active).
2026-03-09 20:38:10,588 - INFO - Trial 84 START | tcn=128, lstm=128, layers=6, batch=128, seq=96, drop=0.3970, lr=0.000045, wd=0.0026 | alpha=[3.36, 0.59, 3.36], gamma=2.30, smooth=0.03
2026-03-09 20:38:43,357 - INFO - T84 E1/50 | L: 0.64497001/0.52417321 | F1 M: 0.34291268 D: 0.11188760 | [S/N/B]: [0.0000/0.8050/0.2238] | LR: 0.00004477
2026-03-09 20:39:16,997 - INFO - T84 E2/50 | L: 0.62878767/0.52026266 | F1 M: 0.33583493 D: 0.10992387 | [S/N/B]: [0.0000/0.7877/0.2198] | LR: 0.00004463
2026-03-09 20:39:48,791 - INFO - T84 E3/50 | L: 0.62552260/0.52092189 | F1 M: 0.36507983 D: 0.16562525 | [S/N/B]: [0.1270/0.7640/0.2043] | LR: 0.00004441
2026-03-09 20:39:49,782 - INFO - Trial 84 pruned by Optuna at epoch 3
2026-03-09 20:39:50,073 - INFO - Trial 84 pruned. 
2026-03-09 20:39:52,614 - INFO - SequenceDataset: 152966/228206 valid sequences (Lookback protection active).
2026-03-09 20:39:52,615 - INFO - SequenceDataset: 65585/97790 valid sequences (Lookback protection active).
2026-03-09 20:39:53,633 - INFO - Trial 85 START | tcn=128, lstm=128, layers=5, batch=128, seq=96, drop=0.3342, lr=0.000057, wd=0.0017 | alpha=[2.77, 0.65, 2.77], gamma=1.26, smooth=0.04
2026-03-09 20:40:23,764 - INFO - T85 E1/50 | L: 0.68259045/0.56534526 | F1 M: 0.38614202 D: 0.13404344 | [S/N/B]: [0.0018/0.8903/0.2662] | LR: 0.00005695
2026-03-09 20:40:55,454 - INFO - T85 E2/50 | L: 0.66566215/0.56005870 | F1 M: 0.39164819 D: 0.13765553 | [S/N/B]: [0.0000/0.8996/0.2753] | LR: 0.00005678
2026-03-09 20:41:26,843 - INFO - T85 E3/50 | L: 0.66180449/0.56022403 | F1 M: 0.42317213 D: 0.18639781 | [S/N/B]: [0.0950/0.8967/0.2778] | LR: 0.00005650
2026-03-09 20:41:57,375 - INFO - T85 E4/50 | L: 0.65758691/0.55762043 | F1 M: 0.42474064 D: 0.18904957 | [S/N/B]: [0.1044/0.8961/0.2737] | LR: 0.00005611
2026-03-09 20:41:58,214 - INFO - Trial 85 pruned by Optuna at epoch 4
2026-03-09 20:41:58,703 - INFO - Trial 85 pruned. 
2026-03-09 20:42:00,833 - INFO - SequenceDataset: 133934/228182 valid sequences (Lookback protection active).
2026-03-09 20:42:00,834 - INFO - SequenceDataset: 57425/97766 valid sequences (Lookback protection active).
2026-03-09 20:42:01,318 - INFO - Trial 86 START | tcn=128, lstm=128, layers=4, batch=128, seq=120, drop=0.4115, lr=0.000067, wd=0.0016 | alpha=[2.52, 0.74, 2.52], gamma=1.46, smooth=0.07
2026-03-09 20:42:26,722 - INFO - T86 E1/50 | L: 0.68039477/0.56814301 | F1 M: 0.41841282 D: 0.17637418 | [S/N/B]: [0.0865/0.9025/0.2663] | LR: 0.00006671
2026-03-09 20:42:51,626 - INFO - T86 E2/50 | L: 0.66546597/0.56614196 | F1 M: 0.41882045 D: 0.17557832 | [S/N/B]: [0.0840/0.9053/0.2671] | LR: 0.00006651
2026-03-09 20:43:15,995 - INFO - T86 E3/50 | L: 0.66195556/0.56468929 | F1 M: 0.43017519 D: 0.19387212 | [S/N/B]: [0.1143/0.9028/0.2734] | LR: 0.00006618
2026-03-09 20:43:40,449 - INFO - T86 E4/50 | L: 0.65870380/0.56489030 | F1 M: 0.42219701 D: 0.18462745 | [S/N/B]: [0.0938/0.8973/0.2754] | LR: 0.00006572
2026-03-09 20:44:04,971 - INFO - T86 E5/50 | L: 0.65609826/0.56542128 | F1 M: 0.43929305 D: 0.20911798 | [S/N/B]: [0.1684/0.8996/0.2499] | LR: 0.00006514
2026-03-09 20:44:30,199 - INFO - T86 E6/50 | L: 0.65330030/0.56561126 | F1 M: 0.44237468 D: 0.21275022 | [S/N/B]: [0.1820/0.9016/0.2435] | LR: 0.00006443
2026-03-09 20:44:30,357 - INFO - Trial 86 stopped early due to patience (3 epochs without improvement)
2026-03-09 20:44:31,008 - INFO - Trial 86 finished with value: 0.44237467935492725 and parameters: {'tcn_channels': 128, 'lstm_hidden': 128, 'num_lstm_layers': 4, 'batch_size': 128, 'dropout': 0.41151920819332266, 'seq_len': 120, 'lr': 6.677335094879695e-05, 'weight_decay': 0.0015746741587146903, 'base_alpha_side': 2.521198413568216, 'base_alpha_neutral': 0.7385660252661286, 'base_loss_gamma': 1.4645668062061359, 'base_loss_smoothing': 0.06507654761061406}. Best is trial 53 with value: 0.44484114413196946.
2026-03-09 20:44:32,474 - INFO - SequenceDataset: 133934/228182 valid sequences (Lookback protection active).
2026-03-09 20:44:32,474 - INFO - SequenceDataset: 57425/97766 valid sequences (Lookback protection active).
2026-03-09 20:44:32,805 - INFO - Trial 87 START | tcn=256, lstm=128, layers=3, batch=128, seq=120, drop=0.3689, lr=0.000062, wd=0.0016 | alpha=[2.48, 0.74, 2.48], gamma=1.54, smooth=0.03
2026-03-09 20:44:55,776 - INFO - T87 E1/50 | L: 0.62388603/0.51349116 | F1 M: 0.39329954 D: 0.14065044 | [S/N/B]: [0.0005/0.8986/0.2808] | LR: 0.00006178
2026-03-09 20:45:18,644 - INFO - T87 E2/50 | L: 0.60896385/0.51168754 | F1 M: 0.44223884 D: 0.21033218 | [S/N/B]: [0.1935/0.9061/0.2271] | LR: 0.00006160
2026-03-09 20:45:41,401 - INFO - T87 E3/50 | L: 0.60346005/0.51051907 | F1 M: 0.44676942 D: 0.22013159 | [S/N/B]: [0.2079/0.9000/0.2324] | LR: 0.00006130
2026-03-09 20:45:41,703 - INFO - 🥇 [MACRO]  Trial 87 | Global F1 Macro record: 0.44676942 (prev: 0.44484114) → saved best_tcn_lstm.pt
2026-03-09 20:46:04,878 - INFO - T87 E4/50 | L: 0.59710567/0.51688021 | F1 M: 0.43980945 D: 0.21070462 | [S/N/B]: [0.2418/0.8980/0.1796] | LR: 0.00006087
2026-03-09 20:46:27,830 - INFO - T87 E5/50 | L: 0.58721718/0.52434032 | F1 M: 0.44192923 D: 0.21297058 | [S/N/B]: [0.2074/0.8998/0.2185] | LR: 0.00006033
2026-03-09 20:46:50,065 - INFO - T87 E6/50 | L: 0.57167062/0.54276895 | F1 M: 0.43792036 D: 0.20708388 | [S/N/B]: [0.2183/0.8996/0.1959] | LR: 0.00005967
2026-03-09 20:46:50,263 - INFO - Trial 87 stopped early due to patience (3 epochs without improvement)
2026-03-09 20:46:50,835 - INFO - Trial 87 finished with value: 0.4467694189369511 and parameters: {'tcn_channels': 256, 'lstm_hidden': 128, 'num_lstm_layers': 3, 'batch_size': 128, 'dropout': 0.3689209974716134, 'seq_len': 120, 'lr': 6.18433805675582e-05, 'weight_decay': 0.00157674028113971, 'base_alpha_side': 2.4834843617033147, 'base_alpha_neutral': 0.7358724477915397, 'base_loss_gamma': 1.5381487378547722, 'base_loss_smoothing': 0.027847320919379817}. Best is trial 87 with value: 0.4467694189369511.
2026-03-09 20:46:52,215 - INFO - SequenceDataset: 133934/228182 valid sequences (Lookback protection active).
2026-03-09 20:46:52,216 - INFO - SequenceDataset: 57425/97766 valid sequences (Lookback protection active).
2026-03-09 20:46:52,624 - INFO - Trial 88 START | tcn=256, lstm=32, layers=3, batch=128, seq=120, drop=0.3723, lr=0.000037, wd=0.0023 | alpha=[2.55, 0.75, 2.55], gamma=1.46, smooth=0.03
2026-03-09 20:47:14,811 - INFO - T88 E1/50 | L: 0.68599750/0.54881673 | F1 M: 0.38434376 D: 0.13239417 | [S/N/B]: [0.2648/0.8882/0.0000] | LR: 0.00003722
2026-03-09 20:47:37,291 - INFO - T88 E2/50 | L: 0.65307721/0.54182602 | F1 M: 0.39456908 D: 0.13901122 | [S/N/B]: [0.2780/0.9057/0.0000] | LR: 0.00003711
2026-03-09 20:48:00,425 - INFO - T88 E3/50 | L: 0.64574884/0.54123358 | F1 M: 0.39749625 D: 0.14548830 | [S/N/B]: [0.2725/0.9015/0.0185] | LR: 0.00003693
2026-03-09 20:48:00,912 - INFO - Trial 88 pruned by Optuna at epoch 3
2026-03-09 20:48:01,207 - INFO - Trial 88 pruned. 
2026-03-09 20:48:03,841 - INFO - SequenceDataset: 133934/228182 valid sequences (Lookback protection active).
2026-03-09 20:48:03,842 - INFO - SequenceDataset: 57425/97766 valid sequences (Lookback protection active).
2026-03-09 20:48:04,816 - INFO - Trial 89 START | tcn=256, lstm=128, layers=3, batch=256, seq=120, drop=0.3855, lr=0.000046, wd=0.0016 | alpha=[2.17, 0.78, 2.17], gamma=1.56, smooth=0.02
2026-03-09 20:48:23,684 - INFO - T89 E1/50 | L: 0.56448271/0.45902008 | F1 M: 0.41186545 D: 0.16871504 | [S/N/B]: [0.0603/0.8982/0.2771] | LR: 0.00004546
2026-03-09 20:48:43,574 - INFO - T89 E2/50 | L: 0.54235668/0.45501067 | F1 M: 0.42345488 D: 0.17886805 | [S/N/B]: [0.1026/0.9126/0.2552] | LR: 0.00004532
2026-03-09 20:49:03,059 - INFO - T89 E3/50 | L: 0.53894152/0.45348374 | F1 M: 0.42893866 D: 0.18720624 | [S/N/B]: [0.1166/0.9124/0.2578] | LR: 0.00004510
2026-03-09 20:49:22,232 - INFO - T89 E4/50 | L: 0.53533822/0.45661926 | F1 M: 0.42955201 D: 0.18558713 | [S/N/B]: [0.1257/0.9175/0.2455] | LR: 0.00004479
2026-03-09 20:49:41,331 - INFO - T89 E5/50 | L: 0.53214419/0.45601800 | F1 M: 0.44178382 D: 0.20748697 | [S/N/B]: [0.1727/0.9104/0.2423] | LR: 0.00004439
2026-03-09 20:50:00,353 - INFO - T89 E6/50 | L: 0.52870247/0.45819407 | F1 M: 0.44038284 D: 0.20434726 | [S/N/B]: [0.1872/0.9125/0.2215] | LR: 0.00004391
2026-03-09 20:50:01,134 - INFO - Trial 89 stopped early due to patience (3 epochs without improvement)
2026-03-09 20:50:01,607 - INFO - Trial 89 finished with value: 0.44178381550018325 and parameters: {'tcn_channels': 256, 'lstm_hidden': 128, 'num_lstm_layers': 3, 'batch_size': 256, 'dropout': 0.38547256419814835, 'seq_len': 120, 'lr': 4.5503275086492906e-05, 'weight_decay': 0.0016051158857133747, 'base_alpha_side': 2.1669641881441413, 'base_alpha_neutral': 0.7790069168596924, 'base_loss_gamma': 1.5592534058679202, 'base_loss_smoothing': 0.02201420153445749}. Best is trial 87 with value: 0.4467694189369511.
2026-03-09 20:50:04,573 - INFO - SequenceDataset: 133934/228182 valid sequences (Lookback protection active).
2026-03-09 20:50:04,574 - INFO - SequenceDataset: 57425/97766 valid sequences (Lookback protection active).
2026-03-09 20:50:05,137 - INFO - Trial 90 START | tcn=256, lstm=128, layers=4, batch=128, seq=120, drop=0.4124, lr=0.000054, wd=0.0020 | alpha=[2.40, 0.70, 2.40], gamma=1.44, smooth=0.08
2026-03-09 20:50:30,315 - INFO - T90 E1/50 | L: 0.64773573/0.54379126 | F1 M: 0.39329332 D: 0.13755204 | [S/N/B]: [0.0000/0.9048/0.2751] | LR: 0.00005427
2026-03-09 20:50:55,425 - INFO - T90 E2/50 | L: 0.63196364/0.54316265 | F1 M: 0.39008145 D: 0.14148296 | [S/N/B]: [0.0058/0.8873/0.2771] | LR: 0.00005411
2026-03-09 20:51:21,194 - INFO - T90 E3/50 | L: 0.62768998/0.54271098 | F1 M: 0.41644068 D: 0.16904037 | [S/N/B]: [0.0616/0.9112/0.2765] | LR: 0.00005384
2026-03-09 20:51:21,591 - INFO - Trial 90 pruned by Optuna at epoch 3
2026-03-09 20:51:22,717 - INFO - Trial 90 pruned. 
2026-03-09 20:51:24,791 - INFO - SequenceDataset: 133934/228182 valid sequences (Lookback protection active).
2026-03-09 20:51:24,792 - INFO - SequenceDataset: 57425/97766 valid sequences (Lookback protection active).
2026-03-09 20:51:25,311 - INFO - Trial 91 START | tcn=256, lstm=128, layers=3, batch=256, seq=120, drop=0.3834, lr=0.000047, wd=0.0016 | alpha=[2.21, 0.79, 2.21], gamma=1.53, smooth=0.01
2026-03-09 20:51:44,138 - INFO - T91 E1/50 | L: 0.57438787/0.46542742 | F1 M: 0.39456788 D: 0.13883756 | [S/N/B]: [0.0000/0.9060/0.2777] | LR: 0.00004684
2026-03-09 20:52:03,333 - INFO - T91 E2/50 | L: 0.55391819/0.46218818 | F1 M: 0.41269508 D: 0.16178832 | [S/N/B]: [0.0560/0.9145/0.2676] | LR: 0.00004670
2026-03-09 20:52:22,667 - INFO - T91 E3/50 | L: 0.54929543/0.46434039 | F1 M: 0.43674677 D: 0.19988947 | [S/N/B]: [0.1471/0.9105/0.2527] | LR: 0.00004647
2026-03-09 20:52:41,664 - INFO - T91 E4/50 | L: 0.54632289/0.46297411 | F1 M: 0.43529692 D: 0.19807859 | [S/N/B]: [0.2334/0.9097/0.1628] | LR: 0.00004615
2026-03-09 20:52:59,943 - INFO - T91 E5/50 | L: 0.54253640/0.46409627 | F1 M: 0.43763493 D: 0.20140799 | [S/N/B]: [0.2049/0.9101/0.1980] | LR: 0.00004574
2026-03-09 20:53:00,301 - INFO - Trial 91 stopped early due to patience (3 epochs without improvement)
2026-03-09 20:53:01,147 - INFO - Trial 91 finished with value: 0.4376349257163803 and parameters: {'tcn_channels': 256, 'lstm_hidden': 128, 'num_lstm_layers': 3, 'batch_size': 256, 'dropout': 0.3834418558640165, 'seq_len': 120, 'lr': 4.6887153949849844e-05, 'weight_decay': 0.0015611235177720696, 'base_alpha_side': 2.210475795181644, 'base_alpha_neutral': 0.7870599751503542, 'base_loss_gamma': 1.5340002847991188, 'base_loss_smoothing': 0.013679173643867793}. Best is trial 87 with value: 0.4467694189369511.
2026-03-09 20:53:03,005 - INFO - SequenceDataset: 133934/228182 valid sequences (Lookback protection active).
2026-03-09 20:53:03,005 - INFO - SequenceDataset: 57425/97766 valid sequences (Lookback protection active).
2026-03-09 20:53:03,982 - INFO - Trial 92 START | tcn=256, lstm=128, layers=3, batch=256, seq=120, drop=0.3537, lr=0.000051, wd=0.0018 | alpha=[1.91, 0.76, 1.91], gamma=1.60, smooth=0.02
2026-03-09 20:53:22,570 - INFO - T92 E1/50 | L: 0.48497683/0.38938161 | F1 M: 0.39723381 D: 0.13872006 | [S/N/B]: [0.2744/0.9143/0.0030] | LR: 0.00005098
2026-03-09 20:53:41,601 - INFO - T92 E2/50 | L: 0.46312373/0.38834256 | F1 M: 0.41115063 D: 0.15907714 | [S/N/B]: [0.0562/0.9153/0.2620] | LR: 0.00005083
2026-03-09 20:54:00,952 - INFO - T92 E3/50 | L: 0.45941237/0.38913201 | F1 M: 0.43183454 D: 0.18956988 | [S/N/B]: [0.1446/0.9164/0.2346] | LR: 0.00005058
2026-03-09 20:54:20,107 - INFO - T92 E4/50 | L: 0.45624816/0.38860959 | F1 M: 0.43805663 D: 0.20184608 | [S/N/B]: [0.1653/0.9105/0.2384] | LR: 0.00005023
2026-03-09 20:54:38,636 - INFO - T92 E5/50 | L: 0.45264819/0.39180793 | F1 M: 0.43944057 D: 0.20441245 | [S/N/B]: [0.1723/0.9095/0.2365] | LR: 0.00004978
2026-03-09 20:54:39,269 - INFO - Trial 92 stopped early due to patience (3 epochs without improvement)
2026-03-09 20:54:39,512 - INFO - Trial 92 finished with value: 0.4394405661382754 and parameters: {'tcn_channels': 256, 'lstm_hidden': 128, 'num_lstm_layers': 3, 'batch_size': 256, 'dropout': 0.3537217424807852, 'seq_len': 120, 'lr': 5.1028392502164546e-05, 'weight_decay': 0.0017928341295338995, 'base_alpha_side': 1.9106688433310663, 'base_alpha_neutral': 0.7580683895675574, 'base_loss_gamma': 1.604233847254702, 'base_loss_smoothing': 0.0197995912345343}. Best is trial 87 with value: 0.4467694189369511.
2026-03-09 20:54:41,290 - INFO - SequenceDataset: 133934/228182 valid sequences (Lookback protection active).
2026-03-09 20:54:41,291 - INFO - SequenceDataset: 57425/97766 valid sequences (Lookback protection active).
2026-03-09 20:54:41,622 - INFO - Trial 93 START | tcn=256, lstm=128, layers=3, batch=256, seq=120, drop=0.3916, lr=0.000032, wd=0.0012 | alpha=[2.15, 0.80, 2.15], gamma=1.39, smooth=0.03
2026-03-09 20:54:59,566 - INFO - T93 E1/50 | L: 0.60571834/0.48551945 | F1 M: 0.39187738 D: 0.13146907 | [S/N/B]: [0.0000/0.9127/0.2629] | LR: 0.00003228
2026-03-09 20:55:18,899 - INFO - T93 E2/50 | L: 0.57525876/0.48217894 | F1 M: 0.39379304 D: 0.13417453 | [S/N/B]: [0.0000/0.9130/0.2683] | LR: 0.00003218
2026-03-09 20:55:37,124 - INFO - T93 E3/50 | L: 0.57076753/0.48225018 | F1 M: 0.39336775 D: 0.13219157 | [S/N/B]: [0.0000/0.9157/0.2644] | LR: 0.00003202
2026-03-09 20:55:37,320 - INFO - Trial 93 pruned by Optuna at epoch 3
2026-03-09 20:55:37,518 - INFO - Trial 93 pruned. 
2026-03-09 20:55:39,090 - INFO - SequenceDataset: 133934/228182 valid sequences (Lookback protection active).
2026-03-09 20:55:39,091 - INFO - SequenceDataset: 57425/97766 valid sequences (Lookback protection active).
2026-03-09 20:55:39,995 - INFO - Trial 94 START | tcn=256, lstm=128, layers=4, batch=256, seq=120, drop=0.4015, lr=0.000066, wd=0.0015 | alpha=[2.53, 0.77, 2.53], gamma=1.50, smooth=0.02
2026-03-09 20:55:59,289 - INFO - T94 E1/50 | L: 0.65667951/0.53760109 | F1 M: 0.43255232 D: 0.19599695 | [S/N/B]: [0.1460/0.9057/0.2460] | LR: 0.00006628
2026-03-09 20:56:19,937 - INFO - T94 E2/50 | L: 0.63703914/0.53424831 | F1 M: 0.43737768 D: 0.20179564 | [S/N/B]: [0.1599/0.9085/0.2437] | LR: 0.00006608
2026-03-09 20:56:39,633 - INFO - T94 E3/50 | L: 0.63261579/0.53445071 | F1 M: 0.44080598 D: 0.21000575 | [S/N/B]: [0.2123/0.9024/0.2077] | LR: 0.00006575
2026-03-09 20:56:59,768 - INFO - T94 E4/50 | L: 0.62807489/0.53636118 | F1 M: 0.43819585 D: 0.20163671 | [S/N/B]: [0.2011/0.9113/0.2022] | LR: 0.00006530
2026-03-09 20:57:19,698 - INFO - T94 E5/50 | L: 0.62339739/0.53658523 | F1 M: 0.44239278 D: 0.21188633 | [S/N/B]: [0.2056/0.9034/0.2182] | LR: 0.00006472
2026-03-09 20:57:19,868 - INFO - Trial 94 stopped early due to patience (3 epochs without improvement)
2026-03-09 20:57:20,079 - INFO - Trial 94 finished with value: 0.4423927811396862 and parameters: {'tcn_channels': 256, 'lstm_hidden': 128, 'num_lstm_layers': 4, 'batch_size': 256, 'dropout': 0.4015267431821694, 'seq_len': 120, 'lr': 6.634216350070494e-05, 'weight_decay': 0.0015429028889398567, 'base_alpha_side': 2.5260077393878912, 'base_alpha_neutral': 0.7670691699910145, 'base_loss_gamma': 1.4980946606890413, 'base_loss_smoothing': 0.024138219998913996}. Best is trial 87 with value: 0.4467694189369511.
2026-03-09 20:57:21,962 - INFO - SequenceDataset: 133934/228182 valid sequences (Lookback protection active).
2026-03-09 20:57:21,963 - INFO - SequenceDataset: 57425/97766 valid sequences (Lookback protection active).
2026-03-09 20:57:23,020 - INFO - Trial 95 START | tcn=256, lstm=128, layers=4, batch=256, seq=120, drop=0.4025, lr=0.000066, wd=0.0028 | alpha=[2.52, 0.74, 2.52], gamma=1.29, smooth=0.02
2026-03-09 20:57:42,828 - INFO - T95 E1/50 | L: 0.67586333/0.55220562 | F1 M: 0.39437948 D: 0.13641325 | [S/N/B]: [0.0005/0.9103/0.2723] | LR: 0.00006639
2026-03-09 20:58:03,425 - INFO - T95 E2/50 | L: 0.65191730/0.54815460 | F1 M: 0.40553624 D: 0.15712622 | [S/N/B]: [0.0353/0.9024/0.2789] | LR: 0.00006619
2026-03-09 20:58:24,244 - INFO - T95 E3/50 | L: 0.64658161/0.54683458 | F1 M: 0.42548033 D: 0.18448761 | [S/N/B]: [0.0961/0.9075/0.2728] | LR: 0.00006586
2026-03-09 20:58:44,680 - INFO - T95 E4/50 | L: 0.64237289/0.55051812 | F1 M: 0.42376940 D: 0.18351633 | [S/N/B]: [0.0925/0.9043/0.2746] | LR: 0.00006541
2026-03-09 20:58:44,792 - INFO - Trial 95 pruned by Optuna at epoch 4
2026-03-09 20:58:44,893 - INFO - Trial 95 pruned. 
2026-03-09 20:58:45,854 - INFO - SequenceDataset: 133934/228182 valid sequences (Lookback protection active).
2026-03-09 20:58:45,855 - INFO - SequenceDataset: 57425/97766 valid sequences (Lookback protection active).
2026-03-09 20:58:46,115 - INFO - Trial 96 START | tcn=256, lstm=128, layers=4, batch=128, seq=120, drop=0.4361, lr=0.000062, wd=0.0015 | alpha=[1.76, 0.70, 1.76], gamma=1.51, smooth=0.05
2026-03-09 20:59:10,943 - INFO - T96 E1/50 | L: 0.44427429/0.36662138 | F1 M: 0.39112410 D: 0.12746079 | [S/N/B]: [0.0000/0.9185/0.2549] | LR: 0.00006223
2026-03-09 20:59:36,103 - INFO - T96 E2/50 | L: 0.43120700/0.36517820 | F1 M: 0.39525718 D: 0.13909324 | [S/N/B]: [0.0000/0.9076/0.2782] | LR: 0.00006205
2026-03-09 21:00:01,513 - INFO - T96 E3/50 | L: 0.42778125/0.36355311 | F1 M: 0.41738715 D: 0.16930644 | [S/N/B]: [0.0779/0.9135/0.2607] | LR: 0.00006174
2026-03-09 21:00:02,502 - INFO - Trial 96 pruned by Optuna at epoch 3
2026-03-09 21:00:02,787 - INFO - Trial 96 pruned. 
2026-03-09 21:00:05,340 - INFO - SequenceDataset: 133934/228182 valid sequences (Lookback protection active).
2026-03-09 21:00:05,341 - INFO - SequenceDataset: 57425/97766 valid sequences (Lookback protection active).
2026-03-09 21:00:06,452 - INFO - Trial 97 START | tcn=64, lstm=64, layers=4, batch=128, seq=120, drop=0.4085, lr=0.000056, wd=0.0010 | alpha=[2.32, 0.72, 2.32], gamma=1.67, smooth=0.02
2026-03-09 21:00:30,698 - INFO - T97 E1/50 | L: 0.57116979/0.45964339 | F1 M: 0.39080275 D: 0.13456770 | [S/N/B]: [0.0000/0.9033/0.2691] | LR: 0.00005642
2026-03-09 21:00:56,106 - INFO - T97 E2/50 | L: 0.54932944/0.45603299 | F1 M: 0.39352273 D: 0.13725490 | [S/N/B]: [0.0000/0.9061/0.2745] | LR: 0.00005625
2026-03-09 21:01:21,053 - INFO - T97 E3/50 | L: 0.54647728/0.45420845 | F1 M: 0.39371504 D: 0.13870445 | [S/N/B]: [0.0000/0.9037/0.2774] | LR: 0.00005597
2026-03-09 21:01:21,970 - INFO - Trial 97 pruned by Optuna at epoch 3
2026-03-09 21:01:22,301 - INFO - Trial 97 pruned. 
2026-03-09 21:01:24,757 - INFO - SequenceDataset: 133934/228182 valid sequences (Lookback protection active).
2026-03-09 21:01:24,758 - INFO - SequenceDataset: 57425/97766 valid sequences (Lookback protection active).
2026-03-09 21:01:25,790 - INFO - Trial 98 START | tcn=256, lstm=128, layers=4, batch=512, seq=120, drop=0.4175, lr=0.000069, wd=0.0021 | alpha=[2.78, 0.77, 2.78], gamma=2.45, smooth=0.01
2026-03-09 21:01:45,655 - INFO - T98 E1/50 | L: 0.60994164/0.49245249 | F1 M: 0.40472178 D: 0.17034311 | [S/N/B]: [0.0665/0.8735/0.2742] | LR: 0.00006938
2026-03-09 21:02:07,147 - INFO - T98 E2/50 | L: 0.58764055/0.49156894 | F1 M: 0.42229620 D: 0.20538247 | [S/N/B]: [0.1460/0.8561/0.2648] | LR: 0.00006918
2026-03-09 21:02:28,285 - INFO - T98 E3/50 | L: 0.58307103/0.48984396 | F1 M: 0.42672663 D: 0.20925377 | [S/N/B]: [0.1440/0.8617/0.2745] | LR: 0.00006883
2026-03-09 21:02:49,710 - INFO - T98 E4/50 | L: 0.57989744/0.48940200 | F1 M: 0.43699593 D: 0.21456577 | [S/N/B]: [0.1661/0.8819/0.2630] | LR: 0.00006836
2026-03-09 21:03:10,849 - INFO - T98 E5/50 | L: 0.57696136/0.49008210 | F1 M: 0.43629845 D: 0.21543467 | [S/N/B]: [0.1727/0.8780/0.2582] | LR: 0.00006775
2026-03-09 21:03:31,972 - INFO - T98 E6/50 | L: 0.57370120/0.49242627 | F1 M: 0.42971800 D: 0.21497207 | [S/N/B]: [0.1876/0.8592/0.2423] | LR: 0.00006701
2026-03-09 21:03:52,565 - INFO - T98 E7/50 | L: 0.57071034/0.49859392 | F1 M: 0.43633428 D: 0.21493959 | [S/N/B]: [0.1887/0.8791/0.2412] | LR: 0.00006614
2026-03-09 21:03:52,707 - INFO - Trial 98 stopped early due to patience (3 epochs without improvement)
2026-03-09 21:03:53,511 - INFO - Trial 98 finished with value: 0.4369959258190279 and parameters: {'tcn_channels': 256, 'lstm_hidden': 128, 'num_lstm_layers': 4, 'batch_size': 512, 'dropout': 0.41749216515308, 'seq_len': 120, 'lr': 6.944922689119221e-05, 'weight_decay': 0.0020735637156186954, 'base_alpha_side': 2.7845592433544186, 'base_alpha_neutral': 0.7692720898102791, 'base_loss_gamma': 2.4535725286854384, 'base_loss_smoothing': 0.01005440372680746}. Best is trial 87 with value: 0.4467694189369511.
2026-03-09 21:03:55,272 - INFO - SequenceDataset: 133934/228182 valid sequences (Lookback protection active).
2026-03-09 21:03:55,272 - INFO - SequenceDataset: 57425/97766 valid sequences (Lookback protection active).
2026-03-09 21:03:56,332 - INFO - Trial 99 START | tcn=512, lstm=32, layers=4, batch=128, seq=120, drop=0.3675, lr=0.000026, wd=0.0009 | alpha=[2.45, 0.56, 2.45], gamma=2.99, smooth=0.03
2026-03-09 21:04:29,713 - INFO - T99 E1/50 | L: 0.41841552/0.33837821 | F1 M: 0.36538343 D: 0.18866732 | [S/N/B]: [0.2475/0.7188/0.1298] | LR: 0.00002559
2026-03-09 21:05:03,236 - INFO - T99 E2/50 | L: 0.39741871/0.32886942 | F1 M: 0.35933670 D: 0.19415428 | [S/N/B]: [0.2622/0.6897/0.1261] | LR: 0.00002551
2026-03-09 21:05:38,067 - INFO - T99 E3/50 | L: 0.39125739/0.32606611 | F1 M: 0.38430713 D: 0.20481852 | [S/N/B]: [0.2665/0.7433/0.1432] | LR: 0.00002539
2026-03-09 21:05:38,338 - INFO - Trial 99 pruned by Optuna at epoch 3
2026-03-09 21:05:38,502 - INFO - Trial 99 pruned. 
2026-03-09 21:05:38,624 - INFO - ============================================================
2026-03-09 21:05:38,624 - INFO - --- OTIMIZACAO FINALIZADA ---
2026-03-09 21:05:38,625 - INFO - Motivo da Parada: MAXIMO DE TRIALS (100) ALCANCADOS
2026-03-09 21:05:38,625 - INFO - Tempo de Execucao da Sessao: 5.44 Horas
2026-03-09 21:05:38,625 - INFO - Trials Executados nesta Sessao: 100
2026-03-09 21:05:38,626 - INFO - ============================================================
2026-03-09 21:05:38,654 - INFO - 🥇 [MACRO] Best trial: 87 | F1 Macro: 0.44676942
2026-03-09 21:05:38,667 - INFO - 🥇 [MACRO] Best params: {'tcn_channels': 256, 'lstm_hidden': 128, 'num_lstm_layers': 3, 'batch_size': 128, 'dropout': '0.36892100', 'seq_len': 120, 'lr': '0.00006184', 'weight_decay': '0.00157674', 'base_alpha_side': '2.48348436', 'base_alpha_neutral': '0.73587245', 'base_loss_gamma': '1.53814874', 'base_loss_smoothing': '0.02784732'}
2026-03-09 21:05:38,722 - INFO - 🥇 [MACRO] Best params saved: src/cloud/base_model/otimizacao/best_params.json
2026-03-09 21:05:38,768 - INFO - 🏆 [DIR]   Best trial: 27 | F1 Dir: 0.22370131
2026-03-09 21:05:38,769 - INFO - 🏆 [DIR]   Best params: {'tcn_channels': 512, 'lstm_hidden': 128, 'num_lstm_layers': 6, 'batch_size': 512, 'dropout': '0.32625939', 'seq_len': 120, 'lr': '0.00006782', 'weight_decay': '0.00697454', 'base_alpha_side': '3.17095546', 'base_alpha_neutral': '0.56958490', 'base_loss_gamma': '1.19218750', 'base_loss_smoothing': '0.04826486'}
2026-03-09 21:05:38,852 - INFO - 🏆 [DIR]   Best params saved: src/cloud/base_model/otimizacao/best_dir_params.json
2026-03-09 21:05:38,852 - INFO - ============================================================
2026-03-09 21:05:38,852 - INFO - ✅ Optuna Foundation Training completed. Orchestration is now handled by run_manager.py
2026-03-09 21:05:38,853 - INFO - ============================================================
