{
    "d_model": 256,
    "nhead": 8,
    "num_layers": 2,
    "lr": 5.25826832041769e-05,
    "dropout": 0.2838748853780466,
    "batch_size": 32
}