2026-03-21 13:42:52,883 - INFO - 
📝 LOGGING INITIALIZED (UTF-8-SIG): logs/etl/etl_20260321_134252.log
2026-03-21 13:42:52,885 - INFO - 🧹 PRE-PROCESS: Cleaning up old temp files in data/L2/temp_raw
2026-03-21 13:42:52,892 - INFO - 🧹 GOLD CLEANUP: Clearing old parquets in data/L2/pre_processed
2026-03-21 13:42:53,655 - INFO - Listing ZIP files from remote: drive:PROJETOS/BTC_USDT_L2_2023_2026...
2026-03-21 13:42:56,348 - INFO - Found 1151 ZIP files in remote.
2026-03-21 13:42:56,348 - INFO - Listing Trades CSV files from remote: drive:PROJETOS/BTC_USDT_L2_TRADE_2023_2026...
2026-03-21 13:42:59,312 - INFO - Found 1151 Trades files in remote.
2026-03-21 13:42:59,348 - INFO - Scale Guard active: 32 -> 16 workers (Factor: 0.5)
2026-03-21 13:42:59,348 - INFO - System detected 32 vCPUs allocated.
2026-03-21 13:42:59,348 - INFO - ETL Scope: 2023 to 2023
2026-03-21 13:42:59,348 - INFO - ETL Worker Mode: Manual (Static) + ScaleGuard (0.5x for 2023) -> Using 16 processes.
2026-03-21 13:42:59,349 - INFO - Found 348 Paired Days (L2 + Trades) to process.
2026-03-21 13:42:59,422 - INFO - 📥 DOWNLOAD FILE: BTCUSDT2023-01-18.csv.gz
2026-03-21 13:42:59,426 - INFO - 📥 DOWNLOAD FILE: BTCUSDT2023-01-20.csv.gz
2026-03-21 13:42:59,429 - INFO - 📥 DOWNLOAD FILE: BTCUSDT2023-01-31.csv.gz
2026-03-21 13:42:59,430 - INFO - 📥 DOWNLOAD FILE: BTCUSDT2023-01-21.csv.gz
2026-03-21 13:42:59,431 - INFO - 📥 DOWNLOAD FILE: BTCUSDT2023-01-22.csv.gz
2026-03-21 13:42:59,431 - INFO - 📥 DOWNLOAD FILE: BTCUSDT2023-01-19.csv.gz
2026-03-21 13:42:59,432 - INFO - 📥 DOWNLOAD FILE: BTCUSDT2023-01-24.csv.gz
2026-03-21 13:42:59,433 - INFO - 📥 DOWNLOAD FILE: BTCUSDT2023-01-25.csv.gz
2026-03-21 13:42:59,434 - INFO - 📥 DOWNLOAD FILE: BTCUSDT2023-01-26.csv.gz
2026-03-21 13:42:59,434 - INFO - 📥 DOWNLOAD FILE: BTCUSDT2023-01-23.csv.gz
2026-03-21 13:42:59,435 - INFO - 📥 DOWNLOAD FILE: BTCUSDT2023-01-27.csv.gz
2026-03-21 13:42:59,435 - INFO - 📥 DOWNLOAD FILE: BTCUSDT2023-01-29.csv.gz
2026-03-21 13:42:59,436 - INFO - 📥 DOWNLOAD FILE: BTCUSDT2023-01-28.csv.gz
2026-03-21 13:42:59,437 - INFO - 📥 DOWNLOAD FILE: BTCUSDT2023-01-30.csv.gz
2026-03-21 13:42:59,438 - INFO - 📥 DOWNLOAD FILE: BTCUSDT2023-02-01.csv.gz
2026-03-21 13:42:59,438 - INFO - 📥 DOWNLOAD FILE: BTCUSDT2023-02-02.csv.gz
2026-03-21 13:43:04,075 - INFO - 📥 DOWNLOAD: 2023-01-27_BTCUSDT_ob500.data.zip
2026-03-21 13:43:04,076 - INFO - 📥 DOWNLOAD: 2023-01-30_BTCUSDT_ob500.data.zip
2026-03-21 13:43:04,232 - INFO - 📥 DOWNLOAD: 2023-01-18_BTCUSDT_ob500.data.zip
2026-03-21 13:43:04,373 - INFO - 📥 DOWNLOAD: 2023-01-28_BTCUSDT_ob500.data.zip
2026-03-21 13:43:04,595 - INFO - 📥 DOWNLOAD: 2023-01-25_BTCUSDT_ob500.data.zip
2026-03-21 13:43:05,026 - INFO - 📥 DOWNLOAD: 2023-01-24_BTCUSDT_ob500.data.zip
2026-03-21 13:43:05,057 - INFO - 📥 DOWNLOAD: 2023-01-31_BTCUSDT_ob500.data.zip
2026-03-21 13:43:05,476 - INFO - 📥 DOWNLOAD: 2023-01-26_BTCUSDT_ob500.data.zip
2026-03-21 13:43:05,511 - INFO - 📥 DOWNLOAD: 2023-01-22_BTCUSDT_ob500.data.zip
2026-03-21 13:43:06,112 - INFO - 📥 DOWNLOAD: 2023-02-01_BTCUSDT_ob500.data.zip
2026-03-21 13:43:06,170 - INFO - 📥 DOWNLOAD: 2023-01-29_BTCUSDT_ob500.data.zip
2026-03-21 13:43:06,351 - INFO - 📥 DOWNLOAD: 2023-01-20_BTCUSDT_ob500.data.zip
2026-03-21 13:43:06,388 - INFO - 📥 DOWNLOAD: 2023-01-19_BTCUSDT_ob500.data.zip
2026-03-21 13:43:06,447 - INFO - 📥 DOWNLOAD: 2023-02-02_BTCUSDT_ob500.data.zip
2026-03-21 13:43:06,754 - INFO - 📥 DOWNLOAD: 2023-01-23_BTCUSDT_ob500.data.zip
2026-03-21 13:43:07,132 - INFO - 📥 DOWNLOAD: 2023-01-21_BTCUSDT_ob500.data.zip
2026-03-21 13:43:10,419 - INFO - 📂 STREAMING: 2023-01-18_BTCUSDT_ob500.data
2026-03-21 13:43:11,021 - INFO - 📂 STREAMING: 2023-02-02_BTCUSDT_ob500.data
2026-03-21 13:43:12,324 - INFO - 📂 STREAMING: 2023-01-23_BTCUSDT_ob500.data
2026-03-21 13:43:12,332 - INFO - 📂 STREAMING: 2023-01-25_BTCUSDT_ob500.data
2026-03-21 13:43:12,722 - INFO - 📂 STREAMING: 2023-01-26_BTCUSDT_ob500.data
2026-03-21 13:43:13,230 - INFO - 📂 STREAMING: 2023-01-20_BTCUSDT_ob500.data
2026-03-21 13:43:13,550 - INFO - 📂 STREAMING: 2023-01-28_BTCUSDT_ob500.data
2026-03-21 13:43:14,499 - INFO - 📂 STREAMING: 2023-01-27_BTCUSDT_ob500.data
2026-03-21 13:43:14,999 - INFO - 📂 STREAMING: 2023-01-30_BTCUSDT_ob500.data
2026-03-21 13:43:15,222 - INFO - 📂 STREAMING: 2023-01-19_BTCUSDT_ob500.data
2026-03-21 13:43:16,030 - INFO - 📂 STREAMING: 2023-02-01_BTCUSDT_ob500.data
2026-03-21 13:43:16,455 - INFO - 📂 STREAMING: 2023-01-22_BTCUSDT_ob500.data
2026-03-21 13:43:17,118 - INFO - 📂 STREAMING: 2023-01-31_BTCUSDT_ob500.data
2026-03-21 13:43:17,699 - INFO - 📂 STREAMING: 2023-01-24_BTCUSDT_ob500.data
2026-03-21 13:43:17,818 - INFO - 📂 STREAMING: 2023-01-29_BTCUSDT_ob500.data
2026-03-21 13:43:19,431 - INFO - 📂 STREAMING: 2023-01-21_BTCUSDT_ob500.data
2026-03-21 13:43:37,873 - INFO - 🗑️ CLEANUP: Deleting processed zip: 2023-01-18_BTCUSDT_ob500.data.zip
2026-03-21 13:43:41,714 - INFO - 🗑️ CLEANUP: Deleting processed zip: 2023-01-28_BTCUSDT_ob500.data.zip
2026-03-21 13:43:43,283 - INFO - 📊 [Peak Load] 2023-01-28_BTCUSDT_ob500.data: Raw data in RAM | SYSTEM RAM: 80.11 GB (10.6%)
2026-03-21 13:43:43,289 - INFO - EventSampler iniciado. Modo: 'both' | Dollar=500000.0 | Tick=5000 | Info=100.0 | Time=300000ms
2026-03-21 13:43:43,871 - INFO - CUSUM (both): 10698 eventos. Trigger IID será aplicado dentro de cada janela CUSUM.
2026-03-21 13:43:44,051 - INFO - Barras geradas: 100848 | Ilhas: 1
2026-03-21 13:43:46,074 - INFO - 🗑️ CLEANUP: Deleting processed zip: 2023-01-19_BTCUSDT_ob500.data.zip
2026-03-21 13:43:46,134 - INFO - 🗑️ CLEANUP: Deleting processed zip: 2023-01-23_BTCUSDT_ob500.data.zip
2026-03-21 13:43:46,210 - INFO - 🗑️ CLEANUP: Deleting processed zip: 2023-01-26_BTCUSDT_ob500.data.zip
2026-03-21 13:43:46,739 - INFO - 🗑️ CLEANUP: Deleting processed zip: 2023-01-20_BTCUSDT_ob500.data.zip
2026-03-21 13:43:47,051 - INFO - 💾 Memory Optimization: Dropping 801 raw book columns.
2026-03-21 13:43:47,070 - INFO - 📊 [Drop Success] 2023-01-28_BTCUSDT_ob500.data: Columns discarded | SYSTEM RAM: 82.93 GB (11.0%)
2026-03-21 13:43:47,071 - INFO - --- Validating 2023-01-28_BTCUSDT_ob500.data ---
2026-03-21 13:43:47,238 - INFO - ✅ ARCHITECTURE INTEGRITY: 30/30 features present. Audit Scope: 46 columns (30 Features + 15 Raw/Price).
2026-03-21 13:43:47,270 - INFO - No NaNs found.
2026-03-21 13:43:47,284 - INFO - No Infinite values found.
2026-03-21 13:43:47,285 - INFO - Chronological order verified.
2026-03-21 13:43:47,299 - WARNING - ⚠️ STALE DATA ALERT: Possible feed lock detected in 2023-01-28_BTCUSDT_ob500.data
2026-03-21 13:43:47,311 - WARNING - ☢️ CRITICAL OUTLIER: [DNN_INPUT] pressure_ratio max (5.0948e+02) is > 15x P99. Clipping might have failed!
2026-03-21 13:43:47,314 - WARNING - ☢️ CRITICAL OUTLIER: [DNN_INPUT] bid_deep_ratio max (1.1882e+05) is > 15x P99. Clipping might have failed!
2026-03-21 13:43:47,321 - WARNING - ☢️ CRITICAL OUTLIER: [DNN_INPUT] ask_deep_ratio max (1.2859e+05) is > 15x P99. Clipping might have failed!
2026-03-21 13:43:47,368 - WARNING - ⚠️ HIGH TAIL INTENSITY: [RAW_DATA] bar_usd_volume has 102 points with Z-Score > 12.
2026-03-21 13:43:47,368 - WARNING - ⚠️ HIGH TAIL INTENSITY: [RAW_DATA] bar_btc_volume has 101 points with Z-Score > 12.
2026-03-21 13:43:47,368 - WARNING - ⚠️ HIGH TAIL INTENSITY: [DNN_INPUT] max_spread has 232 points with Z-Score > 12.
2026-03-21 13:43:47,369 - WARNING - ⚠️ HIGH TAIL INTENSITY: [DNN_INPUT] volatility has 127 points with Z-Score > 12.
2026-03-21 13:43:47,371 - WARNING - ⚠️ HIGH TAIL INTENSITY: [DNN_INPUT] micro_price_momentum has 56 points with Z-Score > 12.
2026-03-21 13:43:47,371 - WARNING - ⚠️ HIGH TAIL INTENSITY: [DNN_INPUT] bid_rdi has 131 points with Z-Score > 12.
2026-03-21 13:43:47,371 - WARNING - ⚠️ HIGH TAIL INTENSITY: [DNN_INPUT] ask_rdi has 96 points with Z-Score > 12.
2026-03-21 13:43:47,371 - WARNING - ⚠️ HIGH TAIL INTENSITY: [DNN_INPUT] pressure_ratio has 93 points with Z-Score > 12.
2026-03-21 13:43:47,371 - WARNING - ⚠️ HIGH TAIL INTENSITY: [DNN_INPUT] body has 61 points with Z-Score > 12.
2026-03-21 13:43:47,374 - WARNING - ⚠️ HIGH TAIL INTENSITY: [DNN_INPUT] upper_wick has 27 points with Z-Score > 12.
2026-03-21 13:43:47,374 - WARNING - ⚠️ HIGH TAIL INTENSITY: [DNN_INPUT] lower_wick has 14 points with Z-Score > 12.
2026-03-21 13:43:47,374 - WARNING - ⚠️ HIGH TAIL INTENSITY: [DNN_INPUT] log_ret_close has 53 points with Z-Score > 12.
2026-03-21 13:43:47,374 - WARNING - ⚠️ HIGH TAIL INTENSITY: [DNN_INPUT] bid_rdi_delta_5 has 78 points with Z-Score > 12.
2026-03-21 13:43:47,374 - WARNING - ⚠️ HIGH TAIL INTENSITY: [DNN_INPUT] ask_rdi_delta_5 has 54 points with Z-Score > 12.
2026-03-21 13:43:47,374 - WARNING - ⚠️ HIGH TAIL INTENSITY: [DNN_INPUT] bid_rdi_delta_30 has 190 points with Z-Score > 12.
2026-03-21 13:43:47,374 - WARNING - ⚠️ HIGH TAIL INTENSITY: [DNN_INPUT] ask_rdi_delta_30 has 134 points with Z-Score > 12.
2026-03-21 13:43:47,375 - WARNING - ⚠️ HIGH TAIL INTENSITY: [DNN_INPUT] spread_zscore_60 has 121 points with Z-Score > 12.
2026-03-21 13:43:47,375 - WARNING - ⚠️ HIGH TAIL INTENSITY: [DNN_INPUT] kyle_lambda has 36 points with Z-Score > 12.
2026-03-21 13:43:47,375 - WARNING - ⚠️ HIGH TAIL INTENSITY: [DNN_INPUT] bid_deep_ratio has 109 points with Z-Score > 12.
2026-03-21 13:43:47,375 - WARNING - ⚠️ HIGH TAIL INTENSITY: [DNN_INPUT] ask_deep_ratio has 141 points with Z-Score > 12.
2026-03-21 13:43:47,423 - INFO - ✅ Protocol Island Split: 1/1 islands survived. Total rows: 100848
2026-03-21 13:43:47,423 - INFO - 🏆 Gold Validation complete for 2023-01-28_BTCUSDT_ob500.data. Status: VALID
2026-03-21 13:43:47,423 - INFO - 🗑️ CLEANUP: Deleting processed zip: 2023-02-02_BTCUSDT_ob500.data.zip
2026-03-21 13:43:47,516 - INFO - Successfully saved 100848 rows to data/L2/pre_processed/2023-01-28_BTCUSDT_ob500.data.parquet
2026-03-21 13:43:47,516 - INFO - ✅ Saved event-driven dataset: 2023-01-28_BTCUSDT_ob500.data.parquet
2026-03-21 13:43:47,518 - INFO - 📊 [Memory] 2023-01-28_BTCUSDT_ob500.data: 0.0MB -> 6791.3MB
2026-03-21 13:43:48,097 - INFO - 📊 [Peak Load] 2023-01-19_BTCUSDT_ob500.data: Raw data in RAM | SYSTEM RAM: 94.61 GB (12.5%)
2026-03-21 13:43:48,115 - INFO - EventSampler iniciado. Modo: 'both' | Dollar=500000.0 | Tick=5000 | Info=100.0 | Time=300000ms
2026-03-21 13:43:48,249 - INFO - 🗑️ CLEANUP: Deleting processed zip: 2023-01-25_BTCUSDT_ob500.data.zip
2026-03-21 13:43:48,549 - INFO - 🗑️ CLEANUP: Deleting processed zip: 2023-01-27_BTCUSDT_ob500.data.zip
2026-03-21 13:43:48,765 - INFO - 📊 [Peak Load] 2023-01-23_BTCUSDT_ob500.data: Raw data in RAM | SYSTEM RAM: 108.96 GB (14.4%)
2026-03-21 13:43:48,771 - INFO - EventSampler iniciado. Modo: 'both' | Dollar=500000.0 | Tick=5000 | Info=100.0 | Time=300000ms
2026-03-21 13:43:48,927 - INFO - 📥 DOWNLOAD FILE: BTCUSDT2023-02-03.csv.gz
2026-03-21 13:43:49,453 - INFO - CUSUM (both): 20828 eventos. Trigger IID será aplicado dentro de cada janela CUSUM.
2026-03-21 13:43:49,524 - INFO - 🗑️ CLEANUP: Deleting processed zip: 2023-01-22_BTCUSDT_ob500.data.zip
2026-03-21 13:43:49,804 - INFO - Barras geradas: 288676 | Ilhas: 1
2026-03-21 13:43:49,865 - INFO - 🗑️ CLEANUP: Deleting processed zip: 2023-01-30_BTCUSDT_ob500.data.zip
2026-03-21 13:43:50,268 - INFO - 🗑️ CLEANUP: Deleting processed zip: 2023-01-31_BTCUSDT_ob500.data.zip
2026-03-21 13:43:50,527 - INFO - CUSUM (both): 28921 eventos. Trigger IID será aplicado dentro de cada janela CUSUM.
2026-03-21 13:43:50,711 - INFO - 🗑️ CLEANUP: Deleting processed zip: 2023-01-24_BTCUSDT_ob500.data.zip
2026-03-21 13:43:51,156 - INFO - 🗑️ CLEANUP: Deleting processed zip: 2023-02-01_BTCUSDT_ob500.data.zip
2026-03-21 13:43:51,377 - INFO - Barras geradas: 466337 | Ilhas: 1
2026-03-21 13:43:52,655 - INFO - 🗑️ CLEANUP: Deleting processed zip: 2023-01-29_BTCUSDT_ob500.data.zip
2026-03-21 13:43:55,957 - INFO - 📊 [Peak Load] 2023-01-26_BTCUSDT_ob500.data: Raw data in RAM | SYSTEM RAM: 177.94 GB (23.5%)
2026-03-21 13:43:55,962 - INFO - EventSampler iniciado. Modo: 'both' | Dollar=500000.0 | Tick=5000 | Info=100.0 | Time=300000ms
2026-03-21 13:43:56,005 - INFO - 📊 [Peak Load] 2023-01-30_BTCUSDT_ob500.data: Raw data in RAM | SYSTEM RAM: 178.26 GB (23.6%)
2026-03-21 13:43:56,024 - INFO - EventSampler iniciado. Modo: 'both' | Dollar=500000.0 | Tick=5000 | Info=100.0 | Time=300000ms
2026-03-21 13:43:56,030 - INFO - 📥 DOWNLOAD: 2023-02-03_BTCUSDT_ob500.data.zip
2026-03-21 13:43:56,200 - INFO - 📊 [Peak Load] 2023-01-31_BTCUSDT_ob500.data: Raw data in RAM | SYSTEM RAM: 180.43 GB (23.9%)
2026-03-21 13:43:56,215 - INFO - EventSampler iniciado. Modo: 'both' | Dollar=500000.0 | Tick=5000 | Info=100.0 | Time=300000ms
2026-03-21 13:43:58,008 - INFO - 📊 [Peak Load] 2023-01-24_BTCUSDT_ob500.data: Raw data in RAM | SYSTEM RAM: 199.45 GB (26.4%)
2026-03-21 13:43:58,025 - INFO - EventSampler iniciado. Modo: 'both' | Dollar=500000.0 | Tick=5000 | Info=100.0 | Time=300000ms
2026-03-21 13:43:58,323 - INFO - CUSUM (both): 27694 eventos. Trigger IID será aplicado dentro de cada janela CUSUM.
2026-03-21 13:43:59,176 - INFO - 📊 [Peak Load] 2023-01-18_BTCUSDT_ob500.data: Raw data in RAM | SYSTEM RAM: 206.66 GB (27.4%)
2026-03-21 13:43:59,205 - INFO - EventSampler iniciado. Modo: 'both' | Dollar=500000.0 | Tick=5000 | Info=100.0 | Time=300000ms
2026-03-21 13:43:59,325 - INFO - CUSUM (both): 23438 eventos. Trigger IID será aplicado dentro de cada janela CUSUM.
2026-03-21 13:43:59,556 - INFO - Barras geradas: 337348 | Ilhas: 1
2026-03-21 13:43:59,937 - INFO - 📊 [Peak Load] 2023-01-29_BTCUSDT_ob500.data: Raw data in RAM | SYSTEM RAM: 219.31 GB (29.0%)
2026-03-21 13:43:59,965 - INFO - EventSampler iniciado. Modo: 'both' | Dollar=500000.0 | Tick=5000 | Info=100.0 | Time=300000ms
2026-03-21 13:44:00,257 - INFO - Barras geradas: 293727 | Ilhas: 1
2026-03-21 13:44:00,277 - INFO - CUSUM (both): 30001 eventos. Trigger IID será aplicado dentro de cada janela CUSUM.
2026-03-21 13:44:00,679 - INFO - CUSUM (both): 26648 eventos. Trigger IID será aplicado dentro de cada janela CUSUM.
2026-03-21 13:44:01,444 - INFO - Barras geradas: 476863 | Ilhas: 1
2026-03-21 13:44:02,398 - INFO - Barras geradas: 388432 | Ilhas: 1
2026-03-21 13:44:03,463 - INFO - CUSUM (both): 33101 eventos. Trigger IID será aplicado dentro de cada janela CUSUM.
2026-03-21 13:44:03,679 - INFO - CUSUM (both): 28277 eventos. Trigger IID será aplicado dentro de cada janela CUSUM.
2026-03-21 13:44:05,769 - INFO - 💾 Memory Optimization: Dropping 801 raw book columns.
2026-03-21 13:44:05,806 - INFO - Barras geradas: 449969 | Ilhas: 1
2026-03-21 13:44:05,858 - INFO - 📊 [Drop Success] 2023-01-19_BTCUSDT_ob500.data: Columns discarded | SYSTEM RAM: 217.59 GB (28.8%)
2026-03-21 13:44:05,862 - INFO - --- Validating 2023-01-19_BTCUSDT_ob500.data ---
2026-03-21 13:44:06,095 - INFO - ✅ ARCHITECTURE INTEGRITY: 30/30 features present. Audit Scope: 46 columns (30 Features + 15 Raw/Price).
2026-03-21 13:44:06,164 - INFO - No NaNs found.
2026-03-21 13:44:06,219 - INFO - No Infinite values found.
2026-03-21 13:44:06,228 - INFO - Chronological order verified.
2026-03-21 13:44:06,261 - WARNING - ⚠️ STALE DATA ALERT: Possible feed lock detected in 2023-01-19_BTCUSDT_ob500.data
2026-03-21 13:44:06,301 - WARNING - ☢️ CRITICAL OUTLIER: [DNN_INPUT] body max (8.3210e-04) is > 15x P99. Clipping might have failed!
2026-03-21 13:44:06,311 - WARNING - ☢️ CRITICAL OUTLIER: [DNN_INPUT] pressure_ratio max (2.4293e+03) is > 15x P99. Clipping might have failed!
2026-03-21 13:44:06,320 - WARNING - ☢️ CRITICAL OUTLIER: [DNN_INPUT] bid_deep_ratio max (3.8690e+04) is > 15x P99. Clipping might have failed!
2026-03-21 13:44:06,328 - WARNING - ☢️ CRITICAL OUTLIER: [DNN_INPUT] upper_wick max (6.6591e-04) is > 15x P99. Clipping might have failed!
2026-03-21 13:44:06,360 - WARNING - ☢️ CRITICAL OUTLIER: [DNN_INPUT] lower_wick max (9.4953e-04) is > 15x P99. Clipping might have failed!
2026-03-21 13:44:06,388 - WARNING - ☢️ CRITICAL OUTLIER: [DNN_INPUT] ask_deep_ratio max (1.0658e+05) is > 15x P99. Clipping might have failed!
2026-03-21 13:44:06,848 - INFO - 🗑️ CLEANUP: Deleting processed zip: 2023-01-21_BTCUSDT_ob500.data.zip
2026-03-21 13:44:07,087 - WARNING - ⚠️ HIGH TAIL INTENSITY: [RAW_DATA] bar_usd_volume has 305 points with Z-Score > 12.
2026-03-21 13:44:07,095 - WARNING - ⚠️ HIGH TAIL INTENSITY: [RAW_DATA] bar_btc_volume has 304 points with Z-Score > 12.
2026-03-21 13:44:07,095 - WARNING - ⚠️ HIGH TAIL INTENSITY: [DNN_INPUT] max_spread has 418 points with Z-Score > 12.
2026-03-21 13:44:07,096 - WARNING - ⚠️ HIGH TAIL INTENSITY: [DNN_INPUT] volatility has 393 points with Z-Score > 12.
2026-03-21 13:44:07,096 - WARNING - ⚠️ HIGH TAIL INTENSITY: [DNN_INPUT] micro_price_momentum has 127 points with Z-Score > 12.
2026-03-21 13:44:07,096 - WARNING - ⚠️ HIGH TAIL INTENSITY: [DNN_INPUT] bid_rdi has 108 points with Z-Score > 12.
2026-03-21 13:44:07,096 - WARNING - ⚠️ HIGH TAIL INTENSITY: [DNN_INPUT] ask_rdi has 292 points with Z-Score > 12.
2026-03-21 13:44:07,097 - WARNING - ⚠️ HIGH TAIL INTENSITY: [DNN_INPUT] pressure_ratio has 232 points with Z-Score > 12.
2026-03-21 13:44:07,097 - WARNING - ⚠️ HIGH TAIL INTENSITY: [DNN_INPUT] body has 277 points with Z-Score > 12.
2026-03-21 13:44:07,097 - WARNING - ⚠️ HIGH TAIL INTENSITY: [DNN_INPUT] upper_wick has 110 points with Z-Score > 12.
2026-03-21 13:44:07,097 - WARNING - ⚠️ HIGH TAIL INTENSITY: [DNN_INPUT] lower_wick has 145 points with Z-Score > 12.
2026-03-21 13:44:07,097 - WARNING - ⚠️ HIGH TAIL INTENSITY: [DNN_INPUT] log_ret_close has 278 points with Z-Score > 12.
2026-03-21 13:44:07,097 - WARNING - ⚠️ HIGH TAIL INTENSITY: [DNN_INPUT] bid_rdi_delta_5 has 117 points with Z-Score > 12.
2026-03-21 13:44:07,097 - WARNING - ⚠️ HIGH TAIL INTENSITY: [DNN_INPUT] ask_rdi_delta_5 has 205 points with Z-Score > 12.
2026-03-21 13:44:07,097 - WARNING - ⚠️ HIGH TAIL INTENSITY: [DNN_INPUT] micro_price_delta_5 has 53 points with Z-Score > 12.
2026-03-21 13:44:07,098 - WARNING - ⚠️ HIGH TAIL INTENSITY: [DNN_INPUT] bid_rdi_delta_30 has 148 points with Z-Score > 12.
2026-03-21 13:44:07,098 - WARNING - ⚠️ HIGH TAIL INTENSITY: [DNN_INPUT] ask_rdi_delta_30 has 276 points with Z-Score > 12.
2026-03-21 13:44:07,098 - WARNING - ⚠️ HIGH TAIL INTENSITY: [DNN_INPUT] spread_zscore_60 has 390 points with Z-Score > 12.
2026-03-21 13:44:07,098 - WARNING - ⚠️ HIGH TAIL INTENSITY: [DNN_INPUT] vpin_min15 has 24 points with Z-Score > 12.
2026-03-21 13:44:07,098 - WARNING - ⚠️ HIGH TAIL INTENSITY: [DNN_INPUT] kyle_lambda has 249 points with Z-Score > 12.
2026-03-21 13:44:07,098 - WARNING - ⚠️ HIGH TAIL INTENSITY: [DNN_INPUT] bid_deep_ratio has 379 points with Z-Score > 12.
2026-03-21 13:44:07,098 - WARNING - ⚠️ HIGH TAIL INTENSITY: [DNN_INPUT] ask_deep_ratio has 693 points with Z-Score > 12.
2026-03-21 13:44:07,098 - WARNING - ⚠️ HIGH TAIL INTENSITY: [DNN_INPUT] bid_convexity has 119 points with Z-Score > 12.
2026-03-21 13:44:08,070 - INFO - ✅ Protocol Island Split: 1/1 islands survived. Total rows: 288676
2026-03-21 13:44:08,092 - INFO - 🏆 Gold Validation complete for 2023-01-19_BTCUSDT_ob500.data. Status: VALID
2026-03-21 13:44:09,002 - INFO - Successfully saved 288676 rows to data/L2/pre_processed/2023-01-19_BTCUSDT_ob500.data.parquet
2026-03-21 13:44:09,006 - INFO - ✅ Saved event-driven dataset: 2023-01-19_BTCUSDT_ob500.data.parquet
2026-03-21 13:44:09,013 - INFO - 📊 [Memory] 2023-01-19_BTCUSDT_ob500.data: 0.0MB -> 12452.7MB
2026-03-21 13:44:09,503 - INFO - Barras geradas: 651039 | Ilhas: 1
2026-03-21 13:44:10,314 - INFO - 📂 STREAMING: 2023-02-03_BTCUSDT_ob500.data
2026-03-21 13:44:15,766 - INFO - 📊 [Peak Load] 2023-01-27_BTCUSDT_ob500.data: Raw data in RAM | SYSTEM RAM: 201.73 GB (26.7%)
2026-03-21 13:44:15,845 - INFO - EventSampler iniciado. Modo: 'both' | Dollar=500000.0 | Tick=5000 | Info=100.0 | Time=300000ms
2026-03-21 13:44:17,254 - INFO - 📊 [Peak Load] 2023-01-22_BTCUSDT_ob500.data: Raw data in RAM | SYSTEM RAM: 201.83 GB (26.7%)
2026-03-21 13:44:17,265 - INFO - EventSampler iniciado. Modo: 'both' | Dollar=500000.0 | Tick=5000 | Info=100.0 | Time=300000ms
2026-03-21 13:44:18,185 - INFO - 📥 DOWNLOAD FILE: BTCUSDT2023-02-04.csv.gz
2026-03-21 13:44:18,772 - INFO - 📊 [Peak Load] 2023-01-20_BTCUSDT_ob500.data: Raw data in RAM | SYSTEM RAM: 198.10 GB (26.2%)
2026-03-21 13:44:18,799 - INFO - EventSampler iniciado. Modo: 'both' | Dollar=500000.0 | Tick=5000 | Info=100.0 | Time=300000ms
2026-03-21 13:44:22,019 - INFO - CUSUM (both): 28463 eventos. Trigger IID será aplicado dentro de cada janela CUSUM.
2026-03-21 13:44:23,584 - INFO - 💾 Memory Optimization: Dropping 801 raw book columns.
2026-03-21 13:44:23,811 - INFO - 📊 [Drop Success] 2023-01-23_BTCUSDT_ob500.data: Columns discarded | SYSTEM RAM: 212.43 GB (28.1%)
2026-03-21 13:44:23,815 - INFO - --- Validating 2023-01-23_BTCUSDT_ob500.data ---
2026-03-21 13:44:23,967 - INFO - ✅ ARCHITECTURE INTEGRITY: 30/30 features present. Audit Scope: 46 columns (30 Features + 15 Raw/Price).
2026-03-21 13:44:24,069 - INFO - No NaNs found.
2026-03-21 13:44:24,115 - INFO - No Infinite values found.
2026-03-21 13:44:24,120 - INFO - Chronological order verified.
2026-03-21 13:44:24,157 - WARNING - ⚠️ STALE DATA ALERT: Possible feed lock detected in 2023-01-23_BTCUSDT_ob500.data
2026-03-21 13:44:24,203 - WARNING - ☢️ CRITICAL OUTLIER: [DNN_INPUT] body max (1.2859e-03) is > 15x P99. Clipping might have failed!
2026-03-21 13:44:24,211 - WARNING - ☢️ CRITICAL OUTLIER: [DNN_INPUT] pressure_ratio max (1.4567e+04) is > 15x P99. Clipping might have failed!
2026-03-21 13:44:24,224 - WARNING - ☢️ CRITICAL OUTLIER: [DNN_INPUT] bid_deep_ratio max (1.4731e+05) is > 15x P99. Clipping might have failed!
2026-03-21 13:44:24,237 - WARNING - ☢️ CRITICAL OUTLIER: [DNN_INPUT] upper_wick max (1.0442e-03) is > 15x P99. Clipping might have failed!
2026-03-21 13:44:24,266 - WARNING - ☢️ CRITICAL OUTLIER: [DNN_INPUT] lower_wick max (1.0225e-03) is > 15x P99. Clipping might have failed!
2026-03-21 13:44:24,289 - WARNING - ☢️ CRITICAL OUTLIER: [DNN_INPUT] ask_deep_ratio max (1.3973e+05) is > 15x P99. Clipping might have failed!
2026-03-21 13:44:24,760 - WARNING - ⚠️ HIGH TAIL INTENSITY: [RAW_DATA] bar_usd_volume has 402 points with Z-Score > 12.
2026-03-21 13:44:24,764 - WARNING - ⚠️ HIGH TAIL INTENSITY: [RAW_DATA] bar_btc_volume has 404 points with Z-Score > 12.
2026-03-21 13:44:24,764 - WARNING - ⚠️ HIGH TAIL INTENSITY: [DNN_INPUT] max_spread has 660 points with Z-Score > 12.
2026-03-21 13:44:24,764 - WARNING - ⚠️ HIGH TAIL INTENSITY: [DNN_INPUT] volatility has 590 points with Z-Score > 12.
2026-03-21 13:44:24,765 - WARNING - ⚠️ HIGH TAIL INTENSITY: [DNN_INPUT] micro_price_momentum has 524 points with Z-Score > 12.
2026-03-21 13:44:24,765 - WARNING - ⚠️ HIGH TAIL INTENSITY: [DNN_INPUT] bid_rdi has 548 points with Z-Score > 12.
2026-03-21 13:44:24,765 - WARNING - ⚠️ HIGH TAIL INTENSITY: [DNN_INPUT] ask_rdi has 534 points with Z-Score > 12.
2026-03-21 13:44:24,765 - WARNING - ⚠️ HIGH TAIL INTENSITY: [DNN_INPUT] pressure_ratio has 208 points with Z-Score > 12.
2026-03-21 13:44:24,765 - WARNING - ⚠️ HIGH TAIL INTENSITY: [DNN_INPUT] body has 649 points with Z-Score > 12.
2026-03-21 13:44:24,765 - WARNING - ⚠️ HIGH TAIL INTENSITY: [DNN_INPUT] upper_wick has 225 points with Z-Score > 12.
2026-03-21 13:44:24,766 - WARNING - ⚠️ HIGH TAIL INTENSITY: [DNN_INPUT] lower_wick has 198 points with Z-Score > 12.
2026-03-21 13:44:24,766 - WARNING - ⚠️ HIGH TAIL INTENSITY: [DNN_INPUT] log_ret_close has 698 points with Z-Score > 12.
2026-03-21 13:44:24,766 - WARNING - ⚠️ HIGH TAIL INTENSITY: [DNN_INPUT] bid_rdi_delta_5 has 320 points with Z-Score > 12.
2026-03-21 13:44:24,766 - WARNING - ⚠️ HIGH TAIL INTENSITY: [DNN_INPUT] ask_rdi_delta_5 has 253 points with Z-Score > 12.
2026-03-21 13:44:24,766 - WARNING - ⚠️ HIGH TAIL INTENSITY: [DNN_INPUT] micro_price_delta_5 has 130 points with Z-Score > 12.
2026-03-21 13:44:24,766 - WARNING - ⚠️ HIGH TAIL INTENSITY: [DNN_INPUT] bid_rdi_delta_30 has 543 points with Z-Score > 12.
2026-03-21 13:44:24,766 - WARNING - ⚠️ HIGH TAIL INTENSITY: [DNN_INPUT] ask_rdi_delta_30 has 472 points with Z-Score > 12.
2026-03-21 13:44:24,766 - WARNING - ⚠️ HIGH TAIL INTENSITY: [DNN_INPUT] micro_price_delta_30 has 2 points with Z-Score > 12.
2026-03-21 13:44:24,766 - WARNING - ⚠️ HIGH TAIL INTENSITY: [DNN_INPUT] spread_zscore_60 has 676 points with Z-Score > 12.
2026-03-21 13:44:24,766 - WARNING - ⚠️ HIGH TAIL INTENSITY: [DNN_INPUT] kyle_lambda has 482 points with Z-Score > 12.
2026-03-21 13:44:24,766 - WARNING - ⚠️ HIGH TAIL INTENSITY: [DNN_INPUT] bid_deep_ratio has 784 points with Z-Score > 12.
2026-03-21 13:44:24,767 - WARNING - ⚠️ HIGH TAIL INTENSITY: [DNN_INPUT] ask_deep_ratio has 833 points with Z-Score > 12.
2026-03-21 13:44:24,767 - WARNING - ⚠️ HIGH TAIL INTENSITY: [DNN_INPUT] bid_convexity has 399 points with Z-Score > 12.
2026-03-21 13:44:24,767 - WARNING - ⚠️ HIGH TAIL INTENSITY: [DNN_INPUT] ask_convexity has 378 points with Z-Score > 12.
2026-03-21 13:44:25,196 - INFO - Barras geradas: 439702 | Ilhas: 1
2026-03-21 13:44:26,330 - INFO - ✅ Protocol Island Split: 1/1 islands survived. Total rows: 466337
2026-03-21 13:44:26,338 - INFO - 🏆 Gold Validation complete for 2023-01-23_BTCUSDT_ob500.data. Status: VALID
2026-03-21 13:44:27,035 - INFO - CUSUM (both): 26749 eventos. Trigger IID será aplicado dentro de cada janela CUSUM.
2026-03-21 13:44:27,116 - INFO - Successfully saved 466337 rows to data/L2/pre_processed/2023-01-23_BTCUSDT_ob500.data.parquet
2026-03-21 13:44:27,117 - INFO - ✅ Saved event-driven dataset: 2023-01-23_BTCUSDT_ob500.data.parquet
2026-03-21 13:44:27,120 - INFO - 📊 [Memory] 2023-01-23_BTCUSDT_ob500.data: 0.0MB -> 18446.2MB
2026-03-21 13:44:29,078 - INFO - 💾 Memory Optimization: Dropping 801 raw book columns.
2026-03-21 13:44:29,952 - INFO - 📊 [Drop Success] 2023-01-31_BTCUSDT_ob500.data: Columns discarded | SYSTEM RAM: 207.60 GB (27.5%)
2026-03-21 13:44:29,957 - INFO - --- Validating 2023-01-31_BTCUSDT_ob500.data ---
2026-03-21 13:44:30,246 - INFO - ✅ ARCHITECTURE INTEGRITY: 30/30 features present. Audit Scope: 46 columns (30 Features + 15 Raw/Price).
2026-03-21 13:44:30,394 - INFO - Barras geradas: 433287 | Ilhas: 1
2026-03-21 13:44:30,525 - INFO - No NaNs found.
2026-03-21 13:44:30,540 - INFO - 📊 [Peak Load] 2023-02-02_BTCUSDT_ob500.data: Raw data in RAM | SYSTEM RAM: 205.87 GB (27.2%)
2026-03-21 13:44:30,597 - INFO - EventSampler iniciado. Modo: 'both' | Dollar=500000.0 | Tick=5000 | Info=100.0 | Time=300000ms
2026-03-21 13:44:30,772 - INFO - No Infinite values found.
2026-03-21 13:44:30,781 - INFO - Chronological order verified.
2026-03-21 13:44:30,885 - WARNING - ⚠️ STALE DATA ALERT: Possible feed lock detected in 2023-01-31_BTCUSDT_ob500.data
2026-03-21 13:44:30,974 - WARNING - ☢️ CRITICAL OUTLIER: [DNN_INPUT] body max (1.9322e-03) is > 15x P99. Clipping might have failed!
2026-03-21 13:44:30,994 - WARNING - ☢️ CRITICAL OUTLIER: [DNN_INPUT] pressure_ratio max (1.9392e+03) is > 15x P99. Clipping might have failed!
2026-03-21 13:44:31,028 - WARNING - ☢️ CRITICAL OUTLIER: [DNN_INPUT] bid_deep_ratio max (1.4739e+05) is > 15x P99. Clipping might have failed!
2026-03-21 13:44:31,043 - WARNING - ☢️ CRITICAL OUTLIER: [DNN_INPUT] upper_wick max (1.0716e-03) is > 15x P99. Clipping might have failed!
2026-03-21 13:44:31,045 - INFO - 📥 DOWNLOAD: 2023-02-04_BTCUSDT_ob500.data.zip
2026-03-21 13:44:31,119 - WARNING - ☢️ CRITICAL OUTLIER: [DNN_INPUT] kyle_lambda max (1.9125e+01) is > 15x P99. Clipping might have failed!
2026-03-21 13:44:31,176 - WARNING - ☢️ CRITICAL OUTLIER: [DNN_INPUT] lower_wick max (1.7188e-03) is > 15x P99. Clipping might have failed!
2026-03-21 13:44:31,312 - WARNING - ☢️ CRITICAL OUTLIER: [DNN_INPUT] ask_deep_ratio max (1.9056e+05) is > 15x P99. Clipping might have failed!
2026-03-21 13:44:32,805 - INFO - 📊 [Peak Load] 2023-02-01_BTCUSDT_ob500.data: Raw data in RAM | SYSTEM RAM: 210.18 GB (27.8%)
2026-03-21 13:44:33,019 - INFO - EventSampler iniciado. Modo: 'both' | Dollar=500000.0 | Tick=5000 | Info=100.0 | Time=300000ms
2026-03-21 13:44:33,985 - INFO - CUSUM (both): 32713 eventos. Trigger IID será aplicado dentro de cada janela CUSUM.
2026-03-21 13:44:34,277 - WARNING - ⚠️ HIGH TAIL INTENSITY: [RAW_DATA] bar_usd_volume has 269 points with Z-Score > 12.
2026-03-21 13:44:34,294 - WARNING - ⚠️ HIGH TAIL INTENSITY: [RAW_DATA] bar_btc_volume has 269 points with Z-Score > 12.
2026-03-21 13:44:34,302 - WARNING - ⚠️ HIGH TAIL INTENSITY: [DNN_INPUT] max_spread has 148 points with Z-Score > 12.
2026-03-21 13:44:34,303 - WARNING - ⚠️ HIGH TAIL INTENSITY: [DNN_INPUT] volatility has 369 points with Z-Score > 12.
2026-03-21 13:44:34,303 - WARNING - ⚠️ HIGH TAIL INTENSITY: [DNN_INPUT] micro_price_momentum has 326 points with Z-Score > 12.
2026-03-21 13:44:34,303 - WARNING - ⚠️ HIGH TAIL INTENSITY: [DNN_INPUT] bid_rdi has 96 points with Z-Score > 12.
2026-03-21 13:44:34,304 - WARNING - ⚠️ HIGH TAIL INTENSITY: [DNN_INPUT] ask_rdi has 548 points with Z-Score > 12.
2026-03-21 13:44:34,304 - WARNING - ⚠️ HIGH TAIL INTENSITY: [DNN_INPUT] pressure_ratio has 362 points with Z-Score > 12.
2026-03-21 13:44:34,304 - WARNING - ⚠️ HIGH TAIL INTENSITY: [DNN_INPUT] body has 410 points with Z-Score > 12.
2026-03-21 13:44:34,304 - WARNING - ⚠️ HIGH TAIL INTENSITY: [DNN_INPUT] upper_wick has 123 points with Z-Score > 12.
2026-03-21 13:44:34,304 - WARNING - ⚠️ HIGH TAIL INTENSITY: [DNN_INPUT] lower_wick has 208 points with Z-Score > 12.
2026-03-21 13:44:34,304 - WARNING - ⚠️ HIGH TAIL INTENSITY: [DNN_INPUT] log_ret_close has 494 points with Z-Score > 12.
2026-03-21 13:44:34,305 - WARNING - ⚠️ HIGH TAIL INTENSITY: [DNN_INPUT] bid_rdi_delta_5 has 76 points with Z-Score > 12.
2026-03-21 13:44:34,305 - WARNING - ⚠️ HIGH TAIL INTENSITY: [DNN_INPUT] ask_rdi_delta_5 has 238 points with Z-Score > 12.
2026-03-21 13:44:34,305 - WARNING - ⚠️ HIGH TAIL INTENSITY: [DNN_INPUT] micro_price_delta_5 has 320 points with Z-Score > 12.
2026-03-21 13:44:34,305 - WARNING - ⚠️ HIGH TAIL INTENSITY: [DNN_INPUT] bid_rdi_delta_30 has 106 points with Z-Score > 12.
2026-03-21 13:44:34,305 - WARNING - ⚠️ HIGH TAIL INTENSITY: [DNN_INPUT] ask_rdi_delta_30 has 479 points with Z-Score > 12.
2026-03-21 13:44:34,305 - WARNING - ⚠️ HIGH TAIL INTENSITY: [DNN_INPUT] spread_zscore_60 has 449 points with Z-Score > 12.
2026-03-21 13:44:34,305 - WARNING - ⚠️ HIGH TAIL INTENSITY: [DNN_INPUT] kyle_lambda has 452 points with Z-Score > 12.
2026-03-21 13:44:34,305 - WARNING - ⚠️ HIGH TAIL INTENSITY: [DNN_INPUT] bid_deep_ratio has 258 points with Z-Score > 12.
2026-03-21 13:44:34,306 - WARNING - ⚠️ HIGH TAIL INTENSITY: [DNN_INPUT] ask_deep_ratio has 1082 points with Z-Score > 12.
2026-03-21 13:44:34,306 - WARNING - ⚠️ HIGH TAIL INTENSITY: [DNN_INPUT] ask_convexity has 328 points with Z-Score > 12.
2026-03-21 13:44:35,725 - INFO - ✅ Protocol Island Split: 1/1 islands survived. Total rows: 293727
2026-03-21 13:44:35,729 - INFO - 🏆 Gold Validation complete for 2023-01-31_BTCUSDT_ob500.data. Status: VALID
2026-03-21 13:44:37,170 - INFO - Successfully saved 293727 rows to data/L2/pre_processed/2023-01-31_BTCUSDT_ob500.data.parquet
2026-03-21 13:44:37,175 - INFO - ✅ Saved event-driven dataset: 2023-01-31_BTCUSDT_ob500.data.parquet
2026-03-21 13:44:37,184 - INFO - 📊 [Memory] 2023-01-31_BTCUSDT_ob500.data: 0.0MB -> 13672.4MB
2026-03-21 13:44:37,269 - INFO - 📥 DOWNLOAD FILE: BTCUSDT2023-02-05.csv.gz
2026-03-21 13:44:39,958 - INFO - CUSUM (both): 27593 eventos. Trigger IID será aplicado dentro de cada janela CUSUM.
2026-03-21 13:44:40,400 - INFO - 💾 Memory Optimization: Dropping 801 raw book columns.
2026-03-21 13:44:41,050 - INFO - Barras geradas: 604954 | Ilhas: 1
2026-03-21 13:44:42,087 - INFO - CUSUM (both): 33648 eventos. Trigger IID será aplicado dentro de cada janela CUSUM.
2026-03-21 13:44:42,614 - INFO - 📊 [Drop Success] 2023-01-26_BTCUSDT_ob500.data: Columns discarded | SYSTEM RAM: 203.65 GB (27.0%)
2026-03-21 13:44:42,622 - INFO - --- Validating 2023-01-26_BTCUSDT_ob500.data ---
2026-03-21 13:44:42,759 - INFO - ✅ ARCHITECTURE INTEGRITY: 30/30 features present. Audit Scope: 46 columns (30 Features + 15 Raw/Price).
2026-03-21 13:44:42,807 - INFO - Barras geradas: 425072 | Ilhas: 1
2026-03-21 13:44:42,913 - INFO - No NaNs found.
2026-03-21 13:44:43,011 - INFO - No Infinite values found.
2026-03-21 13:44:43,035 - INFO - Chronological order verified.
2026-03-21 13:44:43,120 - WARNING - ⚠️ STALE DATA ALERT: Possible feed lock detected in 2023-01-26_BTCUSDT_ob500.data
2026-03-21 13:44:43,259 - WARNING - ☢️ CRITICAL OUTLIER: [DNN_INPUT] body max (1.2027e-03) is > 15x P99. Clipping might have failed!
2026-03-21 13:44:43,304 - WARNING - ☢️ CRITICAL OUTLIER: [DNN_INPUT] pressure_ratio max (3.0604e+03) is > 15x P99. Clipping might have failed!
2026-03-21 13:44:43,329 - WARNING - ☢️ CRITICAL OUTLIER: [DNN_INPUT] bid_deep_ratio max (1.1896e+05) is > 15x P99. Clipping might have failed!
2026-03-21 13:44:43,364 - WARNING - ☢️ CRITICAL OUTLIER: [DNN_INPUT] upper_wick max (1.2034e-03) is > 15x P99. Clipping might have failed!
2026-03-21 13:44:43,461 - WARNING - ☢️ CRITICAL OUTLIER: [DNN_INPUT] lower_wick max (1.1801e-03) is > 15x P99. Clipping might have failed!
2026-03-21 13:44:43,578 - WARNING - ☢️ CRITICAL OUTLIER: [DNN_INPUT] ask_deep_ratio max (1.4675e+05) is > 15x P99. Clipping might have failed!
2026-03-21 13:44:43,978 - INFO - 📂 STREAMING: 2023-02-04_BTCUSDT_ob500.data
2026-03-21 13:44:45,128 - INFO - 📥 DOWNLOAD: 2023-02-05_BTCUSDT_ob500.data.zip
2026-03-21 13:44:45,969 - WARNING - ⚠️ HIGH TAIL INTENSITY: [RAW_DATA] bar_usd_volume has 328 points with Z-Score > 12.
2026-03-21 13:44:45,973 - WARNING - ⚠️ HIGH TAIL INTENSITY: [RAW_DATA] bar_btc_volume has 327 points with Z-Score > 12.
2026-03-21 13:44:45,981 - WARNING - ⚠️ HIGH TAIL INTENSITY: [DNN_INPUT] max_spread has 370 points with Z-Score > 12.
2026-03-21 13:44:45,988 - WARNING - ⚠️ HIGH TAIL INTENSITY: [DNN_INPUT] volatility has 413 points with Z-Score > 12.
2026-03-21 13:44:45,992 - WARNING - ⚠️ HIGH TAIL INTENSITY: [DNN_INPUT] micro_price_momentum has 365 points with Z-Score > 12.
2026-03-21 13:44:45,992 - WARNING - ⚠️ HIGH TAIL INTENSITY: [DNN_INPUT] bid_rdi has 236 points with Z-Score > 12.
2026-03-21 13:44:45,993 - WARNING - ⚠️ HIGH TAIL INTENSITY: [DNN_INPUT] ask_rdi has 353 points with Z-Score > 12.
2026-03-21 13:44:45,993 - WARNING - ⚠️ HIGH TAIL INTENSITY: [DNN_INPUT] pressure_ratio has 446 points with Z-Score > 12.
2026-03-21 13:44:45,994 - WARNING - ⚠️ HIGH TAIL INTENSITY: [DNN_INPUT] body has 277 points with Z-Score > 12.
2026-03-21 13:44:45,994 - WARNING - ⚠️ HIGH TAIL INTENSITY: [DNN_INPUT] upper_wick has 112 points with Z-Score > 12.
2026-03-21 13:44:45,994 - WARNING - ⚠️ HIGH TAIL INTENSITY: [DNN_INPUT] lower_wick has 110 points with Z-Score > 12.
2026-03-21 13:44:45,995 - WARNING - ⚠️ HIGH TAIL INTENSITY: [DNN_INPUT] log_ret_close has 314 points with Z-Score > 12.
2026-03-21 13:44:45,995 - WARNING - ⚠️ HIGH TAIL INTENSITY: [DNN_INPUT] bid_rdi_delta_5 has 173 points with Z-Score > 12.
2026-03-21 13:44:45,995 - WARNING - ⚠️ HIGH TAIL INTENSITY: [DNN_INPUT] ask_rdi_delta_5 has 269 points with Z-Score > 12.
2026-03-21 13:44:45,995 - WARNING - ⚠️ HIGH TAIL INTENSITY: [DNN_INPUT] micro_price_delta_5 has 126 points with Z-Score > 12.
2026-03-21 13:44:45,995 - WARNING - ⚠️ HIGH TAIL INTENSITY: [DNN_INPUT] bid_rdi_delta_30 has 312 points with Z-Score > 12.
2026-03-21 13:44:45,996 - WARNING - ⚠️ HIGH TAIL INTENSITY: [DNN_INPUT] ask_rdi_delta_30 has 374 points with Z-Score > 12.
2026-03-21 13:44:45,996 - WARNING - ⚠️ HIGH TAIL INTENSITY: [DNN_INPUT] spread_zscore_60 has 498 points with Z-Score > 12.
2026-03-21 13:44:45,996 - WARNING - ⚠️ HIGH TAIL INTENSITY: [DNN_INPUT] kyle_lambda has 304 points with Z-Score > 12.
2026-03-21 13:44:45,996 - WARNING - ⚠️ HIGH TAIL INTENSITY: [DNN_INPUT] bid_deep_ratio has 651 points with Z-Score > 12.
2026-03-21 13:44:45,996 - WARNING - ⚠️ HIGH TAIL INTENSITY: [DNN_INPUT] ask_deep_ratio has 599 points with Z-Score > 12.
2026-03-21 13:44:45,997 - WARNING - ⚠️ HIGH TAIL INTENSITY: [DNN_INPUT] bid_convexity has 68 points with Z-Score > 12.
2026-03-21 13:44:45,997 - WARNING - ⚠️ HIGH TAIL INTENSITY: [DNN_INPUT] ask_convexity has 21 points with Z-Score > 12.
2026-03-21 13:44:46,124 - INFO - Barras geradas: 497955 | Ilhas: 1
2026-03-21 13:44:47,803 - INFO - ✅ Protocol Island Split: 1/1 islands survived. Total rows: 337348
2026-03-21 13:44:47,834 - INFO - 🏆 Gold Validation complete for 2023-01-26_BTCUSDT_ob500.data. Status: VALID
2026-03-21 13:44:48,497 - INFO - 💾 Memory Optimization: Dropping 801 raw book columns.
2026-03-21 13:44:48,560 - INFO - Successfully saved 337348 rows to data/L2/pre_processed/2023-01-26_BTCUSDT_ob500.data.parquet
2026-03-21 13:44:48,561 - INFO - ✅ Saved event-driven dataset: 2023-01-26_BTCUSDT_ob500.data.parquet
2026-03-21 13:44:48,564 - INFO - 📊 [Memory] 2023-01-26_BTCUSDT_ob500.data: 0.0MB -> 15764.5MB
2026-03-21 13:44:48,741 - INFO - 📊 [Drop Success] 2023-01-24_BTCUSDT_ob500.data: Columns discarded | SYSTEM RAM: 183.84 GB (24.3%)
2026-03-21 13:44:48,749 - INFO - --- Validating 2023-01-24_BTCUSDT_ob500.data ---
2026-03-21 13:44:54,065 - INFO - 💾 Memory Optimization: Dropping 801 raw book columns.
2026-03-21 13:44:54,233 - INFO - 📊 [Drop Success] 2023-01-29_BTCUSDT_ob500.data: Columns discarded | SYSTEM RAM: 177.15 GB (23.4%)
2026-03-21 13:44:54,241 - INFO - --- Validating 2023-01-29_BTCUSDT_ob500.data ---
2026-03-21 13:44:54,397 - INFO - ✅ ARCHITECTURE INTEGRITY: 30/30 features present. Audit Scope: 46 columns (30 Features + 15 Raw/Price).
2026-03-21 13:44:54,522 - INFO - No NaNs found.
2026-03-21 13:44:54,571 - INFO - No Infinite values found.
2026-03-21 13:44:54,576 - INFO - Chronological order verified.
2026-03-21 13:44:54,620 - WARNING - ⚠️ STALE DATA ALERT: Possible feed lock detected in 2023-01-29_BTCUSDT_ob500.data
2026-03-21 13:44:54,650 - WARNING - ☢️ CRITICAL OUTLIER: [DNN_INPUT] body max (9.0939e-04) is > 15x P99. Clipping might have failed!
2026-03-21 13:44:54,653 - WARNING - ☢️ CRITICAL OUTLIER: [DNN_INPUT] pressure_ratio max (1.1177e+04) is > 15x P99. Clipping might have failed!
2026-03-21 13:44:54,660 - WARNING - ☢️ CRITICAL OUTLIER: [DNN_INPUT] bid_deep_ratio max (1.2755e+05) is > 15x P99. Clipping might have failed!
2026-03-21 13:44:54,667 - WARNING - ☢️ CRITICAL OUTLIER: [DNN_INPUT] upper_wick max (5.9375e-04) is > 15x P99. Clipping might have failed!
2026-03-21 13:44:54,692 - WARNING - ☢️ CRITICAL OUTLIER: [DNN_INPUT] lower_wick max (8.0486e-04) is > 15x P99. Clipping might have failed!
2026-03-21 13:44:54,718 - WARNING - ☢️ CRITICAL OUTLIER: [DNN_INPUT] ask_deep_ratio max (1.8141e+05) is > 15x P99. Clipping might have failed!
2026-03-21 13:44:55,241 - WARNING - ⚠️ HIGH TAIL INTENSITY: [RAW_DATA] bar_usd_volume has 392 points with Z-Score > 12.
2026-03-21 13:44:55,241 - WARNING - ⚠️ HIGH TAIL INTENSITY: [RAW_DATA] bar_btc_volume has 391 points with Z-Score > 12.
2026-03-21 13:44:55,245 - WARNING - ⚠️ HIGH TAIL INTENSITY: [DNN_INPUT] max_spread has 856 points with Z-Score > 12.
2026-03-21 13:44:55,245 - WARNING - ⚠️ HIGH TAIL INTENSITY: [DNN_INPUT] volatility has 619 points with Z-Score > 12.
2026-03-21 13:44:55,245 - WARNING - ⚠️ HIGH TAIL INTENSITY: [DNN_INPUT] micro_price_momentum has 743 points with Z-Score > 12.
2026-03-21 13:44:55,245 - WARNING - ⚠️ HIGH TAIL INTENSITY: [DNN_INPUT] bid_rdi has 498 points with Z-Score > 12.
2026-03-21 13:44:55,245 - WARNING - ⚠️ HIGH TAIL INTENSITY: [DNN_INPUT] ask_rdi has 394 points with Z-Score > 12.
2026-03-21 13:44:55,245 - WARNING - ⚠️ HIGH TAIL INTENSITY: [DNN_INPUT] pressure_ratio has 336 points with Z-Score > 12.
2026-03-21 13:44:55,246 - WARNING - ⚠️ HIGH TAIL INTENSITY: [DNN_INPUT] body has 434 points with Z-Score > 12.
2026-03-21 13:44:55,246 - WARNING - ⚠️ HIGH TAIL INTENSITY: [DNN_INPUT] upper_wick has 142 points with Z-Score > 12.
2026-03-21 13:44:55,246 - WARNING - ⚠️ HIGH TAIL INTENSITY: [DNN_INPUT] lower_wick has 245 points with Z-Score > 12.
2026-03-21 13:44:55,246 - WARNING - ⚠️ HIGH TAIL INTENSITY: [DNN_INPUT] log_ret_close has 707 points with Z-Score > 12.
2026-03-21 13:44:55,246 - WARNING - ⚠️ HIGH TAIL INTENSITY: [DNN_INPUT] bid_rdi_delta_5 has 263 points with Z-Score > 12.
2026-03-21 13:44:55,246 - WARNING - ⚠️ HIGH TAIL INTENSITY: [DNN_INPUT] ask_rdi_delta_5 has 385 points with Z-Score > 12.
2026-03-21 13:44:55,246 - WARNING - ⚠️ HIGH TAIL INTENSITY: [DNN_INPUT] micro_price_delta_5 has 227 points with Z-Score > 12.
2026-03-21 13:44:55,246 - WARNING - ⚠️ HIGH TAIL INTENSITY: [DNN_INPUT] bid_rdi_delta_30 has 324 points with Z-Score > 12.
2026-03-21 13:44:55,246 - WARNING - ⚠️ HIGH TAIL INTENSITY: [DNN_INPUT] ask_rdi_delta_30 has 445 points with Z-Score > 12.
2026-03-21 13:44:55,246 - WARNING - ⚠️ HIGH TAIL INTENSITY: [DNN_INPUT] spread_zscore_60 has 703 points with Z-Score > 12.
2026-03-21 13:44:55,247 - WARNING - ⚠️ HIGH TAIL INTENSITY: [DNN_INPUT] kyle_lambda has 512 points with Z-Score > 12.
2026-03-21 13:44:55,247 - WARNING - ⚠️ HIGH TAIL INTENSITY: [DNN_INPUT] bid_deep_ratio has 712 points with Z-Score > 12.
2026-03-21 13:44:55,247 - WARNING - ⚠️ HIGH TAIL INTENSITY: [DNN_INPUT] ask_deep_ratio has 806 points with Z-Score > 12.
2026-03-21 13:44:55,247 - WARNING - ⚠️ HIGH TAIL INTENSITY: [DNN_INPUT] bid_convexity has 160 points with Z-Score > 12.
2026-03-21 13:44:55,247 - WARNING - ⚠️ HIGH TAIL INTENSITY: [DNN_INPUT] ask_convexity has 270 points with Z-Score > 12.
2026-03-21 13:44:56,356 - INFO - ✅ Protocol Island Split: 1/1 islands survived. Total rows: 449969
2026-03-21 13:44:56,368 - INFO - 🏆 Gold Validation complete for 2023-01-29_BTCUSDT_ob500.data. Status: VALID
2026-03-21 13:44:56,795 - INFO - 💾 Memory Optimization: Dropping 801 raw book columns.
2026-03-21 13:44:57,024 - INFO - 📊 [Drop Success] 2023-01-30_BTCUSDT_ob500.data: Columns discarded | SYSTEM RAM: 178.14 GB (23.6%)
2026-03-21 13:44:57,028 - INFO - --- Validating 2023-01-30_BTCUSDT_ob500.data ---
2026-03-21 13:44:57,174 - INFO - ✅ ARCHITECTURE INTEGRITY: 30/30 features present. Audit Scope: 46 columns (30 Features + 15 Raw/Price).
2026-03-21 13:44:57,276 - INFO - No NaNs found.
2026-03-21 13:44:57,367 - INFO - No Infinite values found.
2026-03-21 13:44:57,374 - INFO - Chronological order verified.
2026-03-21 13:44:57,433 - WARNING - ⚠️ STALE DATA ALERT: Possible feed lock detected in 2023-01-30_BTCUSDT_ob500.data
2026-03-21 13:44:57,490 - INFO - 📂 STREAMING: 2023-02-05_BTCUSDT_ob500.data
2026-03-21 13:44:57,494 - WARNING - ☢️ CRITICAL OUTLIER: [DNN_INPUT] body max (1.7021e-03) is > 15x P99. Clipping might have failed!
2026-03-21 13:44:57,503 - INFO - Successfully saved 449969 rows to data/L2/pre_processed/2023-01-29_BTCUSDT_ob500.data.parquet
2026-03-21 13:44:57,504 - INFO - ✅ Saved event-driven dataset: 2023-01-29_BTCUSDT_ob500.data.parquet
2026-03-21 13:44:57,504 - WARNING - ☢️ CRITICAL OUTLIER: [DNN_INPUT] pressure_ratio max (1.5089e+03) is > 15x P99. Clipping might have failed!
2026-03-21 13:44:57,517 - INFO - 📊 [Memory] 2023-01-29_BTCUSDT_ob500.data: 0.0MB -> 17687.2MB
2026-03-21 13:44:57,527 - WARNING - ☢️ CRITICAL OUTLIER: [DNN_INPUT] bid_deep_ratio max (1.2867e+05) is > 15x P99. Clipping might have failed!
2026-03-21 13:44:57,549 - WARNING - ☢️ CRITICAL OUTLIER: [DNN_INPUT] upper_wick max (1.7035e-03) is > 15x P99. Clipping might have failed!
2026-03-21 13:44:57,620 - WARNING - ☢️ CRITICAL OUTLIER: [DNN_INPUT] lower_wick max (1.7035e-03) is > 15x P99. Clipping might have failed!
2026-03-21 13:44:57,650 - WARNING - ☢️ CRITICAL OUTLIER: [DNN_INPUT] ask_deep_ratio max (1.8923e+05) is > 15x P99. Clipping might have failed!
2026-03-21 13:44:59,032 - WARNING - ⚠️ HIGH TAIL INTENSITY: [RAW_DATA] bar_usd_volume has 428 points with Z-Score > 12.
2026-03-21 13:44:59,044 - WARNING - ⚠️ HIGH TAIL INTENSITY: [RAW_DATA] bar_btc_volume has 424 points with Z-Score > 12.
2026-03-21 13:44:59,048 - WARNING - ⚠️ HIGH TAIL INTENSITY: [DNN_INPUT] max_spread has 1325 points with Z-Score > 12.
2026-03-21 13:44:59,049 - WARNING - ⚠️ HIGH TAIL INTENSITY: [DNN_INPUT] volatility has 622 points with Z-Score > 12.
2026-03-21 13:44:59,050 - WARNING - ⚠️ HIGH TAIL INTENSITY: [DNN_INPUT] micro_price_momentum has 434 points with Z-Score > 12.
2026-03-21 13:44:59,050 - WARNING - ⚠️ HIGH TAIL INTENSITY: [DNN_INPUT] bid_rdi has 406 points with Z-Score > 12.
2026-03-21 13:44:59,051 - WARNING - ⚠️ HIGH TAIL INTENSITY: [DNN_INPUT] ask_rdi has 454 points with Z-Score > 12.
2026-03-21 13:44:59,051 - WARNING - ⚠️ HIGH TAIL INTENSITY: [DNN_INPUT] pressure_ratio has 130 points with Z-Score > 12.
2026-03-21 13:44:59,051 - WARNING - ⚠️ HIGH TAIL INTENSITY: [DNN_INPUT] body has 640 points with Z-Score > 12.
2026-03-21 13:44:59,052 - WARNING - ⚠️ HIGH TAIL INTENSITY: [DNN_INPUT] upper_wick has 235 points with Z-Score > 12.
2026-03-21 13:44:59,052 - WARNING - ⚠️ HIGH TAIL INTENSITY: [DNN_INPUT] lower_wick has 179 points with Z-Score > 12.
2026-03-21 13:44:59,052 - WARNING - ⚠️ HIGH TAIL INTENSITY: [DNN_INPUT] log_ret_close has 730 points with Z-Score > 12.
2026-03-21 13:44:59,052 - WARNING - ⚠️ HIGH TAIL INTENSITY: [DNN_INPUT] bid_rdi_delta_5 has 327 points with Z-Score > 12.
2026-03-21 13:44:59,053 - WARNING - ⚠️ HIGH TAIL INTENSITY: [DNN_INPUT] ask_rdi_delta_5 has 267 points with Z-Score > 12.
2026-03-21 13:44:59,053 - WARNING - ⚠️ HIGH TAIL INTENSITY: [DNN_INPUT] micro_price_delta_5 has 266 points with Z-Score > 12.
2026-03-21 13:44:59,053 - WARNING - ⚠️ HIGH TAIL INTENSITY: [DNN_INPUT] bid_rdi_delta_30 has 560 points with Z-Score > 12.
2026-03-21 13:44:59,053 - WARNING - ⚠️ HIGH TAIL INTENSITY: [DNN_INPUT] ask_rdi_delta_30 has 474 points with Z-Score > 12.
2026-03-21 13:44:59,054 - WARNING - ⚠️ HIGH TAIL INTENSITY: [DNN_INPUT] micro_price_delta_30 has 8 points with Z-Score > 12.
2026-03-21 13:44:59,054 - WARNING - ⚠️ HIGH TAIL INTENSITY: [DNN_INPUT] spread_zscore_60 has 661 points with Z-Score > 12.
2026-03-21 13:44:59,054 - WARNING - ⚠️ HIGH TAIL INTENSITY: [DNN_INPUT] kyle_lambda has 582 points with Z-Score > 12.
2026-03-21 13:44:59,054 - WARNING - ⚠️ HIGH TAIL INTENSITY: [DNN_INPUT] bid_deep_ratio has 744 points with Z-Score > 12.
2026-03-21 13:44:59,054 - WARNING - ⚠️ HIGH TAIL INTENSITY: [DNN_INPUT] ask_deep_ratio has 725 points with Z-Score > 12.
2026-03-21 13:44:59,055 - WARNING - ⚠️ HIGH TAIL INTENSITY: [DNN_INPUT] bid_convexity has 227 points with Z-Score > 12.
2026-03-21 13:44:59,055 - WARNING - ⚠️ HIGH TAIL INTENSITY: [DNN_INPUT] ask_convexity has 508 points with Z-Score > 12.
2026-03-21 13:45:01,247 - INFO - ✅ ARCHITECTURE INTEGRITY: 30/30 features present. Audit Scope: 46 columns (30 Features + 15 Raw/Price).
2026-03-21 13:45:01,689 - INFO - No NaNs found.
2026-03-21 13:45:02,074 - INFO - No Infinite values found.
2026-03-21 13:45:02,113 - INFO - Chronological order verified.
2026-03-21 13:45:02,092 - INFO - 📊 [Peak Load] 2023-01-25_BTCUSDT_ob500.data: Raw data in RAM | SYSTEM RAM: 173.21 GB (22.9%)
2026-03-21 13:45:02,209 - INFO - EventSampler iniciado. Modo: 'both' | Dollar=500000.0 | Tick=5000 | Info=100.0 | Time=300000ms
2026-03-21 13:45:02,262 - INFO - ✅ Protocol Island Split: 1/1 islands survived. Total rows: 476863
2026-03-21 13:45:02,273 - INFO - 🏆 Gold Validation complete for 2023-01-30_BTCUSDT_ob500.data. Status: VALID
2026-03-21 13:45:02,365 - WARNING - ⚠️ STALE DATA ALERT: Possible feed lock detected in 2023-01-24_BTCUSDT_ob500.data
2026-03-21 13:45:02,615 - WARNING - ☢️ CRITICAL OUTLIER: [DNN_INPUT] body max (1.8293e-03) is > 15x P99. Clipping might have failed!
2026-03-21 13:45:02,648 - WARNING - ☢️ CRITICAL OUTLIER: [DNN_INPUT] pressure_ratio max (1.8620e+04) is > 15x P99. Clipping might have failed!
2026-03-21 13:45:02,710 - WARNING - ☢️ CRITICAL OUTLIER: [DNN_INPUT] bid_deep_ratio max (1.3123e+05) is > 15x P99. Clipping might have failed!
2026-03-21 13:45:02,779 - WARNING - ☢️ CRITICAL OUTLIER: [DNN_INPUT] upper_wick max (1.8301e-03) is > 15x P99. Clipping might have failed!
2026-03-21 13:45:03,028 - WARNING - ☢️ CRITICAL OUTLIER: [DNN_INPUT] lower_wick max (1.4972e-03) is > 15x P99. Clipping might have failed!
2026-03-21 13:45:03,198 - WARNING - ☢️ CRITICAL OUTLIER: [DNN_INPUT] ask_deep_ratio max (9.9204e+04) is > 15x P99. Clipping might have failed!
2026-03-21 13:45:04,828 - INFO - 📥 DOWNLOAD FILE: BTCUSDT2023-02-06.csv.gz
2026-03-21 13:45:05,063 - INFO - Successfully saved 476863 rows to data/L2/pre_processed/2023-01-30_BTCUSDT_ob500.data.parquet
2026-03-21 13:45:05,067 - INFO - ✅ Saved event-driven dataset: 2023-01-30_BTCUSDT_ob500.data.parquet
2026-03-21 13:45:05,071 - INFO - 📊 [Memory] 2023-01-30_BTCUSDT_ob500.data: 0.0MB -> 18637.4MB
2026-03-21 13:45:05,467 - INFO - 📥 DOWNLOAD FILE: BTCUSDT2023-02-07.csv.gz
2026-03-21 13:45:06,915 - WARNING - ⚠️ HIGH TAIL INTENSITY: [RAW_DATA] bar_usd_volume has 387 points with Z-Score > 12.
2026-03-21 13:45:06,986 - WARNING - ⚠️ HIGH TAIL INTENSITY: [RAW_DATA] bar_btc_volume has 387 points with Z-Score > 12.
2026-03-21 13:45:06,994 - WARNING - ⚠️ HIGH TAIL INTENSITY: [DNN_INPUT] max_spread has 413 points with Z-Score > 12.
2026-03-21 13:45:07,002 - WARNING - ⚠️ HIGH TAIL INTENSITY: [DNN_INPUT] volatility has 521 points with Z-Score > 12.
2026-03-21 13:45:07,008 - WARNING - ⚠️ HIGH TAIL INTENSITY: [DNN_INPUT] micro_price_momentum has 139 points with Z-Score > 12.
2026-03-21 13:45:07,008 - WARNING - ⚠️ HIGH TAIL INTENSITY: [DNN_INPUT] bid_rdi has 403 points with Z-Score > 12.
2026-03-21 13:45:07,016 - WARNING - ⚠️ HIGH TAIL INTENSITY: [DNN_INPUT] ask_rdi has 493 points with Z-Score > 12.
2026-03-21 13:45:07,024 - WARNING - ⚠️ HIGH TAIL INTENSITY: [DNN_INPUT] pressure_ratio has 131 points with Z-Score > 12.
2026-03-21 13:45:07,032 - WARNING - ⚠️ HIGH TAIL INTENSITY: [DNN_INPUT] body has 489 points with Z-Score > 12.
2026-03-21 13:45:07,040 - WARNING - ⚠️ HIGH TAIL INTENSITY: [DNN_INPUT] upper_wick has 233 points with Z-Score > 12.
2026-03-21 13:45:07,040 - WARNING - ⚠️ HIGH TAIL INTENSITY: [DNN_INPUT] lower_wick has 231 points with Z-Score > 12.
2026-03-21 13:45:07,041 - WARNING - ⚠️ HIGH TAIL INTENSITY: [DNN_INPUT] log_ret_close has 582 points with Z-Score > 12.
2026-03-21 13:45:07,042 - WARNING - ⚠️ HIGH TAIL INTENSITY: [DNN_INPUT] bid_rdi_delta_5 has 209 points with Z-Score > 12.
2026-03-21 13:45:07,042 - WARNING - ⚠️ HIGH TAIL INTENSITY: [DNN_INPUT] ask_rdi_delta_5 has 306 points with Z-Score > 12.
2026-03-21 13:45:07,042 - WARNING - ⚠️ HIGH TAIL INTENSITY: [DNN_INPUT] micro_price_delta_5 has 138 points with Z-Score > 12.
2026-03-21 13:45:07,043 - WARNING - ⚠️ HIGH TAIL INTENSITY: [DNN_INPUT] bid_rdi_delta_30 has 218 points with Z-Score > 12.
2026-03-21 13:45:07,043 - WARNING - ⚠️ HIGH TAIL INTENSITY: [DNN_INPUT] ask_rdi_delta_30 has 506 points with Z-Score > 12.
2026-03-21 13:45:07,043 - WARNING - ⚠️ HIGH TAIL INTENSITY: [DNN_INPUT] micro_price_delta_30 has 1 points with Z-Score > 12.
2026-03-21 13:45:07,043 - WARNING - ⚠️ HIGH TAIL INTENSITY: [DNN_INPUT] spread_zscore_60 has 571 points with Z-Score > 12.
2026-03-21 13:45:07,043 - WARNING - ⚠️ HIGH TAIL INTENSITY: [DNN_INPUT] kyle_lambda has 482 points with Z-Score > 12.
2026-03-21 13:45:07,051 - WARNING - ⚠️ HIGH TAIL INTENSITY: [DNN_INPUT] bid_deep_ratio has 600 points with Z-Score > 12.
2026-03-21 13:45:07,056 - WARNING - ⚠️ HIGH TAIL INTENSITY: [DNN_INPUT] ask_deep_ratio has 563 points with Z-Score > 12.
2026-03-21 13:45:07,064 - WARNING - ⚠️ HIGH TAIL INTENSITY: [DNN_INPUT] bid_convexity has 202 points with Z-Score > 12.
2026-03-21 13:45:07,072 - WARNING - ⚠️ HIGH TAIL INTENSITY: [DNN_INPUT] ask_convexity has 106 points with Z-Score > 12.
2026-03-21 13:45:09,657 - INFO - ✅ Protocol Island Split: 1/1 islands survived. Total rows: 388432
2026-03-21 13:45:09,669 - INFO - 🏆 Gold Validation complete for 2023-01-24_BTCUSDT_ob500.data. Status: VALID
2026-03-21 13:45:10,580 - INFO - Successfully saved 388432 rows to data/L2/pre_processed/2023-01-24_BTCUSDT_ob500.data.parquet
2026-03-21 13:45:10,581 - INFO - ✅ Saved event-driven dataset: 2023-01-24_BTCUSDT_ob500.data.parquet
2026-03-21 13:45:10,585 - INFO - 📊 [Memory] 2023-01-24_BTCUSDT_ob500.data: 0.0MB -> 16181.1MB
2026-03-21 13:45:12,731 - INFO - 📥 DOWNLOAD FILE: BTCUSDT2023-02-08.csv.gz
2026-03-21 13:45:13,312 - INFO - CUSUM (both): 34680 eventos. Trigger IID será aplicado dentro de cada janela CUSUM.
2026-03-21 13:45:15,638 - INFO - 📥 DOWNLOAD FILE: BTCUSDT2023-02-09.csv.gz
2026-03-21 13:45:17,975 - INFO - Barras geradas: 595749 | Ilhas: 1
2026-03-21 13:45:22,942 - INFO - 📥 DOWNLOAD FILE: BTCUSDT2023-02-10.csv.gz
2026-03-21 13:45:23,164 - INFO - 💾 Memory Optimization: Dropping 801 raw book columns.
2026-03-21 13:45:23,194 - INFO - 📊 [Drop Success] 2023-01-22_BTCUSDT_ob500.data: Columns discarded | SYSTEM RAM: 167.53 GB (22.2%)
2026-03-21 13:45:23,198 - INFO - --- Validating 2023-01-22_BTCUSDT_ob500.data ---
2026-03-21 13:45:23,294 - INFO - ✅ ARCHITECTURE INTEGRITY: 30/30 features present. Audit Scope: 46 columns (30 Features + 15 Raw/Price).
2026-03-21 13:45:23,366 - INFO - No NaNs found.
2026-03-21 13:45:23,418 - INFO - No Infinite values found.
2026-03-21 13:45:23,423 - INFO - Chronological order verified.
2026-03-21 13:45:23,470 - WARNING - ⚠️ STALE DATA ALERT: Possible feed lock detected in 2023-01-22_BTCUSDT_ob500.data
2026-03-21 13:45:23,522 - WARNING - ☢️ CRITICAL OUTLIER: [DNN_INPUT] body max (1.1427e-03) is > 15x P99. Clipping might have failed!
2026-03-21 13:45:23,535 - WARNING - ☢️ CRITICAL OUTLIER: [DNN_INPUT] pressure_ratio max (2.6558e+04) is > 15x P99. Clipping might have failed!
2026-03-21 13:45:23,557 - WARNING - ☢️ CRITICAL OUTLIER: [DNN_INPUT] upper_wick max (1.0150e-03) is > 15x P99. Clipping might have failed!
2026-03-21 13:45:23,590 - WARNING - ☢️ CRITICAL OUTLIER: [DNN_INPUT] lower_wick max (6.6184e-04) is > 15x P99. Clipping might have failed!
2026-03-21 13:45:24,018 - WARNING - ⚠️ HIGH TAIL INTENSITY: [RAW_DATA] bar_usd_volume has 410 points with Z-Score > 12.
2026-03-21 13:45:24,019 - WARNING - ⚠️ HIGH TAIL INTENSITY: [RAW_DATA] bar_btc_volume has 408 points with Z-Score > 12.
2026-03-21 13:45:24,019 - WARNING - ⚠️ HIGH TAIL INTENSITY: [DNN_INPUT] max_spread has 454 points with Z-Score > 12.
2026-03-21 13:45:24,019 - WARNING - ⚠️ HIGH TAIL INTENSITY: [DNN_INPUT] volatility has 494 points with Z-Score > 12.
2026-03-21 13:45:24,020 - WARNING - ⚠️ HIGH TAIL INTENSITY: [DNN_INPUT] micro_price_momentum has 257 points with Z-Score > 12.
2026-03-21 13:45:24,020 - WARNING - ⚠️ HIGH TAIL INTENSITY: [DNN_INPUT] bid_rdi has 162 points with Z-Score > 12.
2026-03-21 13:45:24,020 - WARNING - ⚠️ HIGH TAIL INTENSITY: [DNN_INPUT] ask_rdi has 618 points with Z-Score > 12.
2026-03-21 13:45:24,021 - WARNING - ⚠️ HIGH TAIL INTENSITY: [DNN_INPUT] pressure_ratio has 64 points with Z-Score > 12.
2026-03-21 13:45:24,021 - WARNING - ⚠️ HIGH TAIL INTENSITY: [DNN_INPUT] body has 507 points with Z-Score > 12.
2026-03-21 13:45:24,022 - WARNING - ⚠️ HIGH TAIL INTENSITY: [DNN_INPUT] upper_wick has 174 points with Z-Score > 12.
2026-03-21 13:45:24,022 - WARNING - ⚠️ HIGH TAIL INTENSITY: [DNN_INPUT] lower_wick has 212 points with Z-Score > 12.
2026-03-21 13:45:24,022 - WARNING - ⚠️ HIGH TAIL INTENSITY: [DNN_INPUT] log_ret_close has 625 points with Z-Score > 12.
2026-03-21 13:45:24,022 - WARNING - ⚠️ HIGH TAIL INTENSITY: [DNN_INPUT] bid_rdi_delta_5 has 130 points with Z-Score > 12.
2026-03-21 13:45:24,023 - WARNING - ⚠️ HIGH TAIL INTENSITY: [DNN_INPUT] ask_rdi_delta_5 has 240 points with Z-Score > 12.
2026-03-21 13:45:24,023 - WARNING - ⚠️ HIGH TAIL INTENSITY: [DNN_INPUT] micro_price_delta_5 has 80 points with Z-Score > 12.
2026-03-21 13:45:24,023 - WARNING - ⚠️ HIGH TAIL INTENSITY: [DNN_INPUT] bid_rdi_delta_30 has 140 points with Z-Score > 12.
2026-03-21 13:45:24,023 - WARNING - ⚠️ HIGH TAIL INTENSITY: [DNN_INPUT] ask_rdi_delta_30 has 622 points with Z-Score > 12.
2026-03-21 13:45:24,023 - WARNING - ⚠️ HIGH TAIL INTENSITY: [DNN_INPUT] spread_zscore_60 has 670 points with Z-Score > 12.
2026-03-21 13:45:24,023 - WARNING - ⚠️ HIGH TAIL INTENSITY: [DNN_INPUT] kyle_lambda has 427 points with Z-Score > 12.
2026-03-21 13:45:24,024 - WARNING - ⚠️ HIGH TAIL INTENSITY: [DNN_INPUT] bid_deep_ratio has 667 points with Z-Score > 12.
2026-03-21 13:45:24,024 - WARNING - ⚠️ HIGH TAIL INTENSITY: [DNN_INPUT] ask_deep_ratio has 631 points with Z-Score > 12.
2026-03-21 13:45:24,024 - WARNING - ⚠️ HIGH TAIL INTENSITY: [DNN_INPUT] bid_convexity has 65 points with Z-Score > 12.
2026-03-21 13:45:24,537 - INFO - ✅ Protocol Island Split: 1/1 islands survived. Total rows: 439702
2026-03-21 13:45:24,538 - INFO - 🏆 Gold Validation complete for 2023-01-22_BTCUSDT_ob500.data. Status: VALID
2026-03-21 13:45:24,799 - INFO - Successfully saved 439702 rows to data/L2/pre_processed/2023-01-22_BTCUSDT_ob500.data.parquet
2026-03-21 13:45:24,799 - INFO - ✅ Saved event-driven dataset: 2023-01-22_BTCUSDT_ob500.data.parquet
2026-03-21 13:45:24,801 - INFO - 📊 [Memory] 2023-01-22_BTCUSDT_ob500.data: 0.0MB -> 18788.4MB
2026-03-21 13:45:25,049 - INFO - 💾 Memory Optimization: Dropping 801 raw book columns.
2026-03-21 13:45:25,111 - INFO - 📊 [Drop Success] 2023-02-01_BTCUSDT_ob500.data: Columns discarded | SYSTEM RAM: 167.33 GB (22.1%)
2026-03-21 13:45:25,112 - INFO - --- Validating 2023-02-01_BTCUSDT_ob500.data ---
2026-03-21 13:45:25,165 - INFO - ✅ ARCHITECTURE INTEGRITY: 30/30 features present. Audit Scope: 46 columns (30 Features + 15 Raw/Price).
2026-03-21 13:45:25,202 - INFO - No NaNs found.
2026-03-21 13:45:25,224 - INFO - No Infinite values found.
2026-03-21 13:45:25,225 - INFO - Chronological order verified.
2026-03-21 13:45:25,240 - WARNING - ⚠️ STALE DATA ALERT: Possible feed lock detected in 2023-02-01_BTCUSDT_ob500.data
2026-03-21 13:45:25,253 - WARNING - ☢️ CRITICAL OUTLIER: [DNN_INPUT] body max (1.7864e-03) is > 15x P99. Clipping might have failed!
2026-03-21 13:45:25,257 - WARNING - ☢️ CRITICAL OUTLIER: [DNN_INPUT] pressure_ratio max (3.0565e+03) is > 15x P99. Clipping might have failed!
2026-03-21 13:45:25,260 - WARNING - ☢️ CRITICAL OUTLIER: [DNN_INPUT] bid_deep_ratio max (1.4994e+05) is > 15x P99. Clipping might have failed!
2026-03-21 13:45:25,263 - WARNING - ☢️ CRITICAL OUTLIER: [DNN_INPUT] upper_wick max (9.6483e-04) is > 15x P99. Clipping might have failed!
2026-03-21 13:45:25,273 - WARNING - ☢️ CRITICAL OUTLIER: [DNN_INPUT] lower_wick max (1.5296e-03) is > 15x P99. Clipping might have failed!
2026-03-21 13:45:25,282 - WARNING - ☢️ CRITICAL OUTLIER: [DNN_INPUT] ask_deep_ratio max (1.8621e+05) is > 15x P99. Clipping might have failed!
2026-03-21 13:45:25,610 - WARNING - ⚠️ HIGH TAIL INTENSITY: [RAW_DATA] bar_usd_volume has 389 points with Z-Score > 12.
2026-03-21 13:45:25,611 - WARNING - ⚠️ HIGH TAIL INTENSITY: [RAW_DATA] bar_btc_volume has 390 points with Z-Score > 12.
2026-03-21 13:45:25,611 - WARNING - ⚠️ HIGH TAIL INTENSITY: [DNN_INPUT] max_spread has 665 points with Z-Score > 12.
2026-03-21 13:45:25,611 - WARNING - ⚠️ HIGH TAIL INTENSITY: [DNN_INPUT] volatility has 519 points with Z-Score > 12.
2026-03-21 13:45:25,611 - WARNING - ⚠️ HIGH TAIL INTENSITY: [DNN_INPUT] micro_price_momentum has 209 points with Z-Score > 12.
2026-03-21 13:45:25,612 - WARNING - ⚠️ HIGH TAIL INTENSITY: [DNN_INPUT] bid_rdi has 732 points with Z-Score > 12.
2026-03-21 13:45:25,612 - WARNING - ⚠️ HIGH TAIL INTENSITY: [DNN_INPUT] ask_rdi has 832 points with Z-Score > 12.
2026-03-21 13:45:25,612 - WARNING - ⚠️ HIGH TAIL INTENSITY: [DNN_INPUT] pressure_ratio has 142 points with Z-Score > 12.
2026-03-21 13:45:25,612 - WARNING - ⚠️ HIGH TAIL INTENSITY: [DNN_INPUT] body has 381 points with Z-Score > 12.
2026-03-21 13:45:25,612 - WARNING - ⚠️ HIGH TAIL INTENSITY: [DNN_INPUT] upper_wick has 251 points with Z-Score > 12.
2026-03-21 13:45:25,612 - WARNING - ⚠️ HIGH TAIL INTENSITY: [DNN_INPUT] lower_wick has 233 points with Z-Score > 12.
2026-03-21 13:45:25,612 - WARNING - ⚠️ HIGH TAIL INTENSITY: [DNN_INPUT] log_ret_close has 356 points with Z-Score > 12.
2026-03-21 13:45:25,613 - WARNING - ⚠️ HIGH TAIL INTENSITY: [DNN_INPUT] bid_rdi_delta_5 has 442 points with Z-Score > 12.
2026-03-21 13:45:25,613 - WARNING - ⚠️ HIGH TAIL INTENSITY: [DNN_INPUT] ask_rdi_delta_5 has 270 points with Z-Score > 12.
2026-03-21 13:45:25,613 - WARNING - ⚠️ HIGH TAIL INTENSITY: [DNN_INPUT] micro_price_delta_5 has 138 points with Z-Score > 12.
2026-03-21 13:45:25,613 - WARNING - ⚠️ HIGH TAIL INTENSITY: [DNN_INPUT] bid_rdi_delta_30 has 530 points with Z-Score > 12.
2026-03-21 13:45:25,613 - WARNING - ⚠️ HIGH TAIL INTENSITY: [DNN_INPUT] ask_rdi_delta_30 has 462 points with Z-Score > 12.
2026-03-21 13:45:25,613 - WARNING - ⚠️ HIGH TAIL INTENSITY: [DNN_INPUT] spread_zscore_60 has 604 points with Z-Score > 12.
2026-03-21 13:45:25,613 - WARNING - ⚠️ HIGH TAIL INTENSITY: [DNN_INPUT] kyle_lambda has 260 points with Z-Score > 12.
2026-03-21 13:45:25,613 - WARNING - ⚠️ HIGH TAIL INTENSITY: [DNN_INPUT] bid_deep_ratio has 864 points with Z-Score > 12.
2026-03-21 13:45:25,613 - WARNING - ⚠️ HIGH TAIL INTENSITY: [DNN_INPUT] ask_deep_ratio has 735 points with Z-Score > 12.
2026-03-21 13:45:25,613 - WARNING - ⚠️ HIGH TAIL INTENSITY: [DNN_INPUT] bid_convexity has 23 points with Z-Score > 12.
2026-03-21 13:45:25,614 - WARNING - ⚠️ HIGH TAIL INTENSITY: [DNN_INPUT] ask_convexity has 9 points with Z-Score > 12.
2026-03-21 13:45:25,995 - INFO - ✅ Protocol Island Split: 1/1 islands survived. Total rows: 425072
2026-03-21 13:45:25,996 - INFO - 🏆 Gold Validation complete for 2023-02-01_BTCUSDT_ob500.data. Status: VALID
2026-03-21 13:45:26,316 - INFO - Successfully saved 425072 rows to data/L2/pre_processed/2023-02-01_BTCUSDT_ob500.data.parquet
2026-03-21 13:45:26,317 - INFO - ✅ Saved event-driven dataset: 2023-02-01_BTCUSDT_ob500.data.parquet
2026-03-21 13:45:26,319 - INFO - 📊 [Memory] 2023-02-01_BTCUSDT_ob500.data: 0.0MB -> 19037.2MB
2026-03-21 13:45:28,754 - INFO - 📥 DOWNLOAD FILE: BTCUSDT2023-02-11.csv.gz
2026-03-21 13:45:29,126 - INFO - 📥 DOWNLOAD FILE: BTCUSDT2023-02-12.csv.gz
2026-03-21 13:45:29,653 - INFO - 💾 Memory Optimization: Dropping 801 raw book columns.
2026-03-21 13:45:31,063 - INFO - 📊 [Drop Success] 2023-01-27_BTCUSDT_ob500.data: Columns discarded | SYSTEM RAM: 166.07 GB (22.0%)
2026-03-21 13:45:31,081 - INFO - --- Validating 2023-01-27_BTCUSDT_ob500.data ---
2026-03-21 13:45:31,243 - INFO - ✅ ARCHITECTURE INTEGRITY: 30/30 features present. Audit Scope: 46 columns (30 Features + 15 Raw/Price).
2026-03-21 13:45:31,328 - INFO - No NaNs found.
2026-03-21 13:45:31,397 - INFO - No Infinite values found.
2026-03-21 13:45:31,402 - INFO - Chronological order verified.
2026-03-21 13:45:31,436 - WARNING - ⚠️ STALE DATA ALERT: Possible feed lock detected in 2023-01-27_BTCUSDT_ob500.data
2026-03-21 13:45:31,479 - WARNING - ☢️ CRITICAL OUTLIER: [DNN_INPUT] body max (1.4271e-03) is > 15x P99. Clipping might have failed!
2026-03-21 13:45:31,490 - WARNING - ☢️ CRITICAL OUTLIER: [DNN_INPUT] pressure_ratio max (3.5202e+03) is > 15x P99. Clipping might have failed!
2026-03-21 13:45:31,501 - WARNING - ☢️ CRITICAL OUTLIER: [DNN_INPUT] bid_deep_ratio max (1.2966e+05) is > 15x P99. Clipping might have failed!
2026-03-21 13:45:31,508 - WARNING - ☢️ CRITICAL OUTLIER: [DNN_INPUT] upper_wick max (1.4281e-03) is > 15x P99. Clipping might have failed!
2026-03-21 13:45:31,542 - WARNING - ☢️ CRITICAL OUTLIER: [DNN_INPUT] lower_wick max (1.2322e-03) is > 15x P99. Clipping might have failed!
2026-03-21 13:45:31,607 - WARNING - ☢️ CRITICAL OUTLIER: [DNN_INPUT] ask_deep_ratio max (1.5070e+05) is > 15x P99. Clipping might have failed!
2026-03-21 13:45:32,551 - WARNING - ⚠️ HIGH TAIL INTENSITY: [RAW_DATA] bar_usd_volume has 410 points with Z-Score > 12.
2026-03-21 13:45:32,562 - WARNING - ⚠️ HIGH TAIL INTENSITY: [RAW_DATA] bar_btc_volume has 411 points with Z-Score > 12.
2026-03-21 13:45:32,562 - WARNING - ⚠️ HIGH TAIL INTENSITY: [DNN_INPUT] max_spread has 325 points with Z-Score > 12.
2026-03-21 13:45:32,562 - WARNING - ⚠️ HIGH TAIL INTENSITY: [DNN_INPUT] volatility has 516 points with Z-Score > 12.
2026-03-21 13:45:32,562 - WARNING - ⚠️ HIGH TAIL INTENSITY: [DNN_INPUT] micro_price_momentum has 147 points with Z-Score > 12.
2026-03-21 13:45:32,562 - WARNING - ⚠️ HIGH TAIL INTENSITY: [DNN_INPUT] bid_rdi has 443 points with Z-Score > 12.
2026-03-21 13:45:32,563 - WARNING - ⚠️ HIGH TAIL INTENSITY: [DNN_INPUT] ask_rdi has 682 points with Z-Score > 12.
2026-03-21 13:45:32,563 - WARNING - ⚠️ HIGH TAIL INTENSITY: [DNN_INPUT] pressure_ratio has 204 points with Z-Score > 12.
2026-03-21 13:45:32,563 - WARNING - ⚠️ HIGH TAIL INTENSITY: [DNN_INPUT] body has 602 points with Z-Score > 12.
2026-03-21 13:45:32,563 - WARNING - ⚠️ HIGH TAIL INTENSITY: [DNN_INPUT] upper_wick has 206 points with Z-Score > 12.
2026-03-21 13:45:32,563 - WARNING - ⚠️ HIGH TAIL INTENSITY: [DNN_INPUT] lower_wick has 141 points with Z-Score > 12.
2026-03-21 13:45:32,563 - WARNING - ⚠️ HIGH TAIL INTENSITY: [DNN_INPUT] log_ret_close has 672 points with Z-Score > 12.
2026-03-21 13:45:32,563 - WARNING - ⚠️ HIGH TAIL INTENSITY: [DNN_INPUT] bid_rdi_delta_5 has 319 points with Z-Score > 12.
2026-03-21 13:45:32,563 - WARNING - ⚠️ HIGH TAIL INTENSITY: [DNN_INPUT] ask_rdi_delta_5 has 209 points with Z-Score > 12.
2026-03-21 13:45:32,563 - WARNING - ⚠️ HIGH TAIL INTENSITY: [DNN_INPUT] micro_price_delta_5 has 367 points with Z-Score > 12.
2026-03-21 13:45:32,563 - WARNING - ⚠️ HIGH TAIL INTENSITY: [DNN_INPUT] bid_rdi_delta_30 has 522 points with Z-Score > 12.
2026-03-21 13:45:32,563 - WARNING - ⚠️ HIGH TAIL INTENSITY: [DNN_INPUT] ask_rdi_delta_30 has 583 points with Z-Score > 12.
2026-03-21 13:45:32,564 - WARNING - ⚠️ HIGH TAIL INTENSITY: [DNN_INPUT] micro_price_delta_30 has 1 points with Z-Score > 12.
2026-03-21 13:45:32,564 - WARNING - ⚠️ HIGH TAIL INTENSITY: [DNN_INPUT] spread_zscore_60 has 664 points with Z-Score > 12.
2026-03-21 13:45:32,564 - WARNING - ⚠️ HIGH TAIL INTENSITY: [DNN_INPUT] kyle_lambda has 509 points with Z-Score > 12.
2026-03-21 13:45:32,564 - WARNING - ⚠️ HIGH TAIL INTENSITY: [DNN_INPUT] bid_deep_ratio has 673 points with Z-Score > 12.
2026-03-21 13:45:32,564 - WARNING - ⚠️ HIGH TAIL INTENSITY: [DNN_INPUT] ask_deep_ratio has 609 points with Z-Score > 12.
2026-03-21 13:45:32,564 - WARNING - ⚠️ HIGH TAIL INTENSITY: [DNN_INPUT] bid_convexity has 536 points with Z-Score > 12.
2026-03-21 13:45:32,564 - WARNING - ⚠️ HIGH TAIL INTENSITY: [DNN_INPUT] ask_convexity has 250 points with Z-Score > 12.
2026-03-21 13:45:32,652 - INFO - 📥 DOWNLOAD: 2023-02-09_BTCUSDT_ob500.data.zip
2026-03-21 13:45:32,914 - INFO - 📊 [Peak Load] 2023-01-21_BTCUSDT_ob500.data: Raw data in RAM | SYSTEM RAM: 159.00 GB (21.0%)
2026-03-21 13:45:32,927 - INFO - EventSampler iniciado. Modo: 'both' | Dollar=500000.0 | Tick=5000 | Info=100.0 | Time=300000ms
2026-03-21 13:45:33,282 - INFO - 📥 DOWNLOAD: 2023-02-10_BTCUSDT_ob500.data.zip
2026-03-21 13:45:34,170 - INFO - ✅ Protocol Island Split: 1/1 islands survived. Total rows: 433287
2026-03-21 13:45:34,174 - INFO - 🏆 Gold Validation complete for 2023-01-27_BTCUSDT_ob500.data. Status: VALID
2026-03-21 13:45:34,515 - INFO - Successfully saved 433287 rows to data/L2/pre_processed/2023-01-27_BTCUSDT_ob500.data.parquet
2026-03-21 13:45:34,525 - INFO - ✅ Saved event-driven dataset: 2023-01-27_BTCUSDT_ob500.data.parquet
2026-03-21 13:45:34,526 - INFO - 📊 [Memory] 2023-01-27_BTCUSDT_ob500.data: 0.0MB -> 18393.2MB
2026-03-21 13:45:35,069 - INFO - 💾 Memory Optimization: Dropping 801 raw book columns.
2026-03-21 13:45:35,167 - INFO - 📊 [Drop Success] 2023-02-02_BTCUSDT_ob500.data: Columns discarded | SYSTEM RAM: 166.02 GB (22.0%)
2026-03-21 13:45:35,172 - INFO - --- Validating 2023-02-02_BTCUSDT_ob500.data ---
2026-03-21 13:45:35,270 - INFO - ✅ ARCHITECTURE INTEGRITY: 30/30 features present. Audit Scope: 46 columns (30 Features + 15 Raw/Price).
2026-03-21 13:45:35,393 - INFO - No NaNs found.
2026-03-21 13:45:35,469 - INFO - No Infinite values found.
2026-03-21 13:45:35,474 - INFO - Chronological order verified.
2026-03-21 13:45:35,520 - WARNING - ⚠️ STALE DATA ALERT: Possible feed lock detected in 2023-02-02_BTCUSDT_ob500.data
2026-03-21 13:45:35,559 - WARNING - ☢️ CRITICAL OUTLIER: [DNN_INPUT] body max (1.1174e-03) is > 15x P99. Clipping might have failed!
2026-03-21 13:45:35,570 - WARNING - ☢️ CRITICAL OUTLIER: [DNN_INPUT] pressure_ratio max (5.0110e+03) is > 15x P99. Clipping might have failed!
2026-03-21 13:45:35,584 - WARNING - ☢️ CRITICAL OUTLIER: [DNN_INPUT] bid_deep_ratio max (1.6819e+05) is > 15x P99. Clipping might have failed!
2026-03-21 13:45:35,589 - WARNING - ☢️ CRITICAL OUTLIER: [DNN_INPUT] upper_wick max (9.1591e-04) is > 15x P99. Clipping might have failed!
2026-03-21 13:45:35,612 - WARNING - ☢️ CRITICAL OUTLIER: [DNN_INPUT] lower_wick max (1.1337e-03) is > 15x P99. Clipping might have failed!
2026-03-21 13:45:35,622 - WARNING - ☢️ CRITICAL OUTLIER: [DNN_INPUT] ask_deep_ratio max (1.1596e+05) is > 15x P99. Clipping might have failed!
2026-03-21 13:45:35,821 - INFO - 📥 DOWNLOAD: 2023-02-11_BTCUSDT_ob500.data.zip
2026-03-21 13:45:36,048 - WARNING - ⚠️ HIGH TAIL INTENSITY: [RAW_DATA] bar_usd_volume has 502 points with Z-Score > 12.
2026-03-21 13:45:36,052 - WARNING - ⚠️ HIGH TAIL INTENSITY: [RAW_DATA] bar_btc_volume has 500 points with Z-Score > 12.
2026-03-21 13:45:36,052 - WARNING - ⚠️ HIGH TAIL INTENSITY: [DNN_INPUT] max_spread has 726 points with Z-Score > 12.
2026-03-21 13:45:36,052 - WARNING - ⚠️ HIGH TAIL INTENSITY: [DNN_INPUT] volatility has 633 points with Z-Score > 12.
2026-03-21 13:45:36,052 - WARNING - ⚠️ HIGH TAIL INTENSITY: [DNN_INPUT] micro_price_momentum has 672 points with Z-Score > 12.
2026-03-21 13:45:36,052 - WARNING - ⚠️ HIGH TAIL INTENSITY: [DNN_INPUT] bid_rdi has 669 points with Z-Score > 12.
2026-03-21 13:45:36,052 - WARNING - ⚠️ HIGH TAIL INTENSITY: [DNN_INPUT] ask_rdi has 834 points with Z-Score > 12.
2026-03-21 13:45:36,052 - WARNING - ⚠️ HIGH TAIL INTENSITY: [DNN_INPUT] pressure_ratio has 319 points with Z-Score > 12.
2026-03-21 13:45:36,053 - WARNING - ⚠️ HIGH TAIL INTENSITY: [DNN_INPUT] body has 529 points with Z-Score > 12.
2026-03-21 13:45:36,053 - WARNING - ⚠️ HIGH TAIL INTENSITY: [DNN_INPUT] upper_wick has 257 points with Z-Score > 12.
2026-03-21 13:45:36,053 - WARNING - ⚠️ HIGH TAIL INTENSITY: [DNN_INPUT] lower_wick has 315 points with Z-Score > 12.
2026-03-21 13:45:36,053 - WARNING - ⚠️ HIGH TAIL INTENSITY: [DNN_INPUT] log_ret_close has 614 points with Z-Score > 12.
2026-03-21 13:45:36,053 - WARNING - ⚠️ HIGH TAIL INTENSITY: [DNN_INPUT] bid_rdi_delta_5 has 315 points with Z-Score > 12.
2026-03-21 13:45:36,053 - WARNING - ⚠️ HIGH TAIL INTENSITY: [DNN_INPUT] ask_rdi_delta_5 has 349 points with Z-Score > 12.
2026-03-21 13:45:36,053 - WARNING - ⚠️ HIGH TAIL INTENSITY: [DNN_INPUT] micro_price_delta_5 has 147 points with Z-Score > 12.
2026-03-21 13:45:36,053 - WARNING - ⚠️ HIGH TAIL INTENSITY: [DNN_INPUT] bid_rdi_delta_30 has 423 points with Z-Score > 12.
2026-03-21 13:45:36,053 - WARNING - ⚠️ HIGH TAIL INTENSITY: [DNN_INPUT] ask_rdi_delta_30 has 641 points with Z-Score > 12.
2026-03-21 13:45:36,053 - WARNING - ⚠️ HIGH TAIL INTENSITY: [DNN_INPUT] spread_zscore_60 has 720 points with Z-Score > 12.
2026-03-21 13:45:36,054 - WARNING - ⚠️ HIGH TAIL INTENSITY: [DNN_INPUT] kyle_lambda has 478 points with Z-Score > 12.
2026-03-21 13:45:36,054 - WARNING - ⚠️ HIGH TAIL INTENSITY: [DNN_INPUT] bid_deep_ratio has 619 points with Z-Score > 12.
2026-03-21 13:45:36,054 - WARNING - ⚠️ HIGH TAIL INTENSITY: [DNN_INPUT] ask_deep_ratio has 835 points with Z-Score > 12.
2026-03-21 13:45:36,054 - WARNING - ⚠️ HIGH TAIL INTENSITY: [DNN_INPUT] bid_convexity has 185 points with Z-Score > 12.
2026-03-21 13:45:36,054 - WARNING - ⚠️ HIGH TAIL INTENSITY: [DNN_INPUT] ask_convexity has 598 points with Z-Score > 12.
2026-03-21 13:45:36,395 - INFO - 📥 DOWNLOAD: 2023-02-12_BTCUSDT_ob500.data.zip
2026-03-21 13:45:36,629 - INFO - 📥 DOWNLOAD FILE: BTCUSDT2023-02-13.csv.gz
2026-03-21 13:45:36,777 - INFO - 💾 Memory Optimization: Dropping 801 raw book columns.
2026-03-21 13:45:36,851 - INFO - 📊 [Drop Success] 2023-01-18_BTCUSDT_ob500.data: Columns discarded | SYSTEM RAM: 166.02 GB (22.0%)
2026-03-21 13:45:36,852 - INFO - --- Validating 2023-01-18_BTCUSDT_ob500.data ---
2026-03-21 13:45:36,927 - INFO - ✅ ARCHITECTURE INTEGRITY: 30/30 features present. Audit Scope: 46 columns (30 Features + 15 Raw/Price).
2026-03-21 13:45:36,985 - INFO - No NaNs found.
2026-03-21 13:45:37,053 - INFO - No Infinite values found.
2026-03-21 13:45:37,056 - INFO - Chronological order verified.
2026-03-21 13:45:37,086 - WARNING - ⚠️ STALE DATA ALERT: Possible feed lock detected in 2023-01-18_BTCUSDT_ob500.data
2026-03-21 13:45:37,119 - INFO - 📥 DOWNLOAD: 2023-02-06_BTCUSDT_ob500.data.zip
2026-03-21 13:45:37,122 - WARNING - ☢️ CRITICAL OUTLIER: [DNN_INPUT] body max (5.7895e-03) is > 15x P99. Clipping might have failed!
2026-03-21 13:45:37,137 - WARNING - ☢️ CRITICAL OUTLIER: [DNN_INPUT] pressure_ratio max (1.5140e+03) is > 15x P99. Clipping might have failed!
2026-03-21 13:45:37,162 - WARNING - ☢️ CRITICAL OUTLIER: [DNN_INPUT] bid_deep_ratio max (1.3588e+05) is > 15x P99. Clipping might have failed!
2026-03-21 13:45:37,203 - WARNING - ☢️ CRITICAL OUTLIER: [DNN_INPUT] upper_wick max (6.1767e-03) is > 15x P99. Clipping might have failed!
2026-03-21 13:45:37,224 - WARNING - ☢️ CRITICAL OUTLIER: [DNN_INPUT] ask_convexity max (2.2832e+02) is > 15x P99. Clipping might have failed!
2026-03-21 13:45:37,243 - WARNING - ☢️ CRITICAL OUTLIER: [DNN_INPUT] kyle_lambda max (6.2746e+01) is > 15x P99. Clipping might have failed!
2026-03-21 13:45:37,251 - WARNING - ☢️ CRITICAL OUTLIER: [DNN_INPUT] lower_wick max (6.2587e-03) is > 15x P99. Clipping might have failed!
2026-03-21 13:45:37,282 - WARNING - ☢️ CRITICAL OUTLIER: [DNN_INPUT] ask_deep_ratio max (1.4535e+05) is > 15x P99. Clipping might have failed!
2026-03-21 13:45:37,408 - INFO - CUSUM (both): 39029 eventos. Trigger IID será aplicado dentro de cada janela CUSUM.
2026-03-21 13:45:38,057 - WARNING - ⚠️ HIGH TAIL INTENSITY: [RAW_DATA] bar_usd_volume has 511 points with Z-Score > 12.
2026-03-21 13:45:38,058 - WARNING - ⚠️ HIGH TAIL INTENSITY: [RAW_DATA] bar_btc_volume has 512 points with Z-Score > 12.
2026-03-21 13:45:38,058 - WARNING - ⚠️ HIGH TAIL INTENSITY: [DNN_INPUT] max_spread has 2031 points with Z-Score > 12.
2026-03-21 13:45:38,058 - WARNING - ⚠️ HIGH TAIL INTENSITY: [DNN_INPUT] volatility has 819 points with Z-Score > 12.
2026-03-21 13:45:38,058 - WARNING - ⚠️ HIGH TAIL INTENSITY: [DNN_INPUT] micro_price_momentum has 643 points with Z-Score > 12.
2026-03-21 13:45:38,058 - WARNING - ⚠️ HIGH TAIL INTENSITY: [DNN_INPUT] bid_rdi has 1104 points with Z-Score > 12.
2026-03-21 13:45:38,058 - WARNING - ⚠️ HIGH TAIL INTENSITY: [DNN_INPUT] ask_rdi has 754 points with Z-Score > 12.
2026-03-21 13:45:38,059 - WARNING - ⚠️ HIGH TAIL INTENSITY: [DNN_INPUT] pressure_ratio has 495 points with Z-Score > 12.
2026-03-21 13:45:38,059 - WARNING - ⚠️ HIGH TAIL INTENSITY: [DNN_INPUT] body has 706 points with Z-Score > 12.
2026-03-21 13:45:38,059 - WARNING - ⚠️ HIGH TAIL INTENSITY: [DNN_INPUT] upper_wick has 308 points with Z-Score > 12.
2026-03-21 13:45:38,059 - WARNING - ⚠️ HIGH TAIL INTENSITY: [DNN_INPUT] lower_wick has 295 points with Z-Score > 12.
2026-03-21 13:45:38,059 - WARNING - ⚠️ HIGH TAIL INTENSITY: [DNN_INPUT] log_ret_close has 908 points with Z-Score > 12.
2026-03-21 13:45:38,059 - WARNING - ⚠️ HIGH TAIL INTENSITY: [DNN_INPUT] bid_rdi_delta_5 has 333 points with Z-Score > 12.
2026-03-21 13:45:38,059 - WARNING - ⚠️ HIGH TAIL INTENSITY: [DNN_INPUT] ask_rdi_delta_5 has 376 points with Z-Score > 12.
2026-03-21 13:45:38,059 - WARNING - ⚠️ HIGH TAIL INTENSITY: [DNN_INPUT] micro_price_delta_5 has 632 points with Z-Score > 12.
2026-03-21 13:45:38,059 - WARNING - ⚠️ HIGH TAIL INTENSITY: [DNN_INPUT] bid_rdi_delta_30 has 716 points with Z-Score > 12.
2026-03-21 13:45:38,060 - WARNING - ⚠️ HIGH TAIL INTENSITY: [DNN_INPUT] ask_rdi_delta_30 has 512 points with Z-Score > 12.
2026-03-21 13:45:38,065 - WARNING - ⚠️ HIGH TAIL INTENSITY: [DNN_INPUT] micro_price_delta_30 has 217 points with Z-Score > 12.
2026-03-21 13:45:38,065 - WARNING - ⚠️ HIGH TAIL INTENSITY: [DNN_INPUT] spread_zscore_60 has 1049 points with Z-Score > 12.
2026-03-21 13:45:38,065 - WARNING - ⚠️ HIGH TAIL INTENSITY: [DNN_INPUT] kyle_lambda has 764 points with Z-Score > 12.
2026-03-21 13:45:38,065 - WARNING - ⚠️ HIGH TAIL INTENSITY: [DNN_INPUT] bid_deep_ratio has 1109 points with Z-Score > 12.
2026-03-21 13:45:38,065 - WARNING - ⚠️ HIGH TAIL INTENSITY: [DNN_INPUT] ask_deep_ratio has 1050 points with Z-Score > 12.
2026-03-21 13:45:38,065 - WARNING - ⚠️ HIGH TAIL INTENSITY: [DNN_INPUT] bid_convexity has 217 points with Z-Score > 12.
2026-03-21 13:45:38,065 - WARNING - ⚠️ HIGH TAIL INTENSITY: [DNN_INPUT] ask_convexity has 523 points with Z-Score > 12.
2026-03-21 13:45:38,354 - INFO - 📥 DOWNLOAD: 2023-02-08_BTCUSDT_ob500.data.zip
2026-03-21 13:45:39,005 - INFO - ✅ Protocol Island Split: 1/1 islands survived. Total rows: 651039
2026-03-21 13:45:39,010 - INFO - 🏆 Gold Validation complete for 2023-01-18_BTCUSDT_ob500.data. Status: VALID
2026-03-21 13:45:39,425 - INFO - 📂 STREAMING: 2023-02-09_BTCUSDT_ob500.data
2026-03-21 13:45:39,638 - INFO - Successfully saved 651039 rows to data/L2/pre_processed/2023-01-18_BTCUSDT_ob500.data.parquet
2026-03-21 13:45:39,642 - INFO - ✅ Saved event-driven dataset: 2023-01-18_BTCUSDT_ob500.data.parquet
2026-03-21 13:45:39,646 - INFO - 📊 [Memory] 2023-01-18_BTCUSDT_ob500.data: 0.0MB -> 15823.6MB
2026-03-21 13:45:39,763 - INFO - ✅ Protocol Island Split: 1/1 islands survived. Total rows: 497955
2026-03-21 13:45:39,768 - INFO - 🏆 Gold Validation complete for 2023-02-02_BTCUSDT_ob500.data. Status: VALID
2026-03-21 13:45:39,924 - INFO - Barras geradas: 610655 | Ilhas: 1
2026-03-21 13:45:40,087 - INFO - Successfully saved 497955 rows to data/L2/pre_processed/2023-02-02_BTCUSDT_ob500.data.parquet
2026-03-21 13:45:40,087 - INFO - ✅ Saved event-driven dataset: 2023-02-02_BTCUSDT_ob500.data.parquet
2026-03-21 13:45:40,088 - INFO - 📊 [Memory] 2023-02-02_BTCUSDT_ob500.data: 0.0MB -> 13056.9MB
2026-03-21 13:45:40,660 - INFO - 📥 DOWNLOAD FILE: BTCUSDT2023-02-14.csv.gz
2026-03-21 13:45:40,920 - INFO - 💾 Memory Optimization: Dropping 801 raw book columns.
2026-03-21 13:45:41,008 - INFO - 📊 [Drop Success] 2023-01-20_BTCUSDT_ob500.data: Columns discarded | SYSTEM RAM: 153.73 GB (20.3%)
2026-03-21 13:45:41,008 - INFO - --- Validating 2023-01-20_BTCUSDT_ob500.data ---
2026-03-21 13:45:41,063 - INFO - ✅ ARCHITECTURE INTEGRITY: 30/30 features present. Audit Scope: 46 columns (30 Features + 15 Raw/Price).
2026-03-21 13:45:41,094 - INFO - No NaNs found.
2026-03-21 13:45:41,118 - INFO - No Infinite values found.
2026-03-21 13:45:41,119 - INFO - Chronological order verified.
2026-03-21 13:45:41,135 - WARNING - ⚠️ STALE DATA ALERT: Possible feed lock detected in 2023-01-20_BTCUSDT_ob500.data
2026-03-21 13:45:41,148 - WARNING - ☢️ CRITICAL OUTLIER: [DNN_INPUT] body max (3.3661e-03) is > 15x P99. Clipping might have failed!
2026-03-21 13:45:41,151 - WARNING - ☢️ CRITICAL OUTLIER: [DNN_INPUT] pressure_ratio max (4.8342e+03) is > 15x P99. Clipping might have failed!
2026-03-21 13:45:41,154 - WARNING - ☢️ CRITICAL OUTLIER: [DNN_INPUT] bid_deep_ratio max (1.1154e+05) is > 15x P99. Clipping might have failed!
2026-03-21 13:45:41,157 - WARNING - ☢️ CRITICAL OUTLIER: [DNN_INPUT] upper_wick max (2.8837e-03) is > 15x P99. Clipping might have failed!
2026-03-21 13:45:41,164 - WARNING - ☢️ CRITICAL OUTLIER: [DNN_INPUT] kyle_lambda max (2.9759e+01) is > 15x P99. Clipping might have failed!
2026-03-21 13:45:41,167 - WARNING - ☢️ CRITICAL OUTLIER: [DNN_INPUT] lower_wick max (3.1429e-03) is > 15x P99. Clipping might have failed!
2026-03-21 13:45:41,176 - WARNING - ☢️ CRITICAL OUTLIER: [DNN_INPUT] ask_deep_ratio max (1.5494e+05) is > 15x P99. Clipping might have failed!
2026-03-21 13:45:41,194 - INFO - 📥 DOWNLOAD FILE: BTCUSDT2023-02-15.csv.gz
2026-03-21 13:45:41,422 - WARNING - ⚠️ HIGH TAIL INTENSITY: [RAW_DATA] bar_usd_volume has 509 points with Z-Score > 12.
2026-03-21 13:45:41,423 - WARNING - ⚠️ HIGH TAIL INTENSITY: [RAW_DATA] bar_btc_volume has 515 points with Z-Score > 12.
2026-03-21 13:45:41,423 - WARNING - ⚠️ HIGH TAIL INTENSITY: [DNN_INPUT] max_spread has 1853 points with Z-Score > 12.
2026-03-21 13:45:41,423 - WARNING - ⚠️ HIGH TAIL INTENSITY: [DNN_INPUT] volatility has 756 points with Z-Score > 12.
2026-03-21 13:45:41,423 - WARNING - ⚠️ HIGH TAIL INTENSITY: [DNN_INPUT] micro_price_momentum has 464 points with Z-Score > 12.
2026-03-21 13:45:41,423 - WARNING - ⚠️ HIGH TAIL INTENSITY: [DNN_INPUT] bid_rdi has 386 points with Z-Score > 12.
2026-03-21 13:45:41,423 - WARNING - ⚠️ HIGH TAIL INTENSITY: [DNN_INPUT] ask_rdi has 1833 points with Z-Score > 12.
2026-03-21 13:45:41,424 - WARNING - ⚠️ HIGH TAIL INTENSITY: [DNN_INPUT] pressure_ratio has 283 points with Z-Score > 12.
2026-03-21 13:45:41,424 - WARNING - ⚠️ HIGH TAIL INTENSITY: [DNN_INPUT] body has 926 points with Z-Score > 12.
2026-03-21 13:45:41,424 - WARNING - ⚠️ HIGH TAIL INTENSITY: [DNN_INPUT] upper_wick has 265 points with Z-Score > 12.
2026-03-21 13:45:41,424 - WARNING - ⚠️ HIGH TAIL INTENSITY: [DNN_INPUT] lower_wick has 450 points with Z-Score > 12.
2026-03-21 13:45:41,424 - WARNING - ⚠️ HIGH TAIL INTENSITY: [DNN_INPUT] log_ret_close has 937 points with Z-Score > 12.
2026-03-21 13:45:41,424 - WARNING - ⚠️ HIGH TAIL INTENSITY: [DNN_INPUT] bid_rdi_delta_5 has 284 points with Z-Score > 12.
2026-03-21 13:45:41,424 - WARNING - ⚠️ HIGH TAIL INTENSITY: [DNN_INPUT] ask_rdi_delta_5 has 383 points with Z-Score > 12.
2026-03-21 13:45:41,424 - WARNING - ⚠️ HIGH TAIL INTENSITY: [DNN_INPUT] micro_price_delta_5 has 624 points with Z-Score > 12.
2026-03-21 13:45:41,424 - WARNING - ⚠️ HIGH TAIL INTENSITY: [DNN_INPUT] bid_rdi_delta_30 has 320 points with Z-Score > 12.
2026-03-21 13:45:41,424 - WARNING - ⚠️ HIGH TAIL INTENSITY: [DNN_INPUT] ask_rdi_delta_30 has 705 points with Z-Score > 12.
2026-03-21 13:45:41,424 - WARNING - ⚠️ HIGH TAIL INTENSITY: [DNN_INPUT] micro_price_delta_30 has 78 points with Z-Score > 12.
2026-03-21 13:45:41,424 - WARNING - ⚠️ HIGH TAIL INTENSITY: [DNN_INPUT] spread_zscore_60 has 908 points with Z-Score > 12.
2026-03-21 13:45:41,425 - WARNING - ⚠️ HIGH TAIL INTENSITY: [DNN_INPUT] kyle_lambda has 822 points with Z-Score > 12.
2026-03-21 13:45:41,425 - WARNING - ⚠️ HIGH TAIL INTENSITY: [DNN_INPUT] bid_deep_ratio has 815 points with Z-Score > 12.
2026-03-21 13:45:41,425 - WARNING - ⚠️ HIGH TAIL INTENSITY: [DNN_INPUT] ask_deep_ratio has 893 points with Z-Score > 12.
2026-03-21 13:45:41,425 - WARNING - ⚠️ HIGH TAIL INTENSITY: [DNN_INPUT] bid_convexity has 305 points with Z-Score > 12.
2026-03-21 13:45:41,425 - WARNING - ⚠️ HIGH TAIL INTENSITY: [DNN_INPUT] ask_convexity has 1006 points with Z-Score > 12.
2026-03-21 13:45:41,673 - INFO - ✅ Protocol Island Split: 1/1 islands survived. Total rows: 604954
2026-03-21 13:45:41,674 - INFO - 🏆 Gold Validation complete for 2023-01-20_BTCUSDT_ob500.data. Status: VALID
2026-03-21 13:45:41,886 - INFO - Successfully saved 604954 rows to data/L2/pre_processed/2023-01-20_BTCUSDT_ob500.data.parquet
2026-03-21 13:45:41,886 - INFO - ✅ Saved event-driven dataset: 2023-01-20_BTCUSDT_ob500.data.parquet
2026-03-21 13:45:41,887 - INFO - 📊 [Memory] 2023-01-20_BTCUSDT_ob500.data: 0.0MB -> 15398.2MB
2026-03-21 13:45:43,970 - INFO - 📥 DOWNLOAD: 2023-02-13_BTCUSDT_ob500.data.zip
2026-03-21 13:45:44,885 - INFO - 📂 STREAMING: 2023-02-08_BTCUSDT_ob500.data
2026-03-21 13:45:44,892 - INFO - 📥 DOWNLOAD FILE: BTCUSDT2023-02-16.csv.gz
2026-03-21 13:45:45,820 - INFO - 📂 STREAMING: 2023-02-12_BTCUSDT_ob500.data
2026-03-21 13:45:45,955 - INFO - 📂 STREAMING: 2023-02-10_BTCUSDT_ob500.data
2026-03-21 13:45:47,911 - INFO - 📥 DOWNLOAD: 2023-02-14_BTCUSDT_ob500.data.zip
2026-03-21 13:45:47,968 - INFO - 📂 STREAMING: 2023-02-06_BTCUSDT_ob500.data
2026-03-21 13:45:49,630 - INFO - 💾 Memory Optimization: Dropping 801 raw book columns.
2026-03-21 13:45:50,085 - INFO - 📊 [Drop Success] 2023-01-25_BTCUSDT_ob500.data: Columns discarded | SYSTEM RAM: 150.55 GB (19.9%)
2026-03-21 13:45:50,088 - INFO - --- Validating 2023-01-25_BTCUSDT_ob500.data ---
2026-03-21 13:45:50,202 - INFO - ✅ ARCHITECTURE INTEGRITY: 30/30 features present. Audit Scope: 46 columns (30 Features + 15 Raw/Price).
2026-03-21 13:45:50,308 - INFO - No NaNs found.
2026-03-21 13:45:50,368 - INFO - 📥 DOWNLOAD: 2023-02-07_BTCUSDT_ob500.data.zip
2026-03-21 13:45:50,402 - INFO - No Infinite values found.
2026-03-21 13:45:50,405 - INFO - Chronological order verified.
2026-03-21 13:45:50,496 - WARNING - ⚠️ STALE DATA ALERT: Possible feed lock detected in 2023-01-25_BTCUSDT_ob500.data
2026-03-21 13:45:50,559 - INFO - 📂 STREAMING: 2023-02-11_BTCUSDT_ob500.data
2026-03-21 13:45:50,561 - WARNING - ☢️ CRITICAL OUTLIER: [DNN_INPUT] body max (1.4710e-03) is > 15x P99. Clipping might have failed!
2026-03-21 13:45:50,580 - WARNING - ☢️ CRITICAL OUTLIER: [DNN_INPUT] pressure_ratio max (2.7577e+03) is > 15x P99. Clipping might have failed!
2026-03-21 13:45:50,590 - WARNING - ☢️ CRITICAL OUTLIER: [DNN_INPUT] bid_deep_ratio max (1.2200e+05) is > 15x P99. Clipping might have failed!
2026-03-21 13:45:50,607 - WARNING - ☢️ CRITICAL OUTLIER: [DNN_INPUT] upper_wick max (1.3491e-03) is > 15x P99. Clipping might have failed!
2026-03-21 13:45:50,649 - WARNING - ☢️ CRITICAL OUTLIER: [DNN_INPUT] lower_wick max (1.1345e-03) is > 15x P99. Clipping might have failed!
2026-03-21 13:45:50,685 - WARNING - ☢️ CRITICAL OUTLIER: [DNN_INPUT] ask_deep_ratio max (1.3680e+05) is > 15x P99. Clipping might have failed!
2026-03-21 13:45:51,089 - WARNING - ⚠️ HIGH TAIL INTENSITY: [RAW_DATA] bar_usd_volume has 488 points with Z-Score > 12.
2026-03-21 13:45:51,089 - WARNING - ⚠️ HIGH TAIL INTENSITY: [RAW_DATA] bar_btc_volume has 485 points with Z-Score > 12.
2026-03-21 13:45:51,089 - WARNING - ⚠️ HIGH TAIL INTENSITY: [DNN_INPUT] max_spread has 1927 points with Z-Score > 12.
2026-03-21 13:45:51,089 - WARNING - ⚠️ HIGH TAIL INTENSITY: [DNN_INPUT] volatility has 718 points with Z-Score > 12.
2026-03-21 13:45:51,090 - WARNING - ⚠️ HIGH TAIL INTENSITY: [DNN_INPUT] micro_price_momentum has 546 points with Z-Score > 12.
2026-03-21 13:45:51,090 - WARNING - ⚠️ HIGH TAIL INTENSITY: [DNN_INPUT] bid_rdi has 377 points with Z-Score > 12.
2026-03-21 13:45:51,090 - WARNING - ⚠️ HIGH TAIL INTENSITY: [DNN_INPUT] ask_rdi has 199 points with Z-Score > 12.
2026-03-21 13:45:51,090 - WARNING - ⚠️ HIGH TAIL INTENSITY: [DNN_INPUT] pressure_ratio has 417 points with Z-Score > 12.
2026-03-21 13:45:51,090 - WARNING - ⚠️ HIGH TAIL INTENSITY: [DNN_INPUT] body has 737 points with Z-Score > 12.
2026-03-21 13:45:51,090 - WARNING - ⚠️ HIGH TAIL INTENSITY: [DNN_INPUT] upper_wick has 355 points with Z-Score > 12.
2026-03-21 13:45:51,090 - WARNING - ⚠️ HIGH TAIL INTENSITY: [DNN_INPUT] lower_wick has 378 points with Z-Score > 12.
2026-03-21 13:45:51,090 - WARNING - ⚠️ HIGH TAIL INTENSITY: [DNN_INPUT] log_ret_close has 882 points with Z-Score > 12.
2026-03-21 13:45:51,090 - WARNING - ⚠️ HIGH TAIL INTENSITY: [DNN_INPUT] bid_rdi_delta_5 has 409 points with Z-Score > 12.
2026-03-21 13:45:51,090 - WARNING - ⚠️ HIGH TAIL INTENSITY: [DNN_INPUT] ask_rdi_delta_5 has 162 points with Z-Score > 12.
2026-03-21 13:45:51,090 - WARNING - ⚠️ HIGH TAIL INTENSITY: [DNN_INPUT] micro_price_delta_5 has 124 points with Z-Score > 12.
2026-03-21 13:45:51,090 - WARNING - ⚠️ HIGH TAIL INTENSITY: [DNN_INPUT] bid_rdi_delta_30 has 603 points with Z-Score > 12.
2026-03-21 13:45:51,091 - WARNING - ⚠️ HIGH TAIL INTENSITY: [DNN_INPUT] ask_rdi_delta_30 has 208 points with Z-Score > 12.
2026-03-21 13:45:51,091 - WARNING - ⚠️ HIGH TAIL INTENSITY: [DNN_INPUT] micro_price_delta_30 has 7 points with Z-Score > 12.
2026-03-21 13:45:51,091 - WARNING - ⚠️ HIGH TAIL INTENSITY: [DNN_INPUT] spread_zscore_60 has 911 points with Z-Score > 12.
2026-03-21 13:45:51,091 - WARNING - ⚠️ HIGH TAIL INTENSITY: [DNN_INPUT] kyle_lambda has 617 points with Z-Score > 12.
2026-03-21 13:45:51,091 - WARNING - ⚠️ HIGH TAIL INTENSITY: [DNN_INPUT] bid_deep_ratio has 885 points with Z-Score > 12.
2026-03-21 13:45:51,091 - WARNING - ⚠️ HIGH TAIL INTENSITY: [DNN_INPUT] ask_deep_ratio has 728 points with Z-Score > 12.
2026-03-21 13:45:51,091 - WARNING - ⚠️ HIGH TAIL INTENSITY: [DNN_INPUT] bid_convexity has 500 points with Z-Score > 12.
2026-03-21 13:45:51,091 - WARNING - ⚠️ HIGH TAIL INTENSITY: [DNN_INPUT] ask_convexity has 519 points with Z-Score > 12.
2026-03-21 13:45:51,157 - INFO - 📥 DOWNLOAD: 2023-02-15_BTCUSDT_ob500.data.zip
2026-03-21 13:45:51,335 - INFO - ✅ Protocol Island Split: 1/1 islands survived. Total rows: 595749
2026-03-21 13:45:51,336 - INFO - 🏆 Gold Validation complete for 2023-01-25_BTCUSDT_ob500.data. Status: VALID
2026-03-21 13:45:51,539 - INFO - Successfully saved 595749 rows to data/L2/pre_processed/2023-01-25_BTCUSDT_ob500.data.parquet
2026-03-21 13:45:51,539 - INFO - ✅ Saved event-driven dataset: 2023-01-25_BTCUSDT_ob500.data.parquet
2026-03-21 13:45:51,540 - INFO - 📊 [Memory] 2023-01-25_BTCUSDT_ob500.data: 0.0MB -> 15304.6MB
2026-03-21 13:45:51,818 - INFO - 📂 STREAMING: 2023-02-13_BTCUSDT_ob500.data
2026-03-21 13:45:52,901 - INFO - 📥 DOWNLOAD FILE: BTCUSDT2023-02-17.csv.gz
2026-03-21 13:45:53,211 - INFO - 🗑️ CLEANUP: Deleting processed zip: 2023-02-04_BTCUSDT_ob500.data.zip
2026-03-21 13:45:54,597 - INFO - 📥 DOWNLOAD: 2023-02-16_BTCUSDT_ob500.data.zip
2026-03-21 13:45:55,664 - INFO - 🗑️ CLEANUP: Deleting processed zip: 2023-02-05_BTCUSDT_ob500.data.zip
2026-03-21 13:45:55,787 - INFO - 🗑️ CLEANUP: Deleting processed zip: 2023-02-03_BTCUSDT_ob500.data.zip
2026-03-21 13:45:55,911 - INFO - 📂 STREAMING: 2023-02-14_BTCUSDT_ob500.data
2026-03-21 13:45:56,479 - INFO - 📂 STREAMING: 2023-02-15_BTCUSDT_ob500.data
2026-03-21 13:45:57,053 - INFO - 📊 [Peak Load] 2023-02-04_BTCUSDT_ob500.data: Raw data in RAM | SYSTEM RAM: 150.96 GB (20.0%)
2026-03-21 13:45:57,057 - INFO - EventSampler iniciado. Modo: 'both' | Dollar=500000.0 | Tick=5000 | Info=100.0 | Time=300000ms
2026-03-21 13:45:57,575 - INFO - 💾 Memory Optimization: Dropping 801 raw book columns.
2026-03-21 13:45:57,614 - INFO - 📊 [Drop Success] 2023-01-21_BTCUSDT_ob500.data: Columns discarded | SYSTEM RAM: 151.42 GB (20.0%)
2026-03-21 13:45:57,615 - INFO - --- Validating 2023-01-21_BTCUSDT_ob500.data ---
2026-03-21 13:45:57,624 - INFO - CUSUM (both): 11410 eventos. Trigger IID será aplicado dentro de cada janela CUSUM.
2026-03-21 13:45:57,800 - INFO - Barras geradas: 106366 | Ilhas: 1
2026-03-21 13:45:58,590 - INFO - ✅ ARCHITECTURE INTEGRITY: 30/30 features present. Audit Scope: 46 columns (30 Features + 15 Raw/Price).
2026-03-21 13:45:58,671 - INFO - No NaNs found.
2026-03-21 13:45:58,756 - INFO - No Infinite values found.
2026-03-21 13:45:58,758 - INFO - Chronological order verified.
2026-03-21 13:45:58,776 - WARNING - ⚠️ STALE DATA ALERT: Possible feed lock detected in 2023-01-21_BTCUSDT_ob500.data
2026-03-21 13:45:58,805 - WARNING - ☢️ CRITICAL OUTLIER: [DNN_INPUT] body max (1.5425e-03) is > 15x P99. Clipping might have failed!
2026-03-21 13:45:58,812 - WARNING - ☢️ CRITICAL OUTLIER: [DNN_INPUT] pressure_ratio max (4.1837e+03) is > 15x P99. Clipping might have failed!
2026-03-21 13:45:58,819 - WARNING - ☢️ CRITICAL OUTLIER: [DNN_INPUT] bid_deep_ratio max (1.2160e+05) is > 15x P99. Clipping might have failed!
2026-03-21 13:45:58,830 - WARNING - ☢️ CRITICAL OUTLIER: [DNN_INPUT] upper_wick max (1.7807e-03) is > 15x P99. Clipping might have failed!
2026-03-21 13:45:58,851 - WARNING - ☢️ CRITICAL OUTLIER: [DNN_INPUT] lower_wick max (1.1541e-03) is > 15x P99. Clipping might have failed!
2026-03-21 13:45:59,410 - WARNING - ⚠️ HIGH TAIL INTENSITY: [RAW_DATA] bar_usd_volume has 514 points with Z-Score > 12.
2026-03-21 13:45:59,411 - WARNING - ⚠️ HIGH TAIL INTENSITY: [RAW_DATA] bar_btc_volume has 518 points with Z-Score > 12.
2026-03-21 13:45:59,411 - WARNING - ⚠️ HIGH TAIL INTENSITY: [DNN_INPUT] max_spread has 487 points with Z-Score > 12.
2026-03-21 13:45:59,411 - WARNING - ⚠️ HIGH TAIL INTENSITY: [DNN_INPUT] volatility has 746 points with Z-Score > 12.
2026-03-21 13:45:59,411 - WARNING - ⚠️ HIGH TAIL INTENSITY: [DNN_INPUT] micro_price_momentum has 747 points with Z-Score > 12.
2026-03-21 13:45:59,411 - WARNING - ⚠️ HIGH TAIL INTENSITY: [DNN_INPUT] bid_rdi has 882 points with Z-Score > 12.
2026-03-21 13:45:59,411 - WARNING - ⚠️ HIGH TAIL INTENSITY: [DNN_INPUT] ask_rdi has 459 points with Z-Score > 12.
2026-03-21 13:45:59,412 - WARNING - ⚠️ HIGH TAIL INTENSITY: [DNN_INPUT] pressure_ratio has 157 points with Z-Score > 12.
2026-03-21 13:45:59,412 - WARNING - ⚠️ HIGH TAIL INTENSITY: [DNN_INPUT] body has 861 points with Z-Score > 12.
2026-03-21 13:45:59,412 - WARNING - ⚠️ HIGH TAIL INTENSITY: [DNN_INPUT] upper_wick has 331 points with Z-Score > 12.
2026-03-21 13:45:59,412 - WARNING - ⚠️ HIGH TAIL INTENSITY: [DNN_INPUT] lower_wick has 388 points with Z-Score > 12.
2026-03-21 13:45:59,412 - WARNING - ⚠️ HIGH TAIL INTENSITY: [DNN_INPUT] log_ret_close has 901 points with Z-Score > 12.
2026-03-21 13:45:59,412 - WARNING - ⚠️ HIGH TAIL INTENSITY: [DNN_INPUT] bid_rdi_delta_5 has 459 points with Z-Score > 12.
2026-03-21 13:45:59,412 - WARNING - ⚠️ HIGH TAIL INTENSITY: [DNN_INPUT] ask_rdi_delta_5 has 399 points with Z-Score > 12.
2026-03-21 13:45:59,412 - WARNING - ⚠️ HIGH TAIL INTENSITY: [DNN_INPUT] micro_price_delta_5 has 194 points with Z-Score > 12.
2026-03-21 13:45:59,412 - WARNING - ⚠️ HIGH TAIL INTENSITY: [DNN_INPUT] bid_rdi_delta_30 has 1023 points with Z-Score > 12.
2026-03-21 13:45:59,413 - WARNING - ⚠️ HIGH TAIL INTENSITY: [DNN_INPUT] ask_rdi_delta_30 has 537 points with Z-Score > 12.
2026-03-21 13:45:59,415 - WARNING - ⚠️ HIGH TAIL INTENSITY: [DNN_INPUT] spread_zscore_60 has 981 points with Z-Score > 12.
2026-03-21 13:45:59,415 - WARNING - ⚠️ HIGH TAIL INTENSITY: [DNN_INPUT] kyle_lambda has 482 points with Z-Score > 12.
2026-03-21 13:45:59,415 - WARNING - ⚠️ HIGH TAIL INTENSITY: [DNN_INPUT] bid_deep_ratio has 938 points with Z-Score > 12.
2026-03-21 13:45:59,415 - WARNING - ⚠️ HIGH TAIL INTENSITY: [DNN_INPUT] ask_deep_ratio has 1164 points with Z-Score > 12.
2026-03-21 13:45:59,415 - WARNING - ⚠️ HIGH TAIL INTENSITY: [DNN_INPUT] bid_convexity has 165 points with Z-Score > 12.
2026-03-21 13:45:59,416 - WARNING - ⚠️ HIGH TAIL INTENSITY: [DNN_INPUT] ask_convexity has 1529 points with Z-Score > 12.
2026-03-21 13:46:00,048 - INFO - ✅ Protocol Island Split: 1/1 islands survived. Total rows: 610655
2026-03-21 13:46:00,048 - INFO - 🏆 Gold Validation complete for 2023-01-21_BTCUSDT_ob500.data. Status: VALID
2026-03-21 13:46:00,265 - INFO - Successfully saved 610655 rows to data/L2/pre_processed/2023-01-21_BTCUSDT_ob500.data.parquet
2026-03-21 13:46:00,265 - INFO - ✅ Saved event-driven dataset: 2023-01-21_BTCUSDT_ob500.data.parquet
2026-03-21 13:46:00,266 - INFO - 📊 [Memory] 2023-01-21_BTCUSDT_ob500.data: 0.0MB -> 15878.6MB
2026-03-21 13:46:00,648 - INFO - 💾 Memory Optimization: Dropping 801 raw book columns.
2026-03-21 13:46:00,670 - INFO - 📊 [Drop Success] 2023-02-04_BTCUSDT_ob500.data: Columns discarded | SYSTEM RAM: 154.82 GB (20.5%)
2026-03-21 13:46:00,670 - INFO - --- Validating 2023-02-04_BTCUSDT_ob500.data ---
2026-03-21 13:46:00,681 - INFO - ✅ ARCHITECTURE INTEGRITY: 30/30 features present. Audit Scope: 46 columns (30 Features + 15 Raw/Price).
2026-03-21 13:46:00,692 - INFO - No NaNs found.
2026-03-21 13:46:00,693 - INFO - 📂 STREAMING: 2023-02-07_BTCUSDT_ob500.data
2026-03-21 13:46:00,696 - INFO - No Infinite values found.
2026-03-21 13:46:00,696 - INFO - Chronological order verified.
2026-03-21 13:46:00,700 - WARNING - ⚠️ STALE DATA ALERT: Possible feed lock detected in 2023-02-04_BTCUSDT_ob500.data
2026-03-21 13:46:00,705 - WARNING - ☢️ CRITICAL OUTLIER: [DNN_INPUT] pressure_ratio max (6.6396e+03) is > 15x P99. Clipping might have failed!
2026-03-21 13:46:00,706 - WARNING - ☢️ CRITICAL OUTLIER: [DNN_INPUT] bid_deep_ratio max (2.3214e+04) is > 15x P99. Clipping might have failed!
2026-03-21 13:46:00,707 - WARNING - ☢️ CRITICAL OUTLIER: [DNN_INPUT] upper_wick max (5.5765e-04) is > 15x P99. Clipping might have failed!
2026-03-21 13:46:00,710 - WARNING - ☢️ CRITICAL OUTLIER: [DNN_INPUT] lower_wick max (3.6442e-04) is > 15x P99. Clipping might have failed!
2026-03-21 13:46:00,712 - WARNING - ☢️ CRITICAL OUTLIER: [DNN_INPUT] ask_deep_ratio max (6.6846e+04) is > 15x P99. Clipping might have failed!
2026-03-21 13:46:00,785 - WARNING - ⚠️ HIGH TAIL INTENSITY: [RAW_DATA] bar_usd_volume has 115 points with Z-Score > 12.
2026-03-21 13:46:00,785 - WARNING - ⚠️ HIGH TAIL INTENSITY: [RAW_DATA] bar_btc_volume has 115 points with Z-Score > 12.
2026-03-21 13:46:00,786 - WARNING - ⚠️ HIGH TAIL INTENSITY: [DNN_INPUT] max_spread has 114 points with Z-Score > 12.
2026-03-21 13:46:00,786 - WARNING - ⚠️ HIGH TAIL INTENSITY: [DNN_INPUT] volatility has 107 points with Z-Score > 12.
2026-03-21 13:46:00,786 - WARNING - ⚠️ HIGH TAIL INTENSITY: [DNN_INPUT] micro_price_momentum has 60 points with Z-Score > 12.
2026-03-21 13:46:00,786 - WARNING - ⚠️ HIGH TAIL INTENSITY: [DNN_INPUT] bid_rdi has 131 points with Z-Score > 12.
2026-03-21 13:46:00,786 - WARNING - ⚠️ HIGH TAIL INTENSITY: [DNN_INPUT] ask_rdi has 64 points with Z-Score > 12.
2026-03-21 13:46:00,786 - WARNING - ⚠️ HIGH TAIL INTENSITY: [DNN_INPUT] pressure_ratio has 73 points with Z-Score > 12.
2026-03-21 13:46:00,786 - WARNING - ⚠️ HIGH TAIL INTENSITY: [DNN_INPUT] body has 77 points with Z-Score > 12.
2026-03-21 13:46:00,787 - WARNING - ⚠️ HIGH TAIL INTENSITY: [DNN_INPUT] upper_wick has 60 points with Z-Score > 12.
2026-03-21 13:46:00,787 - WARNING - ⚠️ HIGH TAIL INTENSITY: [DNN_INPUT] lower_wick has 33 points with Z-Score > 12.
2026-03-21 13:46:00,787 - WARNING - ⚠️ HIGH TAIL INTENSITY: [DNN_INPUT] log_ret_close has 105 points with Z-Score > 12.
2026-03-21 13:46:00,787 - WARNING - ⚠️ HIGH TAIL INTENSITY: [DNN_INPUT] bid_rdi_delta_5 has 72 points with Z-Score > 12.
2026-03-21 13:46:00,787 - WARNING - ⚠️ HIGH TAIL INTENSITY: [DNN_INPUT] ask_rdi_delta_5 has 62 points with Z-Score > 12.
2026-03-21 13:46:00,787 - WARNING - ⚠️ HIGH TAIL INTENSITY: [DNN_INPUT] micro_price_delta_5 has 4 points with Z-Score > 12.
2026-03-21 13:46:00,787 - WARNING - ⚠️ HIGH TAIL INTENSITY: [DNN_INPUT] bid_rdi_delta_30 has 110 points with Z-Score > 12.
2026-03-21 13:46:00,787 - WARNING - ⚠️ HIGH TAIL INTENSITY: [DNN_INPUT] ask_rdi_delta_30 has 60 points with Z-Score > 12.
2026-03-21 13:46:00,787 - WARNING - ⚠️ HIGH TAIL INTENSITY: [DNN_INPUT] spread_zscore_60 has 108 points with Z-Score > 12.
2026-03-21 13:46:00,787 - WARNING - ⚠️ HIGH TAIL INTENSITY: [DNN_INPUT] kyle_lambda has 108 points with Z-Score > 12.
2026-03-21 13:46:00,787 - WARNING - ⚠️ HIGH TAIL INTENSITY: [DNN_INPUT] bid_deep_ratio has 75 points with Z-Score > 12.
2026-03-21 13:46:00,787 - WARNING - ⚠️ HIGH TAIL INTENSITY: [DNN_INPUT] ask_deep_ratio has 169 points with Z-Score > 12.
2026-03-21 13:46:00,843 - INFO - ✅ Protocol Island Split: 1/1 islands survived. Total rows: 106366
2026-03-21 13:46:00,843 - INFO - 🏆 Gold Validation complete for 2023-02-04_BTCUSDT_ob500.data. Status: VALID
2026-03-21 13:46:00,911 - INFO - Successfully saved 106366 rows to data/L2/pre_processed/2023-02-04_BTCUSDT_ob500.data.parquet
2026-03-21 13:46:00,911 - INFO - ✅ Saved event-driven dataset: 2023-02-04_BTCUSDT_ob500.data.parquet
2026-03-21 13:46:00,913 - INFO - 📊 [Memory] 2023-02-04_BTCUSDT_ob500.data: 0.0MB -> 12042.8MB
2026-03-21 13:46:01,377 - INFO - 📥 DOWNLOAD FILE: BTCUSDT2023-02-18.csv.gz
2026-03-21 13:46:02,395 - INFO - 📥 DOWNLOAD FILE: BTCUSDT2023-02-19.csv.gz
2026-03-21 13:46:02,438 - INFO - 📥 DOWNLOAD: 2023-02-17_BTCUSDT_ob500.data.zip
2026-03-21 13:46:02,521 - INFO - 📊 [Peak Load] 2023-02-05_BTCUSDT_ob500.data: Raw data in RAM | SYSTEM RAM: 156.68 GB (20.7%)
2026-03-21 13:46:02,526 - INFO - EventSampler iniciado. Modo: 'both' | Dollar=500000.0 | Tick=5000 | Info=100.0 | Time=300000ms
2026-03-21 13:46:02,953 - INFO - 📂 STREAMING: 2023-02-16_BTCUSDT_ob500.data
2026-03-21 13:46:03,488 - INFO - CUSUM (both): 19359 eventos. Trigger IID será aplicado dentro de cada janela CUSUM.
2026-03-21 13:46:03,881 - INFO - Barras geradas: 273407 | Ilhas: 1
2026-03-21 13:46:07,142 - INFO - 📥 DOWNLOAD: 2023-02-18_BTCUSDT_ob500.data.zip
2026-03-21 13:46:07,366 - INFO - 📊 [Peak Load] 2023-02-03_BTCUSDT_ob500.data: Raw data in RAM | SYSTEM RAM: 152.95 GB (20.2%)
2026-03-21 13:46:07,380 - INFO - EventSampler iniciado. Modo: 'both' | Dollar=500000.0 | Tick=5000 | Info=100.0 | Time=300000ms
2026-03-21 13:46:09,056 - INFO - CUSUM (both): 26418 eventos. Trigger IID será aplicado dentro de cada janela CUSUM.
2026-03-21 13:46:09,462 - INFO - 📥 DOWNLOAD: 2023-02-19_BTCUSDT_ob500.data.zip
2026-03-21 13:46:09,514 - INFO - Barras geradas: 357461 | Ilhas: 1
2026-03-21 13:46:10,435 - INFO - 📂 STREAMING: 2023-02-17_BTCUSDT_ob500.data
2026-03-21 13:46:11,315 - INFO - 💾 Memory Optimization: Dropping 801 raw book columns.
2026-03-21 13:46:11,425 - INFO - 📊 [Drop Success] 2023-02-05_BTCUSDT_ob500.data: Columns discarded | SYSTEM RAM: 147.81 GB (19.6%)
2026-03-21 13:46:11,426 - INFO - --- Validating 2023-02-05_BTCUSDT_ob500.data ---
2026-03-21 13:46:11,462 - INFO - ✅ ARCHITECTURE INTEGRITY: 30/30 features present. Audit Scope: 46 columns (30 Features + 15 Raw/Price).
2026-03-21 13:46:11,473 - INFO - No NaNs found.
2026-03-21 13:46:11,501 - INFO - No Infinite values found.
2026-03-21 13:46:11,506 - INFO - Chronological order verified.
2026-03-21 13:46:11,528 - WARNING - ⚠️ STALE DATA ALERT: Possible feed lock detected in 2023-02-05_BTCUSDT_ob500.data
2026-03-21 13:46:11,548 - WARNING - ☢️ CRITICAL OUTLIER: [DNN_INPUT] body max (1.4250e-03) is > 15x P99. Clipping might have failed!
2026-03-21 13:46:11,551 - WARNING - ☢️ CRITICAL OUTLIER: [DNN_INPUT] pressure_ratio max (1.3385e+03) is > 15x P99. Clipping might have failed!
2026-03-21 13:46:11,556 - WARNING - ☢️ CRITICAL OUTLIER: [DNN_INPUT] bid_deep_ratio max (8.9992e+04) is > 15x P99. Clipping might have failed!
2026-03-21 13:46:11,562 - WARNING - ☢️ CRITICAL OUTLIER: [DNN_INPUT] upper_wick max (1.2964e-03) is > 15x P99. Clipping might have failed!
2026-03-21 13:46:11,575 - WARNING - ☢️ CRITICAL OUTLIER: [DNN_INPUT] lower_wick max (1.1310e-03) is > 15x P99. Clipping might have failed!
2026-03-21 13:46:11,586 - WARNING - ☢️ CRITICAL OUTLIER: [DNN_INPUT] ask_deep_ratio max (9.9436e+04) is > 15x P99. Clipping might have failed!
2026-03-21 13:46:11,838 - WARNING - ⚠️ HIGH TAIL INTENSITY: [RAW_DATA] bar_usd_volume has 296 points with Z-Score > 12.
2026-03-21 13:46:11,842 - WARNING - ⚠️ HIGH TAIL INTENSITY: [RAW_DATA] bar_btc_volume has 299 points with Z-Score > 12.
2026-03-21 13:46:11,842 - WARNING - ⚠️ HIGH TAIL INTENSITY: [DNN_INPUT] volatility has 321 points with Z-Score > 12.
2026-03-21 13:46:11,842 - WARNING - ⚠️ HIGH TAIL INTENSITY: [DNN_INPUT] micro_price_momentum has 146 points with Z-Score > 12.
2026-03-21 13:46:11,842 - WARNING - ⚠️ HIGH TAIL INTENSITY: [DNN_INPUT] bid_rdi has 481 points with Z-Score > 12.
2026-03-21 13:46:11,842 - WARNING - ⚠️ HIGH TAIL INTENSITY: [DNN_INPUT] ask_rdi has 193 points with Z-Score > 12.
2026-03-21 13:46:11,843 - WARNING - ⚠️ HIGH TAIL INTENSITY: [DNN_INPUT] pressure_ratio has 213 points with Z-Score > 12.
2026-03-21 13:46:11,843 - WARNING - ⚠️ HIGH TAIL INTENSITY: [DNN_INPUT] body has 404 points with Z-Score > 12.
2026-03-21 13:46:11,843 - WARNING - ⚠️ HIGH TAIL INTENSITY: [DNN_INPUT] upper_wick has 119 points with Z-Score > 12.
2026-03-21 13:46:11,843 - WARNING - ⚠️ HIGH TAIL INTENSITY: [DNN_INPUT] lower_wick has 132 points with Z-Score > 12.
2026-03-21 13:46:11,843 - WARNING - ⚠️ HIGH TAIL INTENSITY: [DNN_INPUT] log_ret_close has 500 points with Z-Score > 12.
2026-03-21 13:46:11,843 - WARNING - ⚠️ HIGH TAIL INTENSITY: [DNN_INPUT] bid_rdi_delta_5 has 154 points with Z-Score > 12.
2026-03-21 13:46:11,843 - WARNING - ⚠️ HIGH TAIL INTENSITY: [DNN_INPUT] ask_rdi_delta_5 has 135 points with Z-Score > 12.
2026-03-21 13:46:11,843 - WARNING - ⚠️ HIGH TAIL INTENSITY: [DNN_INPUT] micro_price_delta_5 has 232 points with Z-Score > 12.
2026-03-21 13:46:11,843 - WARNING - ⚠️ HIGH TAIL INTENSITY: [DNN_INPUT] bid_rdi_delta_30 has 264 points with Z-Score > 12.
2026-03-21 13:46:11,843 - WARNING - ⚠️ HIGH TAIL INTENSITY: [DNN_INPUT] ask_rdi_delta_30 has 164 points with Z-Score > 12.
2026-03-21 13:46:11,843 - WARNING - ⚠️ HIGH TAIL INTENSITY: [DNN_INPUT] spread_zscore_60 has 361 points with Z-Score > 12.
2026-03-21 13:46:11,844 - WARNING - ⚠️ HIGH TAIL INTENSITY: [DNN_INPUT] kyle_lambda has 475 points with Z-Score > 12.
2026-03-21 13:46:11,844 - WARNING - ⚠️ HIGH TAIL INTENSITY: [DNN_INPUT] bid_deep_ratio has 245 points with Z-Score > 12.
2026-03-21 13:46:11,844 - WARNING - ⚠️ HIGH TAIL INTENSITY: [DNN_INPUT] ask_deep_ratio has 294 points with Z-Score > 12.
2026-03-21 13:46:11,844 - WARNING - ⚠️ HIGH TAIL INTENSITY: [DNN_INPUT] bid_convexity has 48 points with Z-Score > 12.
2026-03-21 13:46:11,844 - WARNING - ⚠️ HIGH TAIL INTENSITY: [DNN_INPUT] ask_convexity has 84 points with Z-Score > 12.
2026-03-21 13:46:12,329 - INFO - ✅ Protocol Island Split: 1/1 islands survived. Total rows: 273407
2026-03-21 13:46:12,329 - INFO - 🏆 Gold Validation complete for 2023-02-05_BTCUSDT_ob500.data. Status: VALID
2026-03-21 13:46:12,495 - INFO - Successfully saved 273407 rows to data/L2/pre_processed/2023-02-05_BTCUSDT_ob500.data.parquet
2026-03-21 13:46:12,495 - INFO - ✅ Saved event-driven dataset: 2023-02-05_BTCUSDT_ob500.data.parquet
2026-03-21 13:46:12,499 - INFO - 📊 [Memory] 2023-02-05_BTCUSDT_ob500.data: 0.0MB -> 19460.8MB
2026-03-21 13:46:14,354 - INFO - 📥 DOWNLOAD FILE: BTCUSDT2023-02-20.csv.gz
2026-03-21 13:46:14,752 - INFO - 📂 STREAMING: 2023-02-18_BTCUSDT_ob500.data
2026-03-21 13:46:19,061 - INFO - 🗑️ CLEANUP: Deleting processed zip: 2023-02-09_BTCUSDT_ob500.data.zip
2026-03-21 13:46:19,578 - INFO - 💾 Memory Optimization: Dropping 801 raw book columns.
2026-03-21 13:46:19,617 - INFO - 📊 [Drop Success] 2023-02-03_BTCUSDT_ob500.data: Columns discarded | SYSTEM RAM: 148.29 GB (19.6%)
2026-03-21 13:46:19,617 - INFO - --- Validating 2023-02-03_BTCUSDT_ob500.data ---
2026-03-21 13:46:19,640 - INFO - ✅ ARCHITECTURE INTEGRITY: 30/30 features present. Audit Scope: 46 columns (30 Features + 15 Raw/Price).
2026-03-21 13:46:19,654 - INFO - No NaNs found.
2026-03-21 13:46:19,664 - INFO - No Infinite values found.
2026-03-21 13:46:19,665 - INFO - Chronological order verified.
2026-03-21 13:46:19,675 - WARNING - ⚠️ STALE DATA ALERT: Possible feed lock detected in 2023-02-03_BTCUSDT_ob500.data
2026-03-21 13:46:19,678 - WARNING - ☢️ CRITICAL OUTLIER: [DNN_INPUT] max_spread max (1.7000e+01) is > 15x P99. Clipping might have failed!
2026-03-21 13:46:19,682 - WARNING - ☢️ CRITICAL OUTLIER: [DNN_INPUT] body max (1.5672e-03) is > 15x P99. Clipping might have failed!
2026-03-21 13:46:19,684 - WARNING - ☢️ CRITICAL OUTLIER: [DNN_INPUT] pressure_ratio max (1.3078e+04) is > 15x P99. Clipping might have failed!
2026-03-21 13:46:19,686 - WARNING - ☢️ CRITICAL OUTLIER: [DNN_INPUT] bid_deep_ratio max (1.1681e+05) is > 15x P99. Clipping might have failed!
2026-03-21 13:46:19,688 - WARNING - ☢️ CRITICAL OUTLIER: [DNN_INPUT] upper_wick max (1.1134e-03) is > 15x P99. Clipping might have failed!
2026-03-21 13:46:19,693 - WARNING - ☢️ CRITICAL OUTLIER: [DNN_INPUT] kyle_lambda max (1.7201e+01) is > 15x P99. Clipping might have failed!
2026-03-21 13:46:19,695 - WARNING - ☢️ CRITICAL OUTLIER: [DNN_INPUT] lower_wick max (8.7793e-04) is > 15x P99. Clipping might have failed!
2026-03-21 13:46:19,700 - WARNING - ☢️ CRITICAL OUTLIER: [DNN_INPUT] ask_deep_ratio max (1.1313e+05) is > 15x P99. Clipping might have failed!
2026-03-21 13:46:19,926 - WARNING - ⚠️ HIGH TAIL INTENSITY: [RAW_DATA] bar_usd_volume has 335 points with Z-Score > 12.
2026-03-21 13:46:19,927 - WARNING - ⚠️ HIGH TAIL INTENSITY: [RAW_DATA] bar_btc_volume has 335 points with Z-Score > 12.
2026-03-21 13:46:19,927 - WARNING - ⚠️ HIGH TAIL INTENSITY: [DNN_INPUT] max_spread has 267 points with Z-Score > 12.
2026-03-21 13:46:19,927 - WARNING - ⚠️ HIGH TAIL INTENSITY: [DNN_INPUT] volatility has 459 points with Z-Score > 12.
2026-03-21 13:46:19,927 - WARNING - ⚠️ HIGH TAIL INTENSITY: [DNN_INPUT] micro_price_momentum has 375 points with Z-Score > 12.
2026-03-21 13:46:19,927 - WARNING - ⚠️ HIGH TAIL INTENSITY: [DNN_INPUT] bid_rdi has 756 points with Z-Score > 12.
2026-03-21 13:46:19,927 - WARNING - ⚠️ HIGH TAIL INTENSITY: [DNN_INPUT] ask_rdi has 256 points with Z-Score > 12.
2026-03-21 13:46:19,928 - WARNING - ⚠️ HIGH TAIL INTENSITY: [DNN_INPUT] pressure_ratio has 112 points with Z-Score > 12.
2026-03-21 13:46:19,928 - WARNING - ⚠️ HIGH TAIL INTENSITY: [DNN_INPUT] body has 334 points with Z-Score > 12.
2026-03-21 13:46:19,928 - WARNING - ⚠️ HIGH TAIL INTENSITY: [DNN_INPUT] upper_wick has 162 points with Z-Score > 12.
2026-03-21 13:46:19,928 - WARNING - ⚠️ HIGH TAIL INTENSITY: [DNN_INPUT] lower_wick has 130 points with Z-Score > 12.
2026-03-21 13:46:19,928 - WARNING - ⚠️ HIGH TAIL INTENSITY: [DNN_INPUT] log_ret_close has 439 points with Z-Score > 12.
2026-03-21 13:46:19,928 - WARNING - ⚠️ HIGH TAIL INTENSITY: [DNN_INPUT] bid_rdi_delta_5 has 276 points with Z-Score > 12.
2026-03-21 13:46:19,928 - WARNING - ⚠️ HIGH TAIL INTENSITY: [DNN_INPUT] ask_rdi_delta_5 has 210 points with Z-Score > 12.
2026-03-21 13:46:19,928 - WARNING - ⚠️ HIGH TAIL INTENSITY: [DNN_INPUT] micro_price_delta_5 has 215 points with Z-Score > 12.
2026-03-21 13:46:19,929 - WARNING - ⚠️ HIGH TAIL INTENSITY: [DNN_INPUT] bid_rdi_delta_30 has 594 points with Z-Score > 12.
2026-03-21 13:46:19,929 - WARNING - ⚠️ HIGH TAIL INTENSITY: [DNN_INPUT] ask_rdi_delta_30 has 394 points with Z-Score > 12.
2026-03-21 13:46:19,929 - WARNING - ⚠️ HIGH TAIL INTENSITY: [DNN_INPUT] spread_zscore_60 has 486 points with Z-Score > 12.
2026-03-21 13:46:19,929 - WARNING - ⚠️ HIGH TAIL INTENSITY: [DNN_INPUT] kyle_lambda has 474 points with Z-Score > 12.
2026-03-21 13:46:19,929 - WARNING - ⚠️ HIGH TAIL INTENSITY: [DNN_INPUT] bid_deep_ratio has 638 points with Z-Score > 12.
2026-03-21 13:46:19,929 - WARNING - ⚠️ HIGH TAIL INTENSITY: [DNN_INPUT] ask_deep_ratio has 642 points with Z-Score > 12.
2026-03-21 13:46:19,929 - WARNING - ⚠️ HIGH TAIL INTENSITY: [DNN_INPUT] bid_convexity has 39 points with Z-Score > 12.
2026-03-21 13:46:19,929 - WARNING - ⚠️ HIGH TAIL INTENSITY: [DNN_INPUT] ask_convexity has 2152 points with Z-Score > 12.
2026-03-21 13:46:20,160 - INFO - ✅ Protocol Island Split: 1/1 islands survived. Total rows: 357461
2026-03-21 13:46:20,161 - INFO - 🏆 Gold Validation complete for 2023-02-03_BTCUSDT_ob500.data. Status: VALID
2026-03-21 13:46:20,311 - INFO - Successfully saved 357461 rows to data/L2/pre_processed/2023-02-03_BTCUSDT_ob500.data.parquet
2026-03-21 13:46:20,311 - INFO - ✅ Saved event-driven dataset: 2023-02-03_BTCUSDT_ob500.data.parquet
2026-03-21 13:46:20,313 - INFO - 📊 [Memory] 2023-02-03_BTCUSDT_ob500.data: 0.0MB -> 16162.5MB
2026-03-21 13:46:21,111 - INFO - 🗑️ CLEANUP: Deleting processed zip: 2023-02-08_BTCUSDT_ob500.data.zip
2026-03-21 13:46:21,625 - INFO - 📥 DOWNLOAD FILE: BTCUSDT2023-02-21.csv.gz
2026-03-21 13:46:21,872 - INFO - 📊 [Peak Load] 2023-02-09_BTCUSDT_ob500.data: Raw data in RAM | SYSTEM RAM: 153.15 GB (20.3%)
2026-03-21 13:46:21,878 - INFO - EventSampler iniciado. Modo: 'both' | Dollar=500000.0 | Tick=5000 | Info=100.0 | Time=300000ms
2026-03-21 13:46:23,216 - INFO - 📊 [Peak Load] 2023-02-08_BTCUSDT_ob500.data: Raw data in RAM | SYSTEM RAM: 159.71 GB (21.1%)
2026-03-21 13:46:23,224 - INFO - EventSampler iniciado. Modo: 'both' | Dollar=500000.0 | Tick=5000 | Info=100.0 | Time=300000ms
2026-03-21 13:46:24,116 - INFO - CUSUM (both): 34586 eventos. Trigger IID será aplicado dentro de cada janela CUSUM.
2026-03-21 13:46:24,339 - INFO - CUSUM (both): 22363 eventos. Trigger IID será aplicado dentro de cada janela CUSUM.
2026-03-21 13:46:24,708 - INFO - Barras geradas: 332013 | Ilhas: 1
2026-03-21 13:46:24,894 - INFO - 🗑️ CLEANUP: Deleting processed zip: 2023-02-12_BTCUSDT_ob500.data.zip
2026-03-21 13:46:24,923 - INFO - Barras geradas: 635386 | Ilhas: 1
2026-03-21 13:46:25,813 - INFO - 🗑️ CLEANUP: Deleting processed zip: 2023-02-06_BTCUSDT_ob500.data.zip
2026-03-21 13:46:26,259 - INFO - 🗑️ CLEANUP: Deleting processed zip: 2023-02-11_BTCUSDT_ob500.data.zip
2026-03-21 13:46:27,650 - INFO - 🗑️ CLEANUP: Deleting processed zip: 2023-02-10_BTCUSDT_ob500.data.zip
2026-03-21 13:46:30,243 - INFO - 📊 [Peak Load] 2023-02-06_BTCUSDT_ob500.data: Raw data in RAM | SYSTEM RAM: 144.68 GB (19.1%)
2026-03-21 13:46:30,255 - INFO - EventSampler iniciado. Modo: 'both' | Dollar=500000.0 | Tick=5000 | Info=100.0 | Time=300000ms
2026-03-21 13:46:33,344 - INFO - CUSUM (both): 23443 eventos. Trigger IID será aplicado dentro de cada janela CUSUM.
2026-03-21 13:46:34,522 - INFO - Barras geradas: 356692 | Ilhas: 1
2026-03-21 13:46:34,854 - INFO - 📥 DOWNLOAD: 2023-02-21_BTCUSDT_ob500.data.zip
2026-03-21 13:46:36,633 - INFO - 💾 Memory Optimization: Dropping 801 raw book columns.
2026-03-21 13:46:36,662 - INFO - 📊 [Drop Success] 2023-02-08_BTCUSDT_ob500.data: Columns discarded | SYSTEM RAM: 147.64 GB (19.5%)
2026-03-21 13:46:36,663 - INFO - --- Validating 2023-02-08_BTCUSDT_ob500.data ---
2026-03-21 13:46:36,730 - INFO - ✅ ARCHITECTURE INTEGRITY: 30/30 features present. Audit Scope: 46 columns (30 Features + 15 Raw/Price).
2026-03-21 13:46:36,748 - INFO - 📊 [Peak Load] 2023-02-11_BTCUSDT_ob500.data: Raw data in RAM | SYSTEM RAM: 147.37 GB (19.5%)
2026-03-21 13:46:36,749 - INFO - No NaNs found.
2026-03-21 13:46:36,754 - INFO - EventSampler iniciado. Modo: 'both' | Dollar=500000.0 | Tick=5000 | Info=100.0 | Time=300000ms
2026-03-21 13:46:36,764 - INFO - No Infinite values found.
2026-03-21 13:46:36,770 - INFO - Chronological order verified.
2026-03-21 13:46:36,789 - WARNING - ⚠️ STALE DATA ALERT: Possible feed lock detected in 2023-02-08_BTCUSDT_ob500.data
2026-03-21 13:46:36,810 - WARNING - ☢️ CRITICAL OUTLIER: [DNN_INPUT] body max (5.1862e-04) is > 15x P99. Clipping might have failed!
2026-03-21 13:46:36,816 - WARNING - ☢️ CRITICAL OUTLIER: [DNN_INPUT] pressure_ratio max (3.3033e+03) is > 15x P99. Clipping might have failed!
2026-03-21 13:46:36,817 - WARNING - ☢️ CRITICAL OUTLIER: [DNN_INPUT] bid_deep_ratio max (3.2665e+05) is > 15x P99. Clipping might have failed!
2026-03-21 13:46:36,823 - WARNING - ☢️ CRITICAL OUTLIER: [DNN_INPUT] upper_wick max (4.1056e-04) is > 15x P99. Clipping might have failed!
2026-03-21 13:46:36,841 - WARNING - ☢️ CRITICAL OUTLIER: [DNN_INPUT] lower_wick max (3.4889e-04) is > 15x P99. Clipping might have failed!
2026-03-21 13:46:36,850 - WARNING - ☢️ CRITICAL OUTLIER: [DNN_INPUT] ask_deep_ratio max (1.4509e+05) is > 15x P99. Clipping might have failed!
2026-03-21 13:46:37,310 - WARNING - ⚠️ HIGH TAIL INTENSITY: [RAW_DATA] bar_usd_volume has 361 points with Z-Score > 12.
2026-03-21 13:46:37,314 - WARNING - ⚠️ HIGH TAIL INTENSITY: [RAW_DATA] bar_btc_volume has 361 points with Z-Score > 12.
2026-03-21 13:46:37,314 - WARNING - ⚠️ HIGH TAIL INTENSITY: [DNN_INPUT] max_spread has 600 points with Z-Score > 12.
2026-03-21 13:46:37,314 - WARNING - ⚠️ HIGH TAIL INTENSITY: [DNN_INPUT] volatility has 444 points with Z-Score > 12.
2026-03-21 13:46:37,314 - WARNING - ⚠️ HIGH TAIL INTENSITY: [DNN_INPUT] micro_price_momentum has 42 points with Z-Score > 12.
2026-03-21 13:46:37,315 - WARNING - ⚠️ HIGH TAIL INTENSITY: [DNN_INPUT] bid_rdi has 637 points with Z-Score > 12.
2026-03-21 13:46:37,315 - WARNING - ⚠️ HIGH TAIL INTENSITY: [DNN_INPUT] ask_rdi has 234 points with Z-Score > 12.
2026-03-21 13:46:37,315 - WARNING - ⚠️ HIGH TAIL INTENSITY: [DNN_INPUT] pressure_ratio has 204 points with Z-Score > 12.
2026-03-21 13:46:37,315 - WARNING - ⚠️ HIGH TAIL INTENSITY: [DNN_INPUT] body has 300 points with Z-Score > 12.
2026-03-21 13:46:37,315 - WARNING - ⚠️ HIGH TAIL INTENSITY: [DNN_INPUT] upper_wick has 91 points with Z-Score > 12.
2026-03-21 13:46:37,316 - WARNING - ⚠️ HIGH TAIL INTENSITY: [DNN_INPUT] lower_wick has 63 points with Z-Score > 12.
2026-03-21 13:46:37,316 - WARNING - ⚠️ HIGH TAIL INTENSITY: [DNN_INPUT] log_ret_close has 284 points with Z-Score > 12.
2026-03-21 13:46:37,316 - WARNING - ⚠️ HIGH TAIL INTENSITY: [DNN_INPUT] bid_rdi_delta_5 has 207 points with Z-Score > 12.
2026-03-21 13:46:37,316 - WARNING - ⚠️ HIGH TAIL INTENSITY: [DNN_INPUT] ask_rdi_delta_5 has 163 points with Z-Score > 12.
2026-03-21 13:46:37,316 - WARNING - ⚠️ HIGH TAIL INTENSITY: [DNN_INPUT] micro_price_delta_5 has 56 points with Z-Score > 12.
2026-03-21 13:46:37,316 - WARNING - ⚠️ HIGH TAIL INTENSITY: [DNN_INPUT] bid_rdi_delta_30 has 352 points with Z-Score > 12.
2026-03-21 13:46:37,316 - WARNING - ⚠️ HIGH TAIL INTENSITY: [DNN_INPUT] ask_rdi_delta_30 has 254 points with Z-Score > 12.
2026-03-21 13:46:37,316 - WARNING - ⚠️ HIGH TAIL INTENSITY: [DNN_INPUT] spread_zscore_60 has 400 points with Z-Score > 12.
2026-03-21 13:46:37,317 - WARNING - ⚠️ HIGH TAIL INTENSITY: [DNN_INPUT] vpin_min15 has 13 points with Z-Score > 12.
2026-03-21 13:46:37,317 - WARNING - ⚠️ HIGH TAIL INTENSITY: [DNN_INPUT] kyle_lambda has 217 points with Z-Score > 12.
2026-03-21 13:46:37,317 - WARNING - ⚠️ HIGH TAIL INTENSITY: [DNN_INPUT] bid_deep_ratio has 290 points with Z-Score > 12.
2026-03-21 13:46:37,317 - WARNING - ⚠️ HIGH TAIL INTENSITY: [DNN_INPUT] ask_deep_ratio has 269 points with Z-Score > 12.
2026-03-21 13:46:37,317 - WARNING - ⚠️ HIGH TAIL INTENSITY: [DNN_INPUT] ask_convexity has 190 points with Z-Score > 12.
2026-03-21 13:46:38,003 - INFO - ✅ Protocol Island Split: 1/1 islands survived. Total rows: 332013
2026-03-21 13:46:38,014 - INFO - 🏆 Gold Validation complete for 2023-02-08_BTCUSDT_ob500.data. Status: VALID
2026-03-21 13:46:38,121 - INFO - CUSUM (both): 10941 eventos. Trigger IID será aplicado dentro de cada janela CUSUM.
2026-03-21 13:46:38,630 - INFO - Successfully saved 332013 rows to data/L2/pre_processed/2023-02-08_BTCUSDT_ob500.data.parquet
2026-03-21 13:46:38,630 - INFO - ✅ Saved event-driven dataset: 2023-02-08_BTCUSDT_ob500.data.parquet
2026-03-21 13:46:38,632 - INFO - 📊 [Memory] 2023-02-08_BTCUSDT_ob500.data: 0.0MB -> 16592.0MB
2026-03-21 13:46:38,760 - INFO - Barras geradas: 107087 | Ilhas: 1
2026-03-21 13:46:39,287 - INFO - 📊 [Peak Load] 2023-02-12_BTCUSDT_ob500.data: Raw data in RAM | SYSTEM RAM: 143.49 GB (19.0%)
2026-03-21 13:46:39,301 - INFO - EventSampler iniciado. Modo: 'both' | Dollar=500000.0 | Tick=5000 | Info=100.0 | Time=300000ms
2026-03-21 13:46:42,067 - INFO - CUSUM (both): 14906 eventos. Trigger IID será aplicado dentro de cada janela CUSUM.
2026-03-21 13:46:43,052 - INFO - Barras geradas: 201434 | Ilhas: 1
2026-03-21 13:46:43,299 - INFO - 📂 STREAMING: 2023-02-21_BTCUSDT_ob500.data
2026-03-21 13:46:43,334 - INFO - 📥 DOWNLOAD FILE: BTCUSDT2023-02-22.csv.gz
2026-03-21 13:46:43,377 - INFO - 📥 DOWNLOAD: 2023-02-20_BTCUSDT_ob500.data.zip
2026-03-21 13:46:48,332 - INFO - 💾 Memory Optimization: Dropping 801 raw book columns.
2026-03-21 13:46:48,455 - INFO - 📊 [Drop Success] 2023-02-11_BTCUSDT_ob500.data: Columns discarded | SYSTEM RAM: 138.68 GB (18.4%)
2026-03-21 13:46:48,459 - INFO - --- Validating 2023-02-11_BTCUSDT_ob500.data ---
2026-03-21 13:46:48,526 - INFO - ✅ ARCHITECTURE INTEGRITY: 30/30 features present. Audit Scope: 46 columns (30 Features + 15 Raw/Price).
2026-03-21 13:46:48,554 - INFO - No NaNs found.
2026-03-21 13:46:48,576 - INFO - No Infinite values found.
2026-03-21 13:46:48,580 - INFO - Chronological order verified.
2026-03-21 13:46:48,601 - WARNING - ⚠️ STALE DATA ALERT: Possible feed lock detected in 2023-02-11_BTCUSDT_ob500.data
2026-03-21 13:46:48,604 - WARNING - ☢️ CRITICAL OUTLIER: [DNN_INPUT] max_spread max (1.7400e+01) is > 15x P99. Clipping might have failed!
2026-03-21 13:46:48,615 - WARNING - ☢️ CRITICAL OUTLIER: [DNN_INPUT] body max (9.0659e-04) is > 15x P99. Clipping might have failed!
2026-03-21 13:46:48,624 - WARNING - ☢️ CRITICAL OUTLIER: [DNN_INPUT] pressure_ratio max (1.3623e+03) is > 15x P99. Clipping might have failed!
2026-03-21 13:46:48,631 - WARNING - ☢️ CRITICAL OUTLIER: [DNN_INPUT] upper_wick max (1.3561e-03) is > 15x P99. Clipping might have failed!
2026-03-21 13:46:48,638 - WARNING - ☢️ CRITICAL OUTLIER: [DNN_INPUT] kyle_lambda max (1.1772e+01) is > 15x P99. Clipping might have failed!
2026-03-21 13:46:48,644 - WARNING - ☢️ CRITICAL OUTLIER: [DNN_INPUT] lower_wick max (9.4286e-04) is > 15x P99. Clipping might have failed!
2026-03-21 13:46:48,651 - WARNING - ☢️ CRITICAL OUTLIER: [DNN_INPUT] bid_convexity max (2.5000e+02) is > 15x P99. Clipping might have failed!
2026-03-21 13:46:48,930 - WARNING - ⚠️ HIGH TAIL INTENSITY: [RAW_DATA] bar_usd_volume has 92 points with Z-Score > 12.
2026-03-21 13:46:48,939 - WARNING - ⚠️ HIGH TAIL INTENSITY: [RAW_DATA] bar_btc_volume has 92 points with Z-Score > 12.
2026-03-21 13:46:48,939 - WARNING - ⚠️ HIGH TAIL INTENSITY: [DNN_INPUT] max_spread has 348 points with Z-Score > 12.
2026-03-21 13:46:48,939 - WARNING - ⚠️ HIGH TAIL INTENSITY: [DNN_INPUT] volatility has 139 points with Z-Score > 12.
2026-03-21 13:46:48,940 - WARNING - ⚠️ HIGH TAIL INTENSITY: [DNN_INPUT] micro_price_momentum has 355 points with Z-Score > 12.
2026-03-21 13:46:48,940 - WARNING - ⚠️ HIGH TAIL INTENSITY: [DNN_INPUT] bid_rdi has 27 points with Z-Score > 12.
2026-03-21 13:46:48,940 - WARNING - ⚠️ HIGH TAIL INTENSITY: [DNN_INPUT] ask_rdi has 348 points with Z-Score > 12.
2026-03-21 13:46:48,940 - WARNING - ⚠️ HIGH TAIL INTENSITY: [DNN_INPUT] pressure_ratio has 119 points with Z-Score > 12.
2026-03-21 13:46:48,940 - WARNING - ⚠️ HIGH TAIL INTENSITY: [DNN_INPUT] body has 121 points with Z-Score > 12.
2026-03-21 13:46:48,941 - WARNING - ⚠️ HIGH TAIL INTENSITY: [DNN_INPUT] upper_wick has 48 points with Z-Score > 12.
2026-03-21 13:46:48,941 - WARNING - ⚠️ HIGH TAIL INTENSITY: [DNN_INPUT] lower_wick has 81 points with Z-Score > 12.
2026-03-21 13:46:48,941 - WARNING - ⚠️ HIGH TAIL INTENSITY: [DNN_INPUT] log_ret_close has 148 points with Z-Score > 12.
2026-03-21 13:46:48,941 - WARNING - ⚠️ HIGH TAIL INTENSITY: [DNN_INPUT] bid_rdi_delta_5 has 10 points with Z-Score > 12.
2026-03-21 13:46:48,941 - WARNING - ⚠️ HIGH TAIL INTENSITY: [DNN_INPUT] ask_rdi_delta_5 has 20 points with Z-Score > 12.
2026-03-21 13:46:48,941 - WARNING - ⚠️ HIGH TAIL INTENSITY: [DNN_INPUT] micro_price_delta_5 has 40 points with Z-Score > 12.
2026-03-21 13:46:48,941 - WARNING - ⚠️ HIGH TAIL INTENSITY: [DNN_INPUT] bid_rdi_delta_30 has 54 points with Z-Score > 12.
2026-03-21 13:46:48,941 - WARNING - ⚠️ HIGH TAIL INTENSITY: [DNN_INPUT] ask_rdi_delta_30 has 74 points with Z-Score > 12.
2026-03-21 13:46:48,941 - WARNING - ⚠️ HIGH TAIL INTENSITY: [DNN_INPUT] spread_zscore_60 has 180 points with Z-Score > 12.
2026-03-21 13:46:48,942 - WARNING - ⚠️ HIGH TAIL INTENSITY: [DNN_INPUT] kyle_lambda has 119 points with Z-Score > 12.
2026-03-21 13:46:48,942 - WARNING - ⚠️ HIGH TAIL INTENSITY: [DNN_INPUT] bid_deep_ratio has 204 points with Z-Score > 12.
2026-03-21 13:46:48,942 - WARNING - ⚠️ HIGH TAIL INTENSITY: [DNN_INPUT] ask_deep_ratio has 129 points with Z-Score > 12.
2026-03-21 13:46:48,942 - WARNING - ⚠️ HIGH TAIL INTENSITY: [DNN_INPUT] bid_convexity has 146 points with Z-Score > 12.
2026-03-21 13:46:48,942 - WARNING - ⚠️ HIGH TAIL INTENSITY: [DNN_INPUT] ask_convexity has 350 points with Z-Score > 12.
2026-03-21 13:46:49,052 - INFO - ✅ Protocol Island Split: 1/1 islands survived. Total rows: 107087
2026-03-21 13:46:49,052 - INFO - 🏆 Gold Validation complete for 2023-02-11_BTCUSDT_ob500.data. Status: VALID
2026-03-21 13:46:49,186 - INFO - Successfully saved 107087 rows to data/L2/pre_processed/2023-02-11_BTCUSDT_ob500.data.parquet
2026-03-21 13:46:49,190 - INFO - ✅ Saved event-driven dataset: 2023-02-11_BTCUSDT_ob500.data.parquet
2026-03-21 13:46:49,193 - INFO - 📊 [Memory] 2023-02-11_BTCUSDT_ob500.data: 0.0MB -> 17584.5MB
2026-03-21 13:46:50,861 - INFO - 📂 STREAMING: 2023-02-19_BTCUSDT_ob500.data
2026-03-21 13:46:51,098 - INFO - 📊 [Peak Load] 2023-02-10_BTCUSDT_ob500.data: Raw data in RAM | SYSTEM RAM: 139.09 GB (18.4%)
2026-03-21 13:46:51,114 - INFO - EventSampler iniciado. Modo: 'both' | Dollar=500000.0 | Tick=5000 | Info=100.0 | Time=300000ms
2026-03-21 13:46:51,126 - INFO - 📂 STREAMING: 2023-02-20_BTCUSDT_ob500.data
2026-03-21 13:46:51,411 - INFO - 🗑️ CLEANUP: Deleting processed zip: 2023-02-07_BTCUSDT_ob500.data.zip
2026-03-21 13:46:51,466 - INFO - 📥 DOWNLOAD FILE: BTCUSDT2023-02-23.csv.gz
2026-03-21 13:46:52,053 - INFO - 📥 DOWNLOAD: 2023-02-22_BTCUSDT_ob500.data.zip
2026-03-21 13:46:52,433 - INFO - CUSUM (both): 25887 eventos. Trigger IID será aplicado dentro de cada janela CUSUM.
2026-03-21 13:46:52,829 - INFO - Barras geradas: 328330 | Ilhas: 1
2026-03-21 13:46:52,958 - INFO - 💾 Memory Optimization: Dropping 801 raw book columns.
2026-03-21 13:46:52,973 - INFO - 📊 [Drop Success] 2023-02-12_BTCUSDT_ob500.data: Columns discarded | SYSTEM RAM: 137.54 GB (18.2%)
2026-03-21 13:46:52,973 - INFO - --- Validating 2023-02-12_BTCUSDT_ob500.data ---
2026-03-21 13:46:52,989 - INFO - ✅ ARCHITECTURE INTEGRITY: 30/30 features present. Audit Scope: 46 columns (30 Features + 15 Raw/Price).
2026-03-21 13:46:52,997 - INFO - No NaNs found.
2026-03-21 13:46:53,003 - INFO - No Infinite values found.
2026-03-21 13:46:53,004 - INFO - Chronological order verified.
2026-03-21 13:46:53,010 - WARNING - ⚠️ STALE DATA ALERT: Possible feed lock detected in 2023-02-12_BTCUSDT_ob500.data
2026-03-21 13:46:53,015 - WARNING - ☢️ CRITICAL OUTLIER: [DNN_INPUT] body max (7.6883e-04) is > 15x P99. Clipping might have failed!
2026-03-21 13:46:53,017 - WARNING - ☢️ CRITICAL OUTLIER: [DNN_INPUT] pressure_ratio max (4.2962e+02) is > 15x P99. Clipping might have failed!
2026-03-21 13:46:53,019 - WARNING - ☢️ CRITICAL OUTLIER: [DNN_INPUT] upper_wick max (6.7083e-04) is > 15x P99. Clipping might have failed!
2026-03-21 13:46:53,024 - WARNING - ☢️ CRITICAL OUTLIER: [DNN_INPUT] lower_wick max (6.8219e-04) is > 15x P99. Clipping might have failed!
2026-03-21 13:46:53,146 - WARNING - ⚠️ HIGH TAIL INTENSITY: [RAW_DATA] bar_usd_volume has 191 points with Z-Score > 12.
2026-03-21 13:46:53,146 - WARNING - ⚠️ HIGH TAIL INTENSITY: [RAW_DATA] bar_btc_volume has 191 points with Z-Score > 12.
2026-03-21 13:46:53,146 - WARNING - ⚠️ HIGH TAIL INTENSITY: [DNN_INPUT] max_spread has 216 points with Z-Score > 12.
2026-03-21 13:46:53,146 - WARNING - ⚠️ HIGH TAIL INTENSITY: [DNN_INPUT] volatility has 314 points with Z-Score > 12.
2026-03-21 13:46:53,147 - WARNING - ⚠️ HIGH TAIL INTENSITY: [DNN_INPUT] micro_price_momentum has 113 points with Z-Score > 12.
2026-03-21 13:46:53,147 - WARNING - ⚠️ HIGH TAIL INTENSITY: [DNN_INPUT] bid_rdi has 380 points with Z-Score > 12.
2026-03-21 13:46:53,147 - WARNING - ⚠️ HIGH TAIL INTENSITY: [DNN_INPUT] ask_rdi has 368 points with Z-Score > 12.
2026-03-21 13:46:53,147 - WARNING - ⚠️ HIGH TAIL INTENSITY: [DNN_INPUT] pressure_ratio has 144 points with Z-Score > 12.
2026-03-21 13:46:53,147 - WARNING - ⚠️ HIGH TAIL INTENSITY: [DNN_INPUT] body has 290 points with Z-Score > 12.
2026-03-21 13:46:53,147 - WARNING - ⚠️ HIGH TAIL INTENSITY: [DNN_INPUT] upper_wick has 148 points with Z-Score > 12.
2026-03-21 13:46:53,147 - WARNING - ⚠️ HIGH TAIL INTENSITY: [DNN_INPUT] lower_wick has 139 points with Z-Score > 12.
2026-03-21 13:46:53,147 - WARNING - ⚠️ HIGH TAIL INTENSITY: [DNN_INPUT] log_ret_close has 283 points with Z-Score > 12.
2026-03-21 13:46:53,147 - WARNING - ⚠️ HIGH TAIL INTENSITY: [DNN_INPUT] bid_rdi_delta_5 has 175 points with Z-Score > 12.
2026-03-21 13:46:53,147 - WARNING - ⚠️ HIGH TAIL INTENSITY: [DNN_INPUT] ask_rdi_delta_5 has 207 points with Z-Score > 12.
2026-03-21 13:46:53,148 - WARNING - ⚠️ HIGH TAIL INTENSITY: [DNN_INPUT] micro_price_delta_5 has 23 points with Z-Score > 12.
2026-03-21 13:46:53,148 - WARNING - ⚠️ HIGH TAIL INTENSITY: [DNN_INPUT] bid_rdi_delta_30 has 376 points with Z-Score > 12.
2026-03-21 13:46:53,148 - WARNING - ⚠️ HIGH TAIL INTENSITY: [DNN_INPUT] ask_rdi_delta_30 has 531 points with Z-Score > 12.
2026-03-21 13:46:53,148 - WARNING - ⚠️ HIGH TAIL INTENSITY: [DNN_INPUT] spread_zscore_60 has 347 points with Z-Score > 12.
2026-03-21 13:46:53,148 - WARNING - ⚠️ HIGH TAIL INTENSITY: [DNN_INPUT] kyle_lambda has 251 points with Z-Score > 12.
2026-03-21 13:46:53,148 - WARNING - ⚠️ HIGH TAIL INTENSITY: [DNN_INPUT] bid_deep_ratio has 158 points with Z-Score > 12.
2026-03-21 13:46:53,148 - WARNING - ⚠️ HIGH TAIL INTENSITY: [DNN_INPUT] ask_deep_ratio has 401 points with Z-Score > 12.
2026-03-21 13:46:53,148 - WARNING - ⚠️ HIGH TAIL INTENSITY: [DNN_INPUT] bid_convexity has 386 points with Z-Score > 12.
2026-03-21 13:46:53,148 - WARNING - ⚠️ HIGH TAIL INTENSITY: [DNN_INPUT] ask_convexity has 407 points with Z-Score > 12.
2026-03-21 13:46:53,321 - INFO - ✅ Protocol Island Split: 1/1 islands survived. Total rows: 201434
2026-03-21 13:46:53,321 - INFO - 🏆 Gold Validation complete for 2023-02-12_BTCUSDT_ob500.data. Status: VALID
2026-03-21 13:46:53,449 - INFO - Successfully saved 201434 rows to data/L2/pre_processed/2023-02-12_BTCUSDT_ob500.data.parquet
2026-03-21 13:46:53,449 - INFO - ✅ Saved event-driven dataset: 2023-02-12_BTCUSDT_ob500.data.parquet
2026-03-21 13:46:53,458 - INFO - 📊 [Memory] 2023-02-12_BTCUSDT_ob500.data: 0.0MB -> 16126.9MB
2026-03-21 13:46:53,649 - INFO - 📊 [Peak Load] 2023-02-07_BTCUSDT_ob500.data: Raw data in RAM | SYSTEM RAM: 133.54 GB (17.7%)
2026-03-21 13:46:53,655 - INFO - EventSampler iniciado. Modo: 'both' | Dollar=500000.0 | Tick=5000 | Info=100.0 | Time=300000ms
2026-03-21 13:46:53,785 - INFO - 🗑️ CLEANUP: Deleting processed zip: 2023-02-14_BTCUSDT_ob500.data.zip
2026-03-21 13:46:53,866 - INFO - 💾 Memory Optimization: Dropping 801 raw book columns.
2026-03-21 13:46:53,912 - INFO - 🗑️ CLEANUP: Deleting processed zip: 2023-02-13_BTCUSDT_ob500.data.zip
2026-03-21 13:46:53,918 - INFO - 📊 [Drop Success] 2023-02-06_BTCUSDT_ob500.data: Columns discarded | SYSTEM RAM: 135.85 GB (18.0%)
2026-03-21 13:46:53,918 - INFO - --- Validating 2023-02-06_BTCUSDT_ob500.data ---
2026-03-21 13:46:53,955 - INFO - ✅ ARCHITECTURE INTEGRITY: 30/30 features present. Audit Scope: 46 columns (30 Features + 15 Raw/Price).
2026-03-21 13:46:53,973 - INFO - No NaNs found.
2026-03-21 13:46:53,983 - INFO - No Infinite values found.
2026-03-21 13:46:53,985 - INFO - Chronological order verified.
2026-03-21 13:46:53,995 - WARNING - ⚠️ STALE DATA ALERT: Possible feed lock detected in 2023-02-06_BTCUSDT_ob500.data
2026-03-21 13:46:54,002 - WARNING - ☢️ CRITICAL OUTLIER: [DNN_INPUT] body max (7.4602e-04) is > 15x P99. Clipping might have failed!
2026-03-21 13:46:54,005 - WARNING - ☢️ CRITICAL OUTLIER: [DNN_INPUT] pressure_ratio max (5.3451e+03) is > 15x P99. Clipping might have failed!
2026-03-21 13:46:54,007 - WARNING - ☢️ CRITICAL OUTLIER: [DNN_INPUT] bid_deep_ratio max (1.5654e+05) is > 15x P99. Clipping might have failed!
2026-03-21 13:46:54,009 - WARNING - ☢️ CRITICAL OUTLIER: [DNN_INPUT] upper_wick max (5.9256e-04) is > 15x P99. Clipping might have failed!
2026-03-21 13:46:54,015 - WARNING - ☢️ CRITICAL OUTLIER: [DNN_INPUT] lower_wick max (7.0188e-04) is > 15x P99. Clipping might have failed!
2026-03-21 13:46:54,020 - WARNING - ☢️ CRITICAL OUTLIER: [DNN_INPUT] ask_deep_ratio max (9.9716e+04) is > 15x P99. Clipping might have failed!
2026-03-21 13:46:54,126 - INFO - 🗑️ CLEANUP: Deleting processed zip: 2023-02-15_BTCUSDT_ob500.data.zip
2026-03-21 13:46:54,314 - WARNING - ⚠️ HIGH TAIL INTENSITY: [RAW_DATA] bar_usd_volume has 372 points with Z-Score > 12.
2026-03-21 13:46:54,318 - WARNING - ⚠️ HIGH TAIL INTENSITY: [RAW_DATA] bar_btc_volume has 370 points with Z-Score > 12.
2026-03-21 13:46:54,318 - WARNING - ⚠️ HIGH TAIL INTENSITY: [DNN_INPUT] max_spread has 1021 points with Z-Score > 12.
2026-03-21 13:46:54,318 - WARNING - ⚠️ HIGH TAIL INTENSITY: [DNN_INPUT] volatility has 479 points with Z-Score > 12.
2026-03-21 13:46:54,319 - WARNING - ⚠️ HIGH TAIL INTENSITY: [DNN_INPUT] micro_price_momentum has 79 points with Z-Score > 12.
2026-03-21 13:46:54,319 - WARNING - ⚠️ HIGH TAIL INTENSITY: [DNN_INPUT] bid_rdi has 237 points with Z-Score > 12.
2026-03-21 13:46:54,319 - WARNING - ⚠️ HIGH TAIL INTENSITY: [DNN_INPUT] ask_rdi has 302 points with Z-Score > 12.
2026-03-21 13:46:54,319 - WARNING - ⚠️ HIGH TAIL INTENSITY: [DNN_INPUT] pressure_ratio has 95 points with Z-Score > 12.
2026-03-21 13:46:54,320 - WARNING - ⚠️ HIGH TAIL INTENSITY: [DNN_INPUT] body has 433 points with Z-Score > 12.
2026-03-21 13:46:54,320 - WARNING - ⚠️ HIGH TAIL INTENSITY: [DNN_INPUT] upper_wick has 107 points with Z-Score > 12.
2026-03-21 13:46:54,320 - WARNING - ⚠️ HIGH TAIL INTENSITY: [DNN_INPUT] lower_wick has 79 points with Z-Score > 12.
2026-03-21 13:46:54,320 - WARNING - ⚠️ HIGH TAIL INTENSITY: [DNN_INPUT] log_ret_close has 252 points with Z-Score > 12.
2026-03-21 13:46:54,320 - WARNING - ⚠️ HIGH TAIL INTENSITY: [DNN_INPUT] bid_rdi_delta_5 has 141 points with Z-Score > 12.
2026-03-21 13:46:54,320 - WARNING - ⚠️ HIGH TAIL INTENSITY: [DNN_INPUT] ask_rdi_delta_5 has 271 points with Z-Score > 12.
2026-03-21 13:46:54,320 - WARNING - ⚠️ HIGH TAIL INTENSITY: [DNN_INPUT] micro_price_delta_5 has 47 points with Z-Score > 12.
2026-03-21 13:46:54,321 - WARNING - ⚠️ HIGH TAIL INTENSITY: [DNN_INPUT] bid_rdi_delta_30 has 402 points with Z-Score > 12.
2026-03-21 13:46:54,321 - WARNING - ⚠️ HIGH TAIL INTENSITY: [DNN_INPUT] ask_rdi_delta_30 has 486 points with Z-Score > 12.
2026-03-21 13:46:54,321 - WARNING - ⚠️ HIGH TAIL INTENSITY: [DNN_INPUT] spread_zscore_60 has 448 points with Z-Score > 12.
2026-03-21 13:46:54,321 - WARNING - ⚠️ HIGH TAIL INTENSITY: [DNN_INPUT] kyle_lambda has 191 points with Z-Score > 12.
2026-03-21 13:46:54,321 - WARNING - ⚠️ HIGH TAIL INTENSITY: [DNN_INPUT] bid_deep_ratio has 250 points with Z-Score > 12.
2026-03-21 13:46:54,321 - WARNING - ⚠️ HIGH TAIL INTENSITY: [DNN_INPUT] ask_deep_ratio has 226 points with Z-Score > 12.
2026-03-21 13:46:54,321 - WARNING - ⚠️ HIGH TAIL INTENSITY: [DNN_INPUT] bid_convexity has 484 points with Z-Score > 12.
2026-03-21 13:46:54,321 - WARNING - ⚠️ HIGH TAIL INTENSITY: [DNN_INPUT] ask_convexity has 107 points with Z-Score > 12.
2026-03-21 13:46:55,123 - INFO - ✅ Protocol Island Split: 1/1 islands survived. Total rows: 356692
2026-03-21 13:46:55,132 - INFO - 🏆 Gold Validation complete for 2023-02-06_BTCUSDT_ob500.data. Status: VALID
2026-03-21 13:46:55,470 - INFO - Successfully saved 356692 rows to data/L2/pre_processed/2023-02-06_BTCUSDT_ob500.data.parquet
2026-03-21 13:46:55,470 - INFO - ✅ Saved event-driven dataset: 2023-02-06_BTCUSDT_ob500.data.parquet
2026-03-21 13:46:55,472 - INFO - 📊 [Memory] 2023-02-06_BTCUSDT_ob500.data: 0.0MB -> 16840.3MB
2026-03-21 13:46:55,873 - INFO - CUSUM (both): 24558 eventos. Trigger IID será aplicado dentro de cada janela CUSUM.
2026-03-21 13:46:56,742 - INFO - Barras geradas: 366520 | Ilhas: 1
2026-03-21 13:46:56,973 - INFO - 📥 DOWNLOAD FILE: BTCUSDT2023-02-24.csv.gz
2026-03-21 13:46:58,023 - INFO - 📥 DOWNLOAD FILE: BTCUSDT2023-02-25.csv.gz
2026-03-21 13:46:58,545 - INFO - 💾 Memory Optimization: Dropping 801 raw book columns.
2026-03-21 13:46:59,194 - INFO - 📊 [Drop Success] 2023-02-09_BTCUSDT_ob500.data: Columns discarded | SYSTEM RAM: 128.49 GB (17.0%)
2026-03-21 13:46:59,199 - INFO - --- Validating 2023-02-09_BTCUSDT_ob500.data ---
2026-03-21 13:46:59,233 - INFO - 📂 STREAMING: 2023-02-22_BTCUSDT_ob500.data
2026-03-21 13:46:59,328 - INFO - ✅ ARCHITECTURE INTEGRITY: 30/30 features present. Audit Scope: 46 columns (30 Features + 15 Raw/Price).
2026-03-21 13:46:59,427 - INFO - No NaNs found.
2026-03-21 13:46:59,539 - INFO - No Infinite values found.
2026-03-21 13:46:59,545 - INFO - Chronological order verified.
2026-03-21 13:46:59,594 - WARNING - ⚠️ STALE DATA ALERT: Possible feed lock detected in 2023-02-09_BTCUSDT_ob500.data
2026-03-21 13:46:59,655 - WARNING - ☢️ CRITICAL OUTLIER: [DNN_INPUT] body max (1.0399e-03) is > 15x P99. Clipping might have failed!
2026-03-21 13:46:59,664 - WARNING - ☢️ CRITICAL OUTLIER: [DNN_INPUT] pressure_ratio max (5.7895e+03) is > 15x P99. Clipping might have failed!
2026-03-21 13:46:59,677 - WARNING - ☢️ CRITICAL OUTLIER: [DNN_INPUT] bid_deep_ratio max (1.7611e+05) is > 15x P99. Clipping might have failed!
2026-03-21 13:46:59,691 - WARNING - ☢️ CRITICAL OUTLIER: [DNN_INPUT] upper_wick max (1.0183e-03) is > 15x P99. Clipping might have failed!
2026-03-21 13:46:59,736 - WARNING - ☢️ CRITICAL OUTLIER: [DNN_INPUT] lower_wick max (8.8496e-04) is > 15x P99. Clipping might have failed!
2026-03-21 13:46:59,768 - WARNING - ☢️ CRITICAL OUTLIER: [DNN_INPUT] ask_deep_ratio max (1.1230e+05) is > 15x P99. Clipping might have failed!
2026-03-21 13:47:00,074 - INFO - 📥 DOWNLOAD: 2023-02-23_BTCUSDT_ob500.data.zip
2026-03-21 13:47:00,956 - WARNING - ⚠️ HIGH TAIL INTENSITY: [RAW_DATA] bar_usd_volume has 580 points with Z-Score > 12.
2026-03-21 13:47:00,957 - WARNING - ⚠️ HIGH TAIL INTENSITY: [RAW_DATA] bar_btc_volume has 576 points with Z-Score > 12.
2026-03-21 13:47:00,957 - WARNING - ⚠️ HIGH TAIL INTENSITY: [DNN_INPUT] max_spread has 296 points with Z-Score > 12.
2026-03-21 13:47:00,957 - WARNING - ⚠️ HIGH TAIL INTENSITY: [DNN_INPUT] volatility has 785 points with Z-Score > 12.
2026-03-21 13:47:00,958 - WARNING - ⚠️ HIGH TAIL INTENSITY: [DNN_INPUT] micro_price_momentum has 733 points with Z-Score > 12.
2026-03-21 13:47:00,958 - WARNING - ⚠️ HIGH TAIL INTENSITY: [DNN_INPUT] bid_rdi has 324 points with Z-Score > 12.
2026-03-21 13:47:00,958 - WARNING - ⚠️ HIGH TAIL INTENSITY: [DNN_INPUT] ask_rdi has 1820 points with Z-Score > 12.
2026-03-21 13:47:00,958 - WARNING - ⚠️ HIGH TAIL INTENSITY: [DNN_INPUT] pressure_ratio has 772 points with Z-Score > 12.
2026-03-21 13:47:00,958 - WARNING - ⚠️ HIGH TAIL INTENSITY: [DNN_INPUT] body has 779 points with Z-Score > 12.
2026-03-21 13:47:00,958 - WARNING - ⚠️ HIGH TAIL INTENSITY: [DNN_INPUT] upper_wick has 364 points with Z-Score > 12.
2026-03-21 13:47:00,959 - WARNING - ⚠️ HIGH TAIL INTENSITY: [DNN_INPUT] lower_wick has 246 points with Z-Score > 12.
2026-03-21 13:47:00,959 - WARNING - ⚠️ HIGH TAIL INTENSITY: [DNN_INPUT] log_ret_close has 853 points with Z-Score > 12.
2026-03-21 13:47:00,959 - WARNING - ⚠️ HIGH TAIL INTENSITY: [DNN_INPUT] bid_rdi_delta_5 has 255 points with Z-Score > 12.
2026-03-21 13:47:00,959 - WARNING - ⚠️ HIGH TAIL INTENSITY: [DNN_INPUT] ask_rdi_delta_5 has 288 points with Z-Score > 12.
2026-03-21 13:47:00,959 - WARNING - ⚠️ HIGH TAIL INTENSITY: [DNN_INPUT] micro_price_delta_5 has 265 points with Z-Score > 12.
2026-03-21 13:47:00,961 - WARNING - ⚠️ HIGH TAIL INTENSITY: [DNN_INPUT] bid_rdi_delta_30 has 422 points with Z-Score > 12.
2026-03-21 13:47:00,961 - WARNING - ⚠️ HIGH TAIL INTENSITY: [DNN_INPUT] ask_rdi_delta_30 has 528 points with Z-Score > 12.
2026-03-21 13:47:00,961 - WARNING - ⚠️ HIGH TAIL INTENSITY: [DNN_INPUT] micro_price_delta_30 has 15 points with Z-Score > 12.
2026-03-21 13:47:00,961 - WARNING - ⚠️ HIGH TAIL INTENSITY: [DNN_INPUT] spread_zscore_60 has 963 points with Z-Score > 12.
2026-03-21 13:47:00,961 - WARNING - ⚠️ HIGH TAIL INTENSITY: [DNN_INPUT] kyle_lambda has 609 points with Z-Score > 12.
2026-03-21 13:47:00,962 - WARNING - ⚠️ HIGH TAIL INTENSITY: [DNN_INPUT] bid_deep_ratio has 518 points with Z-Score > 12.
2026-03-21 13:47:00,962 - WARNING - ⚠️ HIGH TAIL INTENSITY: [DNN_INPUT] ask_deep_ratio has 957 points with Z-Score > 12.
2026-03-21 13:47:00,962 - WARNING - ⚠️ HIGH TAIL INTENSITY: [DNN_INPUT] bid_convexity has 243 points with Z-Score > 12.
2026-03-21 13:47:02,923 - INFO - ✅ Protocol Island Split: 1/1 islands survived. Total rows: 635386
2026-03-21 13:47:02,923 - INFO - 🏆 Gold Validation complete for 2023-02-09_BTCUSDT_ob500.data. Status: VALID
2026-03-21 13:47:03,460 - INFO - Successfully saved 635386 rows to data/L2/pre_processed/2023-02-09_BTCUSDT_ob500.data.parquet
2026-03-21 13:47:03,460 - INFO - ✅ Saved event-driven dataset: 2023-02-09_BTCUSDT_ob500.data.parquet
2026-03-21 13:47:03,464 - INFO - 📊 [Memory] 2023-02-09_BTCUSDT_ob500.data: 0.0MB -> 14941.0MB
2026-03-21 13:47:04,070 - INFO - 📊 [Peak Load] 2023-02-13_BTCUSDT_ob500.data: Raw data in RAM | SYSTEM RAM: 148.67 GB (19.7%)
2026-03-21 13:47:04,085 - INFO - EventSampler iniciado. Modo: 'both' | Dollar=500000.0 | Tick=5000 | Info=100.0 | Time=300000ms
2026-03-21 13:47:05,545 - INFO - 📥 DOWNLOAD: 2023-02-24_BTCUSDT_ob500.data.zip
2026-03-21 13:47:06,269 - INFO - 💾 Memory Optimization: Dropping 801 raw book columns.
2026-03-21 13:47:06,320 - INFO - 📊 [Drop Success] 2023-02-10_BTCUSDT_ob500.data: Columns discarded | SYSTEM RAM: 155.68 GB (20.6%)
2026-03-21 13:47:06,320 - INFO - --- Validating 2023-02-10_BTCUSDT_ob500.data ---
2026-03-21 13:47:06,346 - INFO - ✅ ARCHITECTURE INTEGRITY: 30/30 features present. Audit Scope: 46 columns (30 Features + 15 Raw/Price).
2026-03-21 13:47:06,365 - INFO - No NaNs found.
2026-03-21 13:47:06,379 - INFO - No Infinite values found.
2026-03-21 13:47:06,380 - INFO - Chronological order verified.
2026-03-21 13:47:06,390 - WARNING - ⚠️ STALE DATA ALERT: Possible feed lock detected in 2023-02-10_BTCUSDT_ob500.data
2026-03-21 13:47:06,397 - WARNING - ☢️ CRITICAL OUTLIER: [DNN_INPUT] body max (1.4160e-03) is > 15x P99. Clipping might have failed!
2026-03-21 13:47:06,400 - WARNING - ☢️ CRITICAL OUTLIER: [DNN_INPUT] pressure_ratio max (7.3416e+03) is > 15x P99. Clipping might have failed!
2026-03-21 13:47:06,403 - WARNING - ☢️ CRITICAL OUTLIER: [DNN_INPUT] upper_wick max (9.8611e-04) is > 15x P99. Clipping might have failed!
2026-03-21 13:47:06,405 - WARNING - ☢️ CRITICAL OUTLIER: [DNN_INPUT] ask_convexity max (2.5000e+02) is > 15x P99. Clipping might have failed!
2026-03-21 13:47:06,410 - WARNING - ☢️ CRITICAL OUTLIER: [DNN_INPUT] lower_wick max (1.2004e-03) is > 15x P99. Clipping might have failed!
2026-03-21 13:47:06,642 - WARNING - ⚠️ HIGH TAIL INTENSITY: [RAW_DATA] bar_usd_volume has 310 points with Z-Score > 12.
2026-03-21 13:47:06,642 - WARNING - ⚠️ HIGH TAIL INTENSITY: [RAW_DATA] bar_btc_volume has 313 points with Z-Score > 12.
2026-03-21 13:47:06,642 - WARNING - ⚠️ HIGH TAIL INTENSITY: [DNN_INPUT] max_spread has 1174 points with Z-Score > 12.
2026-03-21 13:47:06,642 - WARNING - ⚠️ HIGH TAIL INTENSITY: [DNN_INPUT] volatility has 499 points with Z-Score > 12.
2026-03-21 13:47:06,642 - WARNING - ⚠️ HIGH TAIL INTENSITY: [DNN_INPUT] micro_price_momentum has 280 points with Z-Score > 12.
2026-03-21 13:47:06,642 - WARNING - ⚠️ HIGH TAIL INTENSITY: [DNN_INPUT] bid_rdi has 504 points with Z-Score > 12.
2026-03-21 13:47:06,642 - WARNING - ⚠️ HIGH TAIL INTENSITY: [DNN_INPUT] ask_rdi has 526 points with Z-Score > 12.
2026-03-21 13:47:06,642 - WARNING - ⚠️ HIGH TAIL INTENSITY: [DNN_INPUT] pressure_ratio has 46 points with Z-Score > 12.
2026-03-21 13:47:06,643 - WARNING - ⚠️ HIGH TAIL INTENSITY: [DNN_INPUT] body has 429 points with Z-Score > 12.
2026-03-21 13:47:06,643 - WARNING - ⚠️ HIGH TAIL INTENSITY: [DNN_INPUT] upper_wick has 271 points with Z-Score > 12.
2026-03-21 13:47:06,643 - WARNING - ⚠️ HIGH TAIL INTENSITY: [DNN_INPUT] lower_wick has 178 points with Z-Score > 12.
2026-03-21 13:47:06,643 - WARNING - ⚠️ HIGH TAIL INTENSITY: [DNN_INPUT] log_ret_close has 462 points with Z-Score > 12.
2026-03-21 13:47:06,643 - WARNING - ⚠️ HIGH TAIL INTENSITY: [DNN_INPUT] bid_rdi_delta_5 has 318 points with Z-Score > 12.
2026-03-21 13:47:06,643 - WARNING - ⚠️ HIGH TAIL INTENSITY: [DNN_INPUT] ask_rdi_delta_5 has 204 points with Z-Score > 12.
2026-03-21 13:47:06,643 - WARNING - ⚠️ HIGH TAIL INTENSITY: [DNN_INPUT] micro_price_delta_5 has 136 points with Z-Score > 12.
2026-03-21 13:47:06,643 - WARNING - ⚠️ HIGH TAIL INTENSITY: [DNN_INPUT] bid_rdi_delta_30 has 624 points with Z-Score > 12.
2026-03-21 13:47:06,643 - WARNING - ⚠️ HIGH TAIL INTENSITY: [DNN_INPUT] ask_rdi_delta_30 has 331 points with Z-Score > 12.
2026-03-21 13:47:06,643 - WARNING - ⚠️ HIGH TAIL INTENSITY: [DNN_INPUT] micro_price_delta_30 has 1 points with Z-Score > 12.
2026-03-21 13:47:06,643 - WARNING - ⚠️ HIGH TAIL INTENSITY: [DNN_INPUT] spread_zscore_60 has 447 points with Z-Score > 12.
2026-03-21 13:47:06,643 - WARNING - ⚠️ HIGH TAIL INTENSITY: [DNN_INPUT] kyle_lambda has 427 points with Z-Score > 12.
2026-03-21 13:47:06,644 - WARNING - ⚠️ HIGH TAIL INTENSITY: [DNN_INPUT] bid_deep_ratio has 224 points with Z-Score > 12.
2026-03-21 13:47:06,644 - WARNING - ⚠️ HIGH TAIL INTENSITY: [DNN_INPUT] ask_deep_ratio has 32 points with Z-Score > 12.
2026-03-21 13:47:06,644 - WARNING - ⚠️ HIGH TAIL INTENSITY: [DNN_INPUT] bid_convexity has 669 points with Z-Score > 12.
2026-03-21 13:47:06,644 - WARNING - ⚠️ HIGH TAIL INTENSITY: [DNN_INPUT] ask_convexity has 512 points with Z-Score > 12.
2026-03-21 13:47:06,896 - INFO - ✅ Protocol Island Split: 1/1 islands survived. Total rows: 328330
2026-03-21 13:47:06,897 - INFO - 🏆 Gold Validation complete for 2023-02-10_BTCUSDT_ob500.data. Status: VALID
2026-03-21 13:47:07,049 - INFO - Successfully saved 328330 rows to data/L2/pre_processed/2023-02-10_BTCUSDT_ob500.data.parquet
2026-03-21 13:47:07,049 - INFO - ✅ Saved event-driven dataset: 2023-02-10_BTCUSDT_ob500.data.parquet
2026-03-21 13:47:07,051 - INFO - 📊 [Memory] 2023-02-10_BTCUSDT_ob500.data: 0.0MB -> 18397.0MB
2026-03-21 13:47:07,097 - INFO - CUSUM (both): 29355 eventos. Trigger IID será aplicado dentro de cada janela CUSUM.
2026-03-21 13:47:07,131 - INFO - 📥 DOWNLOAD FILE: BTCUSDT2023-02-26.csv.gz
2026-03-21 13:47:07,559 - INFO - 📥 DOWNLOAD: 2023-02-25_BTCUSDT_ob500.data.zip
2026-03-21 13:47:07,572 - INFO - Barras geradas: 433544 | Ilhas: 1
2026-03-21 13:47:09,496 - INFO - 📥 DOWNLOAD FILE: BTCUSDT2023-02-27.csv.gz
2026-03-21 13:47:09,525 - INFO - 📂 STREAMING: 2023-02-23_BTCUSDT_ob500.data
2026-03-21 13:47:11,468 - INFO - 💾 Memory Optimization: Dropping 801 raw book columns.
2026-03-21 13:47:11,513 - INFO - 🗑️ CLEANUP: Deleting processed zip: 2023-02-16_BTCUSDT_ob500.data.zip
2026-03-21 13:47:11,513 - INFO - 📊 [Drop Success] 2023-02-07_BTCUSDT_ob500.data: Columns discarded | SYSTEM RAM: 152.23 GB (20.1%)
2026-03-21 13:47:11,513 - INFO - --- Validating 2023-02-07_BTCUSDT_ob500.data ---
2026-03-21 13:47:11,546 - INFO - ✅ ARCHITECTURE INTEGRITY: 30/30 features present. Audit Scope: 46 columns (30 Features + 15 Raw/Price).
2026-03-21 13:47:11,596 - INFO - No NaNs found.
2026-03-21 13:47:11,613 - INFO - No Infinite values found.
2026-03-21 13:47:11,614 - INFO - Chronological order verified.
2026-03-21 13:47:11,626 - WARNING - ⚠️ STALE DATA ALERT: Possible feed lock detected in 2023-02-07_BTCUSDT_ob500.data
2026-03-21 13:47:11,631 - WARNING - ☢️ CRITICAL OUTLIER: [DNN_INPUT] max_spread max (8.0000e+00) is > 15x P99. Clipping might have failed!
2026-03-21 13:47:11,636 - WARNING - ☢️ CRITICAL OUTLIER: [DNN_INPUT] body max (1.2856e-03) is > 15x P99. Clipping might have failed!
2026-03-21 13:47:11,639 - WARNING - ☢️ CRITICAL OUTLIER: [DNN_INPUT] pressure_ratio max (4.9647e+03) is > 15x P99. Clipping might have failed!
2026-03-21 13:47:11,642 - WARNING - ☢️ CRITICAL OUTLIER: [DNN_INPUT] bid_deep_ratio max (8.0410e+04) is > 15x P99. Clipping might have failed!
2026-03-21 13:47:11,645 - WARNING - ☢️ CRITICAL OUTLIER: [DNN_INPUT] upper_wick max (8.1826e-04) is > 15x P99. Clipping might have failed!
2026-03-21 13:47:11,651 - WARNING - ☢️ CRITICAL OUTLIER: [DNN_INPUT] lower_wick max (6.3364e-04) is > 15x P99. Clipping might have failed!
2026-03-21 13:47:11,658 - WARNING - ☢️ CRITICAL OUTLIER: [DNN_INPUT] ask_deep_ratio max (1.1801e+05) is > 15x P99. Clipping might have failed!
2026-03-21 13:47:11,933 - WARNING - ⚠️ HIGH TAIL INTENSITY: [RAW_DATA] bar_usd_volume has 340 points with Z-Score > 12.
2026-03-21 13:47:11,933 - WARNING - ⚠️ HIGH TAIL INTENSITY: [RAW_DATA] bar_btc_volume has 343 points with Z-Score > 12.
2026-03-21 13:47:11,933 - WARNING - ⚠️ HIGH TAIL INTENSITY: [DNN_INPUT] max_spread has 758 points with Z-Score > 12.
2026-03-21 13:47:11,934 - WARNING - ⚠️ HIGH TAIL INTENSITY: [DNN_INPUT] volatility has 477 points with Z-Score > 12.
2026-03-21 13:47:11,938 - WARNING - ⚠️ HIGH TAIL INTENSITY: [DNN_INPUT] micro_price_momentum has 246 points with Z-Score > 12.
2026-03-21 13:47:11,938 - WARNING - ⚠️ HIGH TAIL INTENSITY: [DNN_INPUT] bid_rdi has 307 points with Z-Score > 12.
2026-03-21 13:47:11,938 - WARNING - ⚠️ HIGH TAIL INTENSITY: [DNN_INPUT] ask_rdi has 237 points with Z-Score > 12.
2026-03-21 13:47:11,938 - WARNING - ⚠️ HIGH TAIL INTENSITY: [DNN_INPUT] pressure_ratio has 171 points with Z-Score > 12.
2026-03-21 13:47:11,939 - WARNING - ⚠️ HIGH TAIL INTENSITY: [DNN_INPUT] log_volume has 1 points with Z-Score > 12.
2026-03-21 13:47:11,939 - WARNING - ⚠️ HIGH TAIL INTENSITY: [DNN_INPUT] body has 437 points with Z-Score > 12.
2026-03-21 13:47:11,939 - WARNING - ⚠️ HIGH TAIL INTENSITY: [DNN_INPUT] upper_wick has 142 points with Z-Score > 12.
2026-03-21 13:47:11,939 - WARNING - ⚠️ HIGH TAIL INTENSITY: [DNN_INPUT] lower_wick has 184 points with Z-Score > 12.
2026-03-21 13:47:11,939 - WARNING - ⚠️ HIGH TAIL INTENSITY: [DNN_INPUT] log_ret_close has 539 points with Z-Score > 12.
2026-03-21 13:47:11,939 - WARNING - ⚠️ HIGH TAIL INTENSITY: [DNN_INPUT] bid_rdi_delta_5 has 171 points with Z-Score > 12.
2026-03-21 13:47:11,939 - WARNING - ⚠️ HIGH TAIL INTENSITY: [DNN_INPUT] ask_rdi_delta_5 has 173 points with Z-Score > 12.
2026-03-21 13:47:11,940 - WARNING - ⚠️ HIGH TAIL INTENSITY: [DNN_INPUT] micro_price_delta_5 has 165 points with Z-Score > 12.
2026-03-21 13:47:11,940 - WARNING - ⚠️ HIGH TAIL INTENSITY: [DNN_INPUT] bid_rdi_delta_30 has 216 points with Z-Score > 12.
2026-03-21 13:47:11,940 - WARNING - ⚠️ HIGH TAIL INTENSITY: [DNN_INPUT] ask_rdi_delta_30 has 208 points with Z-Score > 12.
2026-03-21 13:47:11,940 - WARNING - ⚠️ HIGH TAIL INTENSITY: [DNN_INPUT] spread_zscore_60 has 496 points with Z-Score > 12.
2026-03-21 13:47:11,940 - WARNING - ⚠️ HIGH TAIL INTENSITY: [DNN_INPUT] kyle_lambda has 401 points with Z-Score > 12.
2026-03-21 13:47:11,940 - WARNING - ⚠️ HIGH TAIL INTENSITY: [DNN_INPUT] bid_deep_ratio has 357 points with Z-Score > 12.
2026-03-21 13:47:11,940 - WARNING - ⚠️ HIGH TAIL INTENSITY: [DNN_INPUT] ask_deep_ratio has 557 points with Z-Score > 12.
2026-03-21 13:47:11,940 - WARNING - ⚠️ HIGH TAIL INTENSITY: [DNN_INPUT] ask_convexity has 88 points with Z-Score > 12.
2026-03-21 13:47:12,827 - INFO - ✅ Protocol Island Split: 1/1 islands survived. Total rows: 366520
2026-03-21 13:47:12,832 - INFO - 🏆 Gold Validation complete for 2023-02-07_BTCUSDT_ob500.data. Status: VALID
2026-03-21 13:47:13,116 - INFO - Successfully saved 366520 rows to data/L2/pre_processed/2023-02-07_BTCUSDT_ob500.data.parquet
2026-03-21 13:47:13,116 - INFO - ✅ Saved event-driven dataset: 2023-02-07_BTCUSDT_ob500.data.parquet
2026-03-21 13:47:13,117 - INFO - 📊 [Memory] 2023-02-07_BTCUSDT_ob500.data: 0.0MB -> 14826.2MB
2026-03-21 13:47:13,493 - INFO - 📥 DOWNLOAD: 2023-02-26_BTCUSDT_ob500.data.zip
2026-03-21 13:47:13,934 - INFO - 📂 STREAMING: 2023-02-24_BTCUSDT_ob500.data
2026-03-21 13:47:15,546 - INFO - 📥 DOWNLOAD FILE: BTCUSDT2023-02-28.csv.gz
2026-03-21 13:47:18,722 - INFO - 📊 [Peak Load] 2023-02-14_BTCUSDT_ob500.data: Raw data in RAM | SYSTEM RAM: 159.74 GB (21.1%)
2026-03-21 13:47:18,732 - INFO - EventSampler iniciado. Modo: 'both' | Dollar=500000.0 | Tick=5000 | Info=100.0 | Time=300000ms
2026-03-21 13:47:19,217 - INFO - 📂 STREAMING: 2023-02-25_BTCUSDT_ob500.data
2026-03-21 13:47:19,875 - INFO - 💾 Memory Optimization: Dropping 801 raw book columns.
2026-03-21 13:47:19,951 - INFO - 📊 [Drop Success] 2023-02-13_BTCUSDT_ob500.data: Columns discarded | SYSTEM RAM: 168.38 GB (22.3%)
2026-03-21 13:47:19,951 - INFO - --- Validating 2023-02-13_BTCUSDT_ob500.data ---
2026-03-21 13:47:19,990 - INFO - ✅ ARCHITECTURE INTEGRITY: 30/30 features present. Audit Scope: 46 columns (30 Features + 15 Raw/Price).
2026-03-21 13:47:20,009 - INFO - No NaNs found.
2026-03-21 13:47:20,027 - INFO - No Infinite values found.
2026-03-21 13:47:20,028 - INFO - Chronological order verified.
2026-03-21 13:47:20,042 - WARNING - ⚠️ STALE DATA ALERT: Possible feed lock detected in 2023-02-13_BTCUSDT_ob500.data
2026-03-21 13:47:20,053 - WARNING - ☢️ CRITICAL OUTLIER: [DNN_INPUT] body max (1.3654e-03) is > 15x P99. Clipping might have failed!
2026-03-21 13:47:20,055 - WARNING - ☢️ CRITICAL OUTLIER: [DNN_INPUT] pressure_ratio max (4.1639e+03) is > 15x P99. Clipping might have failed!
2026-03-21 13:47:20,059 - WARNING - ☢️ CRITICAL OUTLIER: [DNN_INPUT] upper_wick max (1.3426e-03) is > 15x P99. Clipping might have failed!
2026-03-21 13:47:20,067 - WARNING - ☢️ CRITICAL OUTLIER: [DNN_INPUT] lower_wick max (9.6433e-04) is > 15x P99. Clipping might have failed!
2026-03-21 13:47:20,120 - INFO - 🗑️ CLEANUP: Deleting processed zip: 2023-02-18_BTCUSDT_ob500.data.zip
2026-03-21 13:47:20,355 - WARNING - ⚠️ HIGH TAIL INTENSITY: [RAW_DATA] bar_usd_volume has 413 points with Z-Score > 12.
2026-03-21 13:47:20,355 - WARNING - ⚠️ HIGH TAIL INTENSITY: [RAW_DATA] bar_btc_volume has 413 points with Z-Score > 12.
2026-03-21 13:47:20,356 - WARNING - ⚠️ HIGH TAIL INTENSITY: [DNN_INPUT] max_spread has 464 points with Z-Score > 12.
2026-03-21 13:47:20,356 - WARNING - ⚠️ HIGH TAIL INTENSITY: [DNN_INPUT] volatility has 661 points with Z-Score > 12.
2026-03-21 13:47:20,356 - WARNING - ⚠️ HIGH TAIL INTENSITY: [DNN_INPUT] micro_price_momentum has 790 points with Z-Score > 12.
2026-03-21 13:47:20,356 - WARNING - ⚠️ HIGH TAIL INTENSITY: [DNN_INPUT] bid_rdi has 136 points with Z-Score > 12.
2026-03-21 13:47:20,356 - WARNING - ⚠️ HIGH TAIL INTENSITY: [DNN_INPUT] ask_rdi has 122 points with Z-Score > 12.
2026-03-21 13:47:20,356 - WARNING - ⚠️ HIGH TAIL INTENSITY: [DNN_INPUT] pressure_ratio has 330 points with Z-Score > 12.
2026-03-21 13:47:20,356 - WARNING - ⚠️ HIGH TAIL INTENSITY: [DNN_INPUT] body has 476 points with Z-Score > 12.
2026-03-21 13:47:20,356 - WARNING - ⚠️ HIGH TAIL INTENSITY: [DNN_INPUT] upper_wick has 294 points with Z-Score > 12.
2026-03-21 13:47:20,357 - WARNING - ⚠️ HIGH TAIL INTENSITY: [DNN_INPUT] lower_wick has 265 points with Z-Score > 12.
2026-03-21 13:47:20,357 - WARNING - ⚠️ HIGH TAIL INTENSITY: [DNN_INPUT] log_ret_close has 520 points with Z-Score > 12.
2026-03-21 13:47:20,357 - WARNING - ⚠️ HIGH TAIL INTENSITY: [DNN_INPUT] bid_rdi_delta_5 has 80 points with Z-Score > 12.
2026-03-21 13:47:20,357 - WARNING - ⚠️ HIGH TAIL INTENSITY: [DNN_INPUT] ask_rdi_delta_5 has 172 points with Z-Score > 12.
2026-03-21 13:47:20,357 - WARNING - ⚠️ HIGH TAIL INTENSITY: [DNN_INPUT] micro_price_delta_5 has 209 points with Z-Score > 12.
2026-03-21 13:47:20,357 - WARNING - ⚠️ HIGH TAIL INTENSITY: [DNN_INPUT] bid_rdi_delta_30 has 148 points with Z-Score > 12.
2026-03-21 13:47:20,357 - WARNING - ⚠️ HIGH TAIL INTENSITY: [DNN_INPUT] ask_rdi_delta_30 has 192 points with Z-Score > 12.
2026-03-21 13:47:20,357 - WARNING - ⚠️ HIGH TAIL INTENSITY: [DNN_INPUT] spread_zscore_60 has 759 points with Z-Score > 12.
2026-03-21 13:47:20,357 - WARNING - ⚠️ HIGH TAIL INTENSITY: [DNN_INPUT] kyle_lambda has 391 points with Z-Score > 12.
2026-03-21 13:47:20,357 - WARNING - ⚠️ HIGH TAIL INTENSITY: [DNN_INPUT] bid_deep_ratio has 104 points with Z-Score > 12.
2026-03-21 13:47:20,357 - WARNING - ⚠️ HIGH TAIL INTENSITY: [DNN_INPUT] ask_deep_ratio has 412 points with Z-Score > 12.
2026-03-21 13:47:20,357 - WARNING - ⚠️ HIGH TAIL INTENSITY: [DNN_INPUT] bid_convexity has 1079 points with Z-Score > 12.
2026-03-21 13:47:20,357 - WARNING - ⚠️ HIGH TAIL INTENSITY: [DNN_INPUT] ask_convexity has 802 points with Z-Score > 12.
2026-03-21 13:47:20,697 - INFO - ✅ Protocol Island Split: 1/1 islands survived. Total rows: 433544
2026-03-21 13:47:20,698 - INFO - 🏆 Gold Validation complete for 2023-02-13_BTCUSDT_ob500.data. Status: VALID
2026-03-21 13:47:20,900 - INFO - Successfully saved 433544 rows to data/L2/pre_processed/2023-02-13_BTCUSDT_ob500.data.parquet
2026-03-21 13:47:20,900 - INFO - ✅ Saved event-driven dataset: 2023-02-13_BTCUSDT_ob500.data.parquet
2026-03-21 13:47:20,901 - INFO - 📊 [Memory] 2023-02-13_BTCUSDT_ob500.data: 0.0MB -> 18263.9MB
2026-03-21 13:47:21,033 - INFO - CUSUM (both): 29351 eventos. Trigger IID será aplicado dentro de cada janela CUSUM.
2026-03-21 13:47:21,678 - INFO - Barras geradas: 524998 | Ilhas: 1
2026-03-21 13:47:22,765 - INFO - 📥 DOWNLOAD FILE: BTCUSDT2023-03-01.csv.gz
2026-03-21 13:47:23,128 - INFO - 🗑️ CLEANUP: Deleting processed zip: 2023-02-17_BTCUSDT_ob500.data.zip
2026-03-21 13:47:23,329 - INFO - 📊 [Peak Load] 2023-02-18_BTCUSDT_ob500.data: Raw data in RAM | SYSTEM RAM: 152.18 GB (20.1%)
2026-03-21 13:47:23,335 - INFO - EventSampler iniciado. Modo: 'both' | Dollar=500000.0 | Tick=5000 | Info=100.0 | Time=300000ms
2026-03-21 13:47:24,563 - INFO - CUSUM (both): 17654 eventos. Trigger IID será aplicado dentro de cada janela CUSUM.
2026-03-21 13:47:25,517 - INFO - Barras geradas: 197495 | Ilhas: 1
2026-03-21 13:47:33,872 - INFO - 📥 DOWNLOAD: 2023-03-01_BTCUSDT_ob500.data.zip
2026-03-21 13:47:34,661 - INFO - 📥 DOWNLOAD: 2023-02-27_BTCUSDT_ob500.data.zip
2026-03-21 13:47:35,318 - INFO - 📂 STREAMING: 2023-02-26_BTCUSDT_ob500.data
2026-03-21 13:47:35,839 - INFO - 💾 Memory Optimization: Dropping 801 raw book columns.
2026-03-21 13:47:35,892 - INFO - 📊 [Drop Success] 2023-02-18_BTCUSDT_ob500.data: Columns discarded | SYSTEM RAM: 164.52 GB (21.8%)
2026-03-21 13:47:35,893 - INFO - --- Validating 2023-02-18_BTCUSDT_ob500.data ---
2026-03-21 13:47:35,928 - INFO - ✅ ARCHITECTURE INTEGRITY: 30/30 features present. Audit Scope: 46 columns (30 Features + 15 Raw/Price).
2026-03-21 13:47:35,934 - INFO - No NaNs found.
2026-03-21 13:47:35,940 - INFO - No Infinite values found.
2026-03-21 13:47:35,941 - INFO - Chronological order verified.
2026-03-21 13:47:35,948 - WARNING - ⚠️ STALE DATA ALERT: Possible feed lock detected in 2023-02-18_BTCUSDT_ob500.data
2026-03-21 13:47:35,954 - WARNING - ☢️ CRITICAL OUTLIER: [DNN_INPUT] body max (9.6151e-04) is > 15x P99. Clipping might have failed!
2026-03-21 13:47:35,956 - WARNING - ☢️ CRITICAL OUTLIER: [DNN_INPUT] pressure_ratio max (1.1056e+03) is > 15x P99. Clipping might have failed!
2026-03-21 13:47:35,958 - WARNING - ☢️ CRITICAL OUTLIER: [DNN_INPUT] upper_wick max (6.9479e-04) is > 15x P99. Clipping might have failed!
2026-03-21 13:47:35,962 - WARNING - ☢️ CRITICAL OUTLIER: [DNN_INPUT] lower_wick max (6.6085e-04) is > 15x P99. Clipping might have failed!
2026-03-21 13:47:36,066 - WARNING - ⚠️ HIGH TAIL INTENSITY: [RAW_DATA] bar_usd_volume has 196 points with Z-Score > 12.
2026-03-21 13:47:36,066 - WARNING - ⚠️ HIGH TAIL INTENSITY: [RAW_DATA] bar_btc_volume has 198 points with Z-Score > 12.
2026-03-21 13:47:36,067 - WARNING - ⚠️ HIGH TAIL INTENSITY: [DNN_INPUT] max_spread has 358 points with Z-Score > 12.
2026-03-21 13:47:36,067 - WARNING - ⚠️ HIGH TAIL INTENSITY: [DNN_INPUT] volatility has 290 points with Z-Score > 12.
2026-03-21 13:47:36,067 - WARNING - ⚠️ HIGH TAIL INTENSITY: [DNN_INPUT] micro_price_momentum has 282 points with Z-Score > 12.
2026-03-21 13:47:36,067 - WARNING - ⚠️ HIGH TAIL INTENSITY: [DNN_INPUT] bid_rdi has 244 points with Z-Score > 12.
2026-03-21 13:47:36,067 - WARNING - ⚠️ HIGH TAIL INTENSITY: [DNN_INPUT] ask_rdi has 138 points with Z-Score > 12.
2026-03-21 13:47:36,067 - WARNING - ⚠️ HIGH TAIL INTENSITY: [DNN_INPUT] pressure_ratio has 41 points with Z-Score > 12.
2026-03-21 13:47:36,067 - WARNING - ⚠️ HIGH TAIL INTENSITY: [DNN_INPUT] body has 214 points with Z-Score > 12.
2026-03-21 13:47:36,067 - WARNING - ⚠️ HIGH TAIL INTENSITY: [DNN_INPUT] upper_wick has 138 points with Z-Score > 12.
2026-03-21 13:47:36,068 - WARNING - ⚠️ HIGH TAIL INTENSITY: [DNN_INPUT] lower_wick has 115 points with Z-Score > 12.
2026-03-21 13:47:36,068 - WARNING - ⚠️ HIGH TAIL INTENSITY: [DNN_INPUT] log_ret_close has 200 points with Z-Score > 12.
2026-03-21 13:47:36,068 - WARNING - ⚠️ HIGH TAIL INTENSITY: [DNN_INPUT] bid_rdi_delta_5 has 112 points with Z-Score > 12.
2026-03-21 13:47:36,068 - WARNING - ⚠️ HIGH TAIL INTENSITY: [DNN_INPUT] ask_rdi_delta_5 has 70 points with Z-Score > 12.
2026-03-21 13:47:36,068 - WARNING - ⚠️ HIGH TAIL INTENSITY: [DNN_INPUT] micro_price_delta_5 has 20 points with Z-Score > 12.
2026-03-21 13:47:36,068 - WARNING - ⚠️ HIGH TAIL INTENSITY: [DNN_INPUT] bid_rdi_delta_30 has 250 points with Z-Score > 12.
2026-03-21 13:47:36,068 - WARNING - ⚠️ HIGH TAIL INTENSITY: [DNN_INPUT] ask_rdi_delta_30 has 178 points with Z-Score > 12.
2026-03-21 13:47:36,068 - WARNING - ⚠️ HIGH TAIL INTENSITY: [DNN_INPUT] spread_zscore_60 has 332 points with Z-Score > 12.
2026-03-21 13:47:36,068 - WARNING - ⚠️ HIGH TAIL INTENSITY: [DNN_INPUT] kyle_lambda has 149 points with Z-Score > 12.
2026-03-21 13:47:36,068 - WARNING - ⚠️ HIGH TAIL INTENSITY: [DNN_INPUT] bid_convexity has 485 points with Z-Score > 12.
2026-03-21 13:47:36,068 - WARNING - ⚠️ HIGH TAIL INTENSITY: [DNN_INPUT] ask_convexity has 472 points with Z-Score > 12.
2026-03-21 13:47:36,147 - INFO - ✅ Protocol Island Split: 1/1 islands survived. Total rows: 197495
2026-03-21 13:47:36,147 - INFO - 🏆 Gold Validation complete for 2023-02-18_BTCUSDT_ob500.data. Status: VALID
2026-03-21 13:47:36,358 - INFO - Successfully saved 197495 rows to data/L2/pre_processed/2023-02-18_BTCUSDT_ob500.data.parquet
2026-03-21 13:47:36,358 - INFO - ✅ Saved event-driven dataset: 2023-02-18_BTCUSDT_ob500.data.parquet
2026-03-21 13:47:36,363 - INFO - 📊 [Memory] 2023-02-18_BTCUSDT_ob500.data: 0.0MB -> 15820.3MB
2026-03-21 13:47:36,749 - INFO - 📊 [Peak Load] 2023-02-15_BTCUSDT_ob500.data: Raw data in RAM | SYSTEM RAM: 156.00 GB (20.6%)
2026-03-21 13:47:36,757 - INFO - EventSampler iniciado. Modo: 'both' | Dollar=500000.0 | Tick=5000 | Info=100.0 | Time=300000ms
2026-03-21 13:47:38,215 - INFO - 📥 DOWNLOAD FILE: BTCUSDT2023-03-02.csv.gz
2026-03-21 13:47:39,923 - INFO - CUSUM (both): 34048 eventos. Trigger IID será aplicado dentro de cada janela CUSUM.
2026-03-21 13:47:40,162 - INFO - 📥 DOWNLOAD: 2023-02-28_BTCUSDT_ob500.data.zip
2026-03-21 13:47:40,884 - INFO - Barras geradas: 600674 | Ilhas: 1
2026-03-21 13:47:41,098 - INFO - 💾 Memory Optimization: Dropping 801 raw book columns.
2026-03-21 13:47:41,118 - INFO - 📊 [Drop Success] 2023-02-14_BTCUSDT_ob500.data: Columns discarded | SYSTEM RAM: 165.71 GB (21.9%)
2026-03-21 13:47:41,118 - INFO - --- Validating 2023-02-14_BTCUSDT_ob500.data ---
2026-03-21 13:47:41,142 - INFO - ✅ ARCHITECTURE INTEGRITY: 30/30 features present. Audit Scope: 46 columns (30 Features + 15 Raw/Price).
2026-03-21 13:47:41,159 - INFO - No NaNs found.
2026-03-21 13:47:41,174 - INFO - No Infinite values found.
2026-03-21 13:47:41,175 - INFO - Chronological order verified.
2026-03-21 13:47:41,190 - WARNING - ⚠️ STALE DATA ALERT: Possible feed lock detected in 2023-02-14_BTCUSDT_ob500.data
2026-03-21 13:47:41,203 - WARNING - ☢️ CRITICAL OUTLIER: [DNN_INPUT] body max (4.2403e-03) is > 15x P99. Clipping might have failed!
2026-03-21 13:47:41,205 - WARNING - ☢️ CRITICAL OUTLIER: [DNN_INPUT] pressure_ratio max (2.0223e+03) is > 15x P99. Clipping might have failed!
2026-03-21 13:47:41,211 - WARNING - ☢️ CRITICAL OUTLIER: [DNN_INPUT] upper_wick max (4.2093e-03) is > 15x P99. Clipping might have failed!
2026-03-21 13:47:41,217 - WARNING - ☢️ CRITICAL OUTLIER: [DNN_INPUT] kyle_lambda max (4.6256e+01) is > 15x P99. Clipping might have failed!
2026-03-21 13:47:41,220 - WARNING - ☢️ CRITICAL OUTLIER: [DNN_INPUT] lower_wick max (4.6256e-03) is > 15x P99. Clipping might have failed!
2026-03-21 13:47:41,420 - WARNING - ⚠️ HIGH TAIL INTENSITY: [RAW_DATA] bar_usd_volume has 476 points with Z-Score > 12.
2026-03-21 13:47:41,420 - WARNING - ⚠️ HIGH TAIL INTENSITY: [RAW_DATA] bar_btc_volume has 476 points with Z-Score > 12.
2026-03-21 13:47:41,420 - WARNING - ⚠️ HIGH TAIL INTENSITY: [DNN_INPUT] max_spread has 866 points with Z-Score > 12.
2026-03-21 13:47:41,420 - WARNING - ⚠️ HIGH TAIL INTENSITY: [DNN_INPUT] volatility has 730 points with Z-Score > 12.
2026-03-21 13:47:41,420 - WARNING - ⚠️ HIGH TAIL INTENSITY: [DNN_INPUT] micro_price_momentum has 720 points with Z-Score > 12.
2026-03-21 13:47:41,420 - WARNING - ⚠️ HIGH TAIL INTENSITY: [DNN_INPUT] bid_rdi has 479 points with Z-Score > 12.
2026-03-21 13:47:41,420 - WARNING - ⚠️ HIGH TAIL INTENSITY: [DNN_INPUT] ask_rdi has 562 points with Z-Score > 12.
2026-03-21 13:47:41,420 - WARNING - ⚠️ HIGH TAIL INTENSITY: [DNN_INPUT] pressure_ratio has 93 points with Z-Score > 12.
2026-03-21 13:47:41,420 - WARNING - ⚠️ HIGH TAIL INTENSITY: [DNN_INPUT] body has 478 points with Z-Score > 12.
2026-03-21 13:47:41,420 - WARNING - ⚠️ HIGH TAIL INTENSITY: [DNN_INPUT] upper_wick has 201 points with Z-Score > 12.
2026-03-21 13:47:41,421 - WARNING - ⚠️ HIGH TAIL INTENSITY: [DNN_INPUT] lower_wick has 207 points with Z-Score > 12.
2026-03-21 13:47:41,421 - WARNING - ⚠️ HIGH TAIL INTENSITY: [DNN_INPUT] log_ret_close has 495 points with Z-Score > 12.
2026-03-21 13:47:41,421 - WARNING - ⚠️ HIGH TAIL INTENSITY: [DNN_INPUT] bid_rdi_delta_5 has 447 points with Z-Score > 12.
2026-03-21 13:47:41,421 - WARNING - ⚠️ HIGH TAIL INTENSITY: [DNN_INPUT] ask_rdi_delta_5 has 288 points with Z-Score > 12.
2026-03-21 13:47:41,421 - WARNING - ⚠️ HIGH TAIL INTENSITY: [DNN_INPUT] micro_price_delta_5 has 522 points with Z-Score > 12.
2026-03-21 13:47:41,421 - WARNING - ⚠️ HIGH TAIL INTENSITY: [DNN_INPUT] bid_rdi_delta_30 has 579 points with Z-Score > 12.
2026-03-21 13:47:41,421 - WARNING - ⚠️ HIGH TAIL INTENSITY: [DNN_INPUT] ask_rdi_delta_30 has 451 points with Z-Score > 12.
2026-03-21 13:47:41,421 - WARNING - ⚠️ HIGH TAIL INTENSITY: [DNN_INPUT] micro_price_delta_30 has 383 points with Z-Score > 12.
2026-03-21 13:47:41,421 - WARNING - ⚠️ HIGH TAIL INTENSITY: [DNN_INPUT] spread_zscore_60 has 883 points with Z-Score > 12.
2026-03-21 13:47:41,421 - WARNING - ⚠️ HIGH TAIL INTENSITY: [DNN_INPUT] kyle_lambda has 524 points with Z-Score > 12.
2026-03-21 13:47:41,421 - WARNING - ⚠️ HIGH TAIL INTENSITY: [DNN_INPUT] bid_deep_ratio has 650 points with Z-Score > 12.
2026-03-21 13:47:41,421 - WARNING - ⚠️ HIGH TAIL INTENSITY: [DNN_INPUT] ask_deep_ratio has 281 points with Z-Score > 12.
2026-03-21 13:47:41,421 - WARNING - ⚠️ HIGH TAIL INTENSITY: [DNN_INPUT] bid_convexity has 1323 points with Z-Score > 12.
2026-03-21 13:47:41,421 - WARNING - ⚠️ HIGH TAIL INTENSITY: [DNN_INPUT] ask_convexity has 1078 points with Z-Score > 12.
2026-03-21 13:47:41,635 - INFO - ✅ Protocol Island Split: 1/1 islands survived. Total rows: 524998
2026-03-21 13:47:41,635 - INFO - 🏆 Gold Validation complete for 2023-02-14_BTCUSDT_ob500.data. Status: VALID
2026-03-21 13:47:41,830 - INFO - Successfully saved 524998 rows to data/L2/pre_processed/2023-02-14_BTCUSDT_ob500.data.parquet
2026-03-21 13:47:41,831 - INFO - ✅ Saved event-driven dataset: 2023-02-14_BTCUSDT_ob500.data.parquet
2026-03-21 13:47:41,833 - INFO - 📊 [Memory] 2023-02-14_BTCUSDT_ob500.data: 0.0MB -> 15897.8MB
2026-03-21 13:47:42,330 - INFO - 📂 STREAMING: 2023-02-27_BTCUSDT_ob500.data
2026-03-21 13:47:44,125 - INFO - 🗑️ CLEANUP: Deleting processed zip: 2023-02-20_BTCUSDT_ob500.data.zip
2026-03-21 13:47:44,167 - INFO - 📥 DOWNLOAD FILE: BTCUSDT2023-03-03.csv.gz
2026-03-21 13:47:44,313 - INFO - 📥 DOWNLOAD: 2023-03-02_BTCUSDT_ob500.data.zip
2026-03-21 13:47:45,753 - INFO - 📂 STREAMING: 2023-02-28_BTCUSDT_ob500.data
2026-03-21 13:47:48,219 - INFO - 📂 STREAMING: 2023-03-01_BTCUSDT_ob500.data
2026-03-21 13:47:48,630 - INFO - 📊 [Peak Load] 2023-02-16_BTCUSDT_ob500.data: Raw data in RAM | SYSTEM RAM: 143.95 GB (19.1%)
2026-03-21 13:47:48,646 - INFO - EventSampler iniciado. Modo: 'both' | Dollar=500000.0 | Tick=5000 | Info=100.0 | Time=300000ms
2026-03-21 13:47:49,955 - INFO - 📊 [Peak Load] 2023-02-20_BTCUSDT_ob500.data: Raw data in RAM | SYSTEM RAM: 161.16 GB (21.3%)
2026-03-21 13:47:49,971 - INFO - EventSampler iniciado. Modo: 'both' | Dollar=500000.0 | Tick=5000 | Info=100.0 | Time=300000ms
2026-03-21 13:47:51,349 - INFO - 📂 STREAMING: 2023-03-02_BTCUSDT_ob500.data
2026-03-21 13:47:51,429 - INFO - 📥 DOWNLOAD: 2023-03-03_BTCUSDT_ob500.data.zip
2026-03-21 13:47:52,102 - INFO - CUSUM (both): 45853 eventos. Trigger IID será aplicado dentro de cada janela CUSUM.
2026-03-21 13:47:52,331 - INFO - CUSUM (both): 34413 eventos. Trigger IID será aplicado dentro de cada janela CUSUM.
2026-03-21 13:47:53,439 - INFO - Barras geradas: 409232 | Ilhas: 1
2026-03-21 13:47:53,983 - INFO - Barras geradas: 618262 | Ilhas: 1
2026-03-21 13:47:58,592 - INFO - 🗑️ CLEANUP: Deleting processed zip: 2023-02-21_BTCUSDT_ob500.data.zip
2026-03-21 13:47:58,789 - INFO - 📂 STREAMING: 2023-03-03_BTCUSDT_ob500.data
2026-03-21 13:48:00,496 - INFO - 📊 [Peak Load] 2023-02-17_BTCUSDT_ob500.data: Raw data in RAM | SYSTEM RAM: 126.23 GB (16.7%)
2026-03-21 13:48:00,534 - INFO - EventSampler iniciado. Modo: 'both' | Dollar=500000.0 | Tick=5000 | Info=100.0 | Time=300000ms
2026-03-21 13:48:02,946 - INFO - 💾 Memory Optimization: Dropping 801 raw book columns.
2026-03-21 13:48:03,107 - INFO - 📊 [Drop Success] 2023-02-15_BTCUSDT_ob500.data: Columns discarded | SYSTEM RAM: 137.44 GB (18.2%)
2026-03-21 13:48:03,107 - INFO - --- Validating 2023-02-15_BTCUSDT_ob500.data ---
2026-03-21 13:48:03,187 - INFO - ✅ ARCHITECTURE INTEGRITY: 30/30 features present. Audit Scope: 46 columns (30 Features + 15 Raw/Price).
2026-03-21 13:48:03,382 - INFO - No NaNs found.
2026-03-21 13:48:03,513 - INFO - No Infinite values found.
2026-03-21 13:48:03,529 - INFO - Chronological order verified.
2026-03-21 13:48:03,645 - WARNING - ⚠️ STALE DATA ALERT: Possible feed lock detected in 2023-02-15_BTCUSDT_ob500.data
2026-03-21 13:48:03,756 - WARNING - ☢️ CRITICAL OUTLIER: [DNN_INPUT] body max (1.9831e-03) is > 15x P99. Clipping might have failed!
2026-03-21 13:48:03,775 - WARNING - ☢️ CRITICAL OUTLIER: [DNN_INPUT] pressure_ratio max (1.5856e+03) is > 15x P99. Clipping might have failed!
2026-03-21 13:48:03,813 - WARNING - ☢️ CRITICAL OUTLIER: [DNN_INPUT] upper_wick max (1.7326e-03) is > 15x P99. Clipping might have failed!
2026-03-21 13:48:03,840 - WARNING - ☢️ CRITICAL OUTLIER: [DNN_INPUT] kyle_lambda max (2.4816e+01) is > 15x P99. Clipping might have failed!
2026-03-21 13:48:03,870 - WARNING - ☢️ CRITICAL OUTLIER: [DNN_INPUT] lower_wick max (1.7326e-03) is > 15x P99. Clipping might have failed!
2026-03-21 13:48:05,109 - WARNING - ⚠️ HIGH TAIL INTENSITY: [RAW_DATA] bar_usd_volume has 457 points with Z-Score > 12.
2026-03-21 13:48:05,110 - WARNING - ⚠️ HIGH TAIL INTENSITY: [RAW_DATA] bar_btc_volume has 465 points with Z-Score > 12.
2026-03-21 13:48:05,110 - WARNING - ⚠️ HIGH TAIL INTENSITY: [DNN_INPUT] max_spread has 1963 points with Z-Score > 12.
2026-03-21 13:48:05,110 - WARNING - ⚠️ HIGH TAIL INTENSITY: [DNN_INPUT] volatility has 796 points with Z-Score > 12.
2026-03-21 13:48:05,110 - WARNING - ⚠️ HIGH TAIL INTENSITY: [DNN_INPUT] micro_price_momentum has 670 points with Z-Score > 12.
2026-03-21 13:48:05,111 - WARNING - ⚠️ HIGH TAIL INTENSITY: [DNN_INPUT] bid_rdi has 677 points with Z-Score > 12.
2026-03-21 13:48:05,111 - WARNING - ⚠️ HIGH TAIL INTENSITY: [DNN_INPUT] ask_rdi has 622 points with Z-Score > 12.
2026-03-21 13:48:05,111 - WARNING - ⚠️ HIGH TAIL INTENSITY: [DNN_INPUT] pressure_ratio has 206 points with Z-Score > 12.
2026-03-21 13:48:05,111 - WARNING - ⚠️ HIGH TAIL INTENSITY: [DNN_INPUT] body has 848 points with Z-Score > 12.
2026-03-21 13:48:05,111 - WARNING - ⚠️ HIGH TAIL INTENSITY: [DNN_INPUT] upper_wick has 492 points with Z-Score > 12.
2026-03-21 13:48:05,111 - WARNING - ⚠️ HIGH TAIL INTENSITY: [DNN_INPUT] lower_wick has 697 points with Z-Score > 12.
2026-03-21 13:48:05,111 - WARNING - ⚠️ HIGH TAIL INTENSITY: [DNN_INPUT] log_ret_close has 901 points with Z-Score > 12.
2026-03-21 13:48:05,111 - WARNING - ⚠️ HIGH TAIL INTENSITY: [DNN_INPUT] bid_rdi_delta_5 has 352 points with Z-Score > 12.
2026-03-21 13:48:05,112 - WARNING - ⚠️ HIGH TAIL INTENSITY: [DNN_INPUT] ask_rdi_delta_5 has 267 points with Z-Score > 12.
2026-03-21 13:48:05,112 - WARNING - ⚠️ HIGH TAIL INTENSITY: [DNN_INPUT] micro_price_delta_5 has 212 points with Z-Score > 12.
2026-03-21 13:48:05,112 - WARNING - ⚠️ HIGH TAIL INTENSITY: [DNN_INPUT] bid_rdi_delta_30 has 504 points with Z-Score > 12.
2026-03-21 13:48:05,113 - WARNING - ⚠️ HIGH TAIL INTENSITY: [DNN_INPUT] ask_rdi_delta_30 has 410 points with Z-Score > 12.
2026-03-21 13:48:05,114 - WARNING - ⚠️ HIGH TAIL INTENSITY: [DNN_INPUT] micro_price_delta_30 has 3 points with Z-Score > 12.
2026-03-21 13:48:05,114 - WARNING - ⚠️ HIGH TAIL INTENSITY: [DNN_INPUT] spread_zscore_60 has 1053 points with Z-Score > 12.
2026-03-21 13:48:05,114 - WARNING - ⚠️ HIGH TAIL INTENSITY: [DNN_INPUT] kyle_lambda has 670 points with Z-Score > 12.
2026-03-21 13:48:05,114 - WARNING - ⚠️ HIGH TAIL INTENSITY: [DNN_INPUT] bid_deep_ratio has 747 points with Z-Score > 12.
2026-03-21 13:48:05,114 - WARNING - ⚠️ HIGH TAIL INTENSITY: [DNN_INPUT] ask_deep_ratio has 771 points with Z-Score > 12.
2026-03-21 13:48:05,114 - WARNING - ⚠️ HIGH TAIL INTENSITY: [DNN_INPUT] bid_convexity has 1917 points with Z-Score > 12.
2026-03-21 13:48:05,117 - WARNING - ⚠️ HIGH TAIL INTENSITY: [DNN_INPUT] ask_convexity has 2327 points with Z-Score > 12.
2026-03-21 13:48:05,600 - INFO - ✅ Protocol Island Split: 1/1 islands survived. Total rows: 600674
2026-03-21 13:48:05,605 - INFO - 🏆 Gold Validation complete for 2023-02-15_BTCUSDT_ob500.data. Status: VALID
2026-03-21 13:48:05,744 - INFO - 🗑️ CLEANUP: Deleting processed zip: 2023-02-23_BTCUSDT_ob500.data.zip
2026-03-21 13:48:06,120 - INFO - Successfully saved 600674 rows to data/L2/pre_processed/2023-02-15_BTCUSDT_ob500.data.parquet
2026-03-21 13:48:06,124 - INFO - ✅ Saved event-driven dataset: 2023-02-15_BTCUSDT_ob500.data.parquet
2026-03-21 13:48:06,127 - INFO - 📊 [Memory] 2023-02-15_BTCUSDT_ob500.data: 0.0MB -> 16457.6MB
2026-03-21 13:48:07,379 - INFO - CUSUM (both): 46478 eventos. Trigger IID será aplicado dentro de cada janela CUSUM.
2026-03-21 13:48:08,800 - INFO - 🗑️ CLEANUP: Deleting processed zip: 2023-02-22_BTCUSDT_ob500.data.zip
2026-03-21 13:48:09,421 - INFO - Barras geradas: 586480 | Ilhas: 1
2026-03-21 13:48:09,724 - INFO - 📥 DOWNLOAD FILE: BTCUSDT2023-03-04.csv.gz
2026-03-21 13:48:09,930 - INFO - 💾 Memory Optimization: Dropping 801 raw book columns.
2026-03-21 13:48:10,007 - INFO - 📊 [Drop Success] 2023-02-20_BTCUSDT_ob500.data: Columns discarded | SYSTEM RAM: 141.92 GB (18.8%)
2026-03-21 13:48:10,011 - INFO - --- Validating 2023-02-20_BTCUSDT_ob500.data ---
2026-03-21 13:48:10,115 - INFO - ✅ ARCHITECTURE INTEGRITY: 30/30 features present. Audit Scope: 46 columns (30 Features + 15 Raw/Price).
2026-03-21 13:48:10,171 - INFO - No NaNs found.
2026-03-21 13:48:10,212 - INFO - No Infinite values found.
2026-03-21 13:48:10,217 - INFO - Chronological order verified.
2026-03-21 13:48:10,247 - WARNING - ⚠️ STALE DATA ALERT: Possible feed lock detected in 2023-02-20_BTCUSDT_ob500.data
2026-03-21 13:48:10,282 - WARNING - ☢️ CRITICAL OUTLIER: [DNN_INPUT] body max (1.5718e-03) is > 15x P99. Clipping might have failed!
2026-03-21 13:48:10,290 - WARNING - ☢️ CRITICAL OUTLIER: [DNN_INPUT] pressure_ratio max (2.1460e+04) is > 15x P99. Clipping might have failed!
2026-03-21 13:48:10,309 - WARNING - ☢️ CRITICAL OUTLIER: [DNN_INPUT] upper_wick max (1.2897e-03) is > 15x P99. Clipping might have failed!
2026-03-21 13:48:10,332 - WARNING - ☢️ CRITICAL OUTLIER: [DNN_INPUT] lower_wick max (1.1056e-03) is > 15x P99. Clipping might have failed!
2026-03-21 13:48:10,347 - INFO - 🗑️ CLEANUP: Deleting processed zip: 2023-02-19_BTCUSDT_ob500.data.zip
2026-03-21 13:48:10,762 - WARNING - ⚠️ HIGH TAIL INTENSITY: [RAW_DATA] bar_usd_volume has 355 points with Z-Score > 12.
2026-03-21 13:48:10,766 - WARNING - ⚠️ HIGH TAIL INTENSITY: [RAW_DATA] bar_btc_volume has 354 points with Z-Score > 12.
2026-03-21 13:48:10,766 - WARNING - ⚠️ HIGH TAIL INTENSITY: [DNN_INPUT] max_spread has 210 points with Z-Score > 12.
2026-03-21 13:48:10,766 - WARNING - ⚠️ HIGH TAIL INTENSITY: [DNN_INPUT] volatility has 717 points with Z-Score > 12.
2026-03-21 13:48:10,767 - WARNING - ⚠️ HIGH TAIL INTENSITY: [DNN_INPUT] micro_price_momentum has 100 points with Z-Score > 12.
2026-03-21 13:48:10,767 - WARNING - ⚠️ HIGH TAIL INTENSITY: [DNN_INPUT] bid_rdi has 445 points with Z-Score > 12.
2026-03-21 13:48:10,767 - WARNING - ⚠️ HIGH TAIL INTENSITY: [DNN_INPUT] ask_rdi has 81 points with Z-Score > 12.
2026-03-21 13:48:10,767 - WARNING - ⚠️ HIGH TAIL INTENSITY: [DNN_INPUT] pressure_ratio has 109 points with Z-Score > 12.
2026-03-21 13:48:10,767 - WARNING - ⚠️ HIGH TAIL INTENSITY: [DNN_INPUT] body has 478 points with Z-Score > 12.
2026-03-21 13:48:10,767 - WARNING - ⚠️ HIGH TAIL INTENSITY: [DNN_INPUT] upper_wick has 369 points with Z-Score > 12.
2026-03-21 13:48:10,768 - WARNING - ⚠️ HIGH TAIL INTENSITY: [DNN_INPUT] lower_wick has 357 points with Z-Score > 12.
2026-03-21 13:48:10,768 - WARNING - ⚠️ HIGH TAIL INTENSITY: [DNN_INPUT] log_ret_close has 527 points with Z-Score > 12.
2026-03-21 13:48:10,768 - WARNING - ⚠️ HIGH TAIL INTENSITY: [DNN_INPUT] bid_rdi_delta_5 has 193 points with Z-Score > 12.
2026-03-21 13:48:10,768 - WARNING - ⚠️ HIGH TAIL INTENSITY: [DNN_INPUT] ask_rdi_delta_5 has 73 points with Z-Score > 12.
2026-03-21 13:48:10,768 - WARNING - ⚠️ HIGH TAIL INTENSITY: [DNN_INPUT] micro_price_delta_5 has 129 points with Z-Score > 12.
2026-03-21 13:48:10,768 - WARNING - ⚠️ HIGH TAIL INTENSITY: [DNN_INPUT] bid_rdi_delta_30 has 310 points with Z-Score > 12.
2026-03-21 13:48:10,768 - WARNING - ⚠️ HIGH TAIL INTENSITY: [DNN_INPUT] ask_rdi_delta_30 has 98 points with Z-Score > 12.
2026-03-21 13:48:10,768 - WARNING - ⚠️ HIGH TAIL INTENSITY: [DNN_INPUT] spread_zscore_60 has 691 points with Z-Score > 12.
2026-03-21 13:48:10,768 - WARNING - ⚠️ HIGH TAIL INTENSITY: [DNN_INPUT] kyle_lambda has 460 points with Z-Score > 12.
2026-03-21 13:48:10,769 - WARNING - ⚠️ HIGH TAIL INTENSITY: [DNN_INPUT] bid_deep_ratio has 194 points with Z-Score > 12.
2026-03-21 13:48:10,769 - WARNING - ⚠️ HIGH TAIL INTENSITY: [DNN_INPUT] ask_deep_ratio has 387 points with Z-Score > 12.
2026-03-21 13:48:10,769 - WARNING - ⚠️ HIGH TAIL INTENSITY: [DNN_INPUT] bid_convexity has 1005 points with Z-Score > 12.
2026-03-21 13:48:10,769 - WARNING - ⚠️ HIGH TAIL INTENSITY: [DNN_INPUT] ask_convexity has 984 points with Z-Score > 12.
2026-03-21 13:48:11,025 - INFO - ✅ Protocol Island Split: 1/1 islands survived. Total rows: 409232
2026-03-21 13:48:11,026 - INFO - 🏆 Gold Validation complete for 2023-02-20_BTCUSDT_ob500.data. Status: VALID
2026-03-21 13:48:11,337 - INFO - Successfully saved 409232 rows to data/L2/pre_processed/2023-02-20_BTCUSDT_ob500.data.parquet
2026-03-21 13:48:11,337 - INFO - ✅ Saved event-driven dataset: 2023-02-20_BTCUSDT_ob500.data.parquet
2026-03-21 13:48:11,339 - INFO - 📊 [Memory] 2023-02-20_BTCUSDT_ob500.data: 0.0MB -> 16705.1MB
2026-03-21 13:48:15,089 - INFO - 📊 [Peak Load] 2023-02-22_BTCUSDT_ob500.data: Raw data in RAM | SYSTEM RAM: 143.24 GB (19.0%)
2026-03-21 13:48:15,110 - INFO - EventSampler iniciado. Modo: 'both' | Dollar=500000.0 | Tick=5000 | Info=100.0 | Time=300000ms
2026-03-21 13:48:15,731 - INFO - 📥 DOWNLOAD FILE: BTCUSDT2023-03-05.csv.gz
2026-03-21 13:48:16,668 - INFO - 🗑️ CLEANUP: Deleting processed zip: 2023-02-25_BTCUSDT_ob500.data.zip
2026-03-21 13:48:19,124 - INFO - 📊 [Peak Load] 2023-02-19_BTCUSDT_ob500.data: Raw data in RAM | SYSTEM RAM: 160.98 GB (21.3%)
2026-03-21 13:48:19,134 - INFO - EventSampler iniciado. Modo: 'both' | Dollar=500000.0 | Tick=5000 | Info=100.0 | Time=300000ms
2026-03-21 13:48:20,249 - INFO - CUSUM (both): 41584 eventos. Trigger IID será aplicado dentro de cada janela CUSUM.
2026-03-21 13:48:22,079 - INFO - CUSUM (both): 26638 eventos. Trigger IID será aplicado dentro de cada janela CUSUM.
2026-03-21 13:48:22,256 - INFO - Barras geradas: 576093 | Ilhas: 1
2026-03-21 13:48:22,520 - INFO - 🗑️ CLEANUP: Deleting processed zip: 2023-02-24_BTCUSDT_ob500.data.zip
2026-03-21 13:48:22,898 - INFO - Barras geradas: 355375 | Ilhas: 1
2026-03-21 13:48:23,736 - INFO - 💾 Memory Optimization: Dropping 801 raw book columns.
2026-03-21 13:48:23,803 - INFO - 📊 [Drop Success] 2023-02-16_BTCUSDT_ob500.data: Columns discarded | SYSTEM RAM: 164.87 GB (21.8%)
2026-03-21 13:48:23,807 - INFO - --- Validating 2023-02-16_BTCUSDT_ob500.data ---
2026-03-21 13:48:23,840 - INFO - ✅ ARCHITECTURE INTEGRITY: 30/30 features present. Audit Scope: 46 columns (30 Features + 15 Raw/Price).
2026-03-21 13:48:23,890 - INFO - 🗑️ CLEANUP: Deleting processed zip: 2023-02-26_BTCUSDT_ob500.data.zip
2026-03-21 13:48:23,911 - INFO - No NaNs found.
2026-03-21 13:48:23,966 - INFO - No Infinite values found.
2026-03-21 13:48:23,969 - INFO - Chronological order verified.
2026-03-21 13:48:24,004 - WARNING - ⚠️ STALE DATA ALERT: Possible feed lock detected in 2023-02-16_BTCUSDT_ob500.data
2026-03-21 13:48:24,040 - WARNING - ☢️ CRITICAL OUTLIER: [DNN_INPUT] body max (5.8775e-03) is > 15x P99. Clipping might have failed!
2026-03-21 13:48:24,043 - WARNING - ☢️ CRITICAL OUTLIER: [DNN_INPUT] pressure_ratio max (1.2616e+04) is > 15x P99. Clipping might have failed!
2026-03-21 13:48:24,059 - WARNING - ☢️ CRITICAL OUTLIER: [DNN_INPUT] upper_wick max (5.9966e-03) is > 15x P99. Clipping might have failed!
2026-03-21 13:48:24,080 - WARNING - ☢️ CRITICAL OUTLIER: [DNN_INPUT] kyle_lambda max (5.8850e+01) is > 15x P99. Clipping might have failed!
2026-03-21 13:48:24,092 - WARNING - ☢️ CRITICAL OUTLIER: [DNN_INPUT] lower_wick max (5.8850e-03) is > 15x P99. Clipping might have failed!
2026-03-21 13:48:24,784 - WARNING - ⚠️ HIGH TAIL INTENSITY: [RAW_DATA] bar_usd_volume has 473 points with Z-Score > 12.
2026-03-21 13:48:24,784 - WARNING - ⚠️ HIGH TAIL INTENSITY: [RAW_DATA] bar_btc_volume has 472 points with Z-Score > 12.
2026-03-21 13:48:24,785 - WARNING - ⚠️ HIGH TAIL INTENSITY: [DNN_INPUT] max_spread has 1378 points with Z-Score > 12.
2026-03-21 13:48:24,785 - WARNING - ⚠️ HIGH TAIL INTENSITY: [DNN_INPUT] volatility has 1021 points with Z-Score > 12.
2026-03-21 13:48:24,785 - WARNING - ⚠️ HIGH TAIL INTENSITY: [DNN_INPUT] micro_price_momentum has 902 points with Z-Score > 12.
2026-03-21 13:48:24,785 - WARNING - ⚠️ HIGH TAIL INTENSITY: [DNN_INPUT] bid_rdi has 721 points with Z-Score > 12.
2026-03-21 13:48:24,785 - WARNING - ⚠️ HIGH TAIL INTENSITY: [DNN_INPUT] ask_rdi has 478 points with Z-Score > 12.
2026-03-21 13:48:24,785 - WARNING - ⚠️ HIGH TAIL INTENSITY: [DNN_INPUT] pressure_ratio has 255 points with Z-Score > 12.
2026-03-21 13:48:24,786 - WARNING - ⚠️ HIGH TAIL INTENSITY: [DNN_INPUT] body has 485 points with Z-Score > 12.
2026-03-21 13:48:24,786 - WARNING - ⚠️ HIGH TAIL INTENSITY: [DNN_INPUT] upper_wick has 397 points with Z-Score > 12.
2026-03-21 13:48:24,786 - WARNING - ⚠️ HIGH TAIL INTENSITY: [DNN_INPUT] lower_wick has 478 points with Z-Score > 12.
2026-03-21 13:48:24,786 - WARNING - ⚠️ HIGH TAIL INTENSITY: [DNN_INPUT] log_ret_close has 561 points with Z-Score > 12.
2026-03-21 13:48:24,786 - WARNING - ⚠️ HIGH TAIL INTENSITY: [DNN_INPUT] bid_rdi_delta_5 has 559 points with Z-Score > 12.
2026-03-21 13:48:24,786 - WARNING - ⚠️ HIGH TAIL INTENSITY: [DNN_INPUT] ask_rdi_delta_5 has 345 points with Z-Score > 12.
2026-03-21 13:48:24,787 - WARNING - ⚠️ HIGH TAIL INTENSITY: [DNN_INPUT] micro_price_delta_5 has 445 points with Z-Score > 12.
2026-03-21 13:48:24,793 - WARNING - ⚠️ HIGH TAIL INTENSITY: [DNN_INPUT] bid_rdi_delta_30 has 609 points with Z-Score > 12.
2026-03-21 13:48:24,793 - WARNING - ⚠️ HIGH TAIL INTENSITY: [DNN_INPUT] ask_rdi_delta_30 has 524 points with Z-Score > 12.
2026-03-21 13:48:24,793 - WARNING - ⚠️ HIGH TAIL INTENSITY: [DNN_INPUT] micro_price_delta_30 has 148 points with Z-Score > 12.
2026-03-21 13:48:24,793 - WARNING - ⚠️ HIGH TAIL INTENSITY: [DNN_INPUT] spread_zscore_60 has 968 points with Z-Score > 12.
2026-03-21 13:48:24,794 - WARNING - ⚠️ HIGH TAIL INTENSITY: [DNN_INPUT] kyle_lambda has 559 points with Z-Score > 12.
2026-03-21 13:48:24,794 - WARNING - ⚠️ HIGH TAIL INTENSITY: [DNN_INPUT] ask_deep_ratio has 172 points with Z-Score > 12.
2026-03-21 13:48:24,794 - WARNING - ⚠️ HIGH TAIL INTENSITY: [DNN_INPUT] bid_convexity has 1423 points with Z-Score > 12.
2026-03-21 13:48:24,794 - WARNING - ⚠️ HIGH TAIL INTENSITY: [DNN_INPUT] ask_convexity has 1672 points with Z-Score > 12.
2026-03-21 13:48:25,740 - INFO - ✅ Protocol Island Split: 1/1 islands survived. Total rows: 618262
2026-03-21 13:48:25,744 - INFO - 🏆 Gold Validation complete for 2023-02-16_BTCUSDT_ob500.data. Status: VALID
2026-03-21 13:48:26,518 - INFO - Successfully saved 618262 rows to data/L2/pre_processed/2023-02-16_BTCUSDT_ob500.data.parquet
2026-03-21 13:48:26,519 - INFO - ✅ Saved event-driven dataset: 2023-02-16_BTCUSDT_ob500.data.parquet
2026-03-21 13:48:26,522 - INFO - 📊 [Memory] 2023-02-16_BTCUSDT_ob500.data: 0.0MB -> 16468.3MB
2026-03-21 13:48:30,194 - INFO - 📊 [Peak Load] 2023-02-25_BTCUSDT_ob500.data: Raw data in RAM | SYSTEM RAM: 154.57 GB (20.5%)
2026-03-21 13:48:30,202 - INFO - EventSampler iniciado. Modo: 'both' | Dollar=500000.0 | Tick=5000 | Info=100.0 | Time=300000ms
2026-03-21 13:48:30,921 - INFO - 📊 [Peak Load] 2023-02-21_BTCUSDT_ob500.data: Raw data in RAM | SYSTEM RAM: 148.65 GB (19.7%)
2026-03-21 13:48:30,972 - INFO - EventSampler iniciado. Modo: 'both' | Dollar=500000.0 | Tick=5000 | Info=100.0 | Time=300000ms
2026-03-21 13:48:32,687 - INFO - CUSUM (both): 16540 eventos. Trigger IID será aplicado dentro de cada janela CUSUM.
2026-03-21 13:48:33,275 - INFO - 📊 [Peak Load] 2023-02-24_BTCUSDT_ob500.data: Raw data in RAM | SYSTEM RAM: 163.08 GB (21.6%)
2026-03-21 13:48:33,288 - INFO - EventSampler iniciado. Modo: 'both' | Dollar=500000.0 | Tick=5000 | Info=100.0 | Time=300000ms
2026-03-21 13:48:33,551 - INFO - Barras geradas: 185924 | Ilhas: 1
2026-03-21 13:48:35,774 - INFO - 📥 DOWNLOAD FILE: BTCUSDT2023-03-06.csv.gz
2026-03-21 13:48:35,919 - INFO - 📊 [Peak Load] 2023-02-23_BTCUSDT_ob500.data: Raw data in RAM | SYSTEM RAM: 160.47 GB (21.2%)
2026-03-21 13:48:35,982 - INFO - EventSampler iniciado. Modo: 'both' | Dollar=500000.0 | Tick=5000 | Info=100.0 | Time=300000ms
2026-03-21 13:48:37,722 - INFO - CUSUM (both): 37323 eventos. Trigger IID será aplicado dentro de cada janela CUSUM.
2026-03-21 13:48:39,300 - INFO - CUSUM (both): 34715 eventos. Trigger IID será aplicado dentro de cada janela CUSUM.
2026-03-21 13:48:40,587 - INFO - Barras geradas: 517040 | Ilhas: 1
2026-03-21 13:48:41,076 - INFO - CUSUM (both): 39407 eventos. Trigger IID será aplicado dentro de cada janela CUSUM.
2026-03-21 13:48:41,271 - INFO - Barras geradas: 466385 | Ilhas: 1
2026-03-21 13:48:41,477 - INFO - 💾 Memory Optimization: Dropping 801 raw book columns.
2026-03-21 13:48:41,679 - INFO - 📊 [Drop Success] 2023-02-17_BTCUSDT_ob500.data: Columns discarded | SYSTEM RAM: 160.59 GB (21.3%)
2026-03-21 13:48:41,680 - INFO - --- Validating 2023-02-17_BTCUSDT_ob500.data ---
2026-03-21 13:48:41,753 - INFO - ✅ ARCHITECTURE INTEGRITY: 30/30 features present. Audit Scope: 46 columns (30 Features + 15 Raw/Price).
2026-03-21 13:48:41,780 - INFO - No NaNs found.
2026-03-21 13:48:41,803 - INFO - No Infinite values found.
2026-03-21 13:48:41,806 - INFO - Chronological order verified.
2026-03-21 13:48:41,824 - WARNING - ⚠️ STALE DATA ALERT: Possible feed lock detected in 2023-02-17_BTCUSDT_ob500.data
2026-03-21 13:48:41,849 - WARNING - ☢️ CRITICAL OUTLIER: [DNN_INPUT] pressure_ratio max (5.8728e+03) is > 15x P99. Clipping might have failed!
2026-03-21 13:48:41,861 - WARNING - ☢️ CRITICAL OUTLIER: [DNN_INPUT] upper_wick max (1.1096e-03) is > 15x P99. Clipping might have failed!
2026-03-21 13:48:41,884 - WARNING - ☢️ CRITICAL OUTLIER: [DNN_INPUT] lower_wick max (1.4334e-03) is > 15x P99. Clipping might have failed!
2026-03-21 13:48:42,326 - WARNING - ⚠️ HIGH TAIL INTENSITY: [RAW_DATA] bar_usd_volume has 460 points with Z-Score > 12.
2026-03-21 13:48:42,334 - WARNING - ⚠️ HIGH TAIL INTENSITY: [RAW_DATA] bar_btc_volume has 462 points with Z-Score > 12.
2026-03-21 13:48:42,335 - WARNING - ⚠️ HIGH TAIL INTENSITY: [DNN_INPUT] max_spread has 1167 points with Z-Score > 12.
2026-03-21 13:48:42,335 - WARNING - ⚠️ HIGH TAIL INTENSITY: [DNN_INPUT] volatility has 991 points with Z-Score > 12.
2026-03-21 13:48:42,335 - WARNING - ⚠️ HIGH TAIL INTENSITY: [DNN_INPUT] micro_price_momentum has 512 points with Z-Score > 12.
2026-03-21 13:48:42,335 - WARNING - ⚠️ HIGH TAIL INTENSITY: [DNN_INPUT] bid_rdi has 1039 points with Z-Score > 12.
2026-03-21 13:48:42,336 - WARNING - ⚠️ HIGH TAIL INTENSITY: [DNN_INPUT] ask_rdi has 440 points with Z-Score > 12.
2026-03-21 13:48:42,336 - WARNING - ⚠️ HIGH TAIL INTENSITY: [DNN_INPUT] pressure_ratio has 240 points with Z-Score > 12.
2026-03-21 13:48:42,336 - WARNING - ⚠️ HIGH TAIL INTENSITY: [DNN_INPUT] body has 738 points with Z-Score > 12.
2026-03-21 13:48:42,336 - WARNING - ⚠️ HIGH TAIL INTENSITY: [DNN_INPUT] upper_wick has 592 points with Z-Score > 12.
2026-03-21 13:48:42,336 - WARNING - ⚠️ HIGH TAIL INTENSITY: [DNN_INPUT] lower_wick has 581 points with Z-Score > 12.
2026-03-21 13:48:42,336 - WARNING - ⚠️ HIGH TAIL INTENSITY: [DNN_INPUT] log_ret_close has 666 points with Z-Score > 12.
2026-03-21 13:48:42,337 - WARNING - ⚠️ HIGH TAIL INTENSITY: [DNN_INPUT] bid_rdi_delta_5 has 556 points with Z-Score > 12.
2026-03-21 13:48:42,337 - WARNING - ⚠️ HIGH TAIL INTENSITY: [DNN_INPUT] ask_rdi_delta_5 has 325 points with Z-Score > 12.
2026-03-21 13:48:42,337 - WARNING - ⚠️ HIGH TAIL INTENSITY: [DNN_INPUT] micro_price_delta_5 has 20 points with Z-Score > 12.
2026-03-21 13:48:42,337 - WARNING - ⚠️ HIGH TAIL INTENSITY: [DNN_INPUT] bid_rdi_delta_30 has 820 points with Z-Score > 12.
2026-03-21 13:48:42,337 - WARNING - ⚠️ HIGH TAIL INTENSITY: [DNN_INPUT] ask_rdi_delta_30 has 610 points with Z-Score > 12.
2026-03-21 13:48:42,337 - WARNING - ⚠️ HIGH TAIL INTENSITY: [DNN_INPUT] spread_zscore_60 has 893 points with Z-Score > 12.
2026-03-21 13:48:42,337 - WARNING - ⚠️ HIGH TAIL INTENSITY: [DNN_INPUT] kyle_lambda has 410 points with Z-Score > 12.
2026-03-21 13:48:42,337 - WARNING - ⚠️ HIGH TAIL INTENSITY: [DNN_INPUT] bid_deep_ratio has 32 points with Z-Score > 12.
2026-03-21 13:48:42,337 - WARNING - ⚠️ HIGH TAIL INTENSITY: [DNN_INPUT] ask_deep_ratio has 86 points with Z-Score > 12.
2026-03-21 13:48:42,337 - WARNING - ⚠️ HIGH TAIL INTENSITY: [DNN_INPUT] bid_convexity has 1462 points with Z-Score > 12.
2026-03-21 13:48:42,337 - WARNING - ⚠️ HIGH TAIL INTENSITY: [DNN_INPUT] ask_convexity has 1081 points with Z-Score > 12.
2026-03-21 13:48:42,938 - INFO - ✅ Protocol Island Split: 1/1 islands survived. Total rows: 586480
2026-03-21 13:48:42,942 - INFO - 🏆 Gold Validation complete for 2023-02-17_BTCUSDT_ob500.data. Status: VALID
2026-03-21 13:48:43,236 - INFO - Barras geradas: 439713 | Ilhas: 1
2026-03-21 13:48:43,707 - INFO - Successfully saved 586480 rows to data/L2/pre_processed/2023-02-17_BTCUSDT_ob500.data.parquet
2026-03-21 13:48:43,715 - INFO - ✅ Saved event-driven dataset: 2023-02-17_BTCUSDT_ob500.data.parquet
2026-03-21 13:48:43,721 - INFO - 📊 [Memory] 2023-02-17_BTCUSDT_ob500.data: 0.0MB -> 15813.9MB
2026-03-21 13:48:44,024 - INFO - 📥 DOWNLOAD: 2023-03-06_BTCUSDT_ob500.data.zip
2026-03-21 13:48:46,898 - INFO - 💾 Memory Optimization: Dropping 801 raw book columns.
2026-03-21 13:48:46,986 - INFO - 📊 [Drop Success] 2023-02-25_BTCUSDT_ob500.data: Columns discarded | SYSTEM RAM: 134.53 GB (17.8%)
2026-03-21 13:48:46,990 - INFO - --- Validating 2023-02-25_BTCUSDT_ob500.data ---
2026-03-21 13:48:47,024 - INFO - ✅ ARCHITECTURE INTEGRITY: 30/30 features present. Audit Scope: 46 columns (30 Features + 15 Raw/Price).
2026-03-21 13:48:47,090 - INFO - No NaNs found.
2026-03-21 13:48:47,137 - INFO - No Infinite values found.
2026-03-21 13:48:47,141 - INFO - Chronological order verified.
2026-03-21 13:48:47,158 - WARNING - ⚠️ STALE DATA ALERT: Possible feed lock detected in 2023-02-25_BTCUSDT_ob500.data
2026-03-21 13:48:47,248 - WARNING - ☢️ CRITICAL OUTLIER: [DNN_INPUT] body max (1.5307e-03) is > 15x P99. Clipping might have failed!
2026-03-21 13:48:47,278 - WARNING - ☢️ CRITICAL OUTLIER: [DNN_INPUT] pressure_ratio max (1.0953e+04) is > 15x P99. Clipping might have failed!
2026-03-21 13:48:47,317 - WARNING - ☢️ CRITICAL OUTLIER: [DNN_INPUT] upper_wick max (1.5911e-03) is > 15x P99. Clipping might have failed!
2026-03-21 13:48:47,347 - WARNING - ☢️ CRITICAL OUTLIER: [DNN_INPUT] kyle_lambda max (1.3988e+01) is > 15x P99. Clipping might have failed!
2026-03-21 13:48:47,361 - WARNING - ☢️ CRITICAL OUTLIER: [DNN_INPUT] lower_wick max (1.2618e-03) is > 15x P99. Clipping might have failed!
2026-03-21 13:48:47,521 - INFO - 💾 Memory Optimization: Dropping 801 raw book columns.
2026-03-21 13:48:48,059 - WARNING - ⚠️ HIGH TAIL INTENSITY: [RAW_DATA] bar_usd_volume has 201 points with Z-Score > 12.
2026-03-21 13:48:48,059 - WARNING - ⚠️ HIGH TAIL INTENSITY: [RAW_DATA] bar_btc_volume has 200 points with Z-Score > 12.
2026-03-21 13:48:48,060 - WARNING - ⚠️ HIGH TAIL INTENSITY: [DNN_INPUT] max_spread has 258 points with Z-Score > 12.
2026-03-21 13:48:48,060 - WARNING - ⚠️ HIGH TAIL INTENSITY: [DNN_INPUT] volatility has 277 points with Z-Score > 12.
2026-03-21 13:48:48,060 - WARNING - ⚠️ HIGH TAIL INTENSITY: [DNN_INPUT] micro_price_momentum has 359 points with Z-Score > 12.
2026-03-21 13:48:48,061 - WARNING - ⚠️ HIGH TAIL INTENSITY: [DNN_INPUT] bid_rdi has 98 points with Z-Score > 12.
2026-03-21 13:48:48,061 - WARNING - ⚠️ HIGH TAIL INTENSITY: [DNN_INPUT] ask_rdi has 102 points with Z-Score > 12.
2026-03-21 13:48:48,061 - WARNING - ⚠️ HIGH TAIL INTENSITY: [DNN_INPUT] pressure_ratio has 31 points with Z-Score > 12.
2026-03-21 13:48:48,061 - WARNING - ⚠️ HIGH TAIL INTENSITY: [DNN_INPUT] body has 169 points with Z-Score > 12.
2026-03-21 13:48:48,061 - WARNING - ⚠️ HIGH TAIL INTENSITY: [DNN_INPUT] upper_wick has 137 points with Z-Score > 12.
2026-03-21 13:48:48,061 - WARNING - ⚠️ HIGH TAIL INTENSITY: [DNN_INPUT] lower_wick has 123 points with Z-Score > 12.
2026-03-21 13:48:48,061 - WARNING - ⚠️ HIGH TAIL INTENSITY: [DNN_INPUT] log_ret_close has 161 points with Z-Score > 12.
2026-03-21 13:48:48,062 - WARNING - ⚠️ HIGH TAIL INTENSITY: [DNN_INPUT] bid_rdi_delta_5 has 45 points with Z-Score > 12.
2026-03-21 13:48:48,062 - WARNING - ⚠️ HIGH TAIL INTENSITY: [DNN_INPUT] ask_rdi_delta_5 has 67 points with Z-Score > 12.
2026-03-21 13:48:48,062 - WARNING - ⚠️ HIGH TAIL INTENSITY: [DNN_INPUT] micro_price_delta_5 has 70 points with Z-Score > 12.
2026-03-21 13:48:48,062 - WARNING - ⚠️ HIGH TAIL INTENSITY: [DNN_INPUT] bid_rdi_delta_30 has 155 points with Z-Score > 12.
2026-03-21 13:48:48,062 - WARNING - ⚠️ HIGH TAIL INTENSITY: [DNN_INPUT] ask_rdi_delta_30 has 138 points with Z-Score > 12.
2026-03-21 13:48:48,063 - WARNING - ⚠️ HIGH TAIL INTENSITY: [DNN_INPUT] micro_price_delta_30 has 7 points with Z-Score > 12.
2026-03-21 13:48:48,063 - WARNING - ⚠️ HIGH TAIL INTENSITY: [DNN_INPUT] spread_zscore_60 has 278 points with Z-Score > 12.
2026-03-21 13:48:48,063 - WARNING - ⚠️ HIGH TAIL INTENSITY: [DNN_INPUT] kyle_lambda has 126 points with Z-Score > 12.
2026-03-21 13:48:48,063 - WARNING - ⚠️ HIGH TAIL INTENSITY: [DNN_INPUT] bid_deep_ratio has 49 points with Z-Score > 12.
2026-03-21 13:48:48,063 - WARNING - ⚠️ HIGH TAIL INTENSITY: [DNN_INPUT] ask_deep_ratio has 20 points with Z-Score > 12.
2026-03-21 13:48:48,063 - WARNING - ⚠️ HIGH TAIL INTENSITY: [DNN_INPUT] bid_convexity has 718 points with Z-Score > 12.
2026-03-21 13:48:48,063 - WARNING - ⚠️ HIGH TAIL INTENSITY: [DNN_INPUT] ask_convexity has 493 points with Z-Score > 12.
2026-03-21 13:48:48,430 - INFO - ✅ Protocol Island Split: 1/1 islands survived. Total rows: 185924
2026-03-21 13:48:48,434 - INFO - 🏆 Gold Validation complete for 2023-02-25_BTCUSDT_ob500.data. Status: VALID
2026-03-21 13:48:48,757 - INFO - Successfully saved 185924 rows to data/L2/pre_processed/2023-02-25_BTCUSDT_ob500.data.parquet
2026-03-21 13:48:48,761 - INFO - ✅ Saved event-driven dataset: 2023-02-25_BTCUSDT_ob500.data.parquet
2026-03-21 13:48:48,763 - INFO - 📊 [Memory] 2023-02-25_BTCUSDT_ob500.data: 0.0MB -> 13652.8MB
2026-03-21 13:48:48,944 - INFO - 📊 [Drop Success] 2023-02-19_BTCUSDT_ob500.data: Columns discarded | SYSTEM RAM: 132.17 GB (17.5%)
2026-03-21 13:48:48,948 - INFO - --- Validating 2023-02-19_BTCUSDT_ob500.data ---
2026-03-21 13:48:49,013 - INFO - ✅ ARCHITECTURE INTEGRITY: 30/30 features present. Audit Scope: 46 columns (30 Features + 15 Raw/Price).
2026-03-21 13:48:49,098 - INFO - No NaNs found.
2026-03-21 13:48:49,147 - INFO - 📊 [Peak Load] 2023-02-26_BTCUSDT_ob500.data: Raw data in RAM | SYSTEM RAM: 132.20 GB (17.5%)
2026-03-21 13:48:49,167 - INFO - No Infinite values found.
2026-03-21 13:48:49,166 - INFO - EventSampler iniciado. Modo: 'both' | Dollar=500000.0 | Tick=5000 | Info=100.0 | Time=300000ms
2026-03-21 13:48:49,176 - INFO - Chronological order verified.
2026-03-21 13:48:49,252 - WARNING - ⚠️ STALE DATA ALERT: Possible feed lock detected in 2023-02-19_BTCUSDT_ob500.data
2026-03-21 13:48:49,285 - WARNING - ☢️ CRITICAL OUTLIER: [DNN_INPUT] max_spread max (1.3000e+01) is > 15x P99. Clipping might have failed!
2026-03-21 13:48:49,352 - WARNING - ☢️ CRITICAL OUTLIER: [DNN_INPUT] pressure_ratio max (9.5364e+03) is > 15x P99. Clipping might have failed!
2026-03-21 13:48:49,363 - WARNING - ☢️ CRITICAL OUTLIER: [DNN_INPUT] upper_wick max (1.4783e-03) is > 15x P99. Clipping might have failed!
2026-03-21 13:48:49,397 - WARNING - ☢️ CRITICAL OUTLIER: [DNN_INPUT] lower_wick max (9.4689e-04) is > 15x P99. Clipping might have failed!
2026-03-21 13:48:50,087 - WARNING - ⚠️ HIGH TAIL INTENSITY: [RAW_DATA] bar_usd_volume has 298 points with Z-Score > 12.
2026-03-21 13:48:50,088 - WARNING - ⚠️ HIGH TAIL INTENSITY: [RAW_DATA] bar_btc_volume has 297 points with Z-Score > 12.
2026-03-21 13:48:50,088 - WARNING - ⚠️ HIGH TAIL INTENSITY: [DNN_INPUT] max_spread has 836 points with Z-Score > 12.
2026-03-21 13:48:50,088 - WARNING - ⚠️ HIGH TAIL INTENSITY: [DNN_INPUT] volatility has 533 points with Z-Score > 12.
2026-03-21 13:48:50,088 - WARNING - ⚠️ HIGH TAIL INTENSITY: [DNN_INPUT] micro_price_momentum has 370 points with Z-Score > 12.
2026-03-21 13:48:50,089 - WARNING - ⚠️ HIGH TAIL INTENSITY: [DNN_INPUT] bid_rdi has 306 points with Z-Score > 12.
2026-03-21 13:48:50,089 - WARNING - ⚠️ HIGH TAIL INTENSITY: [DNN_INPUT] ask_rdi has 1086 points with Z-Score > 12.
2026-03-21 13:48:50,089 - WARNING - ⚠️ HIGH TAIL INTENSITY: [DNN_INPUT] pressure_ratio has 98 points with Z-Score > 12.
2026-03-21 13:48:50,089 - WARNING - ⚠️ HIGH TAIL INTENSITY: [DNN_INPUT] body has 489 points with Z-Score > 12.
2026-03-21 13:48:50,089 - WARNING - ⚠️ HIGH TAIL INTENSITY: [DNN_INPUT] upper_wick has 311 points with Z-Score > 12.
2026-03-21 13:48:50,093 - WARNING - ⚠️ HIGH TAIL INTENSITY: [DNN_INPUT] lower_wick has 302 points with Z-Score > 12.
2026-03-21 13:48:50,093 - WARNING - ⚠️ HIGH TAIL INTENSITY: [DNN_INPUT] log_ret_close has 388 points with Z-Score > 12.
2026-03-21 13:48:50,093 - WARNING - ⚠️ HIGH TAIL INTENSITY: [DNN_INPUT] bid_rdi_delta_5 has 179 points with Z-Score > 12.
2026-03-21 13:48:50,093 - WARNING - ⚠️ HIGH TAIL INTENSITY: [DNN_INPUT] ask_rdi_delta_5 has 267 points with Z-Score > 12.
2026-03-21 13:48:50,094 - WARNING - ⚠️ HIGH TAIL INTENSITY: [DNN_INPUT] micro_price_delta_5 has 58 points with Z-Score > 12.
2026-03-21 13:48:50,094 - WARNING - ⚠️ HIGH TAIL INTENSITY: [DNN_INPUT] bid_rdi_delta_30 has 301 points with Z-Score > 12.
2026-03-21 13:48:50,094 - WARNING - ⚠️ HIGH TAIL INTENSITY: [DNN_INPUT] ask_rdi_delta_30 has 472 points with Z-Score > 12.
2026-03-21 13:48:50,094 - WARNING - ⚠️ HIGH TAIL INTENSITY: [DNN_INPUT] spread_zscore_60 has 616 points with Z-Score > 12.
2026-03-21 13:48:50,094 - WARNING - ⚠️ HIGH TAIL INTENSITY: [DNN_INPUT] kyle_lambda has 239 points with Z-Score > 12.
2026-03-21 13:48:50,095 - WARNING - ⚠️ HIGH TAIL INTENSITY: [DNN_INPUT] bid_deep_ratio has 1 points with Z-Score > 12.
2026-03-21 13:48:50,095 - WARNING - ⚠️ HIGH TAIL INTENSITY: [DNN_INPUT] ask_convexity has 967 points with Z-Score > 12.
2026-03-21 13:48:50,811 - INFO - CUSUM (both): 19234 eventos. Trigger IID será aplicado dentro de cada janela CUSUM.
2026-03-21 13:48:51,521 - INFO - ✅ Protocol Island Split: 1/1 islands survived. Total rows: 355375
2026-03-21 13:48:51,529 - INFO - 🏆 Gold Validation complete for 2023-02-19_BTCUSDT_ob500.data. Status: VALID
2026-03-21 13:48:51,937 - INFO - 📥 DOWNLOAD: 2023-03-04_BTCUSDT_ob500.data.zip
2026-03-21 13:48:52,158 - INFO - Barras geradas: 234124 | Ilhas: 1
2026-03-21 13:48:52,321 - INFO - Successfully saved 355375 rows to data/L2/pre_processed/2023-02-19_BTCUSDT_ob500.data.parquet
2026-03-21 13:48:52,325 - INFO - ✅ Saved event-driven dataset: 2023-02-19_BTCUSDT_ob500.data.parquet
2026-03-21 13:48:52,328 - INFO - 📊 [Memory] 2023-02-19_BTCUSDT_ob500.data: 0.0MB -> 18258.0MB
2026-03-21 13:48:56,683 - INFO - 📥 DOWNLOAD FILE: BTCUSDT2023-03-07.csv.gz
2026-03-21 13:48:57,618 - INFO - 📥 DOWNLOAD: 2023-03-05_BTCUSDT_ob500.data.zip
2026-03-21 13:49:00,974 - INFO - 📥 DOWNLOAD FILE: BTCUSDT2023-03-08.csv.gz
2026-03-21 13:49:02,490 - INFO - 📂 STREAMING: 2023-03-06_BTCUSDT_ob500.data
2026-03-21 13:49:06,145 - INFO - 📂 STREAMING: 2023-03-04_BTCUSDT_ob500.data
2026-03-21 13:49:08,886 - INFO - 📥 DOWNLOAD: 2023-03-07_BTCUSDT_ob500.data.zip
2026-03-21 13:49:13,756 - INFO - 📂 STREAMING: 2023-03-05_BTCUSDT_ob500.data
2026-03-21 13:49:14,535 - INFO - 📥 DOWNLOAD: 2023-03-08_BTCUSDT_ob500.data.zip
2026-03-21 13:49:15,053 - INFO - 📥 DOWNLOAD FILE: BTCUSDT2023-03-09.csv.gz
2026-03-21 13:49:16,046 - INFO - 📂 STREAMING: 2023-03-07_BTCUSDT_ob500.data
2026-03-21 13:49:18,505 - INFO - 💾 Memory Optimization: Dropping 801 raw book columns.
2026-03-21 13:49:19,235 - INFO - 📊 [Drop Success] 2023-02-22_BTCUSDT_ob500.data: Columns discarded | SYSTEM RAM: 119.45 GB (15.8%)
2026-03-21 13:49:19,246 - INFO - --- Validating 2023-02-22_BTCUSDT_ob500.data ---
2026-03-21 13:49:19,299 - INFO - ✅ ARCHITECTURE INTEGRITY: 30/30 features present. Audit Scope: 46 columns (30 Features + 15 Raw/Price).
2026-03-21 13:49:19,377 - INFO - No NaNs found.
2026-03-21 13:49:19,452 - INFO - No Infinite values found.
2026-03-21 13:49:19,461 - INFO - Chronological order verified.
2026-03-21 13:49:19,516 - WARNING - ⚠️ STALE DATA ALERT: Possible feed lock detected in 2023-02-22_BTCUSDT_ob500.data
2026-03-21 13:49:19,584 - WARNING - ☢️ CRITICAL OUTLIER: [DNN_INPUT] body max (1.4868e-03) is > 15x P99. Clipping might have failed!
2026-03-21 13:49:19,606 - WARNING - ☢️ CRITICAL OUTLIER: [DNN_INPUT] pressure_ratio max (9.8990e+03) is > 15x P99. Clipping might have failed!
2026-03-21 13:49:19,626 - WARNING - ☢️ CRITICAL OUTLIER: [DNN_INPUT] upper_wick max (1.2224e-03) is > 15x P99. Clipping might have failed!
2026-03-21 13:49:19,670 - WARNING - ☢️ CRITICAL OUTLIER: [DNN_INPUT] lower_wick max (1.0049e-03) is > 15x P99. Clipping might have failed!
2026-03-21 13:49:19,711 - INFO - 💾 Memory Optimization: Dropping 801 raw book columns.
2026-03-21 13:49:19,767 - INFO - 📊 [Drop Success] 2023-02-24_BTCUSDT_ob500.data: Columns discarded | SYSTEM RAM: 120.21 GB (15.9%)
2026-03-21 13:49:19,772 - INFO - --- Validating 2023-02-24_BTCUSDT_ob500.data ---
2026-03-21 13:49:19,807 - INFO - ✅ ARCHITECTURE INTEGRITY: 30/30 features present. Audit Scope: 46 columns (30 Features + 15 Raw/Price).
2026-03-21 13:49:19,848 - INFO - No NaNs found.
2026-03-21 13:49:19,887 - INFO - No Infinite values found.
2026-03-21 13:49:19,889 - INFO - Chronological order verified.
2026-03-21 13:49:19,915 - WARNING - ⚠️ STALE DATA ALERT: Possible feed lock detected in 2023-02-24_BTCUSDT_ob500.data
2026-03-21 13:49:19,933 - WARNING - ☢️ CRITICAL OUTLIER: [DNN_INPUT] body max (1.7528e-03) is > 15x P99. Clipping might have failed!
2026-03-21 13:49:19,937 - WARNING - ☢️ CRITICAL OUTLIER: [DNN_INPUT] pressure_ratio max (2.1613e+03) is > 15x P99. Clipping might have failed!
2026-03-21 13:49:19,947 - WARNING - ☢️ CRITICAL OUTLIER: [DNN_INPUT] upper_wick max (1.4825e-03) is > 15x P99. Clipping might have failed!
2026-03-21 13:49:19,999 - WARNING - ☢️ CRITICAL OUTLIER: [DNN_INPUT] lower_wick max (1.6989e-03) is > 15x P99. Clipping might have failed!
2026-03-21 13:49:20,078 - INFO - 💾 Memory Optimization: Dropping 801 raw book columns.
2026-03-21 13:49:20,114 - INFO - 📊 [Drop Success] 2023-02-26_BTCUSDT_ob500.data: Columns discarded | SYSTEM RAM: 120.77 GB (16.0%)
2026-03-21 13:49:20,114 - INFO - --- Validating 2023-02-26_BTCUSDT_ob500.data ---
2026-03-21 13:49:20,130 - INFO - ✅ ARCHITECTURE INTEGRITY: 30/30 features present. Audit Scope: 46 columns (30 Features + 15 Raw/Price).
2026-03-21 13:49:20,138 - INFO - No NaNs found.
2026-03-21 13:49:20,145 - INFO - No Infinite values found.
2026-03-21 13:49:20,146 - INFO - Chronological order verified.
2026-03-21 13:49:20,153 - WARNING - ⚠️ HIGH TAIL INTENSITY: [RAW_DATA] bar_usd_volume has 558 points with Z-Score > 12.
2026-03-21 13:49:20,154 - WARNING - ⚠️ HIGH TAIL INTENSITY: [RAW_DATA] bar_btc_volume has 560 points with Z-Score > 12.
2026-03-21 13:49:20,154 - WARNING - ⚠️ HIGH TAIL INTENSITY: [DNN_INPUT] max_spread has 1242 points with Z-Score > 12.
2026-03-21 13:49:20,154 - WARNING - ⚠️ STALE DATA ALERT: Possible feed lock detected in 2023-02-26_BTCUSDT_ob500.data
2026-03-21 13:49:20,154 - WARNING - ⚠️ HIGH TAIL INTENSITY: [DNN_INPUT] volatility has 981 points with Z-Score > 12.
2026-03-21 13:49:20,154 - WARNING - ⚠️ HIGH TAIL INTENSITY: [DNN_INPUT] micro_price_momentum has 933 points with Z-Score > 12.
2026-03-21 13:49:20,154 - WARNING - ⚠️ HIGH TAIL INTENSITY: [DNN_INPUT] bid_rdi has 166 points with Z-Score > 12.
2026-03-21 13:49:20,154 - WARNING - ⚠️ HIGH TAIL INTENSITY: [DNN_INPUT] ask_rdi has 204 points with Z-Score > 12.
2026-03-21 13:49:20,155 - WARNING - ⚠️ HIGH TAIL INTENSITY: [DNN_INPUT] pressure_ratio has 101 points with Z-Score > 12.
2026-03-21 13:49:20,155 - WARNING - ⚠️ HIGH TAIL INTENSITY: [DNN_INPUT] body has 636 points with Z-Score > 12.
2026-03-21 13:49:20,155 - WARNING - ⚠️ HIGH TAIL INTENSITY: [DNN_INPUT] upper_wick has 383 points with Z-Score > 12.
2026-03-21 13:49:20,155 - WARNING - ⚠️ HIGH TAIL INTENSITY: [DNN_INPUT] lower_wick has 349 points with Z-Score > 12.
2026-03-21 13:49:20,155 - WARNING - ⚠️ HIGH TAIL INTENSITY: [DNN_INPUT] log_ret_close has 617 points with Z-Score > 12.
2026-03-21 13:49:20,155 - WARNING - ⚠️ HIGH TAIL INTENSITY: [DNN_INPUT] ofi_delta_5 has 5 points with Z-Score > 12.
2026-03-21 13:49:20,155 - WARNING - ⚠️ HIGH TAIL INTENSITY: [DNN_INPUT] bid_rdi_delta_5 has 182 points with Z-Score > 12.
2026-03-21 13:49:20,155 - WARNING - ⚠️ HIGH TAIL INTENSITY: [DNN_INPUT] ask_rdi_delta_5 has 234 points with Z-Score > 12.
2026-03-21 13:49:20,155 - WARNING - ⚠️ HIGH TAIL INTENSITY: [DNN_INPUT] micro_price_delta_5 has 200 points with Z-Score > 12.
2026-03-21 13:49:20,155 - WARNING - ⚠️ HIGH TAIL INTENSITY: [DNN_INPUT] ofi_delta_30 has 10 points with Z-Score > 12.
2026-03-21 13:49:20,155 - WARNING - ⚠️ HIGH TAIL INTENSITY: [DNN_INPUT] bid_rdi_delta_30 has 258 points with Z-Score > 12.
2026-03-21 13:49:20,156 - WARNING - ⚠️ HIGH TAIL INTENSITY: [DNN_INPUT] ask_rdi_delta_30 has 350 points with Z-Score > 12.
2026-03-21 13:49:20,156 - WARNING - ⚠️ HIGH TAIL INTENSITY: [DNN_INPUT] spread_zscore_60 has 990 points with Z-Score > 12.
2026-03-21 13:49:20,156 - WARNING - ⚠️ HIGH TAIL INTENSITY: [DNN_INPUT] kyle_lambda has 413 points with Z-Score > 12.
2026-03-21 13:49:20,156 - WARNING - ⚠️ HIGH TAIL INTENSITY: [DNN_INPUT] bid_deep_ratio has 1258 points with Z-Score > 12.
2026-03-21 13:49:20,156 - WARNING - ⚠️ HIGH TAIL INTENSITY: [DNN_INPUT] ask_deep_ratio has 1667 points with Z-Score > 12.
2026-03-21 13:49:20,156 - WARNING - ⚠️ HIGH TAIL INTENSITY: [DNN_INPUT] bid_convexity has 1442 points with Z-Score > 12.
2026-03-21 13:49:20,156 - WARNING - ⚠️ HIGH TAIL INTENSITY: [DNN_INPUT] ask_convexity has 765 points with Z-Score > 12.
2026-03-21 13:49:20,161 - WARNING - ☢️ CRITICAL OUTLIER: [DNN_INPUT] body max (1.6324e-03) is > 15x P99. Clipping might have failed!
2026-03-21 13:49:20,163 - WARNING - ☢️ CRITICAL OUTLIER: [DNN_INPUT] pressure_ratio max (1.3462e+03) is > 15x P99. Clipping might have failed!
2026-03-21 13:49:20,165 - WARNING - ☢️ CRITICAL OUTLIER: [DNN_INPUT] upper_wick max (1.0237e-03) is > 15x P99. Clipping might have failed!
2026-03-21 13:49:20,168 - WARNING - ☢️ CRITICAL OUTLIER: [DNN_INPUT] kyle_lambda max (1.5699e+01) is > 15x P99. Clipping might have failed!
2026-03-21 13:49:20,170 - WARNING - ☢️ CRITICAL OUTLIER: [DNN_INPUT] lower_wick max (1.0745e-03) is > 15x P99. Clipping might have failed!
2026-03-21 13:49:20,225 - WARNING - ⚠️ HIGH TAIL INTENSITY: [RAW_DATA] bar_usd_volume has 428 points with Z-Score > 12.
2026-03-21 13:49:20,226 - WARNING - ⚠️ HIGH TAIL INTENSITY: [RAW_DATA] bar_btc_volume has 427 points with Z-Score > 12.
2026-03-21 13:49:20,226 - WARNING - ⚠️ HIGH TAIL INTENSITY: [DNN_INPUT] max_spread has 1181 points with Z-Score > 12.
2026-03-21 13:49:20,226 - WARNING - ⚠️ HIGH TAIL INTENSITY: [DNN_INPUT] volatility has 761 points with Z-Score > 12.
2026-03-21 13:49:20,226 - WARNING - ⚠️ HIGH TAIL INTENSITY: [DNN_INPUT] micro_price_momentum has 377 points with Z-Score > 12.
2026-03-21 13:49:20,226 - WARNING - ⚠️ HIGH TAIL INTENSITY: [DNN_INPUT] bid_rdi has 937 points with Z-Score > 12.
2026-03-21 13:49:20,227 - WARNING - ⚠️ HIGH TAIL INTENSITY: [DNN_INPUT] ask_rdi has 32 points with Z-Score > 12.
2026-03-21 13:49:20,227 - WARNING - ⚠️ HIGH TAIL INTENSITY: [DNN_INPUT] pressure_ratio has 164 points with Z-Score > 12.
2026-03-21 13:49:20,227 - WARNING - ⚠️ HIGH TAIL INTENSITY: [DNN_INPUT] body has 514 points with Z-Score > 12.
2026-03-21 13:49:20,227 - WARNING - ⚠️ HIGH TAIL INTENSITY: [DNN_INPUT] upper_wick has 385 points with Z-Score > 12.
2026-03-21 13:49:20,227 - WARNING - ⚠️ HIGH TAIL INTENSITY: [DNN_INPUT] lower_wick has 288 points with Z-Score > 12.
2026-03-21 13:49:20,227 - WARNING - ⚠️ HIGH TAIL INTENSITY: [DNN_INPUT] log_ret_close has 560 points with Z-Score > 12.
2026-03-21 13:49:20,227 - WARNING - ⚠️ HIGH TAIL INTENSITY: [DNN_INPUT] ofi_delta_5 has 10 points with Z-Score > 12.
2026-03-21 13:49:20,227 - WARNING - ⚠️ HIGH TAIL INTENSITY: [DNN_INPUT] bid_rdi_delta_5 has 375 points with Z-Score > 12.
2026-03-21 13:49:20,227 - WARNING - ⚠️ HIGH TAIL INTENSITY: [DNN_INPUT] ask_rdi_delta_5 has 20 points with Z-Score > 12.
2026-03-21 13:49:20,228 - WARNING - ⚠️ HIGH TAIL INTENSITY: [DNN_INPUT] micro_price_delta_5 has 218 points with Z-Score > 12.
2026-03-21 13:49:20,228 - WARNING - ⚠️ HIGH TAIL INTENSITY: [DNN_INPUT] ofi_delta_30 has 11 points with Z-Score > 12.
2026-03-21 13:49:20,228 - WARNING - ⚠️ HIGH TAIL INTENSITY: [DNN_INPUT] bid_rdi_delta_30 has 650 points with Z-Score > 12.
2026-03-21 13:49:20,228 - WARNING - ⚠️ HIGH TAIL INTENSITY: [DNN_INPUT] ask_rdi_delta_30 has 60 points with Z-Score > 12.
2026-03-21 13:49:20,228 - WARNING - ⚠️ HIGH TAIL INTENSITY: [DNN_INPUT] spread_zscore_60 has 678 points with Z-Score > 12.
2026-03-21 13:49:20,228 - WARNING - ⚠️ HIGH TAIL INTENSITY: [DNN_INPUT] kyle_lambda has 448 points with Z-Score > 12.
2026-03-21 13:49:20,228 - WARNING - ⚠️ HIGH TAIL INTENSITY: [DNN_INPUT] bid_deep_ratio has 93 points with Z-Score > 12.
2026-03-21 13:49:20,228 - WARNING - ⚠️ HIGH TAIL INTENSITY: [DNN_INPUT] ask_deep_ratio has 1641 points with Z-Score > 12.
2026-03-21 13:49:20,228 - WARNING - ⚠️ HIGH TAIL INTENSITY: [DNN_INPUT] bid_convexity has 1385 points with Z-Score > 12.
2026-03-21 13:49:20,228 - WARNING - ⚠️ HIGH TAIL INTENSITY: [DNN_INPUT] ask_convexity has 818 points with Z-Score > 12.
2026-03-21 13:49:20,278 - WARNING - ⚠️ HIGH TAIL INTENSITY: [RAW_DATA] bar_usd_volume has 187 points with Z-Score > 12.
2026-03-21 13:49:20,278 - WARNING - ⚠️ HIGH TAIL INTENSITY: [RAW_DATA] bar_btc_volume has 188 points with Z-Score > 12.
2026-03-21 13:49:20,278 - WARNING - ⚠️ HIGH TAIL INTENSITY: [DNN_INPUT] max_spread has 494 points with Z-Score > 12.
2026-03-21 13:49:20,278 - WARNING - ⚠️ HIGH TAIL INTENSITY: [DNN_INPUT] volatility has 367 points with Z-Score > 12.
2026-03-21 13:49:20,278 - WARNING - ⚠️ HIGH TAIL INTENSITY: [DNN_INPUT] micro_price_momentum has 247 points with Z-Score > 12.
2026-03-21 13:49:20,279 - WARNING - ⚠️ HIGH TAIL INTENSITY: [DNN_INPUT] bid_rdi has 268 points with Z-Score > 12.
2026-03-21 13:49:20,279 - WARNING - ⚠️ HIGH TAIL INTENSITY: [DNN_INPUT] ask_rdi has 258 points with Z-Score > 12.
2026-03-21 13:49:20,279 - WARNING - ⚠️ HIGH TAIL INTENSITY: [DNN_INPUT] pressure_ratio has 22 points with Z-Score > 12.
2026-03-21 13:49:20,279 - WARNING - ⚠️ HIGH TAIL INTENSITY: [DNN_INPUT] body has 331 points with Z-Score > 12.
2026-03-21 13:49:20,279 - WARNING - ⚠️ HIGH TAIL INTENSITY: [DNN_INPUT] upper_wick has 195 points with Z-Score > 12.
2026-03-21 13:49:20,279 - WARNING - ⚠️ HIGH TAIL INTENSITY: [DNN_INPUT] lower_wick has 232 points with Z-Score > 12.
2026-03-21 13:49:20,280 - WARNING - ⚠️ HIGH TAIL INTENSITY: [DNN_INPUT] log_ret_close has 304 points with Z-Score > 12.
2026-03-21 13:49:20,280 - WARNING - ⚠️ HIGH TAIL INTENSITY: [DNN_INPUT] bid_rdi_delta_5 has 219 points with Z-Score > 12.
2026-03-21 13:49:20,280 - WARNING - ⚠️ HIGH TAIL INTENSITY: [DNN_INPUT] ask_rdi_delta_5 has 92 points with Z-Score > 12.
2026-03-21 13:49:20,280 - WARNING - ⚠️ HIGH TAIL INTENSITY: [DNN_INPUT] micro_price_delta_5 has 103 points with Z-Score > 12.
2026-03-21 13:49:20,280 - WARNING - ⚠️ HIGH TAIL INTENSITY: [DNN_INPUT] bid_rdi_delta_30 has 254 points with Z-Score > 12.
2026-03-21 13:49:20,280 - WARNING - ⚠️ HIGH TAIL INTENSITY: [DNN_INPUT] ask_rdi_delta_30 has 176 points with Z-Score > 12.
2026-03-21 13:49:20,280 - WARNING - ⚠️ HIGH TAIL INTENSITY: [DNN_INPUT] spread_zscore_60 has 414 points with Z-Score > 12.
2026-03-21 13:49:20,280 - WARNING - ⚠️ HIGH TAIL INTENSITY: [DNN_INPUT] kyle_lambda has 232 points with Z-Score > 12.
2026-03-21 13:49:20,280 - WARNING - ⚠️ HIGH TAIL INTENSITY: [DNN_INPUT] bid_deep_ratio has 28 points with Z-Score > 12.
2026-03-21 13:49:20,280 - WARNING - ⚠️ HIGH TAIL INTENSITY: [DNN_INPUT] ask_deep_ratio has 311 points with Z-Score > 12.
2026-03-21 13:49:20,280 - WARNING - ⚠️ HIGH TAIL INTENSITY: [DNN_INPUT] bid_convexity has 520 points with Z-Score > 12.
2026-03-21 13:49:20,280 - WARNING - ⚠️ HIGH TAIL INTENSITY: [DNN_INPUT] ask_convexity has 355 points with Z-Score > 12.
2026-03-21 13:49:20,391 - INFO - ✅ Protocol Island Split: 1/1 islands survived. Total rows: 234124
2026-03-21 13:49:20,392 - INFO - 🏆 Gold Validation complete for 2023-02-26_BTCUSDT_ob500.data. Status: VALID
2026-03-21 13:49:20,408 - INFO - ✅ Protocol Island Split: 1/1 islands survived. Total rows: 576093
2026-03-21 13:49:20,408 - INFO - 🏆 Gold Validation complete for 2023-02-22_BTCUSDT_ob500.data. Status: VALID
2026-03-21 13:49:20,421 - INFO - ✅ Protocol Island Split: 1/1 islands survived. Total rows: 466385
2026-03-21 13:49:20,421 - INFO - 🏆 Gold Validation complete for 2023-02-24_BTCUSDT_ob500.data. Status: VALID
2026-03-21 13:49:20,514 - INFO - Successfully saved 234124 rows to data/L2/pre_processed/2023-02-26_BTCUSDT_ob500.data.parquet
2026-03-21 13:49:20,514 - INFO - ✅ Saved event-driven dataset: 2023-02-26_BTCUSDT_ob500.data.parquet
2026-03-21 13:49:20,515 - INFO - 📊 [Memory] 2023-02-26_BTCUSDT_ob500.data: 0.0MB -> 16873.7MB
2026-03-21 13:49:20,596 - INFO - Successfully saved 466385 rows to data/L2/pre_processed/2023-02-24_BTCUSDT_ob500.data.parquet
2026-03-21 13:49:20,596 - INFO - ✅ Saved event-driven dataset: 2023-02-24_BTCUSDT_ob500.data.parquet
2026-03-21 13:49:20,597 - INFO - 📊 [Memory] 2023-02-24_BTCUSDT_ob500.data: 0.0MB -> 14473.8MB
2026-03-21 13:49:20,614 - INFO - Successfully saved 576093 rows to data/L2/pre_processed/2023-02-22_BTCUSDT_ob500.data.parquet
2026-03-21 13:49:20,614 - INFO - ✅ Saved event-driven dataset: 2023-02-22_BTCUSDT_ob500.data.parquet
2026-03-21 13:49:20,617 - INFO - 📊 [Memory] 2023-02-22_BTCUSDT_ob500.data: 0.0MB -> 16640.5MB
2026-03-21 13:49:21,614 - INFO - 🗑️ CLEANUP: Deleting processed zip: 2023-02-27_BTCUSDT_ob500.data.zip
2026-03-21 13:49:21,973 - INFO - 📥 DOWNLOAD FILE: BTCUSDT2023-03-10.csv.gz
2026-03-21 13:49:22,563 - INFO - 📥 DOWNLOAD FILE: BTCUSDT2023-03-11.csv.gz
2026-03-21 13:49:22,565 - INFO - 📥 DOWNLOAD FILE: BTCUSDT2023-03-12.csv.gz
2026-03-21 13:49:23,891 - INFO - 🗑️ CLEANUP: Deleting processed zip: 2023-02-28_BTCUSDT_ob500.data.zip
2026-03-21 13:49:24,545 - INFO - 🗑️ CLEANUP: Deleting processed zip: 2023-03-02_BTCUSDT_ob500.data.zip
2026-03-21 13:49:24,790 - INFO - 💾 Memory Optimization: Dropping 801 raw book columns.
2026-03-21 13:49:24,906 - INFO - 📊 [Drop Success] 2023-02-23_BTCUSDT_ob500.data: Columns discarded | SYSTEM RAM: 118.37 GB (15.7%)
2026-03-21 13:49:24,906 - INFO - --- Validating 2023-02-23_BTCUSDT_ob500.data ---
2026-03-21 13:49:24,914 - INFO - 💾 Memory Optimization: Dropping 801 raw book columns.
2026-03-21 13:49:24,933 - INFO - ✅ ARCHITECTURE INTEGRITY: 30/30 features present. Audit Scope: 46 columns (30 Features + 15 Raw/Price).
2026-03-21 13:49:24,950 - INFO - No NaNs found.
2026-03-21 13:49:24,963 - INFO - No Infinite values found.
2026-03-21 13:49:24,968 - INFO - Chronological order verified.
2026-03-21 13:49:24,984 - WARNING - ⚠️ STALE DATA ALERT: Possible feed lock detected in 2023-02-23_BTCUSDT_ob500.data
2026-03-21 13:49:24,997 - WARNING - ☢️ CRITICAL OUTLIER: [DNN_INPUT] pressure_ratio max (9.4606e+03) is > 15x P99. Clipping might have failed!
2026-03-21 13:49:25,001 - INFO - 📊 [Drop Success] 2023-02-21_BTCUSDT_ob500.data: Columns discarded | SYSTEM RAM: 118.76 GB (15.7%)
2026-03-21 13:49:25,002 - WARNING - ☢️ CRITICAL OUTLIER: [DNN_INPUT] upper_wick max (8.7994e-04) is > 15x P99. Clipping might have failed!
2026-03-21 13:49:25,005 - INFO - --- Validating 2023-02-21_BTCUSDT_ob500.data ---
2026-03-21 13:49:25,010 - WARNING - ☢️ CRITICAL OUTLIER: [DNN_INPUT] kyle_lambda max (2.0333e+01) is > 15x P99. Clipping might have failed!
2026-03-21 13:49:25,016 - WARNING - ☢️ CRITICAL OUTLIER: [DNN_INPUT] lower_wick max (9.9418e-04) is > 15x P99. Clipping might have failed!
2026-03-21 13:49:25,034 - INFO - ✅ ARCHITECTURE INTEGRITY: 30/30 features present. Audit Scope: 46 columns (30 Features + 15 Raw/Price).
2026-03-21 13:49:25,067 - INFO - No NaNs found.
2026-03-21 13:49:25,085 - INFO - No Infinite values found.
2026-03-21 13:49:25,087 - INFO - Chronological order verified.
2026-03-21 13:49:25,100 - WARNING - ⚠️ STALE DATA ALERT: Possible feed lock detected in 2023-02-21_BTCUSDT_ob500.data
2026-03-21 13:49:25,112 - WARNING - ☢️ CRITICAL OUTLIER: [DNN_INPUT] body max (1.2590e-03) is > 15x P99. Clipping might have failed!
2026-03-21 13:49:25,115 - WARNING - ☢️ CRITICAL OUTLIER: [DNN_INPUT] pressure_ratio max (3.0188e+03) is > 15x P99. Clipping might have failed!
2026-03-21 13:49:25,120 - WARNING - ☢️ CRITICAL OUTLIER: [DNN_INPUT] upper_wick max (1.0099e-03) is > 15x P99. Clipping might have failed!
2026-03-21 13:49:25,129 - WARNING - ☢️ CRITICAL OUTLIER: [DNN_INPUT] lower_wick max (1.1064e-03) is > 15x P99. Clipping might have failed!
2026-03-21 13:49:25,186 - WARNING - ⚠️ HIGH TAIL INTENSITY: [RAW_DATA] bar_usd_volume has 376 points with Z-Score > 12.
2026-03-21 13:49:25,187 - WARNING - ⚠️ HIGH TAIL INTENSITY: [RAW_DATA] bar_btc_volume has 379 points with Z-Score > 12.
2026-03-21 13:49:25,187 - WARNING - ⚠️ HIGH TAIL INTENSITY: [DNN_INPUT] max_spread has 1180 points with Z-Score > 12.
2026-03-21 13:49:25,187 - WARNING - ⚠️ HIGH TAIL INTENSITY: [DNN_INPUT] volatility has 812 points with Z-Score > 12.
2026-03-21 13:49:25,187 - WARNING - ⚠️ HIGH TAIL INTENSITY: [DNN_INPUT] micro_price_momentum has 282 points with Z-Score > 12.
2026-03-21 13:49:25,187 - WARNING - ⚠️ HIGH TAIL INTENSITY: [DNN_INPUT] bid_rdi has 582 points with Z-Score > 12.
2026-03-21 13:49:25,188 - WARNING - ⚠️ HIGH TAIL INTENSITY: [DNN_INPUT] ask_rdi has 136 points with Z-Score > 12.
2026-03-21 13:49:25,188 - WARNING - ⚠️ HIGH TAIL INTENSITY: [DNN_INPUT] pressure_ratio has 129 points with Z-Score > 12.
2026-03-21 13:49:25,188 - WARNING - ⚠️ HIGH TAIL INTENSITY: [DNN_INPUT] body has 362 points with Z-Score > 12.
2026-03-21 13:49:25,188 - WARNING - ⚠️ HIGH TAIL INTENSITY: [DNN_INPUT] upper_wick has 421 points with Z-Score > 12.
2026-03-21 13:49:25,188 - WARNING - ⚠️ HIGH TAIL INTENSITY: [DNN_INPUT] lower_wick has 346 points with Z-Score > 12.
2026-03-21 13:49:25,188 - WARNING - ⚠️ HIGH TAIL INTENSITY: [DNN_INPUT] log_ret_close has 227 points with Z-Score > 12.
2026-03-21 13:49:25,188 - WARNING - ⚠️ HIGH TAIL INTENSITY: [DNN_INPUT] bid_rdi_delta_5 has 463 points with Z-Score > 12.
2026-03-21 13:49:25,188 - WARNING - ⚠️ HIGH TAIL INTENSITY: [DNN_INPUT] ask_rdi_delta_5 has 258 points with Z-Score > 12.
2026-03-21 13:49:25,188 - WARNING - ⚠️ HIGH TAIL INTENSITY: [DNN_INPUT] micro_price_delta_5 has 24 points with Z-Score > 12.
2026-03-21 13:49:25,188 - WARNING - ⚠️ HIGH TAIL INTENSITY: [DNN_INPUT] bid_rdi_delta_30 has 572 points with Z-Score > 12.
2026-03-21 13:49:25,188 - WARNING - ⚠️ HIGH TAIL INTENSITY: [DNN_INPUT] ask_rdi_delta_30 has 194 points with Z-Score > 12.
2026-03-21 13:49:25,188 - WARNING - ⚠️ HIGH TAIL INTENSITY: [DNN_INPUT] spread_zscore_60 has 694 points with Z-Score > 12.
2026-03-21 13:49:25,189 - WARNING - ⚠️ HIGH TAIL INTENSITY: [DNN_INPUT] kyle_lambda has 149 points with Z-Score > 12.
2026-03-21 13:49:25,189 - WARNING - ⚠️ HIGH TAIL INTENSITY: [DNN_INPUT] bid_deep_ratio has 1504 points with Z-Score > 12.
2026-03-21 13:49:25,189 - WARNING - ⚠️ HIGH TAIL INTENSITY: [DNN_INPUT] ask_deep_ratio has 326 points with Z-Score > 12.
2026-03-21 13:49:25,189 - WARNING - ⚠️ HIGH TAIL INTENSITY: [DNN_INPUT] bid_convexity has 1012 points with Z-Score > 12.
2026-03-21 13:49:25,189 - WARNING - ⚠️ HIGH TAIL INTENSITY: [DNN_INPUT] ask_convexity has 879 points with Z-Score > 12.
2026-03-21 13:49:25,330 - WARNING - ⚠️ HIGH TAIL INTENSITY: [RAW_DATA] bar_usd_volume has 495 points with Z-Score > 12.
2026-03-21 13:49:25,330 - WARNING - ⚠️ HIGH TAIL INTENSITY: [RAW_DATA] bar_btc_volume has 497 points with Z-Score > 12.
2026-03-21 13:49:25,330 - WARNING - ⚠️ HIGH TAIL INTENSITY: [DNN_INPUT] max_spread has 992 points with Z-Score > 12.
2026-03-21 13:49:25,330 - WARNING - ⚠️ HIGH TAIL INTENSITY: [DNN_INPUT] volatility has 831 points with Z-Score > 12.
2026-03-21 13:49:25,330 - WARNING - ⚠️ HIGH TAIL INTENSITY: [DNN_INPUT] micro_price_momentum has 544 points with Z-Score > 12.
2026-03-21 13:49:25,331 - WARNING - ⚠️ HIGH TAIL INTENSITY: [DNN_INPUT] bid_rdi has 276 points with Z-Score > 12.
2026-03-21 13:49:25,331 - WARNING - ⚠️ HIGH TAIL INTENSITY: [DNN_INPUT] ask_rdi has 193 points with Z-Score > 12.
2026-03-21 13:49:25,331 - WARNING - ⚠️ HIGH TAIL INTENSITY: [DNN_INPUT] pressure_ratio has 134 points with Z-Score > 12.
2026-03-21 13:49:25,331 - WARNING - ⚠️ HIGH TAIL INTENSITY: [DNN_INPUT] body has 525 points with Z-Score > 12.
2026-03-21 13:49:25,331 - WARNING - ⚠️ HIGH TAIL INTENSITY: [DNN_INPUT] upper_wick has 350 points with Z-Score > 12.
2026-03-21 13:49:25,331 - WARNING - ⚠️ HIGH TAIL INTENSITY: [DNN_INPUT] lower_wick has 364 points with Z-Score > 12.
2026-03-21 13:49:25,331 - WARNING - ⚠️ HIGH TAIL INTENSITY: [DNN_INPUT] log_ret_close has 610 points with Z-Score > 12.
2026-03-21 13:49:25,331 - WARNING - ⚠️ HIGH TAIL INTENSITY: [DNN_INPUT] bid_rdi_delta_5 has 281 points with Z-Score > 12.
2026-03-21 13:49:25,331 - WARNING - ⚠️ HIGH TAIL INTENSITY: [DNN_INPUT] ask_rdi_delta_5 has 130 points with Z-Score > 12.
2026-03-21 13:49:25,331 - WARNING - ⚠️ HIGH TAIL INTENSITY: [DNN_INPUT] micro_price_delta_5 has 77 points with Z-Score > 12.
2026-03-21 13:49:25,332 - WARNING - ⚠️ HIGH TAIL INTENSITY: [DNN_INPUT] bid_rdi_delta_30 has 354 points with Z-Score > 12.
2026-03-21 13:49:25,332 - WARNING - ⚠️ HIGH TAIL INTENSITY: [DNN_INPUT] ask_rdi_delta_30 has 264 points with Z-Score > 12.
2026-03-21 13:49:25,332 - WARNING - ⚠️ HIGH TAIL INTENSITY: [DNN_INPUT] spread_zscore_60 has 748 points with Z-Score > 12.
2026-03-21 13:49:25,332 - WARNING - ⚠️ HIGH TAIL INTENSITY: [DNN_INPUT] kyle_lambda has 429 points with Z-Score > 12.
2026-03-21 13:49:25,332 - WARNING - ⚠️ HIGH TAIL INTENSITY: [DNN_INPUT] bid_deep_ratio has 1458 points with Z-Score > 12.
2026-03-21 13:49:25,332 - WARNING - ⚠️ HIGH TAIL INTENSITY: [DNN_INPUT] ask_deep_ratio has 1282 points with Z-Score > 12.
2026-03-21 13:49:25,332 - WARNING - ⚠️ HIGH TAIL INTENSITY: [DNN_INPUT] bid_convexity has 474 points with Z-Score > 12.
2026-03-21 13:49:25,332 - WARNING - ⚠️ HIGH TAIL INTENSITY: [DNN_INPUT] ask_convexity has 975 points with Z-Score > 12.
2026-03-21 13:49:25,372 - INFO - ✅ Protocol Island Split: 1/1 islands survived. Total rows: 439713
2026-03-21 13:49:25,373 - INFO - 🏆 Gold Validation complete for 2023-02-23_BTCUSDT_ob500.data. Status: VALID
2026-03-21 13:49:25,554 - INFO - ✅ Protocol Island Split: 1/1 islands survived. Total rows: 517040
2026-03-21 13:49:25,554 - INFO - 🏆 Gold Validation complete for 2023-02-21_BTCUSDT_ob500.data. Status: VALID
2026-03-21 13:49:25,558 - INFO - Successfully saved 439713 rows to data/L2/pre_processed/2023-02-23_BTCUSDT_ob500.data.parquet
2026-03-21 13:49:25,558 - INFO - ✅ Saved event-driven dataset: 2023-02-23_BTCUSDT_ob500.data.parquet
2026-03-21 13:49:25,560 - INFO - 📊 [Memory] 2023-02-23_BTCUSDT_ob500.data: 0.0MB -> 12918.1MB
2026-03-21 13:49:25,794 - INFO - Successfully saved 517040 rows to data/L2/pre_processed/2023-02-21_BTCUSDT_ob500.data.parquet
2026-03-21 13:49:25,794 - INFO - ✅ Saved event-driven dataset: 2023-02-21_BTCUSDT_ob500.data.parquet
2026-03-21 13:49:25,795 - INFO - 📊 [Memory] 2023-02-21_BTCUSDT_ob500.data: 0.0MB -> 14201.3MB
2026-03-21 13:49:27,507 - INFO - 📊 [Peak Load] 2023-03-02_BTCUSDT_ob500.data: Raw data in RAM | SYSTEM RAM: 123.02 GB (16.3%)
2026-03-21 13:49:27,520 - INFO - EventSampler iniciado. Modo: 'both' | Dollar=500000.0 | Tick=5000 | Info=100.0 | Time=300000ms
2026-03-21 13:49:27,794 - INFO - 📥 DOWNLOAD FILE: BTCUSDT2023-03-13.csv.gz
2026-03-21 13:49:28,556 - INFO - 📥 DOWNLOAD FILE: BTCUSDT2023-03-14.csv.gz
2026-03-21 13:49:28,716 - INFO - CUSUM (both): 20867 eventos. Trigger IID será aplicado dentro de cada janela CUSUM.
2026-03-21 13:49:29,038 - INFO - Barras geradas: 264676 | Ilhas: 1
2026-03-21 13:49:32,012 - INFO - 🗑️ CLEANUP: Deleting processed zip: 2023-03-01_BTCUSDT_ob500.data.zip
2026-03-21 13:49:32,238 - INFO - 🗑️ CLEANUP: Deleting processed zip: 2023-03-03_BTCUSDT_ob500.data.zip
2026-03-21 13:49:33,969 - INFO - 📊 [Peak Load] 2023-02-28_BTCUSDT_ob500.data: Raw data in RAM | SYSTEM RAM: 127.07 GB (16.8%)
2026-03-21 13:49:33,976 - INFO - EventSampler iniciado. Modo: 'both' | Dollar=500000.0 | Tick=5000 | Info=100.0 | Time=300000ms
2026-03-21 13:49:34,518 - INFO - 📥 DOWNLOAD: 2023-03-14_BTCUSDT_ob500.data.zip
2026-03-21 13:49:34,528 - INFO - 📊 [Peak Load] 2023-02-27_BTCUSDT_ob500.data: Raw data in RAM | SYSTEM RAM: 126.98 GB (16.8%)
2026-03-21 13:49:34,537 - INFO - EventSampler iniciado. Modo: 'both' | Dollar=500000.0 | Tick=5000 | Info=100.0 | Time=300000ms
2026-03-21 13:49:34,866 - INFO - 📂 STREAMING: 2023-03-08_BTCUSDT_ob500.data
2026-03-21 13:49:35,230 - INFO - CUSUM (both): 22771 eventos. Trigger IID será aplicado dentro de cada janela CUSUM.
2026-03-21 13:49:35,239 - INFO - 📥 DOWNLOAD: 2023-03-10_BTCUSDT_ob500.data.zip
2026-03-21 13:49:35,240 - INFO - 📊 [Peak Load] 2023-03-01_BTCUSDT_ob500.data: Raw data in RAM | SYSTEM RAM: 128.60 GB (17.0%)
2026-03-21 13:49:35,247 - INFO - EventSampler iniciado. Modo: 'both' | Dollar=500000.0 | Tick=5000 | Info=100.0 | Time=300000ms
2026-03-21 13:49:35,756 - INFO - Barras geradas: 305056 | Ilhas: 1
2026-03-21 13:49:35,923 - INFO - 📊 [Peak Load] 2023-03-03_BTCUSDT_ob500.data: Raw data in RAM | SYSTEM RAM: 133.97 GB (17.7%)
2026-03-21 13:49:35,933 - INFO - EventSampler iniciado. Modo: 'both' | Dollar=500000.0 | Tick=5000 | Info=100.0 | Time=300000ms
2026-03-21 13:49:36,132 - INFO - 💾 Memory Optimization: Dropping 801 raw book columns.
2026-03-21 13:49:36,172 - INFO - 📊 [Drop Success] 2023-03-02_BTCUSDT_ob500.data: Columns discarded | SYSTEM RAM: 133.96 GB (17.7%)
2026-03-21 13:49:36,172 - INFO - --- Validating 2023-03-02_BTCUSDT_ob500.data ---
2026-03-21 13:49:36,195 - INFO - ✅ ARCHITECTURE INTEGRITY: 30/30 features present. Audit Scope: 46 columns (30 Features + 15 Raw/Price).
2026-03-21 13:49:36,213 - INFO - No NaNs found.
2026-03-21 13:49:36,225 - INFO - No Infinite values found.
2026-03-21 13:49:36,226 - INFO - Chronological order verified.
2026-03-21 13:49:36,228 - INFO - CUSUM (both): 26901 eventos. Trigger IID será aplicado dentro de cada janela CUSUM.
2026-03-21 13:49:36,236 - WARNING - ⚠️ STALE DATA ALERT: Possible feed lock detected in 2023-03-02_BTCUSDT_ob500.data
2026-03-21 13:49:36,242 - WARNING - ☢️ CRITICAL OUTLIER: [DNN_INPUT] max_spread max (5.1000e+00) is > 15x P99. Clipping might have failed!
2026-03-21 13:49:36,250 - WARNING - ☢️ CRITICAL OUTLIER: [DNN_INPUT] pressure_ratio max (9.9434e+02) is > 15x P99. Clipping might have failed!
2026-03-21 13:49:36,253 - WARNING - ☢️ CRITICAL OUTLIER: [DNN_INPUT] upper_wick max (4.6405e-04) is > 15x P99. Clipping might have failed!
2026-03-21 13:49:36,259 - WARNING - ☢️ CRITICAL OUTLIER: [DNN_INPUT] lower_wick max (5.6278e-04) is > 15x P99. Clipping might have failed!
2026-03-21 13:49:36,468 - WARNING - ⚠️ HIGH TAIL INTENSITY: [RAW_DATA] bar_usd_volume has 294 points with Z-Score > 12.
2026-03-21 13:49:36,468 - WARNING - ⚠️ HIGH TAIL INTENSITY: [RAW_DATA] bar_btc_volume has 295 points with Z-Score > 12.
2026-03-21 13:49:36,469 - WARNING - ⚠️ HIGH TAIL INTENSITY: [DNN_INPUT] max_spread has 363 points with Z-Score > 12.
2026-03-21 13:49:36,469 - WARNING - ⚠️ HIGH TAIL INTENSITY: [DNN_INPUT] volatility has 410 points with Z-Score > 12.
2026-03-21 13:49:36,469 - WARNING - ⚠️ HIGH TAIL INTENSITY: [DNN_INPUT] micro_price_momentum has 212 points with Z-Score > 12.
2026-03-21 13:49:36,469 - WARNING - ⚠️ HIGH TAIL INTENSITY: [DNN_INPUT] bid_rdi has 140 points with Z-Score > 12.
2026-03-21 13:49:36,469 - WARNING - ⚠️ HIGH TAIL INTENSITY: [DNN_INPUT] ask_rdi has 1085 points with Z-Score > 12.
2026-03-21 13:49:36,469 - WARNING - ⚠️ HIGH TAIL INTENSITY: [DNN_INPUT] pressure_ratio has 85 points with Z-Score > 12.
2026-03-21 13:49:36,470 - WARNING - ⚠️ HIGH TAIL INTENSITY: [DNN_INPUT] body has 297 points with Z-Score > 12.
2026-03-21 13:49:36,470 - WARNING - ⚠️ HIGH TAIL INTENSITY: [DNN_INPUT] upper_wick has 180 points with Z-Score > 12.
2026-03-21 13:49:36,470 - WARNING - ⚠️ HIGH TAIL INTENSITY: [DNN_INPUT] lower_wick has 136 points with Z-Score > 12.
2026-03-21 13:49:36,470 - WARNING - ⚠️ HIGH TAIL INTENSITY: [DNN_INPUT] log_ret_close has 224 points with Z-Score > 12.
2026-03-21 13:49:36,470 - WARNING - ⚠️ HIGH TAIL INTENSITY: [DNN_INPUT] bid_rdi_delta_5 has 73 points with Z-Score > 12.
2026-03-21 13:49:36,470 - WARNING - ⚠️ HIGH TAIL INTENSITY: [DNN_INPUT] ask_rdi_delta_5 has 137 points with Z-Score > 12.
2026-03-21 13:49:36,470 - WARNING - ⚠️ HIGH TAIL INTENSITY: [DNN_INPUT] micro_price_delta_5 has 4 points with Z-Score > 12.
2026-03-21 13:49:36,470 - WARNING - ⚠️ HIGH TAIL INTENSITY: [DNN_INPUT] bid_rdi_delta_30 has 172 points with Z-Score > 12.
2026-03-21 13:49:36,471 - WARNING - ⚠️ HIGH TAIL INTENSITY: [DNN_INPUT] ask_rdi_delta_30 has 258 points with Z-Score > 12.
2026-03-21 13:49:36,471 - WARNING - ⚠️ HIGH TAIL INTENSITY: [DNN_INPUT] spread_zscore_60 has 388 points with Z-Score > 12.
2026-03-21 13:49:36,471 - WARNING - ⚠️ HIGH TAIL INTENSITY: [DNN_INPUT] kyle_lambda has 180 points with Z-Score > 12.
2026-03-21 13:49:36,471 - WARNING - ⚠️ HIGH TAIL INTENSITY: [DNN_INPUT] bid_deep_ratio has 809 points with Z-Score > 12.
2026-03-21 13:49:36,471 - WARNING - ⚠️ HIGH TAIL INTENSITY: [DNN_INPUT] ask_deep_ratio has 903 points with Z-Score > 12.
2026-03-21 13:49:36,471 - WARNING - ⚠️ HIGH TAIL INTENSITY: [DNN_INPUT] bid_convexity has 619 points with Z-Score > 12.
2026-03-21 13:49:36,471 - WARNING - ⚠️ HIGH TAIL INTENSITY: [DNN_INPUT] ask_convexity has 725 points with Z-Score > 12.
2026-03-21 13:49:36,637 - INFO - Barras geradas: 381000 | Ilhas: 1
2026-03-21 13:49:36,757 - INFO - ✅ Protocol Island Split: 1/1 islands survived. Total rows: 264676
2026-03-21 13:49:36,758 - INFO - 🏆 Gold Validation complete for 2023-03-02_BTCUSDT_ob500.data. Status: VALID
2026-03-21 13:49:36,890 - INFO - Successfully saved 264676 rows to data/L2/pre_processed/2023-03-02_BTCUSDT_ob500.data.parquet
2026-03-21 13:49:36,890 - INFO - ✅ Saved event-driven dataset: 2023-03-02_BTCUSDT_ob500.data.parquet
2026-03-21 13:49:36,891 - INFO - 📊 [Memory] 2023-03-02_BTCUSDT_ob500.data: 0.0MB -> 14707.3MB
2026-03-21 13:49:37,378 - INFO - CUSUM (both): 26811 eventos. Trigger IID será aplicado dentro de cada janela CUSUM.
2026-03-21 13:49:37,740 - INFO - CUSUM (both): 24204 eventos. Trigger IID será aplicado dentro de cada janela CUSUM.
2026-03-21 13:49:38,327 - INFO - Barras geradas: 414364 | Ilhas: 1
2026-03-21 13:49:39,297 - INFO - Barras geradas: 319935 | Ilhas: 1
2026-03-21 13:49:39,786 - INFO - 📥 DOWNLOAD: 2023-03-13_BTCUSDT_ob500.data.zip
2026-03-21 13:49:39,793 - INFO - 📥 DOWNLOAD: 2023-03-12_BTCUSDT_ob500.data.zip
2026-03-21 13:49:39,941 - INFO - 📥 DOWNLOAD: 2023-03-09_BTCUSDT_ob500.data.zip
2026-03-21 13:49:42,419 - INFO - 📂 STREAMING: 2023-03-14_BTCUSDT_ob500.data
2026-03-21 13:49:43,153 - INFO - 📂 STREAMING: 2023-03-10_BTCUSDT_ob500.data
2026-03-21 13:49:47,401 - INFO - 📥 DOWNLOAD: 2023-03-11_BTCUSDT_ob500.data.zip
2026-03-21 13:49:47,977 - INFO - 📂 STREAMING: 2023-03-09_BTCUSDT_ob500.data
2026-03-21 13:49:49,184 - INFO - 📥 DOWNLOAD FILE: BTCUSDT2023-03-15.csv.gz
2026-03-21 13:49:49,337 - INFO - 📂 STREAMING: 2023-03-12_BTCUSDT_ob500.data
2026-03-21 13:49:53,218 - INFO - 📂 STREAMING: 2023-03-13_BTCUSDT_ob500.data
2026-03-21 13:49:56,832 - INFO - 📂 STREAMING: 2023-03-11_BTCUSDT_ob500.data
2026-03-21 13:49:57,496 - INFO - 💾 Memory Optimization: Dropping 801 raw book columns.
2026-03-21 13:49:57,527 - INFO - 📊 [Drop Success] 2023-02-28_BTCUSDT_ob500.data: Columns discarded | SYSTEM RAM: 110.39 GB (14.6%)
2026-03-21 13:49:57,528 - INFO - --- Validating 2023-02-28_BTCUSDT_ob500.data ---
2026-03-21 13:49:57,547 - INFO - ✅ ARCHITECTURE INTEGRITY: 30/30 features present. Audit Scope: 46 columns (30 Features + 15 Raw/Price).
2026-03-21 13:49:57,558 - INFO - No NaNs found.
2026-03-21 13:49:57,567 - INFO - No Infinite values found.
2026-03-21 13:49:57,568 - INFO - Chronological order verified.
2026-03-21 13:49:57,577 - WARNING - ⚠️ STALE DATA ALERT: Possible feed lock detected in 2023-02-28_BTCUSDT_ob500.data
2026-03-21 13:49:57,585 - WARNING - ☢️ CRITICAL OUTLIER: [DNN_INPUT] body max (1.2349e-03) is > 15x P99. Clipping might have failed!
2026-03-21 13:49:57,587 - WARNING - ☢️ CRITICAL OUTLIER: [DNN_INPUT] pressure_ratio max (4.2984e+03) is > 15x P99. Clipping might have failed!
2026-03-21 13:49:57,590 - WARNING - ☢️ CRITICAL OUTLIER: [DNN_INPUT] upper_wick max (7.3721e-04) is > 15x P99. Clipping might have failed!
2026-03-21 13:49:57,596 - WARNING - ☢️ CRITICAL OUTLIER: [DNN_INPUT] lower_wick max (1.1065e-03) is > 15x P99. Clipping might have failed!
2026-03-21 13:49:57,724 - WARNING - ⚠️ HIGH TAIL INTENSITY: [RAW_DATA] bar_usd_volume has 303 points with Z-Score > 12.
2026-03-21 13:49:57,724 - WARNING - ⚠️ HIGH TAIL INTENSITY: [RAW_DATA] bar_btc_volume has 302 points with Z-Score > 12.
2026-03-21 13:49:57,724 - WARNING - ⚠️ HIGH TAIL INTENSITY: [DNN_INPUT] volatility has 515 points with Z-Score > 12.
2026-03-21 13:49:57,725 - WARNING - ⚠️ HIGH TAIL INTENSITY: [DNN_INPUT] micro_price_momentum has 460 points with Z-Score > 12.
2026-03-21 13:49:57,725 - WARNING - ⚠️ HIGH TAIL INTENSITY: [DNN_INPUT] bid_rdi has 194 points with Z-Score > 12.
2026-03-21 13:49:57,725 - WARNING - ⚠️ HIGH TAIL INTENSITY: [DNN_INPUT] ask_rdi has 130 points with Z-Score > 12.
2026-03-21 13:49:57,725 - WARNING - ⚠️ HIGH TAIL INTENSITY: [DNN_INPUT] pressure_ratio has 275 points with Z-Score > 12.
2026-03-21 13:49:57,725 - WARNING - ⚠️ HIGH TAIL INTENSITY: [DNN_INPUT] body has 338 points with Z-Score > 12.
2026-03-21 13:49:57,725 - WARNING - ⚠️ HIGH TAIL INTENSITY: [DNN_INPUT] upper_wick has 211 points with Z-Score > 12.
2026-03-21 13:49:57,725 - WARNING - ⚠️ HIGH TAIL INTENSITY: [DNN_INPUT] lower_wick has 160 points with Z-Score > 12.
2026-03-21 13:49:57,726 - WARNING - ⚠️ HIGH TAIL INTENSITY: [DNN_INPUT] log_ret_close has 346 points with Z-Score > 12.
2026-03-21 13:49:57,726 - WARNING - ⚠️ HIGH TAIL INTENSITY: [DNN_INPUT] bid_rdi_delta_5 has 178 points with Z-Score > 12.
2026-03-21 13:49:57,726 - WARNING - ⚠️ HIGH TAIL INTENSITY: [DNN_INPUT] ask_rdi_delta_5 has 29 points with Z-Score > 12.
2026-03-21 13:49:57,726 - WARNING - ⚠️ HIGH TAIL INTENSITY: [DNN_INPUT] micro_price_delta_5 has 34 points with Z-Score > 12.
2026-03-21 13:49:57,726 - WARNING - ⚠️ HIGH TAIL INTENSITY: [DNN_INPUT] bid_rdi_delta_30 has 202 points with Z-Score > 12.
2026-03-21 13:49:57,726 - WARNING - ⚠️ HIGH TAIL INTENSITY: [DNN_INPUT] ask_rdi_delta_30 has 94 points with Z-Score > 12.
2026-03-21 13:49:57,726 - WARNING - ⚠️ HIGH TAIL INTENSITY: [DNN_INPUT] spread_zscore_60 has 514 points with Z-Score > 12.
2026-03-21 13:49:57,726 - WARNING - ⚠️ HIGH TAIL INTENSITY: [DNN_INPUT] kyle_lambda has 339 points with Z-Score > 12.
2026-03-21 13:49:57,726 - WARNING - ⚠️ HIGH TAIL INTENSITY: [DNN_INPUT] bid_deep_ratio has 824 points with Z-Score > 12.
2026-03-21 13:49:57,726 - WARNING - ⚠️ HIGH TAIL INTENSITY: [DNN_INPUT] ask_deep_ratio has 936 points with Z-Score > 12.
2026-03-21 13:49:57,726 - WARNING - ⚠️ HIGH TAIL INTENSITY: [DNN_INPUT] bid_convexity has 819 points with Z-Score > 12.
2026-03-21 13:49:57,726 - WARNING - ⚠️ HIGH TAIL INTENSITY: [DNN_INPUT] ask_convexity has 700 points with Z-Score > 12.
2026-03-21 13:49:57,855 - INFO - ✅ Protocol Island Split: 1/1 islands survived. Total rows: 305056
2026-03-21 13:49:57,856 - INFO - 🏆 Gold Validation complete for 2023-02-28_BTCUSDT_ob500.data. Status: VALID
2026-03-21 13:49:58,012 - INFO - Successfully saved 305056 rows to data/L2/pre_processed/2023-02-28_BTCUSDT_ob500.data.parquet
2026-03-21 13:49:58,012 - INFO - ✅ Saved event-driven dataset: 2023-02-28_BTCUSDT_ob500.data.parquet
2026-03-21 13:49:58,015 - INFO - 📊 [Memory] 2023-02-28_BTCUSDT_ob500.data: 0.0MB -> 18940.7MB
2026-03-21 13:49:59,179 - INFO - 💾 Memory Optimization: Dropping 801 raw book columns.
2026-03-21 13:49:59,219 - INFO - 📊 [Drop Success] 2023-02-27_BTCUSDT_ob500.data: Columns discarded | SYSTEM RAM: 110.18 GB (14.6%)
2026-03-21 13:49:59,219 - INFO - --- Validating 2023-02-27_BTCUSDT_ob500.data ---
2026-03-21 13:49:59,243 - INFO - ✅ ARCHITECTURE INTEGRITY: 30/30 features present. Audit Scope: 46 columns (30 Features + 15 Raw/Price).
2026-03-21 13:49:59,262 - INFO - No NaNs found.
2026-03-21 13:49:59,273 - INFO - No Infinite values found.
2026-03-21 13:49:59,274 - INFO - Chronological order verified.
2026-03-21 13:49:59,286 - WARNING - ⚠️ STALE DATA ALERT: Possible feed lock detected in 2023-02-27_BTCUSDT_ob500.data
2026-03-21 13:49:59,295 - WARNING - ☢️ CRITICAL OUTLIER: [DNN_INPUT] body max (1.6310e-03) is > 15x P99. Clipping might have failed!
2026-03-21 13:49:59,298 - WARNING - ☢️ CRITICAL OUTLIER: [DNN_INPUT] pressure_ratio max (3.2009e+03) is > 15x P99. Clipping might have failed!
2026-03-21 13:49:59,301 - WARNING - ☢️ CRITICAL OUTLIER: [DNN_INPUT] upper_wick max (1.6494e-03) is > 15x P99. Clipping might have failed!
2026-03-21 13:49:59,308 - WARNING - ☢️ CRITICAL OUTLIER: [DNN_INPUT] lower_wick max (1.1523e-03) is > 15x P99. Clipping might have failed!
2026-03-21 13:49:59,462 - WARNING - ⚠️ HIGH TAIL INTENSITY: [RAW_DATA] bar_usd_volume has 355 points with Z-Score > 12.
2026-03-21 13:49:59,463 - WARNING - ⚠️ HIGH TAIL INTENSITY: [RAW_DATA] bar_btc_volume has 354 points with Z-Score > 12.
2026-03-21 13:49:59,463 - WARNING - ⚠️ HIGH TAIL INTENSITY: [DNN_INPUT] max_spread has 423 points with Z-Score > 12.
2026-03-21 13:49:59,463 - WARNING - ⚠️ HIGH TAIL INTENSITY: [DNN_INPUT] volatility has 549 points with Z-Score > 12.
2026-03-21 13:49:59,463 - WARNING - ⚠️ HIGH TAIL INTENSITY: [DNN_INPUT] micro_price_momentum has 504 points with Z-Score > 12.
2026-03-21 13:49:59,463 - WARNING - ⚠️ HIGH TAIL INTENSITY: [DNN_INPUT] bid_rdi has 302 points with Z-Score > 12.
2026-03-21 13:49:59,463 - WARNING - ⚠️ HIGH TAIL INTENSITY: [DNN_INPUT] ask_rdi has 428 points with Z-Score > 12.
2026-03-21 13:49:59,463 - WARNING - ⚠️ HIGH TAIL INTENSITY: [DNN_INPUT] pressure_ratio has 187 points with Z-Score > 12.
2026-03-21 13:49:59,464 - WARNING - ⚠️ HIGH TAIL INTENSITY: [DNN_INPUT] body has 465 points with Z-Score > 12.
2026-03-21 13:49:59,464 - WARNING - ⚠️ HIGH TAIL INTENSITY: [DNN_INPUT] upper_wick has 268 points with Z-Score > 12.
2026-03-21 13:49:59,464 - WARNING - ⚠️ HIGH TAIL INTENSITY: [DNN_INPUT] lower_wick has 293 points with Z-Score > 12.
2026-03-21 13:49:59,464 - WARNING - ⚠️ HIGH TAIL INTENSITY: [DNN_INPUT] log_ret_close has 478 points with Z-Score > 12.
2026-03-21 13:49:59,464 - WARNING - ⚠️ HIGH TAIL INTENSITY: [DNN_INPUT] bid_rdi_delta_5 has 211 points with Z-Score > 12.
2026-03-21 13:49:59,464 - WARNING - ⚠️ HIGH TAIL INTENSITY: [DNN_INPUT] ask_rdi_delta_5 has 123 points with Z-Score > 12.
2026-03-21 13:49:59,464 - WARNING - ⚠️ HIGH TAIL INTENSITY: [DNN_INPUT] micro_price_delta_5 has 253 points with Z-Score > 12.
2026-03-21 13:49:59,464 - WARNING - ⚠️ HIGH TAIL INTENSITY: [DNN_INPUT] bid_rdi_delta_30 has 302 points with Z-Score > 12.
2026-03-21 13:49:59,464 - WARNING - ⚠️ HIGH TAIL INTENSITY: [DNN_INPUT] ask_rdi_delta_30 has 334 points with Z-Score > 12.
2026-03-21 13:49:59,464 - WARNING - ⚠️ HIGH TAIL INTENSITY: [DNN_INPUT] micro_price_delta_30 has 4 points with Z-Score > 12.
2026-03-21 13:49:59,464 - WARNING - ⚠️ HIGH TAIL INTENSITY: [DNN_INPUT] spread_zscore_60 has 565 points with Z-Score > 12.
2026-03-21 13:49:59,465 - WARNING - ⚠️ HIGH TAIL INTENSITY: [DNN_INPUT] kyle_lambda has 432 points with Z-Score > 12.
2026-03-21 13:49:59,465 - WARNING - ⚠️ HIGH TAIL INTENSITY: [DNN_INPUT] bid_deep_ratio has 556 points with Z-Score > 12.
2026-03-21 13:49:59,465 - WARNING - ⚠️ HIGH TAIL INTENSITY: [DNN_INPUT] ask_deep_ratio has 980 points with Z-Score > 12.
2026-03-21 13:49:59,465 - WARNING - ⚠️ HIGH TAIL INTENSITY: [DNN_INPUT] bid_convexity has 796 points with Z-Score > 12.
2026-03-21 13:49:59,465 - WARNING - ⚠️ HIGH TAIL INTENSITY: [DNN_INPUT] ask_convexity has 795 points with Z-Score > 12.
2026-03-21 13:49:59,735 - INFO - ✅ Protocol Island Split: 1/1 islands survived. Total rows: 381000
2026-03-21 13:49:59,736 - INFO - 🏆 Gold Validation complete for 2023-02-27_BTCUSDT_ob500.data. Status: VALID
2026-03-21 13:49:59,842 - INFO - 📥 DOWNLOAD FILE: BTCUSDT2023-03-16.csv.gz
2026-03-21 13:49:59,900 - INFO - Successfully saved 381000 rows to data/L2/pre_processed/2023-02-27_BTCUSDT_ob500.data.parquet
2026-03-21 13:49:59,900 - INFO - ✅ Saved event-driven dataset: 2023-02-27_BTCUSDT_ob500.data.parquet
2026-03-21 13:49:59,901 - INFO - 📊 [Memory] 2023-02-27_BTCUSDT_ob500.data: 0.0MB -> 19411.3MB
2026-03-21 13:50:00,471 - INFO - 💾 Memory Optimization: Dropping 801 raw book columns.
2026-03-21 13:50:00,506 - INFO - 📊 [Drop Success] 2023-03-03_BTCUSDT_ob500.data: Columns discarded | SYSTEM RAM: 109.37 GB (14.5%)
2026-03-21 13:50:00,506 - INFO - --- Validating 2023-03-03_BTCUSDT_ob500.data ---
2026-03-21 13:50:00,528 - INFO - ✅ ARCHITECTURE INTEGRITY: 30/30 features present. Audit Scope: 46 columns (30 Features + 15 Raw/Price).
2026-03-21 13:50:00,538 - INFO - No NaNs found.
2026-03-21 13:50:00,548 - INFO - No Infinite values found.
2026-03-21 13:50:00,549 - INFO - Chronological order verified.
2026-03-21 13:50:00,558 - WARNING - ⚠️ STALE DATA ALERT: Possible feed lock detected in 2023-03-03_BTCUSDT_ob500.data
2026-03-21 13:50:00,567 - WARNING - ☢️ CRITICAL OUTLIER: [DNN_INPUT] body max (3.6702e-03) is > 15x P99. Clipping might have failed!
2026-03-21 13:50:00,569 - WARNING - ☢️ CRITICAL OUTLIER: [DNN_INPUT] pressure_ratio max (2.4260e+03) is > 15x P99. Clipping might have failed!
2026-03-21 13:50:00,571 - WARNING - ☢️ CRITICAL OUTLIER: [DNN_INPUT] bid_deep_ratio max (8.6827e+04) is > 15x P99. Clipping might have failed!
2026-03-21 13:50:00,573 - WARNING - ☢️ CRITICAL OUTLIER: [DNN_INPUT] upper_wick max (3.6769e-03) is > 15x P99. Clipping might have failed!
2026-03-21 13:50:00,579 - WARNING - ☢️ CRITICAL OUTLIER: [DNN_INPUT] lower_wick max (3.2588e-03) is > 15x P99. Clipping might have failed!
2026-03-21 13:50:00,584 - WARNING - ☢️ CRITICAL OUTLIER: [DNN_INPUT] ask_deep_ratio max (8.2075e+04) is > 15x P99. Clipping might have failed!
2026-03-21 13:50:00,714 - WARNING - ⚠️ HIGH TAIL INTENSITY: [RAW_DATA] bar_usd_volume has 255 points with Z-Score > 12.
2026-03-21 13:50:00,714 - WARNING - ⚠️ HIGH TAIL INTENSITY: [RAW_DATA] bar_btc_volume has 255 points with Z-Score > 12.
2026-03-21 13:50:00,714 - WARNING - ⚠️ HIGH TAIL INTENSITY: [DNN_INPUT] volatility has 533 points with Z-Score > 12.
2026-03-21 13:50:00,714 - WARNING - ⚠️ HIGH TAIL INTENSITY: [DNN_INPUT] micro_price_momentum has 221 points with Z-Score > 12.
2026-03-21 13:50:00,714 - WARNING - ⚠️ HIGH TAIL INTENSITY: [DNN_INPUT] bid_rdi has 102 points with Z-Score > 12.
2026-03-21 13:50:00,714 - WARNING - ⚠️ HIGH TAIL INTENSITY: [DNN_INPUT] ask_rdi has 109 points with Z-Score > 12.
2026-03-21 13:50:00,714 - WARNING - ⚠️ HIGH TAIL INTENSITY: [DNN_INPUT] pressure_ratio has 305 points with Z-Score > 12.
2026-03-21 13:50:00,715 - WARNING - ⚠️ HIGH TAIL INTENSITY: [DNN_INPUT] body has 316 points with Z-Score > 12.
2026-03-21 13:50:00,715 - WARNING - ⚠️ HIGH TAIL INTENSITY: [DNN_INPUT] upper_wick has 280 points with Z-Score > 12.
2026-03-21 13:50:00,715 - WARNING - ⚠️ HIGH TAIL INTENSITY: [DNN_INPUT] lower_wick has 280 points with Z-Score > 12.
2026-03-21 13:50:00,715 - WARNING - ⚠️ HIGH TAIL INTENSITY: [DNN_INPUT] log_ret_close has 315 points with Z-Score > 12.
2026-03-21 13:50:00,715 - WARNING - ⚠️ HIGH TAIL INTENSITY: [DNN_INPUT] bid_rdi_delta_5 has 157 points with Z-Score > 12.
2026-03-21 13:50:00,715 - WARNING - ⚠️ HIGH TAIL INTENSITY: [DNN_INPUT] ask_rdi_delta_5 has 168 points with Z-Score > 12.
2026-03-21 13:50:00,715 - WARNING - ⚠️ HIGH TAIL INTENSITY: [DNN_INPUT] micro_price_delta_5 has 190 points with Z-Score > 12.
2026-03-21 13:50:00,715 - WARNING - ⚠️ HIGH TAIL INTENSITY: [DNN_INPUT] bid_rdi_delta_30 has 76 points with Z-Score > 12.
2026-03-21 13:50:00,715 - WARNING - ⚠️ HIGH TAIL INTENSITY: [DNN_INPUT] ask_rdi_delta_30 has 216 points with Z-Score > 12.
2026-03-21 13:50:00,715 - WARNING - ⚠️ HIGH TAIL INTENSITY: [DNN_INPUT] micro_price_delta_30 has 7 points with Z-Score > 12.
2026-03-21 13:50:00,715 - WARNING - ⚠️ HIGH TAIL INTENSITY: [DNN_INPUT] spread_zscore_60 has 428 points with Z-Score > 12.
2026-03-21 13:50:00,715 - WARNING - ⚠️ HIGH TAIL INTENSITY: [DNN_INPUT] kyle_lambda has 264 points with Z-Score > 12.
2026-03-21 13:50:00,715 - WARNING - ⚠️ HIGH TAIL INTENSITY: [DNN_INPUT] bid_deep_ratio has 885 points with Z-Score > 12.
2026-03-21 13:50:00,715 - WARNING - ⚠️ HIGH TAIL INTENSITY: [DNN_INPUT] ask_deep_ratio has 707 points with Z-Score > 12.
2026-03-21 13:50:00,716 - WARNING - ⚠️ HIGH TAIL INTENSITY: [DNN_INPUT] bid_convexity has 574 points with Z-Score > 12.
2026-03-21 13:50:00,716 - WARNING - ⚠️ HIGH TAIL INTENSITY: [DNN_INPUT] ask_convexity has 379 points with Z-Score > 12.
2026-03-21 13:50:00,768 - INFO - 📥 DOWNLOAD: 2023-03-15_BTCUSDT_ob500.data.zip
2026-03-21 13:50:00,849 - INFO - ✅ Protocol Island Split: 1/1 islands survived. Total rows: 319935
2026-03-21 13:50:00,849 - INFO - 🏆 Gold Validation complete for 2023-03-03_BTCUSDT_ob500.data. Status: VALID
2026-03-21 13:50:00,986 - INFO - Successfully saved 319935 rows to data/L2/pre_processed/2023-03-03_BTCUSDT_ob500.data.parquet
2026-03-21 13:50:00,986 - INFO - ✅ Saved event-driven dataset: 2023-03-03_BTCUSDT_ob500.data.parquet
2026-03-21 13:50:00,988 - INFO - 📊 [Memory] 2023-03-03_BTCUSDT_ob500.data: 0.0MB -> 18798.1MB
2026-03-21 13:50:01,344 - INFO - 💾 Memory Optimization: Dropping 801 raw book columns.
2026-03-21 13:50:01,394 - INFO - 📊 [Drop Success] 2023-03-01_BTCUSDT_ob500.data: Columns discarded | SYSTEM RAM: 109.01 GB (14.4%)
2026-03-21 13:50:01,394 - INFO - --- Validating 2023-03-01_BTCUSDT_ob500.data ---
2026-03-21 13:50:01,417 - INFO - ✅ ARCHITECTURE INTEGRITY: 30/30 features present. Audit Scope: 46 columns (30 Features + 15 Raw/Price).
2026-03-21 13:50:01,438 - INFO - No NaNs found.
2026-03-21 13:50:01,450 - INFO - No Infinite values found.
2026-03-21 13:50:01,452 - INFO - Chronological order verified.
2026-03-21 13:50:01,464 - WARNING - ⚠️ STALE DATA ALERT: Possible feed lock detected in 2023-03-01_BTCUSDT_ob500.data
2026-03-21 13:50:01,474 - WARNING - ☢️ CRITICAL OUTLIER: [DNN_INPUT] body max (1.5671e-03) is > 15x P99. Clipping might have failed!
2026-03-21 13:50:01,477 - WARNING - ☢️ CRITICAL OUTLIER: [DNN_INPUT] pressure_ratio max (2.0874e+04) is > 15x P99. Clipping might have failed!
2026-03-21 13:50:01,479 - WARNING - ☢️ CRITICAL OUTLIER: [DNN_INPUT] bid_deep_ratio max (7.5552e+04) is > 15x P99. Clipping might have failed!
2026-03-21 13:50:01,482 - WARNING - ☢️ CRITICAL OUTLIER: [DNN_INPUT] upper_wick max (1.8195e-03) is > 15x P99. Clipping might have failed!
2026-03-21 13:50:01,489 - WARNING - ☢️ CRITICAL OUTLIER: [DNN_INPUT] lower_wick max (1.0915e-03) is > 15x P99. Clipping might have failed!
2026-03-21 13:50:01,654 - WARNING - ⚠️ HIGH TAIL INTENSITY: [RAW_DATA] bar_usd_volume has 432 points with Z-Score > 12.
2026-03-21 13:50:01,654 - WARNING - ⚠️ HIGH TAIL INTENSITY: [RAW_DATA] bar_btc_volume has 428 points with Z-Score > 12.
2026-03-21 13:50:01,654 - WARNING - ⚠️ HIGH TAIL INTENSITY: [DNN_INPUT] max_spread has 636 points with Z-Score > 12.
2026-03-21 13:50:01,654 - WARNING - ⚠️ HIGH TAIL INTENSITY: [DNN_INPUT] volatility has 630 points with Z-Score > 12.
2026-03-21 13:50:01,655 - WARNING - ⚠️ HIGH TAIL INTENSITY: [DNN_INPUT] micro_price_momentum has 231 points with Z-Score > 12.
2026-03-21 13:50:01,655 - WARNING - ⚠️ HIGH TAIL INTENSITY: [DNN_INPUT] bid_rdi has 50 points with Z-Score > 12.
2026-03-21 13:50:01,655 - WARNING - ⚠️ HIGH TAIL INTENSITY: [DNN_INPUT] ask_rdi has 894 points with Z-Score > 12.
2026-03-21 13:50:01,655 - WARNING - ⚠️ HIGH TAIL INTENSITY: [DNN_INPUT] pressure_ratio has 120 points with Z-Score > 12.
2026-03-21 13:50:01,655 - WARNING - ⚠️ HIGH TAIL INTENSITY: [DNN_INPUT] body has 520 points with Z-Score > 12.
2026-03-21 13:50:01,655 - WARNING - ⚠️ HIGH TAIL INTENSITY: [DNN_INPUT] upper_wick has 274 points with Z-Score > 12.
2026-03-21 13:50:01,655 - WARNING - ⚠️ HIGH TAIL INTENSITY: [DNN_INPUT] lower_wick has 290 points with Z-Score > 12.
2026-03-21 13:50:01,655 - WARNING - ⚠️ HIGH TAIL INTENSITY: [DNN_INPUT] log_ret_close has 476 points with Z-Score > 12.
2026-03-21 13:50:01,656 - WARNING - ⚠️ HIGH TAIL INTENSITY: [DNN_INPUT] bid_rdi_delta_5 has 64 points with Z-Score > 12.
2026-03-21 13:50:01,656 - WARNING - ⚠️ HIGH TAIL INTENSITY: [DNN_INPUT] ask_rdi_delta_5 has 368 points with Z-Score > 12.
2026-03-21 13:50:01,656 - WARNING - ⚠️ HIGH TAIL INTENSITY: [DNN_INPUT] micro_price_delta_5 has 223 points with Z-Score > 12.
2026-03-21 13:50:01,656 - WARNING - ⚠️ HIGH TAIL INTENSITY: [DNN_INPUT] bid_rdi_delta_30 has 86 points with Z-Score > 12.
2026-03-21 13:50:01,656 - WARNING - ⚠️ HIGH TAIL INTENSITY: [DNN_INPUT] ask_rdi_delta_30 has 573 points with Z-Score > 12.
2026-03-21 13:50:01,656 - WARNING - ⚠️ HIGH TAIL INTENSITY: [DNN_INPUT] spread_zscore_60 has 648 points with Z-Score > 12.
2026-03-21 13:50:01,656 - WARNING - ⚠️ HIGH TAIL INTENSITY: [DNN_INPUT] kyle_lambda has 440 points with Z-Score > 12.
2026-03-21 13:50:01,656 - WARNING - ⚠️ HIGH TAIL INTENSITY: [DNN_INPUT] bid_deep_ratio has 811 points with Z-Score > 12.
2026-03-21 13:50:01,656 - WARNING - ⚠️ HIGH TAIL INTENSITY: [DNN_INPUT] ask_deep_ratio has 1169 points with Z-Score > 12.
2026-03-21 13:50:01,656 - WARNING - ⚠️ HIGH TAIL INTENSITY: [DNN_INPUT] bid_convexity has 1015 points with Z-Score > 12.
2026-03-21 13:50:01,656 - WARNING - ⚠️ HIGH TAIL INTENSITY: [DNN_INPUT] ask_convexity has 973 points with Z-Score > 12.
2026-03-21 13:50:01,845 - INFO - ✅ Protocol Island Split: 1/1 islands survived. Total rows: 414364
2026-03-21 13:50:01,845 - INFO - 🏆 Gold Validation complete for 2023-03-01_BTCUSDT_ob500.data. Status: VALID
2026-03-21 13:50:01,858 - INFO - 📥 DOWNLOAD FILE: BTCUSDT2023-03-17.csv.gz
2026-03-21 13:50:02,030 - INFO - Successfully saved 414364 rows to data/L2/pre_processed/2023-03-01_BTCUSDT_ob500.data.parquet
2026-03-21 13:50:02,031 - INFO - ✅ Saved event-driven dataset: 2023-03-01_BTCUSDT_ob500.data.parquet
2026-03-21 13:50:02,032 - INFO - 📊 [Memory] 2023-03-01_BTCUSDT_ob500.data: 0.0MB -> 20130.0MB
2026-03-21 13:50:02,798 - INFO - 📥 DOWNLOAD FILE: BTCUSDT2023-03-18.csv.gz
2026-03-21 13:50:03,662 - INFO - 📥 DOWNLOAD FILE: BTCUSDT2023-03-19.csv.gz
2026-03-21 13:50:05,501 - INFO - 🗑️ CLEANUP: Deleting processed zip: 2023-03-04_BTCUSDT_ob500.data.zip
2026-03-21 13:50:07,336 - INFO - 📊 [Peak Load] 2023-03-04_BTCUSDT_ob500.data: Raw data in RAM | SYSTEM RAM: 106.13 GB (14.0%)
2026-03-21 13:50:07,342 - INFO - EventSampler iniciado. Modo: 'both' | Dollar=500000.0 | Tick=5000 | Info=100.0 | Time=300000ms
2026-03-21 13:50:07,356 - INFO - 🗑️ CLEANUP: Deleting processed zip: 2023-03-06_BTCUSDT_ob500.data.zip
2026-03-21 13:50:07,836 - INFO - CUSUM (both): 7489 eventos. Trigger IID será aplicado dentro de cada janela CUSUM.
2026-03-21 13:50:08,041 - INFO - Barras geradas: 84490 | Ilhas: 1
2026-03-21 13:50:08,150 - INFO - 📥 DOWNLOAD: 2023-03-16_BTCUSDT_ob500.data.zip
2026-03-21 13:50:09,848 - INFO - 📊 [Peak Load] 2023-03-06_BTCUSDT_ob500.data: Raw data in RAM | SYSTEM RAM: 104.05 GB (13.8%)
2026-03-21 13:50:09,854 - INFO - EventSampler iniciado. Modo: 'both' | Dollar=500000.0 | Tick=5000 | Info=100.0 | Time=300000ms
2026-03-21 13:50:10,405 - INFO - 💾 Memory Optimization: Dropping 801 raw book columns.
2026-03-21 13:50:10,418 - INFO - 📊 [Drop Success] 2023-03-04_BTCUSDT_ob500.data: Columns discarded | SYSTEM RAM: 104.43 GB (13.8%)
2026-03-21 13:50:10,418 - INFO - --- Validating 2023-03-04_BTCUSDT_ob500.data ---
2026-03-21 13:50:10,429 - INFO - ✅ ARCHITECTURE INTEGRITY: 30/30 features present. Audit Scope: 46 columns (30 Features + 15 Raw/Price).
2026-03-21 13:50:10,432 - INFO - No NaNs found.
2026-03-21 13:50:10,435 - INFO - No Infinite values found.
2026-03-21 13:50:10,435 - INFO - Chronological order verified.
2026-03-21 13:50:10,439 - WARNING - ⚠️ STALE DATA ALERT: Possible feed lock detected in 2023-03-04_BTCUSDT_ob500.data
2026-03-21 13:50:10,441 - WARNING - ☢️ CRITICAL OUTLIER: [DNN_INPUT] max_spread max (3.3000e+00) is > 15x P99. Clipping might have failed!
2026-03-21 13:50:10,443 - WARNING - ☢️ CRITICAL OUTLIER: [DNN_INPUT] body max (8.6334e-04) is > 15x P99. Clipping might have failed!
2026-03-21 13:50:10,444 - WARNING - ☢️ CRITICAL OUTLIER: [DNN_INPUT] pressure_ratio max (7.5770e+02) is > 15x P99. Clipping might have failed!
2026-03-21 13:50:10,446 - WARNING - ☢️ CRITICAL OUTLIER: [DNN_INPUT] upper_wick max (7.6071e-04) is > 15x P99. Clipping might have failed!
2026-03-21 13:50:10,448 - WARNING - ☢️ CRITICAL OUTLIER: [DNN_INPUT] lower_wick max (8.0991e-04) is > 15x P99. Clipping might have failed!
2026-03-21 13:50:10,450 - WARNING - ☢️ CRITICAL OUTLIER: [DNN_INPUT] ask_deep_ratio max (1.0580e+05) is > 15x P99. Clipping might have failed!
2026-03-21 13:50:10,511 - WARNING - ⚠️ HIGH TAIL INTENSITY: [RAW_DATA] bar_usd_volume has 90 points with Z-Score > 12.
2026-03-21 13:50:10,512 - WARNING - ⚠️ HIGH TAIL INTENSITY: [RAW_DATA] bar_btc_volume has 91 points with Z-Score > 12.
2026-03-21 13:50:10,512 - WARNING - ⚠️ HIGH TAIL INTENSITY: [DNN_INPUT] max_spread has 191 points with Z-Score > 12.
2026-03-21 13:50:10,512 - WARNING - ⚠️ HIGH TAIL INTENSITY: [DNN_INPUT] volatility has 140 points with Z-Score > 12.
2026-03-21 13:50:10,512 - WARNING - ⚠️ HIGH TAIL INTENSITY: [DNN_INPUT] micro_price_momentum has 74 points with Z-Score > 12.
2026-03-21 13:50:10,512 - WARNING - ⚠️ HIGH TAIL INTENSITY: [DNN_INPUT] bid_rdi has 106 points with Z-Score > 12.
2026-03-21 13:50:10,512 - WARNING - ⚠️ HIGH TAIL INTENSITY: [DNN_INPUT] ask_rdi has 37 points with Z-Score > 12.
2026-03-21 13:50:10,513 - WARNING - ⚠️ HIGH TAIL INTENSITY: [DNN_INPUT] pressure_ratio has 88 points with Z-Score > 12.
2026-03-21 13:50:10,513 - WARNING - ⚠️ HIGH TAIL INTENSITY: [DNN_INPUT] body has 89 points with Z-Score > 12.
2026-03-21 13:50:10,513 - WARNING - ⚠️ HIGH TAIL INTENSITY: [DNN_INPUT] upper_wick has 57 points with Z-Score > 12.
2026-03-21 13:50:10,513 - WARNING - ⚠️ HIGH TAIL INTENSITY: [DNN_INPUT] lower_wick has 42 points with Z-Score > 12.
2026-03-21 13:50:10,513 - WARNING - ⚠️ HIGH TAIL INTENSITY: [DNN_INPUT] log_ret_close has 73 points with Z-Score > 12.
2026-03-21 13:50:10,513 - WARNING - ⚠️ HIGH TAIL INTENSITY: [DNN_INPUT] bid_rdi_delta_5 has 52 points with Z-Score > 12.
2026-03-21 13:50:10,513 - WARNING - ⚠️ HIGH TAIL INTENSITY: [DNN_INPUT] ask_rdi_delta_5 has 26 points with Z-Score > 12.
2026-03-21 13:50:10,513 - WARNING - ⚠️ HIGH TAIL INTENSITY: [DNN_INPUT] micro_price_delta_5 has 37 points with Z-Score > 12.
2026-03-21 13:50:10,514 - WARNING - ⚠️ HIGH TAIL INTENSITY: [DNN_INPUT] bid_rdi_delta_30 has 142 points with Z-Score > 12.
2026-03-21 13:50:10,514 - WARNING - ⚠️ HIGH TAIL INTENSITY: [DNN_INPUT] ask_rdi_delta_30 has 64 points with Z-Score > 12.
2026-03-21 13:50:10,514 - WARNING - ⚠️ HIGH TAIL INTENSITY: [DNN_INPUT] spread_zscore_60 has 135 points with Z-Score > 12.
2026-03-21 13:50:10,514 - WARNING - ⚠️ HIGH TAIL INTENSITY: [DNN_INPUT] kyle_lambda has 57 points with Z-Score > 12.
2026-03-21 13:50:10,514 - WARNING - ⚠️ HIGH TAIL INTENSITY: [DNN_INPUT] bid_deep_ratio has 214 points with Z-Score > 12.
2026-03-21 13:50:10,514 - WARNING - ⚠️ HIGH TAIL INTENSITY: [DNN_INPUT] ask_deep_ratio has 119 points with Z-Score > 12.
2026-03-21 13:50:10,514 - WARNING - ⚠️ HIGH TAIL INTENSITY: [DNN_INPUT] bid_convexity has 129 points with Z-Score > 12.
2026-03-21 13:50:10,514 - WARNING - ⚠️ HIGH TAIL INTENSITY: [DNN_INPUT] ask_convexity has 282 points with Z-Score > 12.
2026-03-21 13:50:10,572 - INFO - ✅ Protocol Island Split: 1/1 islands survived. Total rows: 84490
2026-03-21 13:50:10,572 - INFO - 🏆 Gold Validation complete for 2023-03-04_BTCUSDT_ob500.data. Status: VALID
2026-03-21 13:50:10,629 - INFO - Successfully saved 84490 rows to data/L2/pre_processed/2023-03-04_BTCUSDT_ob500.data.parquet
2026-03-21 13:50:10,629 - INFO - ✅ Saved event-driven dataset: 2023-03-04_BTCUSDT_ob500.data.parquet
2026-03-21 13:50:10,631 - INFO - 📊 [Memory] 2023-03-04_BTCUSDT_ob500.data: 0.0MB -> 14729.4MB
2026-03-21 13:50:10,712 - INFO - CUSUM (both): 13382 eventos. Trigger IID será aplicado dentro de cada janela CUSUM.
2026-03-21 13:50:10,903 - INFO - Barras geradas: 166088 | Ilhas: 1
2026-03-21 13:50:10,919 - INFO - 📂 STREAMING: 2023-03-15_BTCUSDT_ob500.data
2026-03-21 13:50:11,494 - INFO - 📥 DOWNLOAD: 2023-03-19_BTCUSDT_ob500.data.zip
2026-03-21 13:50:12,132 - INFO - 📥 DOWNLOAD FILE: BTCUSDT2023-03-20.csv.gz
2026-03-21 13:50:12,277 - INFO - 📥 DOWNLOAD: 2023-03-18_BTCUSDT_ob500.data.zip
2026-03-21 13:50:12,883 - INFO - 🗑️ CLEANUP: Deleting processed zip: 2023-03-05_BTCUSDT_ob500.data.zip
2026-03-21 13:50:13,511 - INFO - 📂 STREAMING: 2023-03-16_BTCUSDT_ob500.data
2026-03-21 13:50:13,916 - INFO - 📥 DOWNLOAD: 2023-03-17_BTCUSDT_ob500.data.zip
2026-03-21 13:50:15,277 - INFO - 💾 Memory Optimization: Dropping 801 raw book columns.
2026-03-21 13:50:15,292 - INFO - 📊 [Drop Success] 2023-03-06_BTCUSDT_ob500.data: Columns discarded | SYSTEM RAM: 102.07 GB (13.5%)
2026-03-21 13:50:15,292 - INFO - --- Validating 2023-03-06_BTCUSDT_ob500.data ---
2026-03-21 13:50:15,329 - INFO - ✅ ARCHITECTURE INTEGRITY: 30/30 features present. Audit Scope: 46 columns (30 Features + 15 Raw/Price).
2026-03-21 13:50:15,334 - INFO - No NaNs found.
2026-03-21 13:50:15,340 - INFO - No Infinite values found.
2026-03-21 13:50:15,340 - INFO - Chronological order verified.
2026-03-21 13:50:15,345 - WARNING - ⚠️ STALE DATA ALERT: Possible feed lock detected in 2023-03-06_BTCUSDT_ob500.data
2026-03-21 13:50:15,348 - WARNING - ☢️ CRITICAL OUTLIER: [DNN_INPUT] max_spread max (1.5500e+01) is > 15x P99. Clipping might have failed!
2026-03-21 13:50:15,351 - WARNING - ☢️ CRITICAL OUTLIER: [DNN_INPUT] body max (1.1148e-03) is > 15x P99. Clipping might have failed!
2026-03-21 13:50:15,352 - WARNING - ☢️ CRITICAL OUTLIER: [DNN_INPUT] pressure_ratio max (1.6835e+03) is > 15x P99. Clipping might have failed!
2026-03-21 13:50:15,354 - WARNING - ☢️ CRITICAL OUTLIER: [DNN_INPUT] upper_wick max (6.2972e-04) is > 15x P99. Clipping might have failed!
2026-03-21 13:50:15,358 - WARNING - ☢️ CRITICAL OUTLIER: [DNN_INPUT] lower_wick max (4.3165e-04) is > 15x P99. Clipping might have failed!
2026-03-21 13:50:15,454 - WARNING - ⚠️ HIGH TAIL INTENSITY: [RAW_DATA] bar_usd_volume has 191 points with Z-Score > 12.
2026-03-21 13:50:15,454 - WARNING - ⚠️ HIGH TAIL INTENSITY: [RAW_DATA] bar_btc_volume has 191 points with Z-Score > 12.
2026-03-21 13:50:15,455 - WARNING - ⚠️ HIGH TAIL INTENSITY: [DNN_INPUT] max_spread has 76 points with Z-Score > 12.
2026-03-21 13:50:15,455 - WARNING - ⚠️ HIGH TAIL INTENSITY: [DNN_INPUT] volatility has 237 points with Z-Score > 12.
2026-03-21 13:50:15,455 - WARNING - ⚠️ HIGH TAIL INTENSITY: [DNN_INPUT] micro_price_momentum has 206 points with Z-Score > 12.
2026-03-21 13:50:15,455 - WARNING - ⚠️ HIGH TAIL INTENSITY: [DNN_INPUT] bid_rdi has 232 points with Z-Score > 12.
2026-03-21 13:50:15,455 - WARNING - ⚠️ HIGH TAIL INTENSITY: [DNN_INPUT] ask_rdi has 43 points with Z-Score > 12.
2026-03-21 13:50:15,455 - WARNING - ⚠️ HIGH TAIL INTENSITY: [DNN_INPUT] pressure_ratio has 51 points with Z-Score > 12.
2026-03-21 13:50:15,455 - WARNING - ⚠️ HIGH TAIL INTENSITY: [DNN_INPUT] body has 161 points with Z-Score > 12.
2026-03-21 13:50:15,456 - WARNING - ⚠️ HIGH TAIL INTENSITY: [DNN_INPUT] upper_wick has 109 points with Z-Score > 12.
2026-03-21 13:50:15,456 - WARNING - ⚠️ HIGH TAIL INTENSITY: [DNN_INPUT] lower_wick has 97 points with Z-Score > 12.
2026-03-21 13:50:15,456 - WARNING - ⚠️ HIGH TAIL INTENSITY: [DNN_INPUT] log_ret_close has 155 points with Z-Score > 12.
2026-03-21 13:50:15,456 - WARNING - ⚠️ HIGH TAIL INTENSITY: [DNN_INPUT] bid_rdi_delta_5 has 113 points with Z-Score > 12.
2026-03-21 13:50:15,456 - WARNING - ⚠️ HIGH TAIL INTENSITY: [DNN_INPUT] ask_rdi_delta_5 has 37 points with Z-Score > 12.
2026-03-21 13:50:15,456 - WARNING - ⚠️ HIGH TAIL INTENSITY: [DNN_INPUT] micro_price_delta_5 has 39 points with Z-Score > 12.
2026-03-21 13:50:15,456 - WARNING - ⚠️ HIGH TAIL INTENSITY: [DNN_INPUT] bid_rdi_delta_30 has 314 points with Z-Score > 12.
2026-03-21 13:50:15,456 - WARNING - ⚠️ HIGH TAIL INTENSITY: [DNN_INPUT] ask_rdi_delta_30 has 78 points with Z-Score > 12.
2026-03-21 13:50:15,456 - WARNING - ⚠️ HIGH TAIL INTENSITY: [DNN_INPUT] spread_zscore_60 has 249 points with Z-Score > 12.
2026-03-21 13:50:15,456 - WARNING - ⚠️ HIGH TAIL INTENSITY: [DNN_INPUT] kyle_lambda has 128 points with Z-Score > 12.
2026-03-21 13:50:15,456 - WARNING - ⚠️ HIGH TAIL INTENSITY: [DNN_INPUT] bid_deep_ratio has 608 points with Z-Score > 12.
2026-03-21 13:50:15,457 - WARNING - ⚠️ HIGH TAIL INTENSITY: [DNN_INPUT] ask_deep_ratio has 572 points with Z-Score > 12.
2026-03-21 13:50:15,457 - WARNING - ⚠️ HIGH TAIL INTENSITY: [DNN_INPUT] bid_convexity has 318 points with Z-Score > 12.
2026-03-21 13:50:15,457 - WARNING - ⚠️ HIGH TAIL INTENSITY: [DNN_INPUT] ask_convexity has 438 points with Z-Score > 12.
2026-03-21 13:50:15,571 - INFO - ✅ Protocol Island Split: 1/1 islands survived. Total rows: 166088
2026-03-21 13:50:15,571 - INFO - 🏆 Gold Validation complete for 2023-03-06_BTCUSDT_ob500.data. Status: VALID
2026-03-21 13:50:15,678 - INFO - Successfully saved 166088 rows to data/L2/pre_processed/2023-03-06_BTCUSDT_ob500.data.parquet
2026-03-21 13:50:15,678 - INFO - ✅ Saved event-driven dataset: 2023-03-06_BTCUSDT_ob500.data.parquet
2026-03-21 13:50:15,679 - INFO - 📊 [Memory] 2023-03-06_BTCUSDT_ob500.data: 0.0MB -> 15792.5MB
2026-03-21 13:50:15,939 - INFO - 🗑️ CLEANUP: Deleting processed zip: 2023-03-07_BTCUSDT_ob500.data.zip
2026-03-21 13:50:17,095 - INFO - 📥 DOWNLOAD FILE: BTCUSDT2023-03-21.csv.gz
2026-03-21 13:50:18,516 - INFO - 📊 [Peak Load] 2023-03-07_BTCUSDT_ob500.data: Raw data in RAM | SYSTEM RAM: 104.33 GB (13.8%)
2026-03-21 13:50:18,525 - INFO - EventSampler iniciado. Modo: 'both' | Dollar=500000.0 | Tick=5000 | Info=100.0 | Time=300000ms
2026-03-21 13:50:19,388 - INFO - 📊 [Peak Load] 2023-03-05_BTCUSDT_ob500.data: Raw data in RAM | SYSTEM RAM: 107.25 GB (14.2%)
2026-03-21 13:50:19,394 - INFO - EventSampler iniciado. Modo: 'both' | Dollar=500000.0 | Tick=5000 | Info=100.0 | Time=300000ms
2026-03-21 13:50:20,087 - INFO - CUSUM (both): 19699 eventos. Trigger IID será aplicado dentro de cada janela CUSUM.
2026-03-21 13:50:20,097 - INFO - CUSUM (both): 11414 eventos. Trigger IID será aplicado dentro de cada janela CUSUM.
2026-03-21 13:50:20,281 - INFO - Barras geradas: 179286 | Ilhas: 1
2026-03-21 13:50:20,478 - INFO - Barras geradas: 369225 | Ilhas: 1
2026-03-21 13:50:28,631 - INFO - 💾 Memory Optimization: Dropping 801 raw book columns.
2026-03-21 13:50:28,642 - INFO - 📊 [Drop Success] 2023-03-05_BTCUSDT_ob500.data: Columns discarded | SYSTEM RAM: 100.32 GB (13.3%)
2026-03-21 13:50:28,642 - INFO - --- Validating 2023-03-05_BTCUSDT_ob500.data ---
2026-03-21 13:50:28,660 - INFO - ✅ ARCHITECTURE INTEGRITY: 30/30 features present. Audit Scope: 46 columns (30 Features + 15 Raw/Price).
2026-03-21 13:50:28,669 - INFO - No NaNs found.
2026-03-21 13:50:28,674 - INFO - No Infinite values found.
2026-03-21 13:50:28,675 - INFO - Chronological order verified.
2026-03-21 13:50:28,681 - WARNING - ⚠️ STALE DATA ALERT: Possible feed lock detected in 2023-03-05_BTCUSDT_ob500.data
2026-03-21 13:50:28,686 - WARNING - ☢️ CRITICAL OUTLIER: [DNN_INPUT] body max (1.1519e-03) is > 15x P99. Clipping might have failed!
2026-03-21 13:50:28,688 - WARNING - ☢️ CRITICAL OUTLIER: [DNN_INPUT] pressure_ratio max (1.0173e+03) is > 15x P99. Clipping might have failed!
2026-03-21 13:50:28,690 - WARNING - ☢️ CRITICAL OUTLIER: [DNN_INPUT] upper_wick max (1.1129e-03) is > 15x P99. Clipping might have failed!
2026-03-21 13:50:28,693 - WARNING - ☢️ CRITICAL OUTLIER: [DNN_INPUT] lower_wick max (1.0938e-03) is > 15x P99. Clipping might have failed!
2026-03-21 13:50:28,721 - INFO - 📂 STREAMING: 2023-03-18_BTCUSDT_ob500.data
2026-03-21 13:50:28,769 - WARNING - ⚠️ HIGH TAIL INTENSITY: [RAW_DATA] bar_usd_volume has 190 points with Z-Score > 12.
2026-03-21 13:50:28,769 - WARNING - ⚠️ HIGH TAIL INTENSITY: [RAW_DATA] bar_btc_volume has 190 points with Z-Score > 12.
2026-03-21 13:50:28,769 - WARNING - ⚠️ HIGH TAIL INTENSITY: [DNN_INPUT] volatility has 271 points with Z-Score > 12.
2026-03-21 13:50:28,769 - WARNING - ⚠️ HIGH TAIL INTENSITY: [DNN_INPUT] micro_price_momentum has 23 points with Z-Score > 12.
2026-03-21 13:50:28,769 - WARNING - ⚠️ HIGH TAIL INTENSITY: [DNN_INPUT] bid_rdi has 18 points with Z-Score > 12.
2026-03-21 13:50:28,770 - WARNING - ⚠️ HIGH TAIL INTENSITY: [DNN_INPUT] ask_rdi has 84 points with Z-Score > 12.
2026-03-21 13:50:28,770 - WARNING - ⚠️ HIGH TAIL INTENSITY: [DNN_INPUT] pressure_ratio has 188 points with Z-Score > 12.
2026-03-21 13:50:28,770 - WARNING - ⚠️ HIGH TAIL INTENSITY: [DNN_INPUT] body has 179 points with Z-Score > 12.
2026-03-21 13:50:28,770 - WARNING - ⚠️ HIGH TAIL INTENSITY: [DNN_INPUT] upper_wick has 101 points with Z-Score > 12.
2026-03-21 13:50:28,770 - WARNING - ⚠️ HIGH TAIL INTENSITY: [DNN_INPUT] lower_wick has 116 points with Z-Score > 12.
2026-03-21 13:50:28,770 - WARNING - ⚠️ HIGH TAIL INTENSITY: [DNN_INPUT] log_ret_close has 198 points with Z-Score > 12.
2026-03-21 13:50:28,770 - WARNING - ⚠️ HIGH TAIL INTENSITY: [DNN_INPUT] bid_rdi_delta_5 has 20 points with Z-Score > 12.
2026-03-21 13:50:28,770 - WARNING - ⚠️ HIGH TAIL INTENSITY: [DNN_INPUT] ask_rdi_delta_5 has 54 points with Z-Score > 12.
2026-03-21 13:50:28,770 - WARNING - ⚠️ HIGH TAIL INTENSITY: [DNN_INPUT] micro_price_delta_5 has 97 points with Z-Score > 12.
2026-03-21 13:50:28,771 - WARNING - ⚠️ HIGH TAIL INTENSITY: [DNN_INPUT] bid_rdi_delta_30 has 36 points with Z-Score > 12.
2026-03-21 13:50:28,771 - WARNING - ⚠️ HIGH TAIL INTENSITY: [DNN_INPUT] ask_rdi_delta_30 has 122 points with Z-Score > 12.
2026-03-21 13:50:28,771 - WARNING - ⚠️ HIGH TAIL INTENSITY: [DNN_INPUT] spread_zscore_60 has 284 points with Z-Score > 12.
2026-03-21 13:50:28,771 - WARNING - ⚠️ HIGH TAIL INTENSITY: [DNN_INPUT] kyle_lambda has 170 points with Z-Score > 12.
2026-03-21 13:50:28,771 - WARNING - ⚠️ HIGH TAIL INTENSITY: [DNN_INPUT] bid_deep_ratio has 443 points with Z-Score > 12.
2026-03-21 13:50:28,771 - WARNING - ⚠️ HIGH TAIL INTENSITY: [DNN_INPUT] ask_deep_ratio has 638 points with Z-Score > 12.
2026-03-21 13:50:28,771 - WARNING - ⚠️ HIGH TAIL INTENSITY: [DNN_INPUT] bid_convexity has 244 points with Z-Score > 12.
2026-03-21 13:50:28,771 - WARNING - ⚠️ HIGH TAIL INTENSITY: [DNN_INPUT] ask_convexity has 426 points with Z-Score > 12.
2026-03-21 13:50:28,884 - INFO - ✅ Protocol Island Split: 1/1 islands survived. Total rows: 179286
2026-03-21 13:50:28,884 - INFO - 🏆 Gold Validation complete for 2023-03-05_BTCUSDT_ob500.data. Status: VALID
2026-03-21 13:50:28,983 - INFO - Successfully saved 179286 rows to data/L2/pre_processed/2023-03-05_BTCUSDT_ob500.data.parquet
2026-03-21 13:50:28,983 - INFO - ✅ Saved event-driven dataset: 2023-03-05_BTCUSDT_ob500.data.parquet
2026-03-21 13:50:28,985 - INFO - 📊 [Memory] 2023-03-05_BTCUSDT_ob500.data: 0.0MB -> 13774.3MB
2026-03-21 13:50:29,178 - INFO - 📂 STREAMING: 2023-03-17_BTCUSDT_ob500.data
2026-03-21 13:50:30,549 - INFO - 📥 DOWNLOAD FILE: BTCUSDT2023-03-22.csv.gz
2026-03-21 13:50:31,773 - INFO - 💾 Memory Optimization: Dropping 801 raw book columns.
2026-03-21 13:50:31,806 - INFO - 📊 [Drop Success] 2023-03-07_BTCUSDT_ob500.data: Columns discarded | SYSTEM RAM: 99.94 GB (13.2%)
2026-03-21 13:50:31,806 - INFO - --- Validating 2023-03-07_BTCUSDT_ob500.data ---
2026-03-21 13:50:31,838 - INFO - ✅ ARCHITECTURE INTEGRITY: 30/30 features present. Audit Scope: 46 columns (30 Features + 15 Raw/Price).
2026-03-21 13:50:31,850 - INFO - No NaNs found.
2026-03-21 13:50:31,860 - INFO - No Infinite values found.
2026-03-21 13:50:31,862 - INFO - Chronological order verified.
2026-03-21 13:50:31,872 - WARNING - ⚠️ STALE DATA ALERT: Possible feed lock detected in 2023-03-07_BTCUSDT_ob500.data
2026-03-21 13:50:31,880 - WARNING - ☢️ CRITICAL OUTLIER: [DNN_INPUT] body max (1.8570e-03) is > 15x P99. Clipping might have failed!
2026-03-21 13:50:31,882 - WARNING - ☢️ CRITICAL OUTLIER: [DNN_INPUT] pressure_ratio max (3.0129e+03) is > 15x P99. Clipping might have failed!
2026-03-21 13:50:31,886 - WARNING - ☢️ CRITICAL OUTLIER: [DNN_INPUT] upper_wick max (7.7943e-04) is > 15x P99. Clipping might have failed!
2026-03-21 13:50:31,893 - WARNING - ☢️ CRITICAL OUTLIER: [DNN_INPUT] lower_wick max (7.5254e-04) is > 15x P99. Clipping might have failed!
2026-03-21 13:50:31,898 - WARNING - ☢️ CRITICAL OUTLIER: [DNN_INPUT] ask_deep_ratio max (1.0453e+05) is > 15x P99. Clipping might have failed!
2026-03-21 13:50:32,042 - WARNING - ⚠️ HIGH TAIL INTENSITY: [RAW_DATA] bar_usd_volume has 403 points with Z-Score > 12.
2026-03-21 13:50:32,042 - WARNING - ⚠️ HIGH TAIL INTENSITY: [RAW_DATA] bar_btc_volume has 404 points with Z-Score > 12.
2026-03-21 13:50:32,042 - WARNING - ⚠️ HIGH TAIL INTENSITY: [DNN_INPUT] max_spread has 667 points with Z-Score > 12.
2026-03-21 13:50:32,042 - WARNING - ⚠️ HIGH TAIL INTENSITY: [DNN_INPUT] volatility has 504 points with Z-Score > 12.
2026-03-21 13:50:32,042 - WARNING - ⚠️ HIGH TAIL INTENSITY: [DNN_INPUT] micro_price_momentum has 304 points with Z-Score > 12.
2026-03-21 13:50:32,043 - WARNING - ⚠️ HIGH TAIL INTENSITY: [DNN_INPUT] bid_rdi has 315 points with Z-Score > 12.
2026-03-21 13:50:32,043 - WARNING - ⚠️ HIGH TAIL INTENSITY: [DNN_INPUT] ask_rdi has 543 points with Z-Score > 12.
2026-03-21 13:50:32,043 - WARNING - ⚠️ HIGH TAIL INTENSITY: [DNN_INPUT] pressure_ratio has 93 points with Z-Score > 12.
2026-03-21 13:50:32,043 - WARNING - ⚠️ HIGH TAIL INTENSITY: [DNN_INPUT] body has 358 points with Z-Score > 12.
2026-03-21 13:50:32,043 - WARNING - ⚠️ HIGH TAIL INTENSITY: [DNN_INPUT] upper_wick has 295 points with Z-Score > 12.
2026-03-21 13:50:32,043 - WARNING - ⚠️ HIGH TAIL INTENSITY: [DNN_INPUT] lower_wick has 216 points with Z-Score > 12.
2026-03-21 13:50:32,043 - WARNING - ⚠️ HIGH TAIL INTENSITY: [DNN_INPUT] log_ret_close has 358 points with Z-Score > 12.
2026-03-21 13:50:32,043 - WARNING - ⚠️ HIGH TAIL INTENSITY: [DNN_INPUT] bid_rdi_delta_5 has 106 points with Z-Score > 12.
2026-03-21 13:50:32,043 - WARNING - ⚠️ HIGH TAIL INTENSITY: [DNN_INPUT] ask_rdi_delta_5 has 112 points with Z-Score > 12.
2026-03-21 13:50:32,043 - WARNING - ⚠️ HIGH TAIL INTENSITY: [DNN_INPUT] micro_price_delta_5 has 109 points with Z-Score > 12.
2026-03-21 13:50:32,044 - WARNING - ⚠️ HIGH TAIL INTENSITY: [DNN_INPUT] bid_rdi_delta_30 has 232 points with Z-Score > 12.
2026-03-21 13:50:32,044 - WARNING - ⚠️ HIGH TAIL INTENSITY: [DNN_INPUT] ask_rdi_delta_30 has 372 points with Z-Score > 12.
2026-03-21 13:50:32,044 - WARNING - ⚠️ HIGH TAIL INTENSITY: [DNN_INPUT] spread_zscore_60 has 543 points with Z-Score > 12.
2026-03-21 13:50:32,044 - WARNING - ⚠️ HIGH TAIL INTENSITY: [DNN_INPUT] kyle_lambda has 259 points with Z-Score > 12.
2026-03-21 13:50:32,044 - WARNING - ⚠️ HIGH TAIL INTENSITY: [DNN_INPUT] bid_deep_ratio has 1047 points with Z-Score > 12.
2026-03-21 13:50:32,044 - WARNING - ⚠️ HIGH TAIL INTENSITY: [DNN_INPUT] ask_deep_ratio has 686 points with Z-Score > 12.
2026-03-21 13:50:32,044 - WARNING - ⚠️ HIGH TAIL INTENSITY: [DNN_INPUT] bid_convexity has 1024 points with Z-Score > 12.
2026-03-21 13:50:32,044 - WARNING - ⚠️ HIGH TAIL INTENSITY: [DNN_INPUT] ask_convexity has 591 points with Z-Score > 12.
2026-03-21 13:50:32,278 - INFO - ✅ Protocol Island Split: 1/1 islands survived. Total rows: 369225
2026-03-21 13:50:32,278 - INFO - 🏆 Gold Validation complete for 2023-03-07_BTCUSDT_ob500.data. Status: VALID
2026-03-21 13:50:32,445 - INFO - Successfully saved 369225 rows to data/L2/pre_processed/2023-03-07_BTCUSDT_ob500.data.parquet
2026-03-21 13:50:32,445 - INFO - ✅ Saved event-driven dataset: 2023-03-07_BTCUSDT_ob500.data.parquet
2026-03-21 13:50:32,448 - INFO - 📊 [Memory] 2023-03-07_BTCUSDT_ob500.data: 0.0MB -> 18912.9MB
2026-03-21 13:50:34,215 - INFO - 📥 DOWNLOAD FILE: BTCUSDT2023-03-23.csv.gz
2026-03-21 13:50:34,748 - INFO - 🗑️ CLEANUP: Deleting processed zip: 2023-03-08_BTCUSDT_ob500.data.zip
2026-03-21 13:50:36,821 - INFO - 📥 DOWNLOAD: 2023-03-20_BTCUSDT_ob500.data.zip
2026-03-21 13:50:37,357 - INFO - 📊 [Peak Load] 2023-03-08_BTCUSDT_ob500.data: Raw data in RAM | SYSTEM RAM: 102.33 GB (13.5%)
2026-03-21 13:50:37,363 - INFO - EventSampler iniciado. Modo: 'both' | Dollar=500000.0 | Tick=5000 | Info=100.0 | Time=300000ms
2026-03-21 13:50:39,097 - INFO - CUSUM (both): 21879 eventos. Trigger IID será aplicado dentro de cada janela CUSUM.
2026-03-21 13:50:39,443 - INFO - Barras geradas: 365974 | Ilhas: 1
2026-03-21 13:50:43,642 - INFO - 📥 DOWNLOAD: 2023-03-22_BTCUSDT_ob500.data.zip
2026-03-21 13:50:45,672 - INFO - 📥 DOWNLOAD: 2023-03-21_BTCUSDT_ob500.data.zip
2026-03-21 13:50:46,832 - INFO - 📥 DOWNLOAD: 2023-03-23_BTCUSDT_ob500.data.zip
2026-03-21 13:50:46,989 - INFO - 🗑️ CLEANUP: Deleting processed zip: 2023-03-12_BTCUSDT_ob500.data.zip
2026-03-21 13:50:47,774 - INFO - 📂 STREAMING: 2023-03-20_BTCUSDT_ob500.data
2026-03-21 13:50:48,726 - INFO - 🗑️ CLEANUP: Deleting processed zip: 2023-03-10_BTCUSDT_ob500.data.zip
2026-03-21 13:50:49,171 - INFO - 💾 Memory Optimization: Dropping 801 raw book columns.
2026-03-21 13:50:49,187 - INFO - 📊 [Drop Success] 2023-03-08_BTCUSDT_ob500.data: Columns discarded | SYSTEM RAM: 101.90 GB (13.5%)
2026-03-21 13:50:49,187 - INFO - --- Validating 2023-03-08_BTCUSDT_ob500.data ---
2026-03-21 13:50:49,212 - INFO - ✅ ARCHITECTURE INTEGRITY: 30/30 features present. Audit Scope: 46 columns (30 Features + 15 Raw/Price).
2026-03-21 13:50:49,223 - INFO - No NaNs found.
2026-03-21 13:50:49,233 - INFO - No Infinite values found.
2026-03-21 13:50:49,235 - INFO - Chronological order verified.
2026-03-21 13:50:49,244 - WARNING - ⚠️ STALE DATA ALERT: Possible feed lock detected in 2023-03-08_BTCUSDT_ob500.data
2026-03-21 13:50:49,252 - WARNING - ☢️ CRITICAL OUTLIER: [DNN_INPUT] body max (1.6329e-03) is > 15x P99. Clipping might have failed!
2026-03-21 13:50:49,254 - WARNING - ☢️ CRITICAL OUTLIER: [DNN_INPUT] pressure_ratio max (9.4954e+03) is > 15x P99. Clipping might have failed!
2026-03-21 13:50:49,256 - WARNING - ☢️ CRITICAL OUTLIER: [DNN_INPUT] bid_deep_ratio max (8.9422e+04) is > 15x P99. Clipping might have failed!
2026-03-21 13:50:49,258 - WARNING - ☢️ CRITICAL OUTLIER: [DNN_INPUT] upper_wick max (1.3567e-03) is > 15x P99. Clipping might have failed!
2026-03-21 13:50:49,265 - WARNING - ☢️ CRITICAL OUTLIER: [DNN_INPUT] lower_wick max (1.1797e-03) is > 15x P99. Clipping might have failed!
2026-03-21 13:50:49,271 - WARNING - ☢️ CRITICAL OUTLIER: [DNN_INPUT] ask_deep_ratio max (1.0847e+05) is > 15x P99. Clipping might have failed!
2026-03-21 13:50:49,484 - WARNING - ⚠️ HIGH TAIL INTENSITY: [RAW_DATA] bar_usd_volume has 388 points with Z-Score > 12.
2026-03-21 13:50:49,485 - WARNING - ⚠️ HIGH TAIL INTENSITY: [RAW_DATA] bar_btc_volume has 384 points with Z-Score > 12.
2026-03-21 13:50:49,485 - WARNING - ⚠️ HIGH TAIL INTENSITY: [DNN_INPUT] volatility has 551 points with Z-Score > 12.
2026-03-21 13:50:49,485 - WARNING - ⚠️ HIGH TAIL INTENSITY: [DNN_INPUT] micro_price_momentum has 515 points with Z-Score > 12.
2026-03-21 13:50:49,485 - WARNING - ⚠️ HIGH TAIL INTENSITY: [DNN_INPUT] bid_rdi has 180 points with Z-Score > 12.
2026-03-21 13:50:49,485 - WARNING - ⚠️ HIGH TAIL INTENSITY: [DNN_INPUT] ask_rdi has 291 points with Z-Score > 12.
2026-03-21 13:50:49,485 - WARNING - ⚠️ HIGH TAIL INTENSITY: [DNN_INPUT] pressure_ratio has 171 points with Z-Score > 12.
2026-03-21 13:50:49,485 - WARNING - ⚠️ HIGH TAIL INTENSITY: [DNN_INPUT] body has 501 points with Z-Score > 12.
2026-03-21 13:50:49,486 - WARNING - ⚠️ HIGH TAIL INTENSITY: [DNN_INPUT] upper_wick has 309 points with Z-Score > 12.
2026-03-21 13:50:49,486 - WARNING - ⚠️ HIGH TAIL INTENSITY: [DNN_INPUT] lower_wick has 282 points with Z-Score > 12.
2026-03-21 13:50:49,486 - WARNING - ⚠️ HIGH TAIL INTENSITY: [DNN_INPUT] log_ret_close has 456 points with Z-Score > 12.
2026-03-21 13:50:49,486 - WARNING - ⚠️ HIGH TAIL INTENSITY: [DNN_INPUT] bid_rdi_delta_5 has 114 points with Z-Score > 12.
2026-03-21 13:50:49,486 - WARNING - ⚠️ HIGH TAIL INTENSITY: [DNN_INPUT] ask_rdi_delta_5 has 130 points with Z-Score > 12.
2026-03-21 13:50:49,486 - WARNING - ⚠️ HIGH TAIL INTENSITY: [DNN_INPUT] micro_price_delta_5 has 242 points with Z-Score > 12.
2026-03-21 13:50:49,486 - WARNING - ⚠️ HIGH TAIL INTENSITY: [DNN_INPUT] bid_rdi_delta_30 has 250 points with Z-Score > 12.
2026-03-21 13:50:49,486 - WARNING - ⚠️ HIGH TAIL INTENSITY: [DNN_INPUT] ask_rdi_delta_30 has 294 points with Z-Score > 12.
2026-03-21 13:50:49,486 - WARNING - ⚠️ HIGH TAIL INTENSITY: [DNN_INPUT] micro_price_delta_30 has 3 points with Z-Score > 12.
2026-03-21 13:50:49,486 - WARNING - ⚠️ HIGH TAIL INTENSITY: [DNN_INPUT] spread_zscore_60 has 572 points with Z-Score > 12.
2026-03-21 13:50:49,486 - WARNING - ⚠️ HIGH TAIL INTENSITY: [DNN_INPUT] kyle_lambda has 406 points with Z-Score > 12.
2026-03-21 13:50:49,487 - WARNING - ⚠️ HIGH TAIL INTENSITY: [DNN_INPUT] bid_deep_ratio has 961 points with Z-Score > 12.
2026-03-21 13:50:49,487 - WARNING - ⚠️ HIGH TAIL INTENSITY: [DNN_INPUT] ask_deep_ratio has 918 points with Z-Score > 12.
2026-03-21 13:50:49,487 - WARNING - ⚠️ HIGH TAIL INTENSITY: [DNN_INPUT] bid_convexity has 863 points with Z-Score > 12.
2026-03-21 13:50:49,487 - WARNING - ⚠️ HIGH TAIL INTENSITY: [DNN_INPUT] ask_convexity has 673 points with Z-Score > 12.
2026-03-21 13:50:49,900 - INFO - ✅ Protocol Island Split: 1/1 islands survived. Total rows: 365974
2026-03-21 13:50:49,904 - INFO - 🏆 Gold Validation complete for 2023-03-08_BTCUSDT_ob500.data. Status: VALID
2026-03-21 13:50:50,060 - INFO - 📊 [Peak Load] 2023-03-12_BTCUSDT_ob500.data: Raw data in RAM | SYSTEM RAM: 109.33 GB (14.5%)
2026-03-21 13:50:50,224 - INFO - EventSampler iniciado. Modo: 'both' | Dollar=500000.0 | Tick=5000 | Info=100.0 | Time=300000ms
2026-03-21 13:50:50,368 - INFO - Successfully saved 365974 rows to data/L2/pre_processed/2023-03-08_BTCUSDT_ob500.data.parquet
2026-03-21 13:50:50,368 - INFO - ✅ Saved event-driven dataset: 2023-03-08_BTCUSDT_ob500.data.parquet
2026-03-21 13:50:50,369 - INFO - 📊 [Memory] 2023-03-08_BTCUSDT_ob500.data: 0.0MB -> 19451.3MB
2026-03-21 13:50:50,848 - INFO - 🗑️ CLEANUP: Deleting processed zip: 2023-03-09_BTCUSDT_ob500.data.zip
2026-03-21 13:50:51,735 - INFO - 📂 STREAMING: 2023-03-23_BTCUSDT_ob500.data
2026-03-21 13:50:52,028 - INFO - 📂 STREAMING: 2023-03-21_BTCUSDT_ob500.data
2026-03-21 13:50:52,212 - INFO - 📥 DOWNLOAD FILE: BTCUSDT2023-03-24.csv.gz
2026-03-21 13:50:52,400 - INFO - CUSUM (both): 34367 eventos. Trigger IID será aplicado dentro de cada janela CUSUM.
2026-03-21 13:50:52,796 - INFO - 📂 STREAMING: 2023-03-19_BTCUSDT_ob500.data
2026-03-21 13:50:52,974 - INFO - 📊 [Peak Load] 2023-03-10_BTCUSDT_ob500.data: Raw data in RAM | SYSTEM RAM: 126.02 GB (16.7%)
2026-03-21 13:50:52,983 - INFO - EventSampler iniciado. Modo: 'both' | Dollar=500000.0 | Tick=5000 | Info=100.0 | Time=300000ms
2026-03-21 13:50:53,406 - INFO - Barras geradas: 365374 | Ilhas: 1
2026-03-21 13:50:53,801 - INFO - 🗑️ CLEANUP: Deleting processed zip: 2023-03-11_BTCUSDT_ob500.data.zip
2026-03-21 13:50:55,008 - INFO - 📊 [Peak Load] 2023-03-09_BTCUSDT_ob500.data: Raw data in RAM | SYSTEM RAM: 128.96 GB (17.1%)
2026-03-21 13:50:55,021 - INFO - EventSampler iniciado. Modo: 'both' | Dollar=500000.0 | Tick=5000 | Info=100.0 | Time=300000ms
2026-03-21 13:50:55,512 - INFO - 📂 STREAMING: 2023-03-22_BTCUSDT_ob500.data
2026-03-21 13:50:55,932 - INFO - CUSUM (both): 53159 eventos. Trigger IID será aplicado dentro de cada janela CUSUM.
2026-03-21 13:50:57,428 - INFO - Barras geradas: 623410 | Ilhas: 1
2026-03-21 13:50:58,334 - INFO - 📊 [Peak Load] 2023-03-11_BTCUSDT_ob500.data: Raw data in RAM | SYSTEM RAM: 135.27 GB (17.9%)
2026-03-21 13:50:58,345 - INFO - EventSampler iniciado. Modo: 'both' | Dollar=500000.0 | Tick=5000 | Info=100.0 | Time=300000ms
2026-03-21 13:50:59,171 - INFO - 🗑️ CLEANUP: Deleting processed zip: 2023-03-13_BTCUSDT_ob500.data.zip
2026-03-21 13:51:00,115 - INFO - 📥 DOWNLOAD: 2023-03-24_BTCUSDT_ob500.data.zip
2026-03-21 13:51:00,188 - INFO - CUSUM (both): 36695 eventos. Trigger IID será aplicado dentro de cada janela CUSUM.
2026-03-21 13:51:00,939 - INFO - CUSUM (both): 33280 eventos. Trigger IID será aplicado dentro de cada janela CUSUM.
2026-03-21 13:51:00,998 - INFO - Barras geradas: 353320 | Ilhas: 1
2026-03-21 13:51:02,232 - INFO - Barras geradas: 552805 | Ilhas: 1
2026-03-21 13:51:07,321 - INFO - 📂 STREAMING: 2023-03-24_BTCUSDT_ob500.data
2026-03-21 13:51:12,399 - INFO - 📊 [Peak Load] 2023-03-13_BTCUSDT_ob500.data: Raw data in RAM | SYSTEM RAM: 121.63 GB (16.1%)
2026-03-21 13:51:12,424 - INFO - EventSampler iniciado. Modo: 'both' | Dollar=500000.0 | Tick=5000 | Info=100.0 | Time=300000ms
2026-03-21 13:51:15,934 - INFO - 💾 Memory Optimization: Dropping 801 raw book columns.
2026-03-21 13:51:15,991 - INFO - 📊 [Drop Success] 2023-03-12_BTCUSDT_ob500.data: Columns discarded | SYSTEM RAM: 135.75 GB (18.0%)
2026-03-21 13:51:15,995 - INFO - --- Validating 2023-03-12_BTCUSDT_ob500.data ---
2026-03-21 13:51:16,050 - INFO - ✅ ARCHITECTURE INTEGRITY: 30/30 features present. Audit Scope: 46 columns (30 Features + 15 Raw/Price).
2026-03-21 13:51:16,097 - INFO - No NaNs found.
2026-03-21 13:51:16,130 - INFO - No Infinite values found.
2026-03-21 13:51:16,135 - INFO - Chronological order verified.
2026-03-21 13:51:16,184 - WARNING - ⚠️ STALE DATA ALERT: Possible feed lock detected in 2023-03-12_BTCUSDT_ob500.data
2026-03-21 13:51:16,226 - WARNING - ☢️ CRITICAL OUTLIER: [DNN_INPUT] body max (3.8605e-03) is > 15x P99. Clipping might have failed!
2026-03-21 13:51:16,233 - WARNING - ☢️ CRITICAL OUTLIER: [DNN_INPUT] pressure_ratio max (4.9154e+03) is > 15x P99. Clipping might have failed!
2026-03-21 13:51:16,247 - WARNING - ☢️ CRITICAL OUTLIER: [DNN_INPUT] bid_deep_ratio max (8.6416e+04) is > 15x P99. Clipping might have failed!
2026-03-21 13:51:16,270 - WARNING - ☢️ CRITICAL OUTLIER: [DNN_INPUT] upper_wick max (2.5428e-03) is > 15x P99. Clipping might have failed!
2026-03-21 13:51:16,322 - WARNING - ☢️ CRITICAL OUTLIER: [DNN_INPUT] lower_wick max (3.5801e-03) is > 15x P99. Clipping might have failed!
2026-03-21 13:51:16,325 - WARNING - ☢️ CRITICAL OUTLIER: [DNN_INPUT] bid_convexity max (2.5000e+02) is > 15x P99. Clipping might have failed!
2026-03-21 13:51:16,354 - WARNING - ☢️ CRITICAL OUTLIER: [DNN_INPUT] ask_deep_ratio max (1.0343e+05) is > 15x P99. Clipping might have failed!
2026-03-21 13:51:16,606 - INFO - 💾 Memory Optimization: Dropping 801 raw book columns.
2026-03-21 13:51:16,649 - INFO - 📊 [Drop Success] 2023-03-11_BTCUSDT_ob500.data: Columns discarded | SYSTEM RAM: 135.94 GB (18.0%)
2026-03-21 13:51:16,653 - INFO - --- Validating 2023-03-11_BTCUSDT_ob500.data ---
2026-03-21 13:51:16,727 - INFO - ✅ ARCHITECTURE INTEGRITY: 30/30 features present. Audit Scope: 46 columns (30 Features + 15 Raw/Price).
2026-03-21 13:51:16,776 - INFO - No NaNs found.
2026-03-21 13:51:16,851 - INFO - No Infinite values found.
2026-03-21 13:51:16,852 - INFO - Chronological order verified.
2026-03-21 13:51:16,879 - WARNING - ⚠️ STALE DATA ALERT: Possible feed lock detected in 2023-03-11_BTCUSDT_ob500.data
2026-03-21 13:51:16,931 - WARNING - ☢️ CRITICAL OUTLIER: [DNN_INPUT] pressure_ratio max (4.9701e+03) is > 15x P99. Clipping might have failed!
2026-03-21 13:51:16,946 - WARNING - ☢️ CRITICAL OUTLIER: [DNN_INPUT] bid_deep_ratio max (8.5016e+04) is > 15x P99. Clipping might have failed!
2026-03-21 13:51:16,953 - WARNING - ☢️ CRITICAL OUTLIER: [DNN_INPUT] upper_wick max (9.2368e-04) is > 15x P99. Clipping might have failed!
2026-03-21 13:51:16,955 - INFO - CUSUM (both): 67052 eventos. Trigger IID será aplicado dentro de cada janela CUSUM.
2026-03-21 13:51:16,962 - WARNING - ☢️ CRITICAL OUTLIER: [DNN_INPUT] ask_convexity max (2.5000e+02) is > 15x P99. Clipping might have failed!
2026-03-21 13:51:16,997 - WARNING - ☢️ CRITICAL OUTLIER: [DNN_INPUT] lower_wick max (1.0801e-03) is > 15x P99. Clipping might have failed!
2026-03-21 13:51:17,026 - WARNING - ☢️ CRITICAL OUTLIER: [DNN_INPUT] ask_deep_ratio max (1.1442e+05) is > 15x P99. Clipping might have failed!
2026-03-21 13:51:17,583 - WARNING - ⚠️ HIGH TAIL INTENSITY: [RAW_DATA] bar_usd_volume has 322 points with Z-Score > 12.
2026-03-21 13:51:17,584 - WARNING - ⚠️ HIGH TAIL INTENSITY: [RAW_DATA] bar_btc_volume has 319 points with Z-Score > 12.
2026-03-21 13:51:17,589 - WARNING - ⚠️ HIGH TAIL INTENSITY: [DNN_INPUT] max_spread has 993 points with Z-Score > 12.
2026-03-21 13:51:17,589 - WARNING - ⚠️ HIGH TAIL INTENSITY: [DNN_INPUT] volatility has 705 points with Z-Score > 12.
2026-03-21 13:51:17,594 - WARNING - ⚠️ HIGH TAIL INTENSITY: [DNN_INPUT] micro_price_momentum has 409 points with Z-Score > 12.
2026-03-21 13:51:17,594 - WARNING - ⚠️ HIGH TAIL INTENSITY: [DNN_INPUT] bid_rdi has 209 points with Z-Score > 12.
2026-03-21 13:51:17,594 - WARNING - ⚠️ HIGH TAIL INTENSITY: [DNN_INPUT] ask_rdi has 1296 points with Z-Score > 12.
2026-03-21 13:51:17,595 - WARNING - ⚠️ HIGH TAIL INTENSITY: [DNN_INPUT] pressure_ratio has 147 points with Z-Score > 12.
2026-03-21 13:51:17,595 - WARNING - ⚠️ HIGH TAIL INTENSITY: [DNN_INPUT] body has 288 points with Z-Score > 12.
2026-03-21 13:51:17,596 - WARNING - ⚠️ HIGH TAIL INTENSITY: [DNN_INPUT] upper_wick has 310 points with Z-Score > 12.
2026-03-21 13:51:17,598 - WARNING - ⚠️ HIGH TAIL INTENSITY: [DNN_INPUT] lower_wick has 248 points with Z-Score > 12.
2026-03-21 13:51:17,598 - WARNING - ⚠️ HIGH TAIL INTENSITY: [DNN_INPUT] log_ret_close has 223 points with Z-Score > 12.
2026-03-21 13:51:17,598 - WARNING - ⚠️ HIGH TAIL INTENSITY: [DNN_INPUT] bid_rdi_delta_5 has 218 points with Z-Score > 12.
2026-03-21 13:51:17,599 - WARNING - ⚠️ HIGH TAIL INTENSITY: [DNN_INPUT] ask_rdi_delta_5 has 284 points with Z-Score > 12.
2026-03-21 13:51:17,599 - WARNING - ⚠️ HIGH TAIL INTENSITY: [DNN_INPUT] micro_price_delta_5 has 1 points with Z-Score > 12.
2026-03-21 13:51:17,599 - WARNING - ⚠️ HIGH TAIL INTENSITY: [DNN_INPUT] bid_rdi_delta_30 has 376 points with Z-Score > 12.
2026-03-21 13:51:17,599 - WARNING - ⚠️ HIGH TAIL INTENSITY: [DNN_INPUT] ask_rdi_delta_30 has 491 points with Z-Score > 12.
2026-03-21 13:51:17,599 - WARNING - ⚠️ HIGH TAIL INTENSITY: [DNN_INPUT] spread_zscore_60 has 618 points with Z-Score > 12.
2026-03-21 13:51:17,600 - WARNING - ⚠️ HIGH TAIL INTENSITY: [DNN_INPUT] kyle_lambda has 198 points with Z-Score > 12.
2026-03-21 13:51:17,600 - WARNING - ⚠️ HIGH TAIL INTENSITY: [DNN_INPUT] bid_deep_ratio has 1038 points with Z-Score > 12.
2026-03-21 13:51:17,600 - WARNING - ⚠️ HIGH TAIL INTENSITY: [DNN_INPUT] ask_deep_ratio has 821 points with Z-Score > 12.
2026-03-21 13:51:17,600 - WARNING - ⚠️ HIGH TAIL INTENSITY: [DNN_INPUT] bid_convexity has 977 points with Z-Score > 12.
2026-03-21 13:51:17,602 - WARNING - ⚠️ HIGH TAIL INTENSITY: [DNN_INPUT] ask_convexity has 374 points with Z-Score > 12.
2026-03-21 13:51:17,635 - WARNING - ⚠️ HIGH TAIL INTENSITY: [RAW_DATA] bar_usd_volume has 252 points with Z-Score > 12.
2026-03-21 13:51:17,646 - WARNING - ⚠️ HIGH TAIL INTENSITY: [RAW_DATA] bar_btc_volume has 255 points with Z-Score > 12.
2026-03-21 13:51:17,646 - WARNING - ⚠️ HIGH TAIL INTENSITY: [DNN_INPUT] max_spread has 1887 points with Z-Score > 12.
2026-03-21 13:51:17,647 - WARNING - ⚠️ HIGH TAIL INTENSITY: [DNN_INPUT] volatility has 769 points with Z-Score > 12.
2026-03-21 13:51:17,647 - WARNING - ⚠️ HIGH TAIL INTENSITY: [DNN_INPUT] micro_price_momentum has 469 points with Z-Score > 12.
2026-03-21 13:51:17,647 - WARNING - ⚠️ HIGH TAIL INTENSITY: [DNN_INPUT] bid_rdi has 549 points with Z-Score > 12.
2026-03-21 13:51:17,647 - WARNING - ⚠️ HIGH TAIL INTENSITY: [DNN_INPUT] ask_rdi has 614 points with Z-Score > 12.
2026-03-21 13:51:17,647 - WARNING - ⚠️ HIGH TAIL INTENSITY: [DNN_INPUT] pressure_ratio has 131 points with Z-Score > 12.
2026-03-21 13:51:17,648 - WARNING - ⚠️ HIGH TAIL INTENSITY: [DNN_INPUT] body has 332 points with Z-Score > 12.
2026-03-21 13:51:17,648 - WARNING - ⚠️ HIGH TAIL INTENSITY: [DNN_INPUT] upper_wick has 295 points with Z-Score > 12.
2026-03-21 13:51:17,648 - WARNING - ⚠️ HIGH TAIL INTENSITY: [DNN_INPUT] lower_wick has 347 points with Z-Score > 12.
2026-03-21 13:51:17,648 - WARNING - ⚠️ HIGH TAIL INTENSITY: [DNN_INPUT] log_ret_close has 313 points with Z-Score > 12.
2026-03-21 13:51:17,648 - WARNING - ⚠️ HIGH TAIL INTENSITY: [DNN_INPUT] bid_rdi_delta_5 has 453 points with Z-Score > 12.
2026-03-21 13:51:17,648 - WARNING - ⚠️ HIGH TAIL INTENSITY: [DNN_INPUT] ask_rdi_delta_5 has 413 points with Z-Score > 12.
2026-03-21 13:51:17,649 - WARNING - ⚠️ HIGH TAIL INTENSITY: [DNN_INPUT] micro_price_delta_5 has 122 points with Z-Score > 12.
2026-03-21 13:51:17,649 - WARNING - ⚠️ HIGH TAIL INTENSITY: [DNN_INPUT] bid_rdi_delta_30 has 558 points with Z-Score > 12.
2026-03-21 13:51:17,649 - WARNING - ⚠️ HIGH TAIL INTENSITY: [DNN_INPUT] ask_rdi_delta_30 has 573 points with Z-Score > 12.
2026-03-21 13:51:17,649 - WARNING - ⚠️ HIGH TAIL INTENSITY: [DNN_INPUT] spread_zscore_60 has 686 points with Z-Score > 12.
2026-03-21 13:51:17,649 - WARNING - ⚠️ HIGH TAIL INTENSITY: [DNN_INPUT] kyle_lambda has 277 points with Z-Score > 12.
2026-03-21 13:51:17,649 - WARNING - ⚠️ HIGH TAIL INTENSITY: [DNN_INPUT] bid_deep_ratio has 761 points with Z-Score > 12.
2026-03-21 13:51:17,649 - WARNING - ⚠️ HIGH TAIL INTENSITY: [DNN_INPUT] ask_deep_ratio has 1054 points with Z-Score > 12.
2026-03-21 13:51:17,650 - WARNING - ⚠️ HIGH TAIL INTENSITY: [DNN_INPUT] bid_convexity has 446 points with Z-Score > 12.
2026-03-21 13:51:17,650 - WARNING - ⚠️ HIGH TAIL INTENSITY: [DNN_INPUT] ask_convexity has 366 points with Z-Score > 12.
2026-03-21 13:51:17,826 - INFO - 🗑️ CLEANUP: Deleting processed zip: 2023-03-14_BTCUSDT_ob500.data.zip
2026-03-21 13:51:17,976 - INFO - ✅ Protocol Island Split: 1/1 islands survived. Total rows: 353320
2026-03-21 13:51:17,981 - INFO - 🏆 Gold Validation complete for 2023-03-11_BTCUSDT_ob500.data. Status: VALID
2026-03-21 13:51:18,488 - INFO - Successfully saved 353320 rows to data/L2/pre_processed/2023-03-11_BTCUSDT_ob500.data.parquet
2026-03-21 13:51:18,488 - INFO - ✅ Saved event-driven dataset: 2023-03-11_BTCUSDT_ob500.data.parquet
2026-03-21 13:51:18,489 - INFO - 📊 [Memory] 2023-03-11_BTCUSDT_ob500.data: 0.0MB -> 18631.4MB
2026-03-21 13:51:19,131 - INFO - 🗑️ CLEANUP: Deleting processed zip: 2023-03-16_BTCUSDT_ob500.data.zip
2026-03-21 13:51:19,389 - INFO - ✅ Protocol Island Split: 1/1 islands survived. Total rows: 365374
2026-03-21 13:51:19,409 - INFO - 🏆 Gold Validation complete for 2023-03-12_BTCUSDT_ob500.data. Status: VALID
2026-03-21 13:51:20,306 - INFO - Barras geradas: 550591 | Ilhas: 1
2026-03-21 13:51:20,436 - INFO - Successfully saved 365374 rows to data/L2/pre_processed/2023-03-12_BTCUSDT_ob500.data.parquet
2026-03-21 13:51:20,436 - INFO - ✅ Saved event-driven dataset: 2023-03-12_BTCUSDT_ob500.data.parquet
2026-03-21 13:51:20,440 - INFO - 📊 [Memory] 2023-03-12_BTCUSDT_ob500.data: 0.0MB -> 13288.6MB
2026-03-21 13:51:22,534 - INFO - 📥 DOWNLOAD FILE: BTCUSDT2023-03-25.csv.gz
2026-03-21 13:51:29,926 - INFO - 📊 [Peak Load] 2023-03-14_BTCUSDT_ob500.data: Raw data in RAM | SYSTEM RAM: 125.19 GB (16.6%)
2026-03-21 13:51:29,949 - INFO - EventSampler iniciado. Modo: 'both' | Dollar=500000.0 | Tick=5000 | Info=100.0 | Time=300000ms
2026-03-21 13:51:30,421 - INFO - 📥 DOWNLOAD FILE: BTCUSDT2023-03-26.csv.gz
2026-03-21 13:51:31,523 - INFO - 📥 DOWNLOAD: 2023-03-25_BTCUSDT_ob500.data.zip
2026-03-21 13:51:34,344 - INFO - 📊 [Peak Load] 2023-03-16_BTCUSDT_ob500.data: Raw data in RAM | SYSTEM RAM: 148.55 GB (19.7%)
2026-03-21 13:51:34,370 - INFO - EventSampler iniciado. Modo: 'both' | Dollar=500000.0 | Tick=5000 | Info=100.0 | Time=300000ms
2026-03-21 13:51:36,692 - INFO - 💾 Memory Optimization: Dropping 801 raw book columns.
2026-03-21 13:51:37,740 - INFO - 📊 [Drop Success] 2023-03-10_BTCUSDT_ob500.data: Columns discarded | SYSTEM RAM: 154.23 GB (20.4%)
2026-03-21 13:51:37,741 - INFO - --- Validating 2023-03-10_BTCUSDT_ob500.data ---
2026-03-21 13:51:37,828 - INFO - ✅ ARCHITECTURE INTEGRITY: 30/30 features present. Audit Scope: 46 columns (30 Features + 15 Raw/Price).
2026-03-21 13:51:38,058 - INFO - No NaNs found.
2026-03-21 13:51:38,156 - INFO - No Infinite values found.
2026-03-21 13:51:38,164 - INFO - Chronological order verified.
2026-03-21 13:51:38,340 - WARNING - ⚠️ STALE DATA ALERT: Possible feed lock detected in 2023-03-10_BTCUSDT_ob500.data
2026-03-21 13:51:38,556 - WARNING - ☢️ CRITICAL OUTLIER: [DNN_INPUT] body max (2.8095e-03) is > 15x P99. Clipping might have failed!
2026-03-21 13:51:38,600 - WARNING - ☢️ CRITICAL OUTLIER: [DNN_INPUT] pressure_ratio max (2.8814e+03) is > 15x P99. Clipping might have failed!
2026-03-21 13:51:38,644 - WARNING - ☢️ CRITICAL OUTLIER: [DNN_INPUT] bid_deep_ratio max (1.0613e+05) is > 15x P99. Clipping might have failed!
2026-03-21 13:51:38,682 - WARNING - ☢️ CRITICAL OUTLIER: [DNN_INPUT] upper_wick max (2.5612e-03) is > 15x P99. Clipping might have failed!
2026-03-21 13:51:38,730 - WARNING - ☢️ CRITICAL OUTLIER: [DNN_INPUT] ask_convexity max (2.5000e+02) is > 15x P99. Clipping might have failed!
2026-03-21 13:51:38,771 - WARNING - ☢️ CRITICAL OUTLIER: [DNN_INPUT] kyle_lambda max (2.9994e+01) is > 15x P99. Clipping might have failed!
2026-03-21 13:51:38,803 - WARNING - ☢️ CRITICAL OUTLIER: [DNN_INPUT] lower_wick max (2.1947e-03) is > 15x P99. Clipping might have failed!
2026-03-21 13:51:38,839 - WARNING - ☢️ CRITICAL OUTLIER: [DNN_INPUT] bid_convexity max (2.5000e+02) is > 15x P99. Clipping might have failed!
2026-03-21 13:51:38,909 - WARNING - ☢️ CRITICAL OUTLIER: [DNN_INPUT] ask_deep_ratio max (9.9811e+04) is > 15x P99. Clipping might have failed!
2026-03-21 13:51:39,494 - INFO - 📥 DOWNLOAD: 2023-03-26_BTCUSDT_ob500.data.zip
2026-03-21 13:51:39,496 - INFO - CUSUM (both): 69499 eventos. Trigger IID será aplicado dentro de cada janela CUSUM.
2026-03-21 13:51:40,102 - INFO - CUSUM (both): 48435 eventos. Trigger IID será aplicado dentro de cada janela CUSUM.
2026-03-21 13:51:40,916 - WARNING - ⚠️ HIGH TAIL INTENSITY: [RAW_DATA] bar_usd_volume has 505 points with Z-Score > 12.
2026-03-21 13:51:40,921 - WARNING - ⚠️ HIGH TAIL INTENSITY: [RAW_DATA] bar_btc_volume has 504 points with Z-Score > 12.
2026-03-21 13:51:40,921 - WARNING - ⚠️ HIGH TAIL INTENSITY: [DNN_INPUT] max_spread has 890 points with Z-Score > 12.
2026-03-21 13:51:40,922 - WARNING - ⚠️ HIGH TAIL INTENSITY: [DNN_INPUT] volatility has 1266 points with Z-Score > 12.
2026-03-21 13:51:40,922 - WARNING - ⚠️ HIGH TAIL INTENSITY: [DNN_INPUT] micro_price_momentum has 592 points with Z-Score > 12.
2026-03-21 13:51:40,922 - WARNING - ⚠️ HIGH TAIL INTENSITY: [DNN_INPUT] bid_rdi has 796 points with Z-Score > 12.
2026-03-21 13:51:40,923 - WARNING - ⚠️ HIGH TAIL INTENSITY: [DNN_INPUT] ask_rdi has 88 points with Z-Score > 12.
2026-03-21 13:51:40,923 - WARNING - ⚠️ HIGH TAIL INTENSITY: [DNN_INPUT] pressure_ratio has 229 points with Z-Score > 12.
2026-03-21 13:51:40,923 - WARNING - ⚠️ HIGH TAIL INTENSITY: [DNN_INPUT] body has 459 points with Z-Score > 12.
2026-03-21 13:51:40,923 - WARNING - ⚠️ HIGH TAIL INTENSITY: [DNN_INPUT] upper_wick has 523 points with Z-Score > 12.
2026-03-21 13:51:40,923 - WARNING - ⚠️ HIGH TAIL INTENSITY: [DNN_INPUT] lower_wick has 463 points with Z-Score > 12.
2026-03-21 13:51:40,923 - WARNING - ⚠️ HIGH TAIL INTENSITY: [DNN_INPUT] log_ret_close has 345 points with Z-Score > 12.
2026-03-21 13:51:40,923 - WARNING - ⚠️ HIGH TAIL INTENSITY: [DNN_INPUT] bid_rdi_delta_5 has 570 points with Z-Score > 12.
2026-03-21 13:51:40,923 - WARNING - ⚠️ HIGH TAIL INTENSITY: [DNN_INPUT] ask_rdi_delta_5 has 264 points with Z-Score > 12.
2026-03-21 13:51:40,923 - WARNING - ⚠️ HIGH TAIL INTENSITY: [DNN_INPUT] micro_price_delta_5 has 169 points with Z-Score > 12.
2026-03-21 13:51:40,924 - WARNING - ⚠️ HIGH TAIL INTENSITY: [DNN_INPUT] bid_rdi_delta_30 has 712 points with Z-Score > 12.
2026-03-21 13:51:40,924 - WARNING - ⚠️ HIGH TAIL INTENSITY: [DNN_INPUT] ask_rdi_delta_30 has 60 points with Z-Score > 12.
2026-03-21 13:51:40,924 - WARNING - ⚠️ HIGH TAIL INTENSITY: [DNN_INPUT] spread_zscore_60 has 1187 points with Z-Score > 12.
2026-03-21 13:51:40,924 - WARNING - ⚠️ HIGH TAIL INTENSITY: [DNN_INPUT] kyle_lambda has 332 points with Z-Score > 12.
2026-03-21 13:51:40,924 - WARNING - ⚠️ HIGH TAIL INTENSITY: [DNN_INPUT] bid_deep_ratio has 1381 points with Z-Score > 12.
2026-03-21 13:51:40,924 - WARNING - ⚠️ HIGH TAIL INTENSITY: [DNN_INPUT] ask_deep_ratio has 1568 points with Z-Score > 12.
2026-03-21 13:51:40,924 - WARNING - ⚠️ HIGH TAIL INTENSITY: [DNN_INPUT] bid_convexity has 843 points with Z-Score > 12.
2026-03-21 13:51:40,924 - WARNING - ⚠️ HIGH TAIL INTENSITY: [DNN_INPUT] ask_convexity has 1214 points with Z-Score > 12.
2026-03-21 13:51:42,329 - INFO - Barras geradas: 333294 | Ilhas: 1
2026-03-21 13:51:42,363 - INFO - ✅ Protocol Island Split: 1/1 islands survived. Total rows: 623410
2026-03-21 13:51:42,367 - INFO - 🏆 Gold Validation complete for 2023-03-10_BTCUSDT_ob500.data. Status: VALID
2026-03-21 13:51:42,884 - INFO - Successfully saved 623410 rows to data/L2/pre_processed/2023-03-10_BTCUSDT_ob500.data.parquet
2026-03-21 13:51:42,887 - INFO - ✅ Saved event-driven dataset: 2023-03-10_BTCUSDT_ob500.data.parquet
2026-03-21 13:51:42,890 - INFO - 📊 [Memory] 2023-03-10_BTCUSDT_ob500.data: 0.0MB -> 16784.7MB
2026-03-21 13:51:43,046 - INFO - 💾 Memory Optimization: Dropping 801 raw book columns.
2026-03-21 13:51:43,431 - INFO - 📊 [Drop Success] 2023-03-09_BTCUSDT_ob500.data: Columns discarded | SYSTEM RAM: 149.54 GB (19.8%)
2026-03-21 13:51:43,431 - INFO - --- Validating 2023-03-09_BTCUSDT_ob500.data ---
2026-03-21 13:51:43,477 - INFO - ✅ ARCHITECTURE INTEGRITY: 30/30 features present. Audit Scope: 46 columns (30 Features + 15 Raw/Price).
2026-03-21 13:51:43,587 - INFO - No NaNs found.
2026-03-21 13:51:43,661 - INFO - Barras geradas: 600383 | Ilhas: 1
2026-03-21 13:51:43,665 - INFO - No Infinite values found.
2026-03-21 13:51:43,671 - INFO - Chronological order verified.
2026-03-21 13:51:43,735 - WARNING - ⚠️ STALE DATA ALERT: Possible feed lock detected in 2023-03-09_BTCUSDT_ob500.data
2026-03-21 13:51:43,793 - WARNING - ☢️ CRITICAL OUTLIER: [DNN_INPUT] body max (2.3463e-03) is > 15x P99. Clipping might have failed!
2026-03-21 13:51:43,813 - WARNING - ☢️ CRITICAL OUTLIER: [DNN_INPUT] pressure_ratio max (5.0873e+03) is > 15x P99. Clipping might have failed!
2026-03-21 13:51:43,841 - WARNING - ☢️ CRITICAL OUTLIER: [DNN_INPUT] bid_deep_ratio max (8.6656e+04) is > 15x P99. Clipping might have failed!
2026-03-21 13:51:43,855 - WARNING - ☢️ CRITICAL OUTLIER: [DNN_INPUT] upper_wick max (2.2663e-03) is > 15x P99. Clipping might have failed!
2026-03-21 13:51:43,926 - WARNING - ☢️ CRITICAL OUTLIER: [DNN_INPUT] lower_wick max (1.9654e-03) is > 15x P99. Clipping might have failed!
2026-03-21 13:51:43,951 - WARNING - ☢️ CRITICAL OUTLIER: [DNN_INPUT] ask_deep_ratio max (1.0019e+05) is > 15x P99. Clipping might have failed!
2026-03-21 13:51:44,463 - WARNING - ⚠️ HIGH TAIL INTENSITY: [RAW_DATA] bar_usd_volume has 496 points with Z-Score > 12.
2026-03-21 13:51:44,463 - WARNING - ⚠️ HIGH TAIL INTENSITY: [RAW_DATA] bar_btc_volume has 488 points with Z-Score > 12.
2026-03-21 13:51:44,464 - WARNING - ⚠️ HIGH TAIL INTENSITY: [DNN_INPUT] max_spread has 840 points with Z-Score > 12.
2026-03-21 13:51:44,464 - WARNING - ⚠️ HIGH TAIL INTENSITY: [DNN_INPUT] volatility has 815 points with Z-Score > 12.
2026-03-21 13:51:44,464 - WARNING - ⚠️ HIGH TAIL INTENSITY: [DNN_INPUT] micro_price_momentum has 525 points with Z-Score > 12.
2026-03-21 13:51:44,464 - WARNING - ⚠️ HIGH TAIL INTENSITY: [DNN_INPUT] bid_rdi has 1096 points with Z-Score > 12.
2026-03-21 13:51:44,464 - WARNING - ⚠️ HIGH TAIL INTENSITY: [DNN_INPUT] ask_rdi has 242 points with Z-Score > 12.
2026-03-21 13:51:44,464 - WARNING - ⚠️ HIGH TAIL INTENSITY: [DNN_INPUT] pressure_ratio has 45 points with Z-Score > 12.
2026-03-21 13:51:44,465 - WARNING - ⚠️ HIGH TAIL INTENSITY: [DNN_INPUT] body has 591 points with Z-Score > 12.
2026-03-21 13:51:44,465 - WARNING - ⚠️ HIGH TAIL INTENSITY: [DNN_INPUT] upper_wick has 476 points with Z-Score > 12.
2026-03-21 13:51:44,465 - WARNING - ⚠️ HIGH TAIL INTENSITY: [DNN_INPUT] lower_wick has 396 points with Z-Score > 12.
2026-03-21 13:51:44,466 - WARNING - ⚠️ HIGH TAIL INTENSITY: [DNN_INPUT] log_ret_close has 573 points with Z-Score > 12.
2026-03-21 13:51:44,466 - WARNING - ⚠️ HIGH TAIL INTENSITY: [DNN_INPUT] bid_rdi_delta_5 has 452 points with Z-Score > 12.
2026-03-21 13:51:44,466 - WARNING - ⚠️ HIGH TAIL INTENSITY: [DNN_INPUT] ask_rdi_delta_5 has 151 points with Z-Score > 12.
2026-03-21 13:51:44,466 - WARNING - ⚠️ HIGH TAIL INTENSITY: [DNN_INPUT] micro_price_delta_5 has 141 points with Z-Score > 12.
2026-03-21 13:51:44,466 - WARNING - ⚠️ HIGH TAIL INTENSITY: [DNN_INPUT] bid_rdi_delta_30 has 1004 points with Z-Score > 12.
2026-03-21 13:51:44,466 - WARNING - ⚠️ HIGH TAIL INTENSITY: [DNN_INPUT] ask_rdi_delta_30 has 318 points with Z-Score > 12.
2026-03-21 13:51:44,466 - WARNING - ⚠️ HIGH TAIL INTENSITY: [DNN_INPUT] spread_zscore_60 has 872 points with Z-Score > 12.
2026-03-21 13:51:44,466 - WARNING - ⚠️ HIGH TAIL INTENSITY: [DNN_INPUT] kyle_lambda has 367 points with Z-Score > 12.
2026-03-21 13:51:44,466 - WARNING - ⚠️ HIGH TAIL INTENSITY: [DNN_INPUT] bid_deep_ratio has 779 points with Z-Score > 12.
2026-03-21 13:51:44,466 - WARNING - ⚠️ HIGH TAIL INTENSITY: [DNN_INPUT] ask_deep_ratio has 1021 points with Z-Score > 12.
2026-03-21 13:51:44,466 - WARNING - ⚠️ HIGH TAIL INTENSITY: [DNN_INPUT] bid_convexity has 1055 points with Z-Score > 12.
2026-03-21 13:51:44,466 - WARNING - ⚠️ HIGH TAIL INTENSITY: [DNN_INPUT] ask_convexity has 916 points with Z-Score > 12.
2026-03-21 13:51:44,720 - INFO - ✅ Protocol Island Split: 1/1 islands survived. Total rows: 552805
2026-03-21 13:51:44,720 - INFO - 🏆 Gold Validation complete for 2023-03-09_BTCUSDT_ob500.data. Status: VALID
2026-03-21 13:51:44,949 - INFO - Successfully saved 552805 rows to data/L2/pre_processed/2023-03-09_BTCUSDT_ob500.data.parquet
2026-03-21 13:51:44,950 - INFO - ✅ Saved event-driven dataset: 2023-03-09_BTCUSDT_ob500.data.parquet
2026-03-21 13:51:44,951 - INFO - 📊 [Memory] 2023-03-09_BTCUSDT_ob500.data: 0.0MB -> 16205.9MB
2026-03-21 13:51:46,256 - INFO - 📂 STREAMING: 2023-03-25_BTCUSDT_ob500.data
2026-03-21 13:51:48,435 - INFO - 📥 DOWNLOAD FILE: BTCUSDT2023-03-27.csv.gz
2026-03-21 13:51:48,843 - INFO - 🗑️ CLEANUP: Deleting processed zip: 2023-03-15_BTCUSDT_ob500.data.zip
2026-03-21 13:51:49,272 - INFO - 📥 DOWNLOAD FILE: BTCUSDT2023-03-28.csv.gz
2026-03-21 13:51:52,189 - INFO - 💾 Memory Optimization: Dropping 801 raw book columns.
2026-03-21 13:51:52,764 - INFO - 📊 [Drop Success] 2023-03-13_BTCUSDT_ob500.data: Columns discarded | SYSTEM RAM: 104.38 GB (13.8%)
2026-03-21 13:51:52,768 - INFO - --- Validating 2023-03-13_BTCUSDT_ob500.data ---
2026-03-21 13:51:52,836 - INFO - ✅ ARCHITECTURE INTEGRITY: 30/30 features present. Audit Scope: 46 columns (30 Features + 15 Raw/Price).
2026-03-21 13:51:52,914 - INFO - No NaNs found.
2026-03-21 13:51:52,967 - INFO - No Infinite values found.
2026-03-21 13:51:52,971 - INFO - Chronological order verified.
2026-03-21 13:51:53,009 - WARNING - ⚠️ STALE DATA ALERT: Possible feed lock detected in 2023-03-13_BTCUSDT_ob500.data
2026-03-21 13:51:53,061 - WARNING - ☢️ CRITICAL OUTLIER: [DNN_INPUT] body max (4.6037e-03) is > 15x P99. Clipping might have failed!
2026-03-21 13:51:53,071 - WARNING - ☢️ CRITICAL OUTLIER: [DNN_INPUT] pressure_ratio max (8.1468e+03) is > 15x P99. Clipping might have failed!
2026-03-21 13:51:53,084 - WARNING - ☢️ CRITICAL OUTLIER: [DNN_INPUT] bid_deep_ratio max (7.1552e+04) is > 15x P99. Clipping might have failed!
2026-03-21 13:51:53,093 - WARNING - ☢️ CRITICAL OUTLIER: [DNN_INPUT] upper_wick max (2.7565e-03) is > 15x P99. Clipping might have failed!
2026-03-21 13:51:53,118 - WARNING - ☢️ CRITICAL OUTLIER: [DNN_INPUT] kyle_lambda max (7.1284e+01) is > 15x P99. Clipping might have failed!
2026-03-21 13:51:53,136 - WARNING - ☢️ CRITICAL OUTLIER: [DNN_INPUT] lower_wick max (3.1415e-03) is > 15x P99. Clipping might have failed!
2026-03-21 13:51:53,171 - WARNING - ☢️ CRITICAL OUTLIER: [DNN_INPUT] bid_convexity max (2.5000e+02) is > 15x P99. Clipping might have failed!
2026-03-21 13:51:53,242 - WARNING - ☢️ CRITICAL OUTLIER: [DNN_INPUT] ask_deep_ratio max (7.1607e+04) is > 15x P99. Clipping might have failed!
2026-03-21 13:51:53,420 - INFO - 📂 STREAMING: 2023-03-26_BTCUSDT_ob500.data
2026-03-21 13:51:54,564 - WARNING - ⚠️ HIGH TAIL INTENSITY: [RAW_DATA] bar_usd_volume has 327 points with Z-Score > 12.
2026-03-21 13:51:54,564 - WARNING - ⚠️ HIGH TAIL INTENSITY: [RAW_DATA] bar_btc_volume has 322 points with Z-Score > 12.
2026-03-21 13:51:54,565 - WARNING - ⚠️ HIGH TAIL INTENSITY: [DNN_INPUT] max_spread has 703 points with Z-Score > 12.
2026-03-21 13:51:54,565 - WARNING - ⚠️ HIGH TAIL INTENSITY: [DNN_INPUT] volatility has 1059 points with Z-Score > 12.
2026-03-21 13:51:54,565 - WARNING - ⚠️ HIGH TAIL INTENSITY: [DNN_INPUT] micro_price_momentum has 229 points with Z-Score > 12.
2026-03-21 13:51:54,566 - WARNING - ⚠️ HIGH TAIL INTENSITY: [DNN_INPUT] bid_rdi has 629 points with Z-Score > 12.
2026-03-21 13:51:54,566 - WARNING - ⚠️ HIGH TAIL INTENSITY: [DNN_INPUT] ask_rdi has 850 points with Z-Score > 12.
2026-03-21 13:51:54,566 - WARNING - ⚠️ HIGH TAIL INTENSITY: [DNN_INPUT] pressure_ratio has 411 points with Z-Score > 12.
2026-03-21 13:51:54,566 - WARNING - ⚠️ HIGH TAIL INTENSITY: [DNN_INPUT] body has 531 points with Z-Score > 12.
2026-03-21 13:51:54,566 - WARNING - ⚠️ HIGH TAIL INTENSITY: [DNN_INPUT] upper_wick has 563 points with Z-Score > 12.
2026-03-21 13:51:54,567 - WARNING - ⚠️ HIGH TAIL INTENSITY: [DNN_INPUT] lower_wick has 641 points with Z-Score > 12.
2026-03-21 13:51:54,567 - WARNING - ⚠️ HIGH TAIL INTENSITY: [DNN_INPUT] log_ret_close has 542 points with Z-Score > 12.
2026-03-21 13:51:54,567 - WARNING - ⚠️ HIGH TAIL INTENSITY: [DNN_INPUT] bid_rdi_delta_5 has 652 points with Z-Score > 12.
2026-03-21 13:51:54,567 - WARNING - ⚠️ HIGH TAIL INTENSITY: [DNN_INPUT] ask_rdi_delta_5 has 790 points with Z-Score > 12.
2026-03-21 13:51:54,567 - WARNING - ⚠️ HIGH TAIL INTENSITY: [DNN_INPUT] micro_price_delta_5 has 131 points with Z-Score > 12.
2026-03-21 13:51:54,568 - WARNING - ⚠️ HIGH TAIL INTENSITY: [DNN_INPUT] bid_rdi_delta_30 has 626 points with Z-Score > 12.
2026-03-21 13:51:54,568 - WARNING - ⚠️ HIGH TAIL INTENSITY: [DNN_INPUT] ask_rdi_delta_30 has 954 points with Z-Score > 12.
2026-03-21 13:51:54,568 - WARNING - ⚠️ HIGH TAIL INTENSITY: [DNN_INPUT] micro_price_delta_30 has 22 points with Z-Score > 12.
2026-03-21 13:51:54,568 - WARNING - ⚠️ HIGH TAIL INTENSITY: [DNN_INPUT] spread_zscore_60 has 771 points with Z-Score > 12.
2026-03-21 13:51:54,568 - WARNING - ⚠️ HIGH TAIL INTENSITY: [DNN_INPUT] kyle_lambda has 511 points with Z-Score > 12.
2026-03-21 13:51:54,568 - WARNING - ⚠️ HIGH TAIL INTENSITY: [DNN_INPUT] bid_deep_ratio has 1080 points with Z-Score > 12.
2026-03-21 13:51:54,569 - WARNING - ⚠️ HIGH TAIL INTENSITY: [DNN_INPUT] ask_deep_ratio has 1044 points with Z-Score > 12.
2026-03-21 13:51:54,569 - WARNING - ⚠️ HIGH TAIL INTENSITY: [DNN_INPUT] bid_convexity has 725 points with Z-Score > 12.
2026-03-21 13:51:54,569 - WARNING - ⚠️ HIGH TAIL INTENSITY: [DNN_INPUT] ask_convexity has 760 points with Z-Score > 12.
2026-03-21 13:51:55,764 - INFO - ✅ Protocol Island Split: 1/1 islands survived. Total rows: 550591
2026-03-21 13:51:55,772 - INFO - 🏆 Gold Validation complete for 2023-03-13_BTCUSDT_ob500.data. Status: VALID
2026-03-21 13:51:56,524 - INFO - 📊 [Peak Load] 2023-03-15_BTCUSDT_ob500.data: Raw data in RAM | SYSTEM RAM: 113.47 GB (15.0%)
2026-03-21 13:51:56,539 - INFO - Successfully saved 550591 rows to data/L2/pre_processed/2023-03-13_BTCUSDT_ob500.data.parquet
2026-03-21 13:51:56,539 - INFO - ✅ Saved event-driven dataset: 2023-03-13_BTCUSDT_ob500.data.parquet
2026-03-21 13:51:56,541 - INFO - 📊 [Memory] 2023-03-13_BTCUSDT_ob500.data: 0.0MB -> 16499.8MB
2026-03-21 13:51:56,541 - INFO - EventSampler iniciado. Modo: 'both' | Dollar=500000.0 | Tick=5000 | Info=100.0 | Time=300000ms
2026-03-21 13:51:57,621 - INFO - 📥 DOWNLOAD: 2023-03-28_BTCUSDT_ob500.data.zip
2026-03-21 13:51:58,347 - INFO - 🗑️ CLEANUP: Deleting processed zip: 2023-03-18_BTCUSDT_ob500.data.zip
2026-03-21 13:51:58,623 - INFO - 📥 DOWNLOAD: 2023-03-27_BTCUSDT_ob500.data.zip
2026-03-21 13:52:00,701 - INFO - 💾 Memory Optimization: Dropping 801 raw book columns.
2026-03-21 13:52:00,925 - INFO - CUSUM (both): 64430 eventos. Trigger IID será aplicado dentro de cada janela CUSUM.
2026-03-21 13:52:00,933 - INFO - 📊 [Drop Success] 2023-03-16_BTCUSDT_ob500.data: Columns discarded | SYSTEM RAM: 123.76 GB (16.4%)
2026-03-21 13:52:00,937 - INFO - --- Validating 2023-03-16_BTCUSDT_ob500.data ---
2026-03-21 13:52:00,973 - INFO - ✅ ARCHITECTURE INTEGRITY: 30/30 features present. Audit Scope: 46 columns (30 Features + 15 Raw/Price).
2026-03-21 13:52:01,005 - INFO - No NaNs found.
2026-03-21 13:52:01,043 - INFO - No Infinite values found.
2026-03-21 13:52:01,045 - INFO - Chronological order verified.
2026-03-21 13:52:01,070 - WARNING - ⚠️ STALE DATA ALERT: Possible feed lock detected in 2023-03-16_BTCUSDT_ob500.data
2026-03-21 13:52:01,076 - WARNING - ☢️ CRITICAL OUTLIER: [DNN_INPUT] max_spread max (1.9100e+01) is > 15x P99. Clipping might have failed!
2026-03-21 13:52:01,094 - WARNING - ☢️ CRITICAL OUTLIER: [DNN_INPUT] pressure_ratio max (7.7384e+03) is > 15x P99. Clipping might have failed!
2026-03-21 13:52:01,105 - WARNING - ☢️ CRITICAL OUTLIER: [DNN_INPUT] bid_deep_ratio max (6.1551e+04) is > 15x P99. Clipping might have failed!
2026-03-21 13:52:01,108 - WARNING - ☢️ CRITICAL OUTLIER: [DNN_INPUT] upper_wick max (9.6655e-04) is > 15x P99. Clipping might have failed!
2026-03-21 13:52:01,130 - WARNING - ☢️ CRITICAL OUTLIER: [DNN_INPUT] lower_wick max (1.0630e-03) is > 15x P99. Clipping might have failed!
2026-03-21 13:52:01,137 - WARNING - ☢️ CRITICAL OUTLIER: [DNN_INPUT] bid_convexity max (2.5000e+02) is > 15x P99. Clipping might have failed!
2026-03-21 13:52:01,154 - WARNING - ☢️ CRITICAL OUTLIER: [DNN_INPUT] ask_deep_ratio max (6.2522e+04) is > 15x P99. Clipping might have failed!
2026-03-21 13:52:01,519 - WARNING - ⚠️ HIGH TAIL INTENSITY: [RAW_DATA] bar_usd_volume has 263 points with Z-Score > 12.
2026-03-21 13:52:01,524 - WARNING - ⚠️ HIGH TAIL INTENSITY: [RAW_DATA] bar_btc_volume has 266 points with Z-Score > 12.
2026-03-21 13:52:01,524 - WARNING - ⚠️ HIGH TAIL INTENSITY: [DNN_INPUT] max_spread has 649 points with Z-Score > 12.
2026-03-21 13:52:01,525 - WARNING - ⚠️ HIGH TAIL INTENSITY: [DNN_INPUT] volatility has 526 points with Z-Score > 12.
2026-03-21 13:52:01,525 - WARNING - ⚠️ HIGH TAIL INTENSITY: [DNN_INPUT] micro_price_momentum has 219 points with Z-Score > 12.
2026-03-21 13:52:01,526 - WARNING - ⚠️ HIGH TAIL INTENSITY: [DNN_INPUT] bid_rdi has 320 points with Z-Score > 12.
2026-03-21 13:52:01,526 - WARNING - ⚠️ HIGH TAIL INTENSITY: [DNN_INPUT] ask_rdi has 91 points with Z-Score > 12.
2026-03-21 13:52:01,526 - WARNING - ⚠️ HIGH TAIL INTENSITY: [DNN_INPUT] pressure_ratio has 88 points with Z-Score > 12.
2026-03-21 13:52:01,526 - WARNING - ⚠️ HIGH TAIL INTENSITY: [DNN_INPUT] body has 232 points with Z-Score > 12.
2026-03-21 13:52:01,526 - WARNING - ⚠️ HIGH TAIL INTENSITY: [DNN_INPUT] upper_wick has 325 points with Z-Score > 12.
2026-03-21 13:52:01,526 - WARNING - ⚠️ HIGH TAIL INTENSITY: [DNN_INPUT] lower_wick has 396 points with Z-Score > 12.
2026-03-21 13:52:01,526 - WARNING - ⚠️ HIGH TAIL INTENSITY: [DNN_INPUT] log_ret_close has 157 points with Z-Score > 12.
2026-03-21 13:52:01,527 - WARNING - ⚠️ HIGH TAIL INTENSITY: [DNN_INPUT] bid_rdi_delta_5 has 195 points with Z-Score > 12.
2026-03-21 13:52:01,527 - WARNING - ⚠️ HIGH TAIL INTENSITY: [DNN_INPUT] ask_rdi_delta_5 has 83 points with Z-Score > 12.
2026-03-21 13:52:01,527 - WARNING - ⚠️ HIGH TAIL INTENSITY: [DNN_INPUT] micro_price_delta_5 has 2 points with Z-Score > 12.
2026-03-21 13:52:01,527 - WARNING - ⚠️ HIGH TAIL INTENSITY: [DNN_INPUT] bid_rdi_delta_30 has 278 points with Z-Score > 12.
2026-03-21 13:52:01,527 - WARNING - ⚠️ HIGH TAIL INTENSITY: [DNN_INPUT] ask_rdi_delta_30 has 110 points with Z-Score > 12.
2026-03-21 13:52:01,527 - WARNING - ⚠️ HIGH TAIL INTENSITY: [DNN_INPUT] spread_zscore_60 has 616 points with Z-Score > 12.
2026-03-21 13:52:01,527 - WARNING - ⚠️ HIGH TAIL INTENSITY: [DNN_INPUT] kyle_lambda has 166 points with Z-Score > 12.
2026-03-21 13:52:01,528 - WARNING - ⚠️ HIGH TAIL INTENSITY: [DNN_INPUT] bid_deep_ratio has 1108 points with Z-Score > 12.
2026-03-21 13:52:01,528 - WARNING - ⚠️ HIGH TAIL INTENSITY: [DNN_INPUT] ask_deep_ratio has 1095 points with Z-Score > 12.
2026-03-21 13:52:01,528 - WARNING - ⚠️ HIGH TAIL INTENSITY: [DNN_INPUT] bid_convexity has 462 points with Z-Score > 12.
2026-03-21 13:52:01,528 - WARNING - ⚠️ HIGH TAIL INTENSITY: [DNN_INPUT] ask_convexity has 554 points with Z-Score > 12.
2026-03-21 13:52:01,839 - INFO - ✅ Protocol Island Split: 1/1 islands survived. Total rows: 333294
2026-03-21 13:52:01,843 - INFO - 🏆 Gold Validation complete for 2023-03-16_BTCUSDT_ob500.data. Status: VALID
2026-03-21 13:52:03,056 - INFO - Successfully saved 333294 rows to data/L2/pre_processed/2023-03-16_BTCUSDT_ob500.data.parquet
2026-03-21 13:52:03,057 - INFO - Barras geradas: 440945 | Ilhas: 1
2026-03-21 13:52:03,061 - INFO - ✅ Saved event-driven dataset: 2023-03-16_BTCUSDT_ob500.data.parquet
2026-03-21 13:52:03,063 - INFO - 📊 [Memory] 2023-03-16_BTCUSDT_ob500.data: 0.0MB -> 12311.6MB
2026-03-21 13:52:04,302 - INFO - 📂 STREAMING: 2023-03-27_BTCUSDT_ob500.data
2026-03-21 13:52:05,635 - INFO - 📊 [Peak Load] 2023-03-18_BTCUSDT_ob500.data: Raw data in RAM | SYSTEM RAM: 118.07 GB (15.6%)
2026-03-21 13:52:05,664 - INFO - EventSampler iniciado. Modo: 'both' | Dollar=500000.0 | Tick=5000 | Info=100.0 | Time=300000ms
2026-03-21 13:52:06,197 - INFO - 📥 DOWNLOAD FILE: BTCUSDT2023-03-29.csv.gz
2026-03-21 13:52:07,156 - INFO - 📂 STREAMING: 2023-03-28_BTCUSDT_ob500.data
2026-03-21 13:52:09,612 - INFO - CUSUM (both): 48021 eventos. Trigger IID será aplicado dentro de cada janela CUSUM.
2026-03-21 13:52:10,770 - INFO - 📥 DOWNLOAD FILE: BTCUSDT2023-03-30.csv.gz
2026-03-21 13:52:10,927 - INFO - Barras geradas: 315234 | Ilhas: 1
2026-03-21 13:52:15,433 - INFO - 📥 DOWNLOAD: 2023-03-29_BTCUSDT_ob500.data.zip
2026-03-21 13:52:18,800 - INFO - 🗑️ CLEANUP: Deleting processed zip: 2023-03-24_BTCUSDT_ob500.data.zip
2026-03-21 13:52:20,026 - INFO - 💾 Memory Optimization: Dropping 801 raw book columns.
2026-03-21 13:52:20,112 - INFO - 📊 [Drop Success] 2023-03-14_BTCUSDT_ob500.data: Columns discarded | SYSTEM RAM: 105.25 GB (13.9%)
2026-03-21 13:52:20,112 - INFO - --- Validating 2023-03-14_BTCUSDT_ob500.data ---
2026-03-21 13:52:20,138 - INFO - ✅ ARCHITECTURE INTEGRITY: 30/30 features present. Audit Scope: 46 columns (30 Features + 15 Raw/Price).
2026-03-21 13:52:20,157 - INFO - No NaNs found.
2026-03-21 13:52:20,174 - INFO - No Infinite values found.
2026-03-21 13:52:20,176 - INFO - Chronological order verified.
2026-03-21 13:52:20,192 - WARNING - ⚠️ STALE DATA ALERT: Possible feed lock detected in 2023-03-14_BTCUSDT_ob500.data
2026-03-21 13:52:20,208 - WARNING - ☢️ CRITICAL OUTLIER: [DNN_INPUT] body max (6.5648e-03) is > 15x P99. Clipping might have failed!
2026-03-21 13:52:20,211 - WARNING - ☢️ CRITICAL OUTLIER: [DNN_INPUT] pressure_ratio max (1.4393e+04) is > 15x P99. Clipping might have failed!
2026-03-21 13:52:20,214 - WARNING - ☢️ CRITICAL OUTLIER: [DNN_INPUT] bid_deep_ratio max (6.4211e+04) is > 15x P99. Clipping might have failed!
2026-03-21 13:52:20,218 - WARNING - ☢️ CRITICAL OUTLIER: [DNN_INPUT] upper_wick max (5.4721e-03) is > 15x P99. Clipping might have failed!
2026-03-21 13:52:20,225 - WARNING - ☢️ CRITICAL OUTLIER: [DNN_INPUT] kyle_lambda max (7.7329e+01) is > 15x P99. Clipping might have failed!
2026-03-21 13:52:20,229 - WARNING - ☢️ CRITICAL OUTLIER: [DNN_INPUT] lower_wick max (5.9400e-03) is > 15x P99. Clipping might have failed!
2026-03-21 13:52:20,238 - WARNING - ☢️ CRITICAL OUTLIER: [DNN_INPUT] ask_deep_ratio max (5.5355e+04) is > 15x P99. Clipping might have failed!
2026-03-21 13:52:20,461 - WARNING - ⚠️ HIGH TAIL INTENSITY: [RAW_DATA] bar_usd_volume has 230 points with Z-Score > 12.
2026-03-21 13:52:20,462 - WARNING - ⚠️ HIGH TAIL INTENSITY: [RAW_DATA] bar_btc_volume has 238 points with Z-Score > 12.
2026-03-21 13:52:20,462 - WARNING - ⚠️ HIGH TAIL INTENSITY: [DNN_INPUT] max_spread has 1327 points with Z-Score > 12.
2026-03-21 13:52:20,462 - WARNING - ⚠️ HIGH TAIL INTENSITY: [DNN_INPUT] volatility has 1242 points with Z-Score > 12.
2026-03-21 13:52:20,462 - WARNING - ⚠️ HIGH TAIL INTENSITY: [DNN_INPUT] micro_price_momentum has 712 points with Z-Score > 12.
2026-03-21 13:52:20,462 - WARNING - ⚠️ HIGH TAIL INTENSITY: [DNN_INPUT] bid_rdi has 1606 points with Z-Score > 12.
2026-03-21 13:52:20,462 - WARNING - ⚠️ HIGH TAIL INTENSITY: [DNN_INPUT] ask_rdi has 636 points with Z-Score > 12.
2026-03-21 13:52:20,463 - WARNING - ⚠️ HIGH TAIL INTENSITY: [DNN_INPUT] pressure_ratio has 297 points with Z-Score > 12.
2026-03-21 13:52:20,463 - WARNING - ⚠️ HIGH TAIL INTENSITY: [DNN_INPUT] body has 471 points with Z-Score > 12.
2026-03-21 13:52:20,463 - WARNING - ⚠️ HIGH TAIL INTENSITY: [DNN_INPUT] upper_wick has 712 points with Z-Score > 12.
2026-03-21 13:52:20,463 - WARNING - ⚠️ HIGH TAIL INTENSITY: [DNN_INPUT] lower_wick has 723 points with Z-Score > 12.
2026-03-21 13:52:20,463 - WARNING - ⚠️ HIGH TAIL INTENSITY: [DNN_INPUT] log_ret_close has 487 points with Z-Score > 12.
2026-03-21 13:52:20,463 - WARNING - ⚠️ HIGH TAIL INTENSITY: [DNN_INPUT] bid_rdi_delta_5 has 753 points with Z-Score > 12.
2026-03-21 13:52:20,463 - WARNING - ⚠️ HIGH TAIL INTENSITY: [DNN_INPUT] ask_rdi_delta_5 has 604 points with Z-Score > 12.
2026-03-21 13:52:20,463 - WARNING - ⚠️ HIGH TAIL INTENSITY: [DNN_INPUT] micro_price_delta_5 has 204 points with Z-Score > 12.
2026-03-21 13:52:20,463 - WARNING - ⚠️ HIGH TAIL INTENSITY: [DNN_INPUT] bid_rdi_delta_30 has 912 points with Z-Score > 12.
2026-03-21 13:52:20,464 - WARNING - ⚠️ HIGH TAIL INTENSITY: [DNN_INPUT] ask_rdi_delta_30 has 653 points with Z-Score > 12.
2026-03-21 13:52:20,464 - WARNING - ⚠️ HIGH TAIL INTENSITY: [DNN_INPUT] micro_price_delta_30 has 24 points with Z-Score > 12.
2026-03-21 13:52:20,464 - WARNING - ⚠️ HIGH TAIL INTENSITY: [DNN_INPUT] spread_zscore_60 has 954 points with Z-Score > 12.
2026-03-21 13:52:20,464 - WARNING - ⚠️ HIGH TAIL INTENSITY: [DNN_INPUT] kyle_lambda has 526 points with Z-Score > 12.
2026-03-21 13:52:20,464 - WARNING - ⚠️ HIGH TAIL INTENSITY: [DNN_INPUT] bid_deep_ratio has 775 points with Z-Score > 12.
2026-03-21 13:52:20,464 - WARNING - ⚠️ HIGH TAIL INTENSITY: [DNN_INPUT] ask_deep_ratio has 707 points with Z-Score > 12.
2026-03-21 13:52:20,464 - WARNING - ⚠️ HIGH TAIL INTENSITY: [DNN_INPUT] bid_convexity has 899 points with Z-Score > 12.
2026-03-21 13:52:20,464 - WARNING - ⚠️ HIGH TAIL INTENSITY: [DNN_INPUT] ask_convexity has 982 points with Z-Score > 12.
2026-03-21 13:52:20,709 - INFO - ✅ Protocol Island Split: 1/1 islands survived. Total rows: 600383
2026-03-21 13:52:20,709 - INFO - 🏆 Gold Validation complete for 2023-03-14_BTCUSDT_ob500.data. Status: VALID
2026-03-21 13:52:21,000 - INFO - Successfully saved 600383 rows to data/L2/pre_processed/2023-03-14_BTCUSDT_ob500.data.parquet
2026-03-21 13:52:21,001 - INFO - ✅ Saved event-driven dataset: 2023-03-14_BTCUSDT_ob500.data.parquet
2026-03-21 13:52:21,012 - INFO - 📊 [Memory] 2023-03-14_BTCUSDT_ob500.data: 0.0MB -> 16904.7MB
2026-03-21 13:52:21,283 - INFO - 🗑️ CLEANUP: Deleting processed zip: 2023-03-22_BTCUSDT_ob500.data.zip
2026-03-21 13:52:21,443 - INFO - 🗑️ CLEANUP: Deleting processed zip: 2023-03-23_BTCUSDT_ob500.data.zip
2026-03-21 13:52:22,459 - INFO - 💾 Memory Optimization: Dropping 801 raw book columns.
2026-03-21 13:52:22,488 - INFO - 📊 [Drop Success] 2023-03-15_BTCUSDT_ob500.data: Columns discarded | SYSTEM RAM: 105.21 GB (13.9%)
2026-03-21 13:52:22,488 - INFO - --- Validating 2023-03-15_BTCUSDT_ob500.data ---
2026-03-21 13:52:22,510 - INFO - ✅ ARCHITECTURE INTEGRITY: 30/30 features present. Audit Scope: 46 columns (30 Features + 15 Raw/Price).
2026-03-21 13:52:22,531 - INFO - No NaNs found.
2026-03-21 13:52:22,559 - INFO - No Infinite values found.
2026-03-21 13:52:22,561 - INFO - Chronological order verified.
2026-03-21 13:52:22,584 - WARNING - ⚠️ STALE DATA ALERT: Possible feed lock detected in 2023-03-15_BTCUSDT_ob500.data
2026-03-21 13:52:22,603 - WARNING - ☢️ CRITICAL OUTLIER: [DNN_INPUT] pressure_ratio max (6.8771e+03) is > 15x P99. Clipping might have failed!
2026-03-21 13:52:22,605 - WARNING - ☢️ CRITICAL OUTLIER: [DNN_INPUT] bid_deep_ratio max (5.8420e+04) is > 15x P99. Clipping might have failed!
2026-03-21 13:52:22,611 - WARNING - ☢️ CRITICAL OUTLIER: [DNN_INPUT] upper_wick max (2.2055e-03) is > 15x P99. Clipping might have failed!
2026-03-21 13:52:22,614 - WARNING - ☢️ CRITICAL OUTLIER: [DNN_INPUT] ask_convexity max (2.5000e+02) is > 15x P99. Clipping might have failed!
2026-03-21 13:52:22,620 - WARNING - ☢️ CRITICAL OUTLIER: [DNN_INPUT] lower_wick max (2.3467e-03) is > 15x P99. Clipping might have failed!
2026-03-21 13:52:22,627 - WARNING - ☢️ CRITICAL OUTLIER: [DNN_INPUT] ask_deep_ratio max (6.1007e+04) is > 15x P99. Clipping might have failed!
2026-03-21 13:52:22,810 - WARNING - ⚠️ HIGH TAIL INTENSITY: [RAW_DATA] bar_usd_volume has 266 points with Z-Score > 12.
2026-03-21 13:52:22,814 - WARNING - ⚠️ HIGH TAIL INTENSITY: [RAW_DATA] bar_btc_volume has 269 points with Z-Score > 12.
2026-03-21 13:52:22,814 - WARNING - ⚠️ HIGH TAIL INTENSITY: [DNN_INPUT] max_spread has 477 points with Z-Score > 12.
2026-03-21 13:52:22,814 - WARNING - ⚠️ HIGH TAIL INTENSITY: [DNN_INPUT] volatility has 657 points with Z-Score > 12.
2026-03-21 13:52:22,814 - WARNING - ⚠️ HIGH TAIL INTENSITY: [DNN_INPUT] micro_price_momentum has 443 points with Z-Score > 12.
2026-03-21 13:52:22,814 - WARNING - ⚠️ HIGH TAIL INTENSITY: [DNN_INPUT] bid_rdi has 545 points with Z-Score > 12.
2026-03-21 13:52:22,815 - WARNING - ⚠️ HIGH TAIL INTENSITY: [DNN_INPUT] ask_rdi has 606 points with Z-Score > 12.
2026-03-21 13:52:22,815 - WARNING - ⚠️ HIGH TAIL INTENSITY: [DNN_INPUT] pressure_ratio has 235 points with Z-Score > 12.
2026-03-21 13:52:22,815 - WARNING - ⚠️ HIGH TAIL INTENSITY: [DNN_INPUT] body has 209 points with Z-Score > 12.
2026-03-21 13:52:22,815 - WARNING - ⚠️ HIGH TAIL INTENSITY: [DNN_INPUT] upper_wick has 403 points with Z-Score > 12.
2026-03-21 13:52:22,815 - WARNING - ⚠️ HIGH TAIL INTENSITY: [DNN_INPUT] lower_wick has 335 points with Z-Score > 12.
2026-03-21 13:52:22,815 - WARNING - ⚠️ HIGH TAIL INTENSITY: [DNN_INPUT] log_ret_close has 152 points with Z-Score > 12.
2026-03-21 13:52:22,815 - WARNING - ⚠️ HIGH TAIL INTENSITY: [DNN_INPUT] bid_rdi_delta_5 has 551 points with Z-Score > 12.
2026-03-21 13:52:22,815 - WARNING - ⚠️ HIGH TAIL INTENSITY: [DNN_INPUT] ask_rdi_delta_5 has 487 points with Z-Score > 12.
2026-03-21 13:52:22,815 - WARNING - ⚠️ HIGH TAIL INTENSITY: [DNN_INPUT] micro_price_delta_5 has 18 points with Z-Score > 12.
2026-03-21 13:52:22,815 - WARNING - ⚠️ HIGH TAIL INTENSITY: [DNN_INPUT] bid_rdi_delta_30 has 526 points with Z-Score > 12.
2026-03-21 13:52:22,815 - WARNING - ⚠️ HIGH TAIL INTENSITY: [DNN_INPUT] ask_rdi_delta_30 has 695 points with Z-Score > 12.
2026-03-21 13:52:22,816 - WARNING - ⚠️ HIGH TAIL INTENSITY: [DNN_INPUT] spread_zscore_60 has 623 points with Z-Score > 12.
2026-03-21 13:52:22,816 - WARNING - ⚠️ HIGH TAIL INTENSITY: [DNN_INPUT] kyle_lambda has 172 points with Z-Score > 12.
2026-03-21 13:52:22,816 - WARNING - ⚠️ HIGH TAIL INTENSITY: [DNN_INPUT] bid_deep_ratio has 360 points with Z-Score > 12.
2026-03-21 13:52:22,816 - WARNING - ⚠️ HIGH TAIL INTENSITY: [DNN_INPUT] ask_deep_ratio has 550 points with Z-Score > 12.
2026-03-21 13:52:22,816 - WARNING - ⚠️ HIGH TAIL INTENSITY: [DNN_INPUT] bid_convexity has 539 points with Z-Score > 12.
2026-03-21 13:52:22,816 - WARNING - ⚠️ HIGH TAIL INTENSITY: [DNN_INPUT] ask_convexity has 333 points with Z-Score > 12.
2026-03-21 13:52:23,009 - INFO - 📊 [Peak Load] 2023-03-24_BTCUSDT_ob500.data: Raw data in RAM | SYSTEM RAM: 114.57 GB (15.2%)
2026-03-21 13:52:23,026 - INFO - EventSampler iniciado. Modo: 'both' | Dollar=500000.0 | Tick=5000 | Info=100.0 | Time=300000ms
2026-03-21 13:52:23,036 - INFO - ✅ Protocol Island Split: 1/1 islands survived. Total rows: 440945
2026-03-21 13:52:23,040 - INFO - 🏆 Gold Validation complete for 2023-03-15_BTCUSDT_ob500.data. Status: VALID
2026-03-21 13:52:23,340 - INFO - Successfully saved 440945 rows to data/L2/pre_processed/2023-03-15_BTCUSDT_ob500.data.parquet
2026-03-21 13:52:23,341 - INFO - ✅ Saved event-driven dataset: 2023-03-15_BTCUSDT_ob500.data.parquet
2026-03-21 13:52:23,342 - INFO - 📊 [Memory] 2023-03-15_BTCUSDT_ob500.data: 0.0MB -> 13829.5MB
2026-03-21 13:52:23,484 - INFO - 💾 Memory Optimization: Dropping 801 raw book columns.
2026-03-21 13:52:23,529 - INFO - 📊 [Drop Success] 2023-03-18_BTCUSDT_ob500.data: Columns discarded | SYSTEM RAM: 123.03 GB (16.3%)
2026-03-21 13:52:23,530 - INFO - --- Validating 2023-03-18_BTCUSDT_ob500.data ---
2026-03-21 13:52:23,543 - INFO - ✅ ARCHITECTURE INTEGRITY: 30/30 features present. Audit Scope: 46 columns (30 Features + 15 Raw/Price).
2026-03-21 13:52:23,561 - INFO - No NaNs found.
2026-03-21 13:52:23,570 - INFO - No Infinite values found.
2026-03-21 13:52:23,572 - INFO - Chronological order verified.
2026-03-21 13:52:23,580 - WARNING - ⚠️ STALE DATA ALERT: Possible feed lock detected in 2023-03-18_BTCUSDT_ob500.data
2026-03-21 13:52:23,591 - WARNING - ☢️ CRITICAL OUTLIER: [DNN_INPUT] pressure_ratio max (2.3461e+04) is > 15x P99. Clipping might have failed!
2026-03-21 13:52:23,593 - WARNING - ☢️ CRITICAL OUTLIER: [DNN_INPUT] bid_deep_ratio max (5.7840e+04) is > 15x P99. Clipping might have failed!
2026-03-21 13:52:23,595 - WARNING - ☢️ CRITICAL OUTLIER: [DNN_INPUT] upper_wick max (2.0289e-03) is > 15x P99. Clipping might have failed!
2026-03-21 13:52:23,601 - WARNING - ☢️ CRITICAL OUTLIER: [DNN_INPUT] lower_wick max (2.2030e-03) is > 15x P99. Clipping might have failed!
2026-03-21 13:52:23,607 - WARNING - ☢️ CRITICAL OUTLIER: [DNN_INPUT] ask_deep_ratio max (5.7825e+04) is > 15x P99. Clipping might have failed!
2026-03-21 13:52:23,748 - WARNING - ⚠️ HIGH TAIL INTENSITY: [RAW_DATA] bar_usd_volume has 197 points with Z-Score > 12.
2026-03-21 13:52:23,748 - WARNING - ⚠️ HIGH TAIL INTENSITY: [RAW_DATA] bar_btc_volume has 194 points with Z-Score > 12.
2026-03-21 13:52:23,748 - WARNING - ⚠️ HIGH TAIL INTENSITY: [DNN_INPUT] volatility has 443 points with Z-Score > 12.
2026-03-21 13:52:23,748 - WARNING - ⚠️ HIGH TAIL INTENSITY: [DNN_INPUT] micro_price_momentum has 319 points with Z-Score > 12.
2026-03-21 13:52:23,748 - WARNING - ⚠️ HIGH TAIL INTENSITY: [DNN_INPUT] bid_rdi has 601 points with Z-Score > 12.
2026-03-21 13:52:23,748 - WARNING - ⚠️ HIGH TAIL INTENSITY: [DNN_INPUT] ask_rdi has 920 points with Z-Score > 12.
2026-03-21 13:52:23,749 - WARNING - ⚠️ HIGH TAIL INTENSITY: [DNN_INPUT] pressure_ratio has 27 points with Z-Score > 12.
2026-03-21 13:52:23,749 - WARNING - ⚠️ HIGH TAIL INTENSITY: [DNN_INPUT] body has 229 points with Z-Score > 12.
2026-03-21 13:52:23,749 - WARNING - ⚠️ HIGH TAIL INTENSITY: [DNN_INPUT] upper_wick has 356 points with Z-Score > 12.
2026-03-21 13:52:23,749 - WARNING - ⚠️ HIGH TAIL INTENSITY: [DNN_INPUT] lower_wick has 331 points with Z-Score > 12.
2026-03-21 13:52:23,749 - WARNING - ⚠️ HIGH TAIL INTENSITY: [DNN_INPUT] log_ret_close has 202 points with Z-Score > 12.
2026-03-21 13:52:23,749 - WARNING - ⚠️ HIGH TAIL INTENSITY: [DNN_INPUT] bid_rdi_delta_5 has 340 points with Z-Score > 12.
2026-03-21 13:52:23,749 - WARNING - ⚠️ HIGH TAIL INTENSITY: [DNN_INPUT] ask_rdi_delta_5 has 323 points with Z-Score > 12.
2026-03-21 13:52:23,749 - WARNING - ⚠️ HIGH TAIL INTENSITY: [DNN_INPUT] micro_price_delta_5 has 27 points with Z-Score > 12.
2026-03-21 13:52:23,749 - WARNING - ⚠️ HIGH TAIL INTENSITY: [DNN_INPUT] bid_rdi_delta_30 has 579 points with Z-Score > 12.
2026-03-21 13:52:23,749 - WARNING - ⚠️ HIGH TAIL INTENSITY: [DNN_INPUT] ask_rdi_delta_30 has 460 points with Z-Score > 12.
2026-03-21 13:52:23,749 - WARNING - ⚠️ HIGH TAIL INTENSITY: [DNN_INPUT] spread_zscore_60 has 358 points with Z-Score > 12.
2026-03-21 13:52:23,750 - WARNING - ⚠️ HIGH TAIL INTENSITY: [DNN_INPUT] kyle_lambda has 251 points with Z-Score > 12.
2026-03-21 13:52:23,750 - WARNING - ⚠️ HIGH TAIL INTENSITY: [DNN_INPUT] bid_deep_ratio has 1094 points with Z-Score > 12.
2026-03-21 13:52:23,750 - WARNING - ⚠️ HIGH TAIL INTENSITY: [DNN_INPUT] ask_deep_ratio has 1182 points with Z-Score > 12.
2026-03-21 13:52:23,750 - WARNING - ⚠️ HIGH TAIL INTENSITY: [DNN_INPUT] bid_convexity has 391 points with Z-Score > 12.
2026-03-21 13:52:23,750 - WARNING - ⚠️ HIGH TAIL INTENSITY: [DNN_INPUT] ask_convexity has 300 points with Z-Score > 12.
2026-03-21 13:52:23,817 - INFO - 📥 DOWNLOAD FILE: BTCUSDT2023-03-31.csv.gz
2026-03-21 13:52:23,867 - INFO - ✅ Protocol Island Split: 1/1 islands survived. Total rows: 315234
2026-03-21 13:52:23,867 - INFO - 🏆 Gold Validation complete for 2023-03-18_BTCUSDT_ob500.data. Status: VALID
2026-03-21 13:52:24,060 - INFO - Successfully saved 315234 rows to data/L2/pre_processed/2023-03-18_BTCUSDT_ob500.data.parquet
2026-03-21 13:52:24,060 - INFO - ✅ Saved event-driven dataset: 2023-03-18_BTCUSDT_ob500.data.parquet
2026-03-21 13:52:24,061 - INFO - 📊 [Memory] 2023-03-18_BTCUSDT_ob500.data: 0.0MB -> 14591.6MB
2026-03-21 13:52:25,279 - INFO - 📊 [Peak Load] 2023-03-22_BTCUSDT_ob500.data: Raw data in RAM | SYSTEM RAM: 141.24 GB (18.7%)
2026-03-21 13:52:25,294 - INFO - EventSampler iniciado. Modo: 'both' | Dollar=500000.0 | Tick=5000 | Info=100.0 | Time=300000ms
2026-03-21 13:52:25,624 - INFO - 📊 [Peak Load] 2023-03-23_BTCUSDT_ob500.data: Raw data in RAM | SYSTEM RAM: 147.43 GB (19.5%)
2026-03-21 13:52:25,642 - INFO - EventSampler iniciado. Modo: 'both' | Dollar=500000.0 | Tick=5000 | Info=100.0 | Time=300000ms
2026-03-21 13:52:26,325 - INFO - CUSUM (both): 40532 eventos. Trigger IID será aplicado dentro de cada janela CUSUM.
2026-03-21 13:52:26,895 - INFO - 📥 DOWNLOAD FILE: BTCUSDT2023-04-01.csv.gz
2026-03-21 13:52:26,943 - INFO - Barras geradas: 248452 | Ilhas: 1
2026-03-21 13:52:27,335 - INFO - 📥 DOWNLOAD FILE: BTCUSDT2023-04-02.csv.gz
2026-03-21 13:52:28,422 - INFO - CUSUM (both): 38749 eventos. Trigger IID será aplicado dentro de cada janela CUSUM.
2026-03-21 13:52:28,994 - INFO - Barras geradas: 320445 | Ilhas: 1
2026-03-21 13:52:29,279 - INFO - 🗑️ CLEANUP: Deleting processed zip: 2023-03-17_BTCUSDT_ob500.data.zip
2026-03-21 13:52:29,473 - INFO - 🗑️ CLEANUP: Deleting processed zip: 2023-03-20_BTCUSDT_ob500.data.zip
2026-03-21 13:52:29,739 - INFO - CUSUM (both): 43422 eventos. Trigger IID será aplicado dentro de cada janela CUSUM.
2026-03-21 13:52:30,001 - INFO - 🗑️ CLEANUP: Deleting processed zip: 2023-03-21_BTCUSDT_ob500.data.zip
2026-03-21 13:52:30,271 - INFO - 🗑️ CLEANUP: Deleting processed zip: 2023-03-19_BTCUSDT_ob500.data.zip
2026-03-21 13:52:31,196 - INFO - Barras geradas: 391526 | Ilhas: 1
2026-03-21 13:52:33,216 - INFO - 📥 DOWNLOAD: 2023-03-31_BTCUSDT_ob500.data.zip
2026-03-21 13:52:34,350 - INFO - 📥 DOWNLOAD: 2023-04-02_BTCUSDT_ob500.data.zip
2026-03-21 13:52:35,216 - INFO - 📥 DOWNLOAD: 2023-04-01_BTCUSDT_ob500.data.zip
2026-03-21 13:52:35,488 - INFO - 📊 [Memory] 2023-03-19_BTCUSDT_ob500.data: 0.0MB -> 12261.6MB
2026-03-21 13:52:35,492 - INFO - 🗑️ CLEANUP: Deleting processed zip: 2023-03-25_BTCUSDT_ob500.data.zip
2026-03-21 13:52:35,494 - INFO - 🗑️ CLEANUP: Deleting processed zip: 2023-03-28_BTCUSDT_ob500.data.zip
2026-03-21 13:52:35,495 - INFO - 📊 [Memory] 2023-03-31_BTCUSDT_ob500.data: 0.0MB -> 13777.7MB
2026-03-21 13:52:35,489 - INFO - 📊 [Memory] 2023-04-01_BTCUSDT_ob500.data: 0.0MB -> 12704.6MB
2026-03-21 13:52:35,489 - INFO - 📊 [Memory] 2023-03-24_BTCUSDT_ob500.data: 0.0MB -> 12055.9MB
2026-03-21 13:52:35,490 - INFO - 🗑️ CLEANUP: Deleting processed zip: 2023-03-26_BTCUSDT_ob500.data.zip
2026-03-21 13:52:35,492 - INFO - 📊 [Memory] 2023-04-02_BTCUSDT_ob500.data: 0.0MB -> 11985.6MB
2026-03-21 13:52:35,492 - INFO - 🗑️ CLEANUP: Deleting processed zip: 2023-03-27_BTCUSDT_ob500.data.zip
2026-03-21 13:52:35,493 - INFO - 📊 [Memory] 2023-03-17_BTCUSDT_ob500.data: 0.0MB -> 12062.5MB
2026-03-21 13:52:35,500 - INFO - 📊 [Memory] 2023-03-25_BTCUSDT_ob500.data: 0.0MB -> 10941.1MB
2026-03-21 13:52:35,501 - INFO - 📊 [Memory] 2023-03-20_BTCUSDT_ob500.data: 0.0MB -> 8539.9MB
2026-03-21 13:52:35,502 - INFO - 📊 [Memory] 2023-03-28_BTCUSDT_ob500.data: 0.0MB -> 11441.1MB
2026-03-21 13:52:35,504 - INFO - 📊 [Memory] 2023-03-30_BTCUSDT_ob500.data: 0.0MB -> 9747.6MB
2026-03-21 13:52:35,514 - INFO - 📊 [Memory] 2023-03-29_BTCUSDT_ob500.data: 0.0MB -> 10170.2MB
2026-03-21 13:52:35,525 - INFO - 📊 [Memory] 2023-03-27_BTCUSDT_ob500.data: 0.0MB -> 11613.1MB
2026-03-21 13:52:35,529 - INFO - 📊 [Memory] 2023-03-26_BTCUSDT_ob500.data: 0.0MB -> 11551.0MB
2026-03-21 13:52:35,559 - INFO - 📥 DOWNLOAD FILE: BTCUSDT2023-04-03.csv.gz
2026-03-21 13:52:35,643 - INFO - 📥 DOWNLOAD FILE: BTCUSDT2023-04-04.csv.gz
2026-03-21 13:52:35,649 - INFO - 📥 DOWNLOAD FILE: BTCUSDT2023-04-05.csv.gz
2026-03-21 13:52:35,661 - INFO - 📥 DOWNLOAD FILE: BTCUSDT2023-04-06.csv.gz
2026-03-21 13:52:35,714 - INFO - 📊 [Memory] 2023-04-04_BTCUSDT_ob500.data: 0.0MB -> 10170.2MB
2026-03-21 13:52:35,714 - INFO - 📊 [Memory] 2023-04-06_BTCUSDT_ob500.data: 0.0MB -> 13777.7MB
2026-03-21 13:52:35,716 - INFO - 📊 [Memory] 2023-04-03_BTCUSDT_ob500.data: 0.0MB -> 12704.6MB
2026-03-21 13:52:35,720 - INFO - 📊 [Memory] 2023-04-05_BTCUSDT_ob500.data: 0.0MB -> 11985.6MB
2026-03-21 13:52:35,774 - INFO - 📥 DOWNLOAD FILE: BTCUSDT2023-04-07.csv.gz
2026-03-21 13:52:35,799 - INFO - 📥 DOWNLOAD FILE: BTCUSDT2023-04-08.csv.gz
2026-03-21 13:52:35,801 - INFO - 📥 DOWNLOAD FILE: BTCUSDT2023-04-09.csv.gz
2026-03-21 13:52:35,819 - INFO - 📥 DOWNLOAD FILE: BTCUSDT2023-04-10.csv.gz
2026-03-21 13:52:35,823 - INFO - 📥 DOWNLOAD FILE: BTCUSDT2023-04-11.csv.gz
2026-03-21 13:52:35,906 - INFO - 📊 [Memory] 2023-04-11_BTCUSDT_ob500.data: 0.0MB -> 11985.6MB
2026-03-21 13:52:35,906 - INFO - 📊 [Memory] 2023-04-10_BTCUSDT_ob500.data: 0.0MB -> 13777.7MB
2026-03-21 13:52:35,907 - INFO - 📊 [Memory] 2023-04-08_BTCUSDT_ob500.data: 0.0MB -> 9747.6MB
2026-03-21 13:52:35,912 - INFO - 📊 [Memory] 2023-04-07_BTCUSDT_ob500.data: 0.0MB -> 10170.2MB
2026-03-21 13:52:35,908 - INFO - 📊 [Memory] 2023-04-09_BTCUSDT_ob500.data: 0.0MB -> 12704.6MB
2026-03-21 13:52:35,960 - INFO - 📥 DOWNLOAD FILE: BTCUSDT2023-04-12.csv.gz
2026-03-21 13:52:35,989 - INFO - 📥 DOWNLOAD FILE: BTCUSDT2023-04-13.csv.gz
2026-03-21 13:52:36,013 - INFO - 📥 DOWNLOAD FILE: BTCUSDT2023-04-14.csv.gz
2026-03-21 13:52:36,058 - INFO - 📊 [Memory] 2023-04-13_BTCUSDT_ob500.data: 0.0MB -> 10170.2MB
2026-03-21 13:52:36,064 - INFO - 📊 [Memory] 2023-04-14_BTCUSDT_ob500.data: 0.0MB -> 12704.6MB
2026-03-21 13:52:36,064 - INFO - 📊 [Memory] 2023-04-12_BTCUSDT_ob500.data: 0.0MB -> 11985.6MB
2026-03-21 13:52:36,113 - INFO - 📥 DOWNLOAD FILE: BTCUSDT2023-04-15.csv.gz
2026-03-21 13:52:36,120 - INFO - 📥 DOWNLOAD FILE: BTCUSDT2023-04-16.csv.gz
2026-03-21 13:52:36,126 - INFO - 📥 DOWNLOAD FILE: BTCUSDT2023-04-17.csv.gz
2026-03-21 13:52:36,139 - INFO - 📥 DOWNLOAD FILE: BTCUSDT2023-04-18.csv.gz
2026-03-21 13:52:36,143 - INFO - 📥 DOWNLOAD FILE: BTCUSDT2023-04-19.csv.gz
2026-03-21 13:52:36,386 - INFO - 📊 [Memory] 2023-03-23_BTCUSDT_ob500.data: 0.0MB -> 14103.9MB
2026-03-21 13:52:36,453 - INFO - 📥 DOWNLOAD FILE: BTCUSDT2023-04-20.csv.gz
2026-03-21 13:52:36,559 - INFO - 📊 [Memory] 2023-04-20_BTCUSDT_ob500.data: 0.0MB -> 11613.1MB
2026-03-21 13:52:36,561 - INFO - 📊 [Memory] 2023-04-15_BTCUSDT_ob500.data: 0.0MB -> 12704.6MB
2026-03-21 13:52:36,561 - INFO - 📊 [Memory] 2023-04-18_BTCUSDT_ob500.data: 0.0MB -> 9747.6MB
2026-03-21 13:52:36,561 - INFO - 📊 [Memory] 2023-04-17_BTCUSDT_ob500.data: 0.0MB -> 13777.7MB
2026-03-21 13:52:36,561 - INFO - 📊 [Memory] 2023-04-19_BTCUSDT_ob500.data: 0.0MB -> 10170.2MB
2026-03-21 13:52:36,562 - INFO - 📊 [Memory] 2023-04-16_BTCUSDT_ob500.data: 0.0MB -> 11985.6MB
2026-03-21 13:52:36,585 - INFO - 📥 DOWNLOAD FILE: BTCUSDT2023-04-21.csv.gz
2026-03-21 13:52:36,586 - INFO - 📥 DOWNLOAD FILE: BTCUSDT2023-04-22.csv.gz
2026-03-21 13:52:36,588 - INFO - 📥 DOWNLOAD FILE: BTCUSDT2023-04-23.csv.gz
2026-03-21 13:52:36,589 - INFO - 📥 DOWNLOAD FILE: BTCUSDT2023-04-24.csv.gz
2026-03-21 13:52:36,593 - INFO - 📊 [Memory] 2023-04-22_BTCUSDT_ob500.data: 0.0MB -> 12704.6MB
2026-03-21 13:52:36,594 - INFO - 📊 [Memory] 2023-04-23_BTCUSDT_ob500.data: 0.0MB -> 9747.6MB
2026-03-21 13:52:36,594 - INFO - 📊 [Memory] 2023-04-21_BTCUSDT_ob500.data: 0.0MB -> 13777.7MB
2026-03-21 13:52:36,597 - INFO - 📊 [Memory] 2023-04-24_BTCUSDT_ob500.data: 0.0MB -> 11985.6MB
2026-03-21 13:52:36,615 - INFO - 📥 DOWNLOAD FILE: BTCUSDT2023-04-26.csv.gz
2026-03-21 13:52:36,618 - INFO - 📥 DOWNLOAD FILE: BTCUSDT2023-04-27.csv.gz
2026-03-21 13:52:36,619 - INFO - 📥 DOWNLOAD FILE: BTCUSDT2023-04-28.csv.gz
2026-03-21 13:52:36,623 - INFO - 📊 [Memory] 2023-04-26_BTCUSDT_ob500.data: 0.0MB -> 13777.7MB
2026-03-21 13:52:36,624 - INFO - 📊 [Memory] 2023-04-28_BTCUSDT_ob500.data: 0.0MB -> 12704.6MB
2026-03-21 13:52:36,624 - INFO - 📊 [Memory] 2023-04-27_BTCUSDT_ob500.data: 0.0MB -> 11985.6MB
2026-03-21 13:52:36,639 - INFO - 📥 DOWNLOAD FILE: BTCUSDT2023-04-30.csv.gz
2026-03-21 13:52:36,642 - INFO - 📥 DOWNLOAD FILE: BTCUSDT2023-05-01.csv.gz
2026-03-21 13:52:36,643 - INFO - 📥 DOWNLOAD FILE: BTCUSDT2023-05-02.csv.gz
2026-03-21 13:52:36,649 - INFO - 📥 DOWNLOAD FILE: BTCUSDT2023-05-03.csv.gz
2026-03-21 13:52:36,656 - INFO - 📊 [Memory] 2023-05-01_BTCUSDT_ob500.data: 0.0MB -> 11985.6MB
2026-03-21 13:52:36,656 - INFO - 📊 [Memory] 2023-05-02_BTCUSDT_ob500.data: 0.0MB -> 12704.6MB
2026-03-21 13:52:36,657 - INFO - 📊 [Memory] 2023-05-03_BTCUSDT_ob500.data: 0.0MB -> 9747.6MB
2026-03-21 13:52:36,657 - INFO - 📊 [Memory] 2023-04-30_BTCUSDT_ob500.data: 0.0MB -> 13777.7MB
2026-03-21 13:52:36,671 - INFO - 📥 DOWNLOAD FILE: BTCUSDT2023-05-04.csv.gz
2026-03-21 13:52:36,674 - INFO - 📥 DOWNLOAD FILE: BTCUSDT2023-05-05.csv.gz
2026-03-21 13:52:36,676 - INFO - 📥 DOWNLOAD FILE: BTCUSDT2023-05-06.csv.gz
2026-03-21 13:52:36,682 - INFO - 📥 DOWNLOAD FILE: BTCUSDT2023-05-07.csv.gz
2026-03-21 13:52:36,690 - INFO - 📊 [Memory] 2023-05-05_BTCUSDT_ob500.data: 0.0MB -> 11985.6MB
2026-03-21 13:52:36,691 - INFO - 📊 [Memory] 2023-05-04_BTCUSDT_ob500.data: 0.0MB -> 13777.7MB
2026-03-21 13:52:36,691 - INFO - 📊 [Memory] 2023-05-07_BTCUSDT_ob500.data: 0.0MB -> 9747.6MB
2026-03-21 13:52:36,691 - INFO - 📊 [Memory] 2023-05-06_BTCUSDT_ob500.data: 0.0MB -> 12704.6MB
2026-03-21 13:52:36,715 - INFO - 📥 DOWNLOAD FILE: BTCUSDT2023-05-08.csv.gz
2026-03-21 13:52:36,717 - INFO - 📥 DOWNLOAD FILE: BTCUSDT2023-05-09.csv.gz
2026-03-21 13:52:36,718 - INFO - 📥 DOWNLOAD FILE: BTCUSDT2023-05-10.csv.gz
2026-03-21 13:52:36,718 - INFO - 📥 DOWNLOAD FILE: BTCUSDT2023-05-11.csv.gz
2026-03-21 13:52:36,722 - INFO - 📥 DOWNLOAD FILE: BTCUSDT2023-05-12.csv.gz
2026-03-21 13:52:36,723 - INFO - 📊 [Memory] 2023-05-09_BTCUSDT_ob500.data: 0.0MB -> 12704.6MB
2026-03-21 13:52:36,724 - INFO - 📊 [Memory] 2023-05-12_BTCUSDT_ob500.data: 0.0MB -> 11441.1MB
2026-03-21 13:52:36,724 - INFO - 📊 [Memory] 2023-05-10_BTCUSDT_ob500.data: 0.0MB -> 11985.6MB
2026-03-21 13:52:36,724 - INFO - 📊 [Memory] 2023-05-11_BTCUSDT_ob500.data: 0.0MB -> 9747.6MB
2026-03-21 13:52:36,724 - INFO - 📊 [Memory] 2023-05-08_BTCUSDT_ob500.data: 0.0MB -> 13777.7MB
2026-03-21 13:52:36,739 - INFO - 📥 DOWNLOAD FILE: BTCUSDT2023-05-13.csv.gz
2026-03-21 13:52:36,741 - INFO - 📥 DOWNLOAD FILE: BTCUSDT2023-05-14.csv.gz
2026-03-21 13:52:36,751 - INFO - 📥 DOWNLOAD FILE: BTCUSDT2023-05-15.csv.gz
2026-03-21 13:52:36,755 - INFO - 📊 [Memory] 2023-05-16_BTCUSDT_ob500.data: 0.0MB -> 12704.6MB
2026-03-21 13:52:36,755 - INFO - 📊 [Memory] 2023-05-14_BTCUSDT_ob500.data: 0.0MB -> 11985.6MB
2026-03-21 13:52:36,756 - INFO - 📊 [Memory] 2023-05-15_BTCUSDT_ob500.data: 0.0MB -> 9747.6MB
2026-03-21 13:52:36,756 - INFO - 📊 [Memory] 2023-05-13_BTCUSDT_ob500.data: 0.0MB -> 13777.7MB
2026-03-21 13:52:36,771 - INFO - 📥 DOWNLOAD FILE: BTCUSDT2023-05-17.csv.gz
2026-03-21 13:52:36,774 - INFO - 📥 DOWNLOAD FILE: BTCUSDT2023-05-18.csv.gz
2026-03-21 13:52:36,779 - INFO - 📥 DOWNLOAD FILE: BTCUSDT2023-05-19.csv.gz
2026-03-21 13:52:36,784 - INFO - 📊 [Memory] 2023-05-18_BTCUSDT_ob500.data: 0.0MB -> 11985.6MB
2026-03-21 13:52:36,784 - INFO - 📊 [Memory] 2023-05-19_BTCUSDT_ob500.data: 0.0MB -> 12704.6MB
2026-03-21 13:52:36,785 - INFO - 📊 [Memory] 2023-05-17_BTCUSDT_ob500.data: 0.0MB -> 13777.7MB
2026-03-21 13:52:36,800 - INFO - 📥 DOWNLOAD FILE: BTCUSDT2023-05-21.csv.gz
2026-03-21 13:52:36,801 - INFO - 📥 DOWNLOAD FILE: BTCUSDT2023-05-22.csv.gz
2026-03-21 13:52:36,811 - INFO - 📊 [Memory] 2023-05-21_BTCUSDT_ob500.data: 0.0MB -> 13777.7MB
2026-03-21 13:52:36,815 - INFO - 📊 [Memory] 2023-05-22_BTCUSDT_ob500.data: 0.0MB -> 12704.6MB
2026-03-21 13:52:36,829 - INFO - 📥 DOWNLOAD FILE: BTCUSDT2023-05-24.csv.gz
2026-03-21 13:52:36,830 - INFO - 📥 DOWNLOAD FILE: BTCUSDT2023-05-25.csv.gz
2026-03-21 13:52:36,835 - INFO - 📥 DOWNLOAD FILE: BTCUSDT2023-05-26.csv.gz
2026-03-21 13:52:36,954 - INFO - 📥 DOWNLOAD FILE: BTCUSDT2023-05-27.csv.gz
2026-03-21 13:52:36,991 - INFO - 📊 [Memory] 2023-05-24_BTCUSDT_ob500.data: 0.0MB -> 13777.7MB
2026-03-21 13:52:36,991 - INFO - 📊 [Memory] 2023-05-26_BTCUSDT_ob500.data: 0.0MB -> 12704.6MB
2026-03-21 13:52:36,991 - INFO - 📊 [Memory] 2023-05-25_BTCUSDT_ob500.data: 0.0MB -> 11985.6MB
2026-03-21 13:52:36,991 - INFO - 📊 [Memory] 2023-05-27_BTCUSDT_ob500.data: 0.0MB -> 10941.1MB
2026-03-21 13:52:37,015 - INFO - 📥 DOWNLOAD FILE: BTCUSDT2023-05-28.csv.gz
2026-03-21 13:52:37,017 - INFO - 📥 DOWNLOAD FILE: BTCUSDT2023-05-29.csv.gz
2026-03-21 13:52:37,020 - INFO - 📥 DOWNLOAD FILE: BTCUSDT2023-05-30.csv.gz
2026-03-21 13:52:37,170 - INFO - 📊 [Memory] 2023-05-29_BTCUSDT_ob500.data: 0.0MB -> 12704.6MB
2026-03-21 13:52:37,170 - INFO - 📊 [Memory] 2023-05-30_BTCUSDT_ob500.data: 0.0MB -> 13777.7MB
2026-03-21 13:52:37,172 - INFO - 📊 [Memory] 2023-05-28_BTCUSDT_ob500.data: 0.0MB -> 11985.6MB
2026-03-21 13:52:37,190 - INFO - 📥 DOWNLOAD FILE: BTCUSDT2023-05-31.csv.gz
2026-03-21 13:52:37,197 - INFO - 📥 DOWNLOAD FILE: BTCUSDT2023-06-01.csv.gz
2026-03-21 13:52:37,215 - INFO - 📥 DOWNLOAD FILE: BTCUSDT2023-06-02.csv.gz
2026-03-21 13:52:37,232 - INFO - 📥 DOWNLOAD FILE: BTCUSDT2023-06-03.csv.gz
2026-03-21 13:52:37,341 - INFO - 📊 [Memory] 2023-05-31_BTCUSDT_ob500.data: 0.0MB -> 12704.6MB
2026-03-21 13:52:37,341 - INFO - 📊 [Memory] 2023-06-03_BTCUSDT_ob500.data: 0.0MB -> 12263.1MB
2026-03-21 13:52:37,342 - INFO - 📊 [Memory] 2023-06-01_BTCUSDT_ob500.data: 0.0MB -> 13777.7MB
2026-03-21 13:52:37,342 - INFO - 📊 [Memory] 2023-06-02_BTCUSDT_ob500.data: 0.0MB -> 11985.6MB
2026-03-21 13:52:37,369 - INFO - 📥 DOWNLOAD FILE: BTCUSDT2023-06-04.csv.gz
2026-03-21 13:52:37,370 - INFO - 📥 DOWNLOAD FILE: BTCUSDT2023-06-05.csv.gz
2026-03-21 13:52:37,378 - INFO - 📥 DOWNLOAD FILE: BTCUSDT2023-06-06.csv.gz
2026-03-21 13:52:37,383 - INFO - 📥 DOWNLOAD FILE: BTCUSDT2023-06-07.csv.gz
2026-03-21 13:52:37,384 - INFO - 📥 DOWNLOAD FILE: BTCUSDT2023-06-08.csv.gz
