2026-03-21 20:20:20,831 - INFO - 
📝 LOGGING INITIALIZED (UTF-8-SIG): logs/etl/etl_20260321_202020.log
2026-03-21 20:20:20,833 - INFO - 🧹 PRE-PROCESS: Cleaning up old temp files in data/L2/temp_raw
2026-03-21 20:20:20,838 - INFO - 🧹 GOLD CLEANUP: Clearing old parquets in data/L2/pre_processed
2026-03-21 20:20:21,349 - INFO - Listing ZIP files from remote: drive:PROJETOS/BTC_USDT_L2_2023_2026...
2026-03-21 20:20:27,221 - INFO - Found 1151 ZIP files in remote.
2026-03-21 20:20:27,222 - INFO - Listing Trades CSV files from remote: drive:PROJETOS/BTC_USDT_L2_TRADE_2023_2026...
2026-03-21 20:20:29,842 - INFO - Found 1151 Trades files in remote.
2026-03-21 20:20:29,878 - INFO - Scale Guard active: 32 -> 2 workers (Factor: 0.0625)
2026-03-21 20:20:29,878 - INFO - System detected 32 vCPUs allocated.
2026-03-21 20:20:29,879 - INFO - ETL Scope: 2026 to 2026
2026-03-21 20:20:29,879 - INFO - ETL Worker Mode: Manual (Static) + ScaleGuard (0.0625x for 2026) -> Using 2 processes.
2026-03-21 20:20:29,879 - INFO - Found 72 Paired Days (L2 + Trades) to process.
2026-03-21 20:20:29,893 - INFO - 📥 DOWNLOAD FILE: BTCUSDT2026-01-01.csv.gz
2026-03-21 20:20:29,893 - INFO - 📥 DOWNLOAD FILE: BTCUSDT2026-01-02.csv.gz
2026-03-21 20:20:36,627 - INFO - 📥 DOWNLOAD: 2026-01-01_BTCUSDT_ob200.data.zip
2026-03-21 20:20:42,756 - INFO - 📥 DOWNLOAD: 2026-01-02_BTCUSDT_ob200.data.zip
2026-03-21 20:20:50,920 - INFO - 📂 STREAMING: 2026-01-01_BTCUSDT_ob200.data
2026-03-21 20:20:51,878 - INFO - 📂 STREAMING: 2026-01-02_BTCUSDT_ob200.data
2026-03-21 20:21:31,977 - INFO - 🗑️ CLEANUP: Deleting processed zip: 2026-01-01_BTCUSDT_ob200.data.zip
2026-03-21 20:21:38,613 - INFO - 📊 [Peak Load] 2026-01-01_BTCUSDT_ob200.data: Raw data in RAM | SYSTEM RAM: 65.28 GB (8.6%)
2026-03-21 20:21:38,619 - INFO - EventSampler iniciado. Modo: 'both' | Dollar=500000.0 | Tick=5000 | Info=100.0 | Time=300000ms
2026-03-21 20:21:39,602 - INFO - CUSUM (both): 11779 eventos. Trigger IID será aplicado dentro de cada janela CUSUM.
2026-03-21 20:21:39,883 - INFO - Barras geradas: 44412 | Ilhas: 1
2026-03-21 20:21:41,522 - INFO - 💾 Memory Optimization: Dropping 801 raw book columns.
2026-03-21 20:21:41,552 - INFO - 📊 [Drop Success] 2026-01-01_BTCUSDT_ob200.data: Columns discarded | SYSTEM RAM: 57.98 GB (7.7%)
2026-03-21 20:21:41,553 - INFO - --- Validating 2026-01-01_BTCUSDT_ob200.data ---
2026-03-21 20:21:41,672 - INFO - ✅ ARCHITECTURE INTEGRITY: 30/30 features present. Audit Scope: 46 columns (30 Features + 15 Raw/Price).
2026-03-21 20:21:41,691 - INFO - No NaNs found.
2026-03-21 20:21:41,702 - INFO - No Infinite values found.
2026-03-21 20:21:41,702 - INFO - Chronological order verified.
2026-03-21 20:21:41,709 - WARNING - ⚠️ STALE DATA ALERT: Possible feed lock detected in 2026-01-01_BTCUSDT_ob200.data
2026-03-21 20:21:41,719 - WARNING - ☢️ CRITICAL OUTLIER: [DNN_INPUT] pressure_ratio max (1.3835e+03) is > 15x P99. Clipping might have failed!
2026-03-21 20:21:41,720 - WARNING - ☢️ CRITICAL OUTLIER: [DNN_INPUT] lower_wick max (6.9760e-04) is > 15x P99. Clipping might have failed!
2026-03-21 20:21:41,721 - WARNING - ☢️ CRITICAL OUTLIER: [DNN_INPUT] upper_wick max (7.4350e-04) is > 15x P99. Clipping might have failed!
2026-03-21 20:21:41,750 - WARNING - ⚠️ HIGH TAIL INTENSITY: [RAW_DATA] bar_usd_volume has 8 points with Z-Score > 12.
2026-03-21 20:21:41,750 - WARNING - ⚠️ HIGH TAIL INTENSITY: [RAW_DATA] bar_btc_volume has 8 points with Z-Score > 12.
2026-03-21 20:21:41,750 - WARNING - ⚠️ HIGH TAIL INTENSITY: [DNN_INPUT] max_spread has 130 points with Z-Score > 12.
2026-03-21 20:21:41,750 - WARNING - ⚠️ HIGH TAIL INTENSITY: [DNN_INPUT] volatility has 61 points with Z-Score > 12.
2026-03-21 20:21:41,750 - WARNING - ⚠️ HIGH TAIL INTENSITY: [DNN_INPUT] micro_price_momentum has 23 points with Z-Score > 12.
2026-03-21 20:21:41,750 - WARNING - ⚠️ HIGH TAIL INTENSITY: [DNN_INPUT] bid_rdi has 35 points with Z-Score > 12.
2026-03-21 20:21:41,751 - WARNING - ⚠️ HIGH TAIL INTENSITY: [DNN_INPUT] ask_rdi has 69 points with Z-Score > 12.
2026-03-21 20:21:41,751 - WARNING - ⚠️ HIGH TAIL INTENSITY: [DNN_INPUT] pressure_ratio has 28 points with Z-Score > 12.
2026-03-21 20:21:41,751 - WARNING - ⚠️ HIGH TAIL INTENSITY: [DNN_INPUT] body has 10 points with Z-Score > 12.
2026-03-21 20:21:41,751 - WARNING - ⚠️ HIGH TAIL INTENSITY: [DNN_INPUT] upper_wick has 44 points with Z-Score > 12.
2026-03-21 20:21:41,751 - WARNING - ⚠️ HIGH TAIL INTENSITY: [DNN_INPUT] lower_wick has 46 points with Z-Score > 12.
2026-03-21 20:21:41,751 - WARNING - ⚠️ HIGH TAIL INTENSITY: [DNN_INPUT] log_ret_close has 12 points with Z-Score > 12.
2026-03-21 20:21:41,751 - WARNING - ⚠️ HIGH TAIL INTENSITY: [DNN_INPUT] bid_rdi_delta_5 has 38 points with Z-Score > 12.
2026-03-21 20:21:41,751 - WARNING - ⚠️ HIGH TAIL INTENSITY: [DNN_INPUT] ask_rdi_delta_5 has 31 points with Z-Score > 12.
2026-03-21 20:21:41,751 - WARNING - ⚠️ HIGH TAIL INTENSITY: [DNN_INPUT] micro_price_delta_5 has 2 points with Z-Score > 12.
2026-03-21 20:21:41,751 - WARNING - ⚠️ HIGH TAIL INTENSITY: [DNN_INPUT] bid_rdi_delta_30 has 52 points with Z-Score > 12.
2026-03-21 20:21:41,752 - WARNING - ⚠️ HIGH TAIL INTENSITY: [DNN_INPUT] ask_rdi_delta_30 has 92 points with Z-Score > 12.
2026-03-21 20:21:41,752 - WARNING - ⚠️ HIGH TAIL INTENSITY: [DNN_INPUT] spread_zscore_60 has 88 points with Z-Score > 12.
2026-03-21 20:21:41,752 - WARNING - ⚠️ HIGH TAIL INTENSITY: [DNN_INPUT] kyle_lambda has 31 points with Z-Score > 12.
2026-03-21 20:21:41,752 - WARNING - ⚠️ HIGH TAIL INTENSITY: [DNN_INPUT] bid_deep_ratio has 40 points with Z-Score > 12.
2026-03-21 20:21:41,752 - WARNING - ⚠️ HIGH TAIL INTENSITY: [DNN_INPUT] ask_deep_ratio has 98 points with Z-Score > 12.
2026-03-21 20:21:41,776 - INFO - ✅ Protocol Island Split: 1/1 islands survived. Total rows: 44412
2026-03-21 20:21:41,776 - INFO - 🏆 Gold Validation complete for 2026-01-01_BTCUSDT_ob200.data. Status: VALID
2026-03-21 20:21:41,859 - INFO - Successfully saved 44412 rows to data/L2/pre_processed/2026-01-01_BTCUSDT_ob200.data.parquet
2026-03-21 20:21:41,860 - INFO - ✅ Saved event-driven dataset: 2026-01-01_BTCUSDT_ob200.data.parquet
2026-03-21 20:21:41,862 - INFO - 📊 [Memory] 2026-01-01_BTCUSDT_ob200.data: 0.0MB -> 10644.7MB
2026-03-21 20:21:43,617 - INFO - 📥 DOWNLOAD FILE: BTCUSDT2026-01-03.csv.gz
2026-03-21 20:21:51,843 - INFO - 📥 DOWNLOAD: 2026-01-03_BTCUSDT_ob200.data.zip
2026-03-21 20:21:58,890 - INFO - 📂 STREAMING: 2026-01-03_BTCUSDT_ob200.data
2026-03-21 20:21:59,456 - INFO - 🗑️ CLEANUP: Deleting processed zip: 2026-01-02_BTCUSDT_ob200.data.zip
2026-03-21 20:22:25,074 - INFO - 📊 [Peak Load] 2026-01-02_BTCUSDT_ob200.data: Raw data in RAM | SYSTEM RAM: 73.88 GB (9.8%)
2026-03-21 20:22:25,087 - INFO - EventSampler iniciado. Modo: 'both' | Dollar=500000.0 | Tick=5000 | Info=100.0 | Time=300000ms
2026-03-21 20:22:28,530 - INFO - CUSUM (both): 40812 eventos. Trigger IID será aplicado dentro de cada janela CUSUM.
2026-03-21 20:22:29,277 - INFO - Barras geradas: 207754 | Ilhas: 1
2026-03-21 20:22:36,024 - INFO - 💾 Memory Optimization: Dropping 801 raw book columns.
2026-03-21 20:22:36,055 - INFO - 📊 [Drop Success] 2026-01-02_BTCUSDT_ob200.data: Columns discarded | SYSTEM RAM: 61.44 GB (8.1%)
2026-03-21 20:22:36,055 - INFO - --- Validating 2026-01-02_BTCUSDT_ob200.data ---
2026-03-21 20:22:37,439 - INFO - ✅ ARCHITECTURE INTEGRITY: 30/30 features present. Audit Scope: 46 columns (30 Features + 15 Raw/Price).
2026-03-21 20:22:37,456 - INFO - No NaNs found.
2026-03-21 20:22:37,462 - INFO - No Infinite values found.
2026-03-21 20:22:37,462 - INFO - Chronological order verified.
2026-03-21 20:22:37,469 - WARNING - ⚠️ STALE DATA ALERT: Possible feed lock detected in 2026-01-02_BTCUSDT_ob200.data
2026-03-21 20:22:37,478 - WARNING - ☢️ CRITICAL OUTLIER: [DNN_INPUT] pressure_ratio max (1.2756e+03) is > 15x P99. Clipping might have failed!
2026-03-21 20:22:37,479 - WARNING - ☢️ CRITICAL OUTLIER: [DNN_INPUT] lower_wick max (1.1433e-03) is > 15x P99. Clipping might have failed!
2026-03-21 20:22:37,481 - WARNING - ☢️ CRITICAL OUTLIER: [DNN_INPUT] upper_wick max (7.6400e-04) is > 15x P99. Clipping might have failed!
2026-03-21 20:22:37,483 - WARNING - ☢️ CRITICAL OUTLIER: [DNN_INPUT] body max (1.4977e-03) is > 15x P99. Clipping might have failed!
2026-03-21 20:22:37,484 - WARNING - ☢️ CRITICAL OUTLIER: [DNN_INPUT] max_spread max (2.8200e+01) is > 15x P99. Clipping might have failed!
2026-03-21 20:22:37,580 - WARNING - ⚠️ HIGH TAIL INTENSITY: [RAW_DATA] bar_usd_volume has 51 points with Z-Score > 12.
2026-03-21 20:22:37,580 - WARNING - ⚠️ HIGH TAIL INTENSITY: [RAW_DATA] bar_btc_volume has 51 points with Z-Score > 12.
2026-03-21 20:22:37,580 - WARNING - ⚠️ HIGH TAIL INTENSITY: [DNN_INPUT] max_spread has 220 points with Z-Score > 12.
2026-03-21 20:22:37,581 - WARNING - ⚠️ HIGH TAIL INTENSITY: [DNN_INPUT] volatility has 369 points with Z-Score > 12.
2026-03-21 20:22:37,581 - WARNING - ⚠️ HIGH TAIL INTENSITY: [DNN_INPUT] micro_price_momentum has 143 points with Z-Score > 12.
2026-03-21 20:22:37,581 - WARNING - ⚠️ HIGH TAIL INTENSITY: [DNN_INPUT] bid_rdi has 170 points with Z-Score > 12.
2026-03-21 20:22:37,581 - WARNING - ⚠️ HIGH TAIL INTENSITY: [DNN_INPUT] ask_rdi has 97 points with Z-Score > 12.
2026-03-21 20:22:37,581 - WARNING - ⚠️ HIGH TAIL INTENSITY: [DNN_INPUT] pressure_ratio has 242 points with Z-Score > 12.
2026-03-21 20:22:37,581 - WARNING - ⚠️ HIGH TAIL INTENSITY: [DNN_INPUT] body has 56 points with Z-Score > 12.
2026-03-21 20:22:37,581 - WARNING - ⚠️ HIGH TAIL INTENSITY: [DNN_INPUT] upper_wick has 215 points with Z-Score > 12.
2026-03-21 20:22:37,582 - WARNING - ⚠️ HIGH TAIL INTENSITY: [DNN_INPUT] lower_wick has 235 points with Z-Score > 12.
2026-03-21 20:22:37,582 - WARNING - ⚠️ HIGH TAIL INTENSITY: [DNN_INPUT] log_ret_close has 51 points with Z-Score > 12.
2026-03-21 20:22:37,582 - WARNING - ⚠️ HIGH TAIL INTENSITY: [DNN_INPUT] bid_rdi_delta_5 has 138 points with Z-Score > 12.
2026-03-21 20:22:37,582 - WARNING - ⚠️ HIGH TAIL INTENSITY: [DNN_INPUT] ask_rdi_delta_5 has 86 points with Z-Score > 12.
2026-03-21 20:22:37,582 - WARNING - ⚠️ HIGH TAIL INTENSITY: [DNN_INPUT] micro_price_delta_5 has 9 points with Z-Score > 12.
2026-03-21 20:22:37,582 - WARNING - ⚠️ HIGH TAIL INTENSITY: [DNN_INPUT] bid_rdi_delta_30 has 228 points with Z-Score > 12.
2026-03-21 20:22:37,582 - WARNING - ⚠️ HIGH TAIL INTENSITY: [DNN_INPUT] ask_rdi_delta_30 has 112 points with Z-Score > 12.
2026-03-21 20:22:37,582 - WARNING - ⚠️ HIGH TAIL INTENSITY: [DNN_INPUT] spread_zscore_60 has 302 points with Z-Score > 12.
2026-03-21 20:22:37,582 - WARNING - ⚠️ HIGH TAIL INTENSITY: [DNN_INPUT] kyle_lambda has 41 points with Z-Score > 12.
2026-03-21 20:22:37,582 - WARNING - ⚠️ HIGH TAIL INTENSITY: [DNN_INPUT] bid_deep_ratio has 368 points with Z-Score > 12.
2026-03-21 20:22:37,582 - WARNING - ⚠️ HIGH TAIL INTENSITY: [DNN_INPUT] ask_deep_ratio has 253 points with Z-Score > 12.
2026-03-21 20:22:37,675 - INFO - ✅ Protocol Island Split: 1/1 islands survived. Total rows: 207754
2026-03-21 20:22:37,675 - INFO - 🏆 Gold Validation complete for 2026-01-02_BTCUSDT_ob200.data. Status: VALID
2026-03-21 20:22:37,817 - INFO - Successfully saved 207754 rows to data/L2/pre_processed/2026-01-02_BTCUSDT_ob200.data.parquet
2026-03-21 20:22:37,817 - INFO - ✅ Saved event-driven dataset: 2026-01-02_BTCUSDT_ob200.data.parquet
2026-03-21 20:22:37,819 - INFO - 📊 [Memory] 2026-01-02_BTCUSDT_ob200.data: 0.0MB -> 7402.0MB
2026-03-21 20:22:39,945 - INFO - 📥 DOWNLOAD FILE: BTCUSDT2026-01-04.csv.gz
2026-03-21 20:22:45,037 - INFO - 🗑️ CLEANUP: Deleting processed zip: 2026-01-03_BTCUSDT_ob200.data.zip
2026-03-21 20:22:47,667 - INFO - 📥 DOWNLOAD: 2026-01-04_BTCUSDT_ob200.data.zip
2026-03-21 20:22:52,998 - INFO - 📊 [Peak Load] 2026-01-03_BTCUSDT_ob200.data: Raw data in RAM | SYSTEM RAM: 63.70 GB (8.4%)
2026-03-21 20:22:53,021 - INFO - EventSampler iniciado. Modo: 'both' | Dollar=500000.0 | Tick=5000 | Info=100.0 | Time=300000ms
2026-03-21 20:22:54,118 - INFO - CUSUM (both): 15485 eventos. Trigger IID será aplicado dentro de cada janela CUSUM.
2026-03-21 20:22:54,339 - INFO - Barras geradas: 56531 | Ilhas: 1
2026-03-21 20:22:55,193 - INFO - 📂 STREAMING: 2026-01-04_BTCUSDT_ob200.data
2026-03-21 20:22:55,987 - INFO - 💾 Memory Optimization: Dropping 801 raw book columns.
2026-03-21 20:22:56,002 - INFO - 📊 [Drop Success] 2026-01-03_BTCUSDT_ob200.data: Columns discarded | SYSTEM RAM: 60.70 GB (8.0%)
2026-03-21 20:22:56,003 - INFO - --- Validating 2026-01-03_BTCUSDT_ob200.data ---
2026-03-21 20:22:56,013 - INFO - ✅ ARCHITECTURE INTEGRITY: 30/30 features present. Audit Scope: 46 columns (30 Features + 15 Raw/Price).
2026-03-21 20:22:56,015 - INFO - No NaNs found.
2026-03-21 20:22:56,017 - INFO - No Infinite values found.
2026-03-21 20:22:56,018 - INFO - Chronological order verified.
2026-03-21 20:22:56,020 - WARNING - ⚠️ STALE DATA ALERT: Possible feed lock detected in 2026-01-03_BTCUSDT_ob200.data
2026-03-21 20:22:56,025 - WARNING - ☢️ CRITICAL OUTLIER: [DNN_INPUT] pressure_ratio max (1.5442e+03) is > 15x P99. Clipping might have failed!
2026-03-21 20:22:56,025 - WARNING - ☢️ CRITICAL OUTLIER: [DNN_INPUT] lower_wick max (1.2294e-03) is > 15x P99. Clipping might have failed!
2026-03-21 20:22:56,026 - WARNING - ☢️ CRITICAL OUTLIER: [DNN_INPUT] upper_wick max (4.9041e-04) is > 15x P99. Clipping might have failed!
2026-03-21 20:22:56,050 - WARNING - ⚠️ HIGH TAIL INTENSITY: [RAW_DATA] bar_usd_volume has 16 points with Z-Score > 12.
2026-03-21 20:22:56,050 - WARNING - ⚠️ HIGH TAIL INTENSITY: [RAW_DATA] bar_btc_volume has 16 points with Z-Score > 12.
2026-03-21 20:22:56,050 - WARNING - ⚠️ HIGH TAIL INTENSITY: [DNN_INPUT] max_spread has 152 points with Z-Score > 12.
2026-03-21 20:22:56,050 - WARNING - ⚠️ HIGH TAIL INTENSITY: [DNN_INPUT] volatility has 64 points with Z-Score > 12.
2026-03-21 20:22:56,051 - WARNING - ⚠️ HIGH TAIL INTENSITY: [DNN_INPUT] micro_price_momentum has 136 points with Z-Score > 12.
2026-03-21 20:22:56,051 - WARNING - ⚠️ HIGH TAIL INTENSITY: [DNN_INPUT] bid_rdi has 27 points with Z-Score > 12.
2026-03-21 20:22:56,051 - WARNING - ⚠️ HIGH TAIL INTENSITY: [DNN_INPUT] ask_rdi has 43 points with Z-Score > 12.
2026-03-21 20:22:56,051 - WARNING - ⚠️ HIGH TAIL INTENSITY: [DNN_INPUT] pressure_ratio has 62 points with Z-Score > 12.
2026-03-21 20:22:56,051 - WARNING - ⚠️ HIGH TAIL INTENSITY: [DNN_INPUT] body has 11 points with Z-Score > 12.
2026-03-21 20:22:56,051 - WARNING - ⚠️ HIGH TAIL INTENSITY: [DNN_INPUT] upper_wick has 68 points with Z-Score > 12.
2026-03-21 20:22:56,051 - WARNING - ⚠️ HIGH TAIL INTENSITY: [DNN_INPUT] lower_wick has 63 points with Z-Score > 12.
2026-03-21 20:22:56,051 - WARNING - ⚠️ HIGH TAIL INTENSITY: [DNN_INPUT] log_ret_close has 14 points with Z-Score > 12.
2026-03-21 20:22:56,051 - WARNING - ⚠️ HIGH TAIL INTENSITY: [DNN_INPUT] bid_rdi_delta_5 has 38 points with Z-Score > 12.
2026-03-21 20:22:56,052 - WARNING - ⚠️ HIGH TAIL INTENSITY: [DNN_INPUT] ask_rdi_delta_5 has 46 points with Z-Score > 12.
2026-03-21 20:22:56,052 - WARNING - ⚠️ HIGH TAIL INTENSITY: [DNN_INPUT] micro_price_delta_5 has 1 points with Z-Score > 12.
2026-03-21 20:22:56,052 - WARNING - ⚠️ HIGH TAIL INTENSITY: [DNN_INPUT] bid_rdi_delta_30 has 40 points with Z-Score > 12.
2026-03-21 20:22:56,052 - WARNING - ⚠️ HIGH TAIL INTENSITY: [DNN_INPUT] ask_rdi_delta_30 has 66 points with Z-Score > 12.
2026-03-21 20:22:56,052 - WARNING - ⚠️ HIGH TAIL INTENSITY: [DNN_INPUT] spread_zscore_60 has 110 points with Z-Score > 12.
2026-03-21 20:22:56,052 - WARNING - ⚠️ HIGH TAIL INTENSITY: [DNN_INPUT] kyle_lambda has 19 points with Z-Score > 12.
2026-03-21 20:22:56,052 - WARNING - ⚠️ HIGH TAIL INTENSITY: [DNN_INPUT] bid_deep_ratio has 77 points with Z-Score > 12.
2026-03-21 20:22:56,052 - WARNING - ⚠️ HIGH TAIL INTENSITY: [DNN_INPUT] ask_deep_ratio has 106 points with Z-Score > 12.
2026-03-21 20:22:56,052 - WARNING - ⚠️ HIGH TAIL INTENSITY: [DNN_INPUT] bid_convexity has 104 points with Z-Score > 12.
2026-03-21 20:22:56,074 - INFO - ✅ Protocol Island Split: 1/1 islands survived. Total rows: 56531
2026-03-21 20:22:56,078 - INFO - 🏆 Gold Validation complete for 2026-01-03_BTCUSDT_ob200.data. Status: VALID
2026-03-21 20:22:56,137 - INFO - Successfully saved 56531 rows to data/L2/pre_processed/2026-01-03_BTCUSDT_ob200.data.parquet
2026-03-21 20:22:56,137 - INFO - ✅ Saved event-driven dataset: 2026-01-03_BTCUSDT_ob200.data.parquet
2026-03-21 20:22:56,140 - INFO - 📊 [Memory] 2026-01-03_BTCUSDT_ob200.data: 0.0MB -> 14514.5MB
2026-03-21 20:22:57,940 - INFO - 📥 DOWNLOAD FILE: BTCUSDT2026-01-05.csv.gz
2026-03-21 20:23:10,475 - INFO - 📥 DOWNLOAD: 2026-01-05_BTCUSDT_ob200.data.zip
2026-03-21 20:23:45,046 - INFO - 🗑️ CLEANUP: Deleting processed zip: 2026-01-04_BTCUSDT_ob200.data.zip
2026-03-21 20:23:54,392 - INFO - 📂 STREAMING: 2026-01-05_BTCUSDT_ob200.data
2026-03-21 20:23:55,342 - INFO - 📊 [Peak Load] 2026-01-04_BTCUSDT_ob200.data: Raw data in RAM | SYSTEM RAM: 69.17 GB (9.2%)
2026-03-21 20:23:55,351 - INFO - EventSampler iniciado. Modo: 'both' | Dollar=500000.0 | Tick=5000 | Info=100.0 | Time=300000ms
2026-03-21 20:23:56,868 - INFO - CUSUM (both): 22595 eventos. Trigger IID será aplicado dentro de cada janela CUSUM.
2026-03-21 20:23:57,211 - INFO - Barras geradas: 80168 | Ilhas: 1
2026-03-21 20:23:59,584 - INFO - 💾 Memory Optimization: Dropping 801 raw book columns.
2026-03-21 20:23:59,601 - INFO - 📊 [Drop Success] 2026-01-04_BTCUSDT_ob200.data: Columns discarded | SYSTEM RAM: 58.29 GB (7.7%)
2026-03-21 20:23:59,601 - INFO - --- Validating 2026-01-04_BTCUSDT_ob200.data ---
2026-03-21 20:23:59,609 - INFO - ✅ ARCHITECTURE INTEGRITY: 30/30 features present. Audit Scope: 46 columns (30 Features + 15 Raw/Price).
2026-03-21 20:23:59,612 - INFO - No NaNs found.
2026-03-21 20:23:59,615 - INFO - No Infinite values found.
2026-03-21 20:23:59,615 - INFO - Chronological order verified.
2026-03-21 20:23:59,618 - WARNING - ⚠️ STALE DATA ALERT: Possible feed lock detected in 2026-01-04_BTCUSDT_ob200.data
2026-03-21 20:23:59,623 - WARNING - ☢️ CRITICAL OUTLIER: [DNN_INPUT] pressure_ratio max (1.0008e+03) is > 15x P99. Clipping might have failed!
2026-03-21 20:23:59,624 - WARNING - ☢️ CRITICAL OUTLIER: [DNN_INPUT] lower_wick max (7.9392e-04) is > 15x P99. Clipping might have failed!
2026-03-21 20:23:59,625 - WARNING - ☢️ CRITICAL OUTLIER: [DNN_INPUT] upper_wick max (7.9572e-04) is > 15x P99. Clipping might have failed!
2026-03-21 20:23:59,660 - WARNING - ⚠️ HIGH TAIL INTENSITY: [RAW_DATA] bar_usd_volume has 20 points with Z-Score > 12.
2026-03-21 20:23:59,660 - WARNING - ⚠️ HIGH TAIL INTENSITY: [RAW_DATA] bar_btc_volume has 20 points with Z-Score > 12.
2026-03-21 20:23:59,660 - WARNING - ⚠️ HIGH TAIL INTENSITY: [DNN_INPUT] max_spread has 202 points with Z-Score > 12.
2026-03-21 20:23:59,661 - WARNING - ⚠️ HIGH TAIL INTENSITY: [DNN_INPUT] volatility has 78 points with Z-Score > 12.
2026-03-21 20:23:59,661 - WARNING - ⚠️ HIGH TAIL INTENSITY: [DNN_INPUT] micro_price_momentum has 60 points with Z-Score > 12.
2026-03-21 20:23:59,661 - WARNING - ⚠️ HIGH TAIL INTENSITY: [DNN_INPUT] bid_rdi has 160 points with Z-Score > 12.
2026-03-21 20:23:59,661 - WARNING - ⚠️ HIGH TAIL INTENSITY: [DNN_INPUT] ask_rdi has 62 points with Z-Score > 12.
2026-03-21 20:23:59,661 - WARNING - ⚠️ HIGH TAIL INTENSITY: [DNN_INPUT] pressure_ratio has 108 points with Z-Score > 12.
2026-03-21 20:23:59,661 - WARNING - ⚠️ HIGH TAIL INTENSITY: [DNN_INPUT] body has 33 points with Z-Score > 12.
2026-03-21 20:23:59,661 - WARNING - ⚠️ HIGH TAIL INTENSITY: [DNN_INPUT] upper_wick has 84 points with Z-Score > 12.
2026-03-21 20:23:59,661 - WARNING - ⚠️ HIGH TAIL INTENSITY: [DNN_INPUT] lower_wick has 83 points with Z-Score > 12.
2026-03-21 20:23:59,661 - WARNING - ⚠️ HIGH TAIL INTENSITY: [DNN_INPUT] log_ret_close has 30 points with Z-Score > 12.
2026-03-21 20:23:59,661 - WARNING - ⚠️ HIGH TAIL INTENSITY: [DNN_INPUT] bid_rdi_delta_5 has 74 points with Z-Score > 12.
2026-03-21 20:23:59,661 - WARNING - ⚠️ HIGH TAIL INTENSITY: [DNN_INPUT] ask_rdi_delta_5 has 76 points with Z-Score > 12.
2026-03-21 20:23:59,661 - WARNING - ⚠️ HIGH TAIL INTENSITY: [DNN_INPUT] bid_rdi_delta_30 has 206 points with Z-Score > 12.
2026-03-21 20:23:59,662 - WARNING - ⚠️ HIGH TAIL INTENSITY: [DNN_INPUT] ask_rdi_delta_30 has 110 points with Z-Score > 12.
2026-03-21 20:23:59,662 - WARNING - ⚠️ HIGH TAIL INTENSITY: [DNN_INPUT] spread_zscore_60 has 125 points with Z-Score > 12.
2026-03-21 20:23:59,662 - WARNING - ⚠️ HIGH TAIL INTENSITY: [DNN_INPUT] kyle_lambda has 43 points with Z-Score > 12.
2026-03-21 20:23:59,662 - WARNING - ⚠️ HIGH TAIL INTENSITY: [DNN_INPUT] bid_deep_ratio has 76 points with Z-Score > 12.
2026-03-21 20:23:59,662 - WARNING - ⚠️ HIGH TAIL INTENSITY: [DNN_INPUT] ask_deep_ratio has 66 points with Z-Score > 12.
2026-03-21 20:23:59,662 - WARNING - ⚠️ HIGH TAIL INTENSITY: [DNN_INPUT] bid_convexity has 181 points with Z-Score > 12.
2026-03-21 20:23:59,662 - WARNING - ⚠️ HIGH TAIL INTENSITY: [DNN_INPUT] ask_convexity has 187 points with Z-Score > 12.
2026-03-21 20:23:59,690 - INFO - ✅ Protocol Island Split: 1/1 islands survived. Total rows: 80168
2026-03-21 20:23:59,690 - INFO - 🏆 Gold Validation complete for 2026-01-04_BTCUSDT_ob200.data. Status: VALID
2026-03-21 20:23:59,761 - INFO - Successfully saved 80168 rows to data/L2/pre_processed/2026-01-04_BTCUSDT_ob200.data.parquet
2026-03-21 20:23:59,762 - INFO - ✅ Saved event-driven dataset: 2026-01-04_BTCUSDT_ob200.data.parquet
2026-03-21 20:23:59,763 - INFO - 📊 [Memory] 2026-01-04_BTCUSDT_ob200.data: 0.0MB -> 18674.2MB
2026-03-21 20:24:01,829 - INFO - 📥 DOWNLOAD FILE: BTCUSDT2026-01-06.csv.gz
2026-03-21 20:24:18,563 - INFO - 📥 DOWNLOAD: 2026-01-06_BTCUSDT_ob200.data.zip
2026-03-21 20:24:45,338 - INFO - 📂 STREAMING: 2026-01-06_BTCUSDT_ob200.data
2026-03-21 20:25:07,917 - INFO - 🗑️ CLEANUP: Deleting processed zip: 2026-01-05_BTCUSDT_ob200.data.zip
2026-03-21 20:25:35,428 - INFO - 📊 [Peak Load] 2026-01-05_BTCUSDT_ob200.data: Raw data in RAM | SYSTEM RAM: 73.37 GB (9.7%)
2026-03-21 20:25:35,441 - INFO - EventSampler iniciado. Modo: 'both' | Dollar=500000.0 | Tick=5000 | Info=100.0 | Time=300000ms
2026-03-21 20:25:39,260 - INFO - CUSUM (both): 47358 eventos. Trigger IID será aplicado dentro de cada janela CUSUM.
2026-03-21 20:25:40,184 - INFO - Barras geradas: 237612 | Ilhas: 1
2026-03-21 20:25:47,643 - INFO - 💾 Memory Optimization: Dropping 801 raw book columns.
2026-03-21 20:25:47,676 - INFO - 📊 [Drop Success] 2026-01-05_BTCUSDT_ob200.data: Columns discarded | SYSTEM RAM: 60.02 GB (7.9%)
2026-03-21 20:25:47,676 - INFO - --- Validating 2026-01-05_BTCUSDT_ob200.data ---
2026-03-21 20:25:47,692 - INFO - ✅ ARCHITECTURE INTEGRITY: 30/30 features present. Audit Scope: 46 columns (30 Features + 15 Raw/Price).
2026-03-21 20:25:47,700 - INFO - No NaNs found.
2026-03-21 20:25:47,706 - INFO - No Infinite values found.
2026-03-21 20:25:47,707 - INFO - Chronological order verified.
2026-03-21 20:25:47,714 - WARNING - ⚠️ STALE DATA ALERT: Possible feed lock detected in 2026-01-05_BTCUSDT_ob200.data
2026-03-21 20:25:47,723 - WARNING - ☢️ CRITICAL OUTLIER: [DNN_INPUT] pressure_ratio max (4.3137e+03) is > 15x P99. Clipping might have failed!
2026-03-21 20:25:47,724 - WARNING - ☢️ CRITICAL OUTLIER: [DNN_INPUT] lower_wick max (1.2975e-03) is > 15x P99. Clipping might have failed!
2026-03-21 20:25:47,726 - WARNING - ☢️ CRITICAL OUTLIER: [DNN_INPUT] upper_wick max (1.2666e-03) is > 15x P99. Clipping might have failed!
2026-03-21 20:25:47,729 - WARNING - ☢️ CRITICAL OUTLIER: [DNN_INPUT] body max (1.3744e-03) is > 15x P99. Clipping might have failed!
2026-03-21 20:25:47,829 - WARNING - ⚠️ HIGH TAIL INTENSITY: [RAW_DATA] bar_usd_volume has 80 points with Z-Score > 12.
2026-03-21 20:25:47,829 - WARNING - ⚠️ HIGH TAIL INTENSITY: [RAW_DATA] bar_btc_volume has 79 points with Z-Score > 12.
2026-03-21 20:25:47,829 - WARNING - ⚠️ HIGH TAIL INTENSITY: [DNN_INPUT] max_spread has 274 points with Z-Score > 12.
2026-03-21 20:25:47,830 - WARNING - ⚠️ HIGH TAIL INTENSITY: [DNN_INPUT] volatility has 399 points with Z-Score > 12.
2026-03-21 20:25:47,830 - WARNING - ⚠️ HIGH TAIL INTENSITY: [DNN_INPUT] micro_price_momentum has 244 points with Z-Score > 12.
2026-03-21 20:25:47,830 - WARNING - ⚠️ HIGH TAIL INTENSITY: [DNN_INPUT] bid_rdi has 321 points with Z-Score > 12.
2026-03-21 20:25:47,830 - WARNING - ⚠️ HIGH TAIL INTENSITY: [DNN_INPUT] ask_rdi has 216 points with Z-Score > 12.
2026-03-21 20:25:47,830 - WARNING - ⚠️ HIGH TAIL INTENSITY: [DNN_INPUT] pressure_ratio has 147 points with Z-Score > 12.
2026-03-21 20:25:47,830 - WARNING - ⚠️ HIGH TAIL INTENSITY: [DNN_INPUT] body has 155 points with Z-Score > 12.
2026-03-21 20:25:47,830 - WARNING - ⚠️ HIGH TAIL INTENSITY: [DNN_INPUT] upper_wick has 162 points with Z-Score > 12.
2026-03-21 20:25:47,831 - WARNING - ⚠️ HIGH TAIL INTENSITY: [DNN_INPUT] lower_wick has 247 points with Z-Score > 12.
2026-03-21 20:25:47,831 - WARNING - ⚠️ HIGH TAIL INTENSITY: [DNN_INPUT] log_ret_close has 158 points with Z-Score > 12.
2026-03-21 20:25:47,831 - WARNING - ⚠️ HIGH TAIL INTENSITY: [DNN_INPUT] bid_rdi_delta_5 has 125 points with Z-Score > 12.
2026-03-21 20:25:47,831 - WARNING - ⚠️ HIGH TAIL INTENSITY: [DNN_INPUT] ask_rdi_delta_5 has 120 points with Z-Score > 12.
2026-03-21 20:25:47,831 - WARNING - ⚠️ HIGH TAIL INTENSITY: [DNN_INPUT] micro_price_delta_5 has 53 points with Z-Score > 12.
2026-03-21 20:25:47,831 - WARNING - ⚠️ HIGH TAIL INTENSITY: [DNN_INPUT] bid_rdi_delta_30 has 174 points with Z-Score > 12.
2026-03-21 20:25:47,831 - WARNING - ⚠️ HIGH TAIL INTENSITY: [DNN_INPUT] ask_rdi_delta_30 has 218 points with Z-Score > 12.
2026-03-21 20:25:47,831 - WARNING - ⚠️ HIGH TAIL INTENSITY: [DNN_INPUT] spread_zscore_60 has 351 points with Z-Score > 12.
2026-03-21 20:25:47,831 - WARNING - ⚠️ HIGH TAIL INTENSITY: [DNN_INPUT] kyle_lambda has 144 points with Z-Score > 12.
2026-03-21 20:25:47,831 - WARNING - ⚠️ HIGH TAIL INTENSITY: [DNN_INPUT] bid_deep_ratio has 231 points with Z-Score > 12.
2026-03-21 20:25:47,831 - WARNING - ⚠️ HIGH TAIL INTENSITY: [DNN_INPUT] ask_deep_ratio has 445 points with Z-Score > 12.
2026-03-21 20:25:47,831 - WARNING - ⚠️ HIGH TAIL INTENSITY: [DNN_INPUT] bid_convexity has 607 points with Z-Score > 12.
2026-03-21 20:25:47,936 - INFO - ✅ Protocol Island Split: 1/1 islands survived. Total rows: 237612
2026-03-21 20:25:47,937 - INFO - 🏆 Gold Validation complete for 2026-01-05_BTCUSDT_ob200.data. Status: VALID
2026-03-21 20:25:48,221 - INFO - Successfully saved 237612 rows to data/L2/pre_processed/2026-01-05_BTCUSDT_ob200.data.parquet
2026-03-21 20:25:48,222 - INFO - ✅ Saved event-driven dataset: 2026-01-05_BTCUSDT_ob200.data.parquet
2026-03-21 20:25:48,224 - INFO - 📊 [Memory] 2026-01-05_BTCUSDT_ob200.data: 0.0MB -> 15411.2MB
2026-03-21 20:25:50,682 - INFO - 📥 DOWNLOAD FILE: BTCUSDT2026-01-07.csv.gz
2026-03-21 20:25:56,983 - INFO - 🗑️ CLEANUP: Deleting processed zip: 2026-01-06_BTCUSDT_ob200.data.zip
2026-03-21 20:26:02,067 - INFO - 📥 DOWNLOAD: 2026-01-07_BTCUSDT_ob200.data.zip
2026-03-21 20:26:12,588 - INFO - 📂 STREAMING: 2026-01-07_BTCUSDT_ob200.data
2026-03-21 20:26:20,821 - INFO - 📊 [Peak Load] 2026-01-06_BTCUSDT_ob200.data: Raw data in RAM | SYSTEM RAM: 71.55 GB (9.5%)
2026-03-21 20:26:20,834 - INFO - EventSampler iniciado. Modo: 'both' | Dollar=500000.0 | Tick=5000 | Info=100.0 | Time=300000ms
2026-03-21 20:26:23,974 - INFO - CUSUM (both): 41345 eventos. Trigger IID será aplicado dentro de cada janela CUSUM.
2026-03-21 20:26:24,611 - INFO - Barras geradas: 218536 | Ilhas: 1
2026-03-21 20:26:31,340 - INFO - 💾 Memory Optimization: Dropping 801 raw book columns.
2026-03-21 20:26:31,359 - INFO - 📊 [Drop Success] 2026-01-06_BTCUSDT_ob200.data: Columns discarded | SYSTEM RAM: 58.89 GB (7.8%)
2026-03-21 20:26:31,359 - INFO - --- Validating 2026-01-06_BTCUSDT_ob200.data ---
2026-03-21 20:26:31,374 - INFO - ✅ ARCHITECTURE INTEGRITY: 30/30 features present. Audit Scope: 46 columns (30 Features + 15 Raw/Price).
2026-03-21 20:26:31,381 - INFO - No NaNs found.
2026-03-21 20:26:31,388 - INFO - No Infinite values found.
2026-03-21 20:26:31,388 - INFO - Chronological order verified.
2026-03-21 20:26:31,395 - WARNING - ⚠️ STALE DATA ALERT: Possible feed lock detected in 2026-01-06_BTCUSDT_ob200.data
2026-03-21 20:26:31,400 - WARNING - ☢️ CRITICAL OUTLIER: [DNN_INPUT] kyle_lambda max (2.9645e+01) is > 15x P99. Clipping might have failed!
2026-03-21 20:26:31,404 - WARNING - ☢️ CRITICAL OUTLIER: [DNN_INPUT] pressure_ratio max (4.6932e+03) is > 15x P99. Clipping might have failed!
2026-03-21 20:26:31,406 - WARNING - ☢️ CRITICAL OUTLIER: [DNN_INPUT] lower_wick max (1.9462e-03) is > 15x P99. Clipping might have failed!
2026-03-21 20:26:31,408 - WARNING - ☢️ CRITICAL OUTLIER: [DNN_INPUT] upper_wick max (3.1081e-03) is > 15x P99. Clipping might have failed!
2026-03-21 20:26:31,410 - WARNING - ☢️ CRITICAL OUTLIER: [DNN_INPUT] body max (3.1033e-03) is > 15x P99. Clipping might have failed!
2026-03-21 20:26:31,412 - WARNING - ☢️ CRITICAL OUTLIER: [DNN_INPUT] max_spread max (1.6500e+01) is > 15x P99. Clipping might have failed!
2026-03-21 20:26:31,500 - WARNING - ⚠️ HIGH TAIL INTENSITY: [RAW_DATA] bar_usd_volume has 100 points with Z-Score > 12.
2026-03-21 20:26:31,500 - WARNING - ⚠️ HIGH TAIL INTENSITY: [RAW_DATA] bar_btc_volume has 102 points with Z-Score > 12.
2026-03-21 20:26:31,500 - WARNING - ⚠️ HIGH TAIL INTENSITY: [DNN_INPUT] max_spread has 320 points with Z-Score > 12.
2026-03-21 20:26:31,500 - WARNING - ⚠️ HIGH TAIL INTENSITY: [DNN_INPUT] volatility has 373 points with Z-Score > 12.
2026-03-21 20:26:31,501 - WARNING - ⚠️ HIGH TAIL INTENSITY: [DNN_INPUT] micro_price_momentum has 97 points with Z-Score > 12.
2026-03-21 20:26:31,501 - WARNING - ⚠️ HIGH TAIL INTENSITY: [DNN_INPUT] bid_rdi has 58 points with Z-Score > 12.
2026-03-21 20:26:31,501 - WARNING - ⚠️ HIGH TAIL INTENSITY: [DNN_INPUT] ask_rdi has 179 points with Z-Score > 12.
2026-03-21 20:26:31,501 - WARNING - ⚠️ HIGH TAIL INTENSITY: [DNN_INPUT] pressure_ratio has 129 points with Z-Score > 12.
2026-03-21 20:26:31,501 - WARNING - ⚠️ HIGH TAIL INTENSITY: [DNN_INPUT] body has 95 points with Z-Score > 12.
2026-03-21 20:26:31,501 - WARNING - ⚠️ HIGH TAIL INTENSITY: [DNN_INPUT] upper_wick has 103 points with Z-Score > 12.
2026-03-21 20:26:31,501 - WARNING - ⚠️ HIGH TAIL INTENSITY: [DNN_INPUT] lower_wick has 101 points with Z-Score > 12.
2026-03-21 20:26:31,501 - WARNING - ⚠️ HIGH TAIL INTENSITY: [DNN_INPUT] log_ret_close has 111 points with Z-Score > 12.
2026-03-21 20:26:31,501 - WARNING - ⚠️ HIGH TAIL INTENSITY: [DNN_INPUT] bid_rdi_delta_5 has 71 points with Z-Score > 12.
2026-03-21 20:26:31,501 - WARNING - ⚠️ HIGH TAIL INTENSITY: [DNN_INPUT] ask_rdi_delta_5 has 145 points with Z-Score > 12.
2026-03-21 20:26:31,502 - WARNING - ⚠️ HIGH TAIL INTENSITY: [DNN_INPUT] micro_price_delta_5 has 85 points with Z-Score > 12.
2026-03-21 20:26:31,502 - WARNING - ⚠️ HIGH TAIL INTENSITY: [DNN_INPUT] bid_rdi_delta_30 has 68 points with Z-Score > 12.
2026-03-21 20:26:31,502 - WARNING - ⚠️ HIGH TAIL INTENSITY: [DNN_INPUT] ask_rdi_delta_30 has 196 points with Z-Score > 12.
2026-03-21 20:26:31,502 - WARNING - ⚠️ HIGH TAIL INTENSITY: [DNN_INPUT] micro_price_delta_30 has 9 points with Z-Score > 12.
2026-03-21 20:26:31,502 - WARNING - ⚠️ HIGH TAIL INTENSITY: [DNN_INPUT] spread_zscore_60 has 320 points with Z-Score > 12.
2026-03-21 20:26:31,502 - WARNING - ⚠️ HIGH TAIL INTENSITY: [DNN_INPUT] kyle_lambda has 89 points with Z-Score > 12.
2026-03-21 20:26:31,502 - WARNING - ⚠️ HIGH TAIL INTENSITY: [DNN_INPUT] bid_deep_ratio has 301 points with Z-Score > 12.
2026-03-21 20:26:31,502 - WARNING - ⚠️ HIGH TAIL INTENSITY: [DNN_INPUT] ask_deep_ratio has 369 points with Z-Score > 12.
2026-03-21 20:26:31,502 - WARNING - ⚠️ HIGH TAIL INTENSITY: [DNN_INPUT] bid_convexity has 437 points with Z-Score > 12.
2026-03-21 20:26:31,586 - INFO - ✅ Protocol Island Split: 1/1 islands survived. Total rows: 218536
2026-03-21 20:26:31,586 - INFO - 🏆 Gold Validation complete for 2026-01-06_BTCUSDT_ob200.data. Status: VALID
2026-03-21 20:26:31,715 - INFO - Successfully saved 218536 rows to data/L2/pre_processed/2026-01-06_BTCUSDT_ob200.data.parquet
2026-03-21 20:26:31,716 - INFO - ✅ Saved event-driven dataset: 2026-01-06_BTCUSDT_ob200.data.parquet
2026-03-21 20:26:31,718 - INFO - 📊 [Memory] 2026-01-06_BTCUSDT_ob200.data: 0.0MB -> 19056.8MB
2026-03-21 20:26:34,182 - INFO - 📥 DOWNLOAD FILE: BTCUSDT2026-01-08.csv.gz
2026-03-21 20:26:46,893 - INFO - 📥 DOWNLOAD: 2026-01-08_BTCUSDT_ob200.data.zip
2026-03-21 20:26:55,626 - INFO - 📂 STREAMING: 2026-01-08_BTCUSDT_ob200.data
2026-03-21 20:27:21,076 - INFO - 🗑️ CLEANUP: Deleting processed zip: 2026-01-07_BTCUSDT_ob200.data.zip
2026-03-21 20:27:43,027 - INFO - 📊 [Peak Load] 2026-01-07_BTCUSDT_ob200.data: Raw data in RAM | SYSTEM RAM: 70.08 GB (9.3%)
2026-03-21 20:27:43,038 - INFO - EventSampler iniciado. Modo: 'both' | Dollar=500000.0 | Tick=5000 | Info=100.0 | Time=300000ms
2026-03-21 20:27:46,040 - INFO - CUSUM (both): 40791 eventos. Trigger IID será aplicado dentro de cada janela CUSUM.
2026-03-21 20:27:46,602 - INFO - Barras geradas: 192442 | Ilhas: 1
2026-03-21 20:27:52,538 - INFO - 💾 Memory Optimization: Dropping 801 raw book columns.
2026-03-21 20:27:52,556 - INFO - 📊 [Drop Success] 2026-01-07_BTCUSDT_ob200.data: Columns discarded | SYSTEM RAM: 58.76 GB (7.8%)
2026-03-21 20:27:52,556 - INFO - --- Validating 2026-01-07_BTCUSDT_ob200.data ---
2026-03-21 20:27:52,566 - INFO - ✅ ARCHITECTURE INTEGRITY: 30/30 features present. Audit Scope: 46 columns (30 Features + 15 Raw/Price).
2026-03-21 20:27:52,572 - INFO - No NaNs found.
2026-03-21 20:27:52,577 - INFO - No Infinite values found.
2026-03-21 20:27:52,578 - INFO - Chronological order verified.
2026-03-21 20:27:52,584 - WARNING - ⚠️ STALE DATA ALERT: Possible feed lock detected in 2026-01-07_BTCUSDT_ob200.data
2026-03-21 20:27:52,592 - WARNING - ☢️ CRITICAL OUTLIER: [DNN_INPUT] pressure_ratio max (3.1181e+03) is > 15x P99. Clipping might have failed!
2026-03-21 20:27:52,593 - WARNING - ☢️ CRITICAL OUTLIER: [DNN_INPUT] lower_wick max (8.1873e-04) is > 15x P99. Clipping might have failed!
2026-03-21 20:27:52,595 - WARNING - ☢️ CRITICAL OUTLIER: [DNN_INPUT] upper_wick max (8.6443e-04) is > 15x P99. Clipping might have failed!
2026-03-21 20:27:52,674 - WARNING - ⚠️ HIGH TAIL INTENSITY: [RAW_DATA] bar_usd_volume has 41 points with Z-Score > 12.
2026-03-21 20:27:52,675 - WARNING - ⚠️ HIGH TAIL INTENSITY: [RAW_DATA] bar_btc_volume has 41 points with Z-Score > 12.
2026-03-21 20:27:52,675 - WARNING - ⚠️ HIGH TAIL INTENSITY: [DNN_INPUT] max_spread has 475 points with Z-Score > 12.
2026-03-21 20:27:52,675 - WARNING - ⚠️ HIGH TAIL INTENSITY: [DNN_INPUT] volatility has 272 points with Z-Score > 12.
2026-03-21 20:27:52,675 - WARNING - ⚠️ HIGH TAIL INTENSITY: [DNN_INPUT] micro_price_momentum has 230 points with Z-Score > 12.
2026-03-21 20:27:52,675 - WARNING - ⚠️ HIGH TAIL INTENSITY: [DNN_INPUT] bid_rdi has 106 points with Z-Score > 12.
2026-03-21 20:27:52,675 - WARNING - ⚠️ HIGH TAIL INTENSITY: [DNN_INPUT] ask_rdi has 217 points with Z-Score > 12.
2026-03-21 20:27:52,676 - WARNING - ⚠️ HIGH TAIL INTENSITY: [DNN_INPUT] pressure_ratio has 79 points with Z-Score > 12.
2026-03-21 20:27:52,676 - WARNING - ⚠️ HIGH TAIL INTENSITY: [DNN_INPUT] body has 88 points with Z-Score > 12.
2026-03-21 20:27:52,676 - WARNING - ⚠️ HIGH TAIL INTENSITY: [DNN_INPUT] upper_wick has 202 points with Z-Score > 12.
2026-03-21 20:27:52,676 - WARNING - ⚠️ HIGH TAIL INTENSITY: [DNN_INPUT] lower_wick has 101 points with Z-Score > 12.
2026-03-21 20:27:52,676 - WARNING - ⚠️ HIGH TAIL INTENSITY: [DNN_INPUT] log_ret_close has 81 points with Z-Score > 12.
2026-03-21 20:27:52,676 - WARNING - ⚠️ HIGH TAIL INTENSITY: [DNN_INPUT] bid_rdi_delta_5 has 90 points with Z-Score > 12.
2026-03-21 20:27:52,676 - WARNING - ⚠️ HIGH TAIL INTENSITY: [DNN_INPUT] ask_rdi_delta_5 has 176 points with Z-Score > 12.
2026-03-21 20:27:52,676 - WARNING - ⚠️ HIGH TAIL INTENSITY: [DNN_INPUT] micro_price_delta_5 has 2 points with Z-Score > 12.
2026-03-21 20:27:52,676 - WARNING - ⚠️ HIGH TAIL INTENSITY: [DNN_INPUT] bid_rdi_delta_30 has 116 points with Z-Score > 12.
2026-03-21 20:27:52,676 - WARNING - ⚠️ HIGH TAIL INTENSITY: [DNN_INPUT] ask_rdi_delta_30 has 314 points with Z-Score > 12.
2026-03-21 20:27:52,676 - WARNING - ⚠️ HIGH TAIL INTENSITY: [DNN_INPUT] spread_zscore_60 has 327 points with Z-Score > 12.
2026-03-21 20:27:52,676 - WARNING - ⚠️ HIGH TAIL INTENSITY: [DNN_INPUT] kyle_lambda has 74 points with Z-Score > 12.
2026-03-21 20:27:52,676 - WARNING - ⚠️ HIGH TAIL INTENSITY: [DNN_INPUT] bid_deep_ratio has 239 points with Z-Score > 12.
2026-03-21 20:27:52,676 - WARNING - ⚠️ HIGH TAIL INTENSITY: [DNN_INPUT] ask_deep_ratio has 260 points with Z-Score > 12.
2026-03-21 20:27:52,677 - WARNING - ⚠️ HIGH TAIL INTENSITY: [DNN_INPUT] bid_convexity has 584 points with Z-Score > 12.
2026-03-21 20:27:52,677 - WARNING - ⚠️ HIGH TAIL INTENSITY: [DNN_INPUT] ask_convexity has 494 points with Z-Score > 12.
2026-03-21 20:27:52,763 - INFO - ✅ Protocol Island Split: 1/1 islands survived. Total rows: 192442
2026-03-21 20:27:52,763 - INFO - 🏆 Gold Validation complete for 2026-01-07_BTCUSDT_ob200.data. Status: VALID
2026-03-21 20:27:52,910 - INFO - Successfully saved 192442 rows to data/L2/pre_processed/2026-01-07_BTCUSDT_ob200.data.parquet
2026-03-21 20:27:52,911 - INFO - ✅ Saved event-driven dataset: 2026-01-07_BTCUSDT_ob200.data.parquet
2026-03-21 20:27:52,914 - INFO - 📊 [Memory] 2026-01-07_BTCUSDT_ob200.data: 0.0MB -> 15544.0MB
2026-03-21 20:27:55,118 - INFO - 📥 DOWNLOAD FILE: BTCUSDT2026-01-09.csv.gz
2026-03-21 20:28:06,740 - INFO - 📥 DOWNLOAD: 2026-01-09_BTCUSDT_ob200.data.zip
2026-03-21 20:28:09,452 - INFO - 🗑️ CLEANUP: Deleting processed zip: 2026-01-08_BTCUSDT_ob200.data.zip
2026-03-21 20:28:15,891 - INFO - 📂 STREAMING: 2026-01-09_BTCUSDT_ob200.data
2026-03-21 20:28:33,354 - INFO - 📊 [Peak Load] 2026-01-08_BTCUSDT_ob200.data: Raw data in RAM | SYSTEM RAM: 70.78 GB (9.4%)
2026-03-21 20:28:33,481 - INFO - EventSampler iniciado. Modo: 'both' | Dollar=500000.0 | Tick=5000 | Info=100.0 | Time=300000ms
2026-03-21 20:28:36,735 - INFO - CUSUM (both): 43496 eventos. Trigger IID será aplicado dentro de cada janela CUSUM.
2026-03-21 20:28:37,373 - INFO - Barras geradas: 215256 | Ilhas: 1
2026-03-21 20:28:44,067 - INFO - 💾 Memory Optimization: Dropping 801 raw book columns.
2026-03-21 20:28:44,089 - INFO - 📊 [Drop Success] 2026-01-08_BTCUSDT_ob200.data: Columns discarded | SYSTEM RAM: 58.83 GB (7.8%)
2026-03-21 20:28:44,090 - INFO - --- Validating 2026-01-08_BTCUSDT_ob200.data ---
2026-03-21 20:28:44,103 - INFO - ✅ ARCHITECTURE INTEGRITY: 30/30 features present. Audit Scope: 46 columns (30 Features + 15 Raw/Price).
2026-03-21 20:28:44,109 - INFO - No NaNs found.
2026-03-21 20:28:44,116 - INFO - No Infinite values found.
2026-03-21 20:28:44,116 - INFO - Chronological order verified.
2026-03-21 20:28:44,122 - WARNING - ⚠️ STALE DATA ALERT: Possible feed lock detected in 2026-01-08_BTCUSDT_ob200.data
2026-03-21 20:28:44,132 - WARNING - ☢️ CRITICAL OUTLIER: [DNN_INPUT] pressure_ratio max (2.4953e+03) is > 15x P99. Clipping might have failed!
2026-03-21 20:28:44,134 - WARNING - ☢️ CRITICAL OUTLIER: [DNN_INPUT] lower_wick max (7.5635e-04) is > 15x P99. Clipping might have failed!
2026-03-21 20:28:44,136 - WARNING - ☢️ CRITICAL OUTLIER: [DNN_INPUT] upper_wick max (4.9529e-04) is > 15x P99. Clipping might have failed!
2026-03-21 20:28:44,140 - WARNING - ☢️ CRITICAL OUTLIER: [DNN_INPUT] max_spread max (1.0800e+01) is > 15x P99. Clipping might have failed!
2026-03-21 20:28:44,225 - WARNING - ⚠️ HIGH TAIL INTENSITY: [RAW_DATA] bar_usd_volume has 51 points with Z-Score > 12.
2026-03-21 20:28:44,225 - WARNING - ⚠️ HIGH TAIL INTENSITY: [RAW_DATA] bar_btc_volume has 51 points with Z-Score > 12.
2026-03-21 20:28:44,225 - WARNING - ⚠️ HIGH TAIL INTENSITY: [DNN_INPUT] max_spread has 390 points with Z-Score > 12.
2026-03-21 20:28:44,226 - WARNING - ⚠️ HIGH TAIL INTENSITY: [DNN_INPUT] volatility has 323 points with Z-Score > 12.
2026-03-21 20:28:44,226 - WARNING - ⚠️ HIGH TAIL INTENSITY: [DNN_INPUT] micro_price_momentum has 157 points with Z-Score > 12.
2026-03-21 20:28:44,226 - WARNING - ⚠️ HIGH TAIL INTENSITY: [DNN_INPUT] bid_rdi has 159 points with Z-Score > 12.
2026-03-21 20:28:44,226 - WARNING - ⚠️ HIGH TAIL INTENSITY: [DNN_INPUT] ask_rdi has 310 points with Z-Score > 12.
2026-03-21 20:28:44,226 - WARNING - ⚠️ HIGH TAIL INTENSITY: [DNN_INPUT] pressure_ratio has 203 points with Z-Score > 12.
2026-03-21 20:28:44,226 - WARNING - ⚠️ HIGH TAIL INTENSITY: [DNN_INPUT] body has 67 points with Z-Score > 12.
2026-03-21 20:28:44,226 - WARNING - ⚠️ HIGH TAIL INTENSITY: [DNN_INPUT] upper_wick has 295 points with Z-Score > 12.
2026-03-21 20:28:44,226 - WARNING - ⚠️ HIGH TAIL INTENSITY: [DNN_INPUT] lower_wick has 188 points with Z-Score > 12.
2026-03-21 20:28:44,227 - WARNING - ⚠️ HIGH TAIL INTENSITY: [DNN_INPUT] log_ret_close has 67 points with Z-Score > 12.
2026-03-21 20:28:44,227 - WARNING - ⚠️ HIGH TAIL INTENSITY: [DNN_INPUT] bid_rdi_delta_5 has 120 points with Z-Score > 12.
2026-03-21 20:28:44,227 - WARNING - ⚠️ HIGH TAIL INTENSITY: [DNN_INPUT] ask_rdi_delta_5 has 165 points with Z-Score > 12.
2026-03-21 20:28:44,227 - WARNING - ⚠️ HIGH TAIL INTENSITY: [DNN_INPUT] bid_rdi_delta_30 has 152 points with Z-Score > 12.
2026-03-21 20:28:44,227 - WARNING - ⚠️ HIGH TAIL INTENSITY: [DNN_INPUT] ask_rdi_delta_30 has 352 points with Z-Score > 12.
2026-03-21 20:28:44,227 - WARNING - ⚠️ HIGH TAIL INTENSITY: [DNN_INPUT] spread_zscore_60 has 336 points with Z-Score > 12.
2026-03-21 20:28:44,227 - WARNING - ⚠️ HIGH TAIL INTENSITY: [DNN_INPUT] kyle_lambda has 75 points with Z-Score > 12.
2026-03-21 20:28:44,228 - WARNING - ⚠️ HIGH TAIL INTENSITY: [DNN_INPUT] bid_deep_ratio has 248 points with Z-Score > 12.
2026-03-21 20:28:44,228 - WARNING - ⚠️ HIGH TAIL INTENSITY: [DNN_INPUT] ask_deep_ratio has 148 points with Z-Score > 12.
2026-03-21 20:28:44,228 - WARNING - ⚠️ HIGH TAIL INTENSITY: [DNN_INPUT] bid_convexity has 568 points with Z-Score > 12.
2026-03-21 20:28:44,228 - WARNING - ⚠️ HIGH TAIL INTENSITY: [DNN_INPUT] ask_convexity has 827 points with Z-Score > 12.
2026-03-21 20:28:44,316 - INFO - ✅ Protocol Island Split: 1/1 islands survived. Total rows: 215256
2026-03-21 20:28:44,316 - INFO - 🏆 Gold Validation complete for 2026-01-08_BTCUSDT_ob200.data. Status: VALID
2026-03-21 20:28:44,436 - INFO - Successfully saved 215256 rows to data/L2/pre_processed/2026-01-08_BTCUSDT_ob200.data.parquet
2026-03-21 20:28:44,437 - INFO - ✅ Saved event-driven dataset: 2026-01-08_BTCUSDT_ob200.data.parquet
2026-03-21 20:28:44,438 - INFO - 📊 [Memory] 2026-01-08_BTCUSDT_ob200.data: 0.0MB -> 19216.7MB
2026-03-21 20:28:46,913 - INFO - 📥 DOWNLOAD FILE: BTCUSDT2026-01-10.csv.gz
2026-03-21 20:28:52,637 - INFO - 📥 DOWNLOAD: 2026-01-10_BTCUSDT_ob200.data.zip
2026-03-21 20:29:05,777 - INFO - 📂 STREAMING: 2026-01-10_BTCUSDT_ob200.data
2026-03-21 20:29:23,844 - INFO - 🗑️ CLEANUP: Deleting processed zip: 2026-01-09_BTCUSDT_ob200.data.zip
2026-03-21 20:29:44,968 - INFO - 🗑️ CLEANUP: Deleting processed zip: 2026-01-10_BTCUSDT_ob200.data.zip
2026-03-21 20:29:49,262 - INFO - 📊 [Peak Load] 2026-01-10_BTCUSDT_ob200.data: Raw data in RAM | SYSTEM RAM: 73.80 GB (9.8%)
2026-03-21 20:29:49,272 - INFO - EventSampler iniciado. Modo: 'both' | Dollar=500000.0 | Tick=5000 | Info=100.0 | Time=300000ms
2026-03-21 20:29:49,554 - INFO - 📊 [Peak Load] 2026-01-09_BTCUSDT_ob200.data: Raw data in RAM | SYSTEM RAM: 69.85 GB (9.2%)
2026-03-21 20:29:49,563 - INFO - EventSampler iniciado. Modo: 'both' | Dollar=500000.0 | Tick=5000 | Info=100.0 | Time=300000ms
2026-03-21 20:29:49,813 - INFO - CUSUM (both): 6994 eventos. Trigger IID será aplicado dentro de cada janela CUSUM.
2026-03-21 20:29:50,095 - INFO - Barras geradas: 19144 | Ilhas: 1
2026-03-21 20:29:50,944 - INFO - 💾 Memory Optimization: Dropping 801 raw book columns.
2026-03-21 20:29:50,955 - INFO - 📊 [Drop Success] 2026-01-10_BTCUSDT_ob200.data: Columns discarded | SYSTEM RAM: 80.96 GB (10.7%)
2026-03-21 20:29:50,956 - INFO - --- Validating 2026-01-10_BTCUSDT_ob200.data ---
2026-03-21 20:29:50,960 - INFO - ✅ ARCHITECTURE INTEGRITY: 30/30 features present. Audit Scope: 46 columns (30 Features + 15 Raw/Price).
2026-03-21 20:29:50,962 - INFO - No NaNs found.
2026-03-21 20:29:50,962 - INFO - No Infinite values found.
2026-03-21 20:29:50,963 - INFO - Chronological order verified.
2026-03-21 20:29:50,964 - WARNING - ⚠️ STALE DATA ALERT: Possible feed lock detected in 2026-01-10_BTCUSDT_ob200.data
2026-03-21 20:29:50,967 - WARNING - ☢️ CRITICAL OUTLIER: [DNN_INPUT] pressure_ratio max (4.3943e+02) is > 15x P99. Clipping might have failed!
2026-03-21 20:29:50,968 - WARNING - ☢️ CRITICAL OUTLIER: [DNN_INPUT] lower_wick max (3.5321e-04) is > 15x P99. Clipping might have failed!
2026-03-21 20:29:50,968 - WARNING - ☢️ CRITICAL OUTLIER: [DNN_INPUT] upper_wick max (2.8007e-04) is > 15x P99. Clipping might have failed!
2026-03-21 20:29:50,981 - WARNING - ⚠️ HIGH TAIL INTENSITY: [RAW_DATA] bar_usd_volume has 2 points with Z-Score > 12.
2026-03-21 20:29:50,981 - WARNING - ⚠️ HIGH TAIL INTENSITY: [RAW_DATA] bar_btc_volume has 2 points with Z-Score > 12.
2026-03-21 20:29:50,981 - WARNING - ⚠️ HIGH TAIL INTENSITY: [DNN_INPUT] max_spread has 102 points with Z-Score > 12.
2026-03-21 20:29:50,981 - WARNING - ⚠️ HIGH TAIL INTENSITY: [DNN_INPUT] volatility has 18 points with Z-Score > 12.
2026-03-21 20:29:50,981 - WARNING - ⚠️ HIGH TAIL INTENSITY: [DNN_INPUT] micro_price_momentum has 20 points with Z-Score > 12.
2026-03-21 20:29:50,982 - WARNING - ⚠️ HIGH TAIL INTENSITY: [DNN_INPUT] bid_rdi has 42 points with Z-Score > 12.
2026-03-21 20:29:50,982 - WARNING - ⚠️ HIGH TAIL INTENSITY: [DNN_INPUT] ask_rdi has 26 points with Z-Score > 12.
2026-03-21 20:29:50,982 - WARNING - ⚠️ HIGH TAIL INTENSITY: [DNN_INPUT] pressure_ratio has 13 points with Z-Score > 12.
2026-03-21 20:29:50,982 - WARNING - ⚠️ HIGH TAIL INTENSITY: [DNN_INPUT] body has 1 points with Z-Score > 12.
2026-03-21 20:29:50,982 - WARNING - ⚠️ HIGH TAIL INTENSITY: [DNN_INPUT] upper_wick has 29 points with Z-Score > 12.
2026-03-21 20:29:50,982 - WARNING - ⚠️ HIGH TAIL INTENSITY: [DNN_INPUT] lower_wick has 23 points with Z-Score > 12.
2026-03-21 20:29:50,982 - WARNING - ⚠️ HIGH TAIL INTENSITY: [DNN_INPUT] log_ret_close has 1 points with Z-Score > 12.
2026-03-21 20:29:50,982 - WARNING - ⚠️ HIGH TAIL INTENSITY: [DNN_INPUT] bid_rdi_delta_5 has 38 points with Z-Score > 12.
2026-03-21 20:29:50,982 - WARNING - ⚠️ HIGH TAIL INTENSITY: [DNN_INPUT] ask_rdi_delta_5 has 10 points with Z-Score > 12.
2026-03-21 20:29:50,982 - WARNING - ⚠️ HIGH TAIL INTENSITY: [DNN_INPUT] bid_rdi_delta_30 has 74 points with Z-Score > 12.
2026-03-21 20:29:50,982 - WARNING - ⚠️ HIGH TAIL INTENSITY: [DNN_INPUT] ask_rdi_delta_30 has 52 points with Z-Score > 12.
2026-03-21 20:29:50,982 - WARNING - ⚠️ HIGH TAIL INTENSITY: [DNN_INPUT] spread_zscore_60 has 24 points with Z-Score > 12.
2026-03-21 20:29:50,982 - WARNING - ⚠️ HIGH TAIL INTENSITY: [DNN_INPUT] kyle_lambda has 4 points with Z-Score > 12.
2026-03-21 20:29:50,983 - WARNING - ⚠️ HIGH TAIL INTENSITY: [DNN_INPUT] bid_deep_ratio has 34 points with Z-Score > 12.
2026-03-21 20:29:50,983 - WARNING - ⚠️ HIGH TAIL INTENSITY: [DNN_INPUT] ask_deep_ratio has 40 points with Z-Score > 12.
2026-03-21 20:29:50,983 - WARNING - ⚠️ HIGH TAIL INTENSITY: [DNN_INPUT] bid_convexity has 22 points with Z-Score > 12.
2026-03-21 20:29:50,983 - WARNING - ⚠️ HIGH TAIL INTENSITY: [DNN_INPUT] ask_convexity has 54 points with Z-Score > 12.
2026-03-21 20:29:50,992 - INFO - ✅ Protocol Island Split: 1/1 islands survived. Total rows: 19144
2026-03-21 20:29:50,992 - INFO - 🏆 Gold Validation complete for 2026-01-10_BTCUSDT_ob200.data. Status: VALID
2026-03-21 20:29:51,029 - INFO - Successfully saved 19144 rows to data/L2/pre_processed/2026-01-10_BTCUSDT_ob200.data.parquet
2026-03-21 20:29:51,029 - INFO - ✅ Saved event-driven dataset: 2026-01-10_BTCUSDT_ob200.data.parquet
2026-03-21 20:29:51,031 - INFO - 📊 [Memory] 2026-01-10_BTCUSDT_ob200.data: 0.0MB -> 18961.6MB
2026-03-21 20:29:52,596 - INFO - 📥 DOWNLOAD FILE: BTCUSDT2026-01-11.csv.gz
2026-03-21 20:29:52,625 - INFO - CUSUM (both): 37676 eventos. Trigger IID será aplicado dentro de cada janela CUSUM.
2026-03-21 20:29:53,223 - INFO - Barras geradas: 168247 | Ilhas: 1
2026-03-21 20:29:58,641 - INFO - 💾 Memory Optimization: Dropping 801 raw book columns.
2026-03-21 20:29:58,657 - INFO - 📊 [Drop Success] 2026-01-09_BTCUSDT_ob200.data: Columns discarded | SYSTEM RAM: 58.25 GB (7.7%)
2026-03-21 20:29:58,657 - INFO - --- Validating 2026-01-09_BTCUSDT_ob200.data ---
2026-03-21 20:29:58,666 - INFO - ✅ ARCHITECTURE INTEGRITY: 30/30 features present. Audit Scope: 46 columns (30 Features + 15 Raw/Price).
2026-03-21 20:29:58,672 - INFO - No NaNs found.
2026-03-21 20:29:58,677 - INFO - No Infinite values found.
2026-03-21 20:29:58,677 - INFO - Chronological order verified.
2026-03-21 20:29:58,682 - WARNING - ⚠️ STALE DATA ALERT: Possible feed lock detected in 2026-01-09_BTCUSDT_ob200.data
2026-03-21 20:29:58,689 - WARNING - ☢️ CRITICAL OUTLIER: [DNN_INPUT] pressure_ratio max (4.7085e+03) is > 15x P99. Clipping might have failed!
2026-03-21 20:29:58,691 - WARNING - ☢️ CRITICAL OUTLIER: [DNN_INPUT] lower_wick max (1.1927e-03) is > 15x P99. Clipping might have failed!
2026-03-21 20:29:58,692 - WARNING - ☢️ CRITICAL OUTLIER: [DNN_INPUT] upper_wick max (1.3420e-03) is > 15x P99. Clipping might have failed!
2026-03-21 20:29:58,695 - WARNING - ☢️ CRITICAL OUTLIER: [DNN_INPUT] max_spread max (2.2000e+01) is > 15x P99. Clipping might have failed!
2026-03-21 20:29:58,757 - WARNING - ⚠️ HIGH TAIL INTENSITY: [RAW_DATA] bar_usd_volume has 43 points with Z-Score > 12.
2026-03-21 20:29:58,757 - WARNING - ⚠️ HIGH TAIL INTENSITY: [RAW_DATA] bar_btc_volume has 45 points with Z-Score > 12.
2026-03-21 20:29:58,757 - WARNING - ⚠️ HIGH TAIL INTENSITY: [DNN_INPUT] max_spread has 320 points with Z-Score > 12.
2026-03-21 20:29:58,757 - WARNING - ⚠️ HIGH TAIL INTENSITY: [DNN_INPUT] volatility has 243 points with Z-Score > 12.
2026-03-21 20:29:58,758 - WARNING - ⚠️ HIGH TAIL INTENSITY: [DNN_INPUT] micro_price_momentum has 42 points with Z-Score > 12.
2026-03-21 20:29:58,758 - WARNING - ⚠️ HIGH TAIL INTENSITY: [DNN_INPUT] bid_rdi has 112 points with Z-Score > 12.
2026-03-21 20:29:58,758 - WARNING - ⚠️ HIGH TAIL INTENSITY: [DNN_INPUT] ask_rdi has 115 points with Z-Score > 12.
2026-03-21 20:29:58,758 - WARNING - ⚠️ HIGH TAIL INTENSITY: [DNN_INPUT] pressure_ratio has 97 points with Z-Score > 12.
2026-03-21 20:29:58,758 - WARNING - ⚠️ HIGH TAIL INTENSITY: [DNN_INPUT] body has 95 points with Z-Score > 12.
2026-03-21 20:29:58,758 - WARNING - ⚠️ HIGH TAIL INTENSITY: [DNN_INPUT] upper_wick has 109 points with Z-Score > 12.
2026-03-21 20:29:58,758 - WARNING - ⚠️ HIGH TAIL INTENSITY: [DNN_INPUT] lower_wick has 107 points with Z-Score > 12.
2026-03-21 20:29:58,758 - WARNING - ⚠️ HIGH TAIL INTENSITY: [DNN_INPUT] log_ret_close has 76 points with Z-Score > 12.
2026-03-21 20:29:58,758 - WARNING - ⚠️ HIGH TAIL INTENSITY: [DNN_INPUT] bid_rdi_delta_5 has 70 points with Z-Score > 12.
2026-03-21 20:29:58,759 - WARNING - ⚠️ HIGH TAIL INTENSITY: [DNN_INPUT] ask_rdi_delta_5 has 131 points with Z-Score > 12.
2026-03-21 20:29:58,759 - WARNING - ⚠️ HIGH TAIL INTENSITY: [DNN_INPUT] micro_price_delta_5 has 29 points with Z-Score > 12.
2026-03-21 20:29:58,759 - WARNING - ⚠️ HIGH TAIL INTENSITY: [DNN_INPUT] bid_rdi_delta_30 has 182 points with Z-Score > 12.
2026-03-21 20:29:58,759 - WARNING - ⚠️ HIGH TAIL INTENSITY: [DNN_INPUT] ask_rdi_delta_30 has 152 points with Z-Score > 12.
2026-03-21 20:29:58,759 - WARNING - ⚠️ HIGH TAIL INTENSITY: [DNN_INPUT] spread_zscore_60 has 321 points with Z-Score > 12.
2026-03-21 20:29:58,759 - WARNING - ⚠️ HIGH TAIL INTENSITY: [DNN_INPUT] kyle_lambda has 66 points with Z-Score > 12.
2026-03-21 20:29:58,759 - WARNING - ⚠️ HIGH TAIL INTENSITY: [DNN_INPUT] bid_deep_ratio has 132 points with Z-Score > 12.
2026-03-21 20:29:58,759 - WARNING - ⚠️ HIGH TAIL INTENSITY: [DNN_INPUT] ask_deep_ratio has 191 points with Z-Score > 12.
2026-03-21 20:29:58,759 - WARNING - ⚠️ HIGH TAIL INTENSITY: [DNN_INPUT] bid_convexity has 407 points with Z-Score > 12.
2026-03-21 20:29:58,759 - WARNING - ⚠️ HIGH TAIL INTENSITY: [DNN_INPUT] ask_convexity has 637 points with Z-Score > 12.
2026-03-21 20:29:58,818 - INFO - ✅ Protocol Island Split: 1/1 islands survived. Total rows: 168247
2026-03-21 20:29:58,818 - INFO - 🏆 Gold Validation complete for 2026-01-09_BTCUSDT_ob200.data. Status: VALID
2026-03-21 20:29:58,923 - INFO - Successfully saved 168247 rows to data/L2/pre_processed/2026-01-09_BTCUSDT_ob200.data.parquet
2026-03-21 20:29:58,923 - INFO - ✅ Saved event-driven dataset: 2026-01-09_BTCUSDT_ob200.data.parquet
2026-03-21 20:29:58,925 - INFO - 📊 [Memory] 2026-01-09_BTCUSDT_ob200.data: 0.0MB -> 15601.2MB
2026-03-21 20:29:59,558 - INFO - 📥 DOWNLOAD: 2026-01-11_BTCUSDT_ob200.data.zip
2026-03-21 20:30:01,059 - INFO - 📥 DOWNLOAD FILE: BTCUSDT2026-01-12.csv.gz
2026-03-21 20:30:13,165 - INFO - 📂 STREAMING: 2026-01-11_BTCUSDT_ob200.data
2026-03-21 20:30:14,714 - INFO - 📥 DOWNLOAD: 2026-01-12_BTCUSDT_ob200.data.zip
2026-03-21 20:30:40,343 - INFO - 📂 STREAMING: 2026-01-12_BTCUSDT_ob200.data
2026-03-21 20:30:54,637 - INFO - 🗑️ CLEANUP: Deleting processed zip: 2026-01-11_BTCUSDT_ob200.data.zip
2026-03-21 20:31:00,732 - INFO - 📊 [Peak Load] 2026-01-11_BTCUSDT_ob200.data: Raw data in RAM | SYSTEM RAM: 57.22 GB (7.6%)
2026-03-21 20:31:00,739 - INFO - EventSampler iniciado. Modo: 'both' | Dollar=500000.0 | Tick=5000 | Info=100.0 | Time=300000ms
2026-03-21 20:31:01,553 - INFO - CUSUM (both): 11895 eventos. Trigger IID será aplicado dentro de cada janela CUSUM.
2026-03-21 20:31:01,707 - INFO - Barras geradas: 42923 | Ilhas: 1
2026-03-21 20:31:03,047 - INFO - 💾 Memory Optimization: Dropping 801 raw book columns.
2026-03-21 20:31:03,058 - INFO - 📊 [Drop Success] 2026-01-11_BTCUSDT_ob200.data: Columns discarded | SYSTEM RAM: 57.14 GB (7.6%)
2026-03-21 20:31:03,058 - INFO - --- Validating 2026-01-11_BTCUSDT_ob200.data ---
2026-03-21 20:31:03,065 - INFO - ✅ ARCHITECTURE INTEGRITY: 30/30 features present. Audit Scope: 46 columns (30 Features + 15 Raw/Price).
2026-03-21 20:31:03,067 - INFO - No NaNs found.
2026-03-21 20:31:03,068 - INFO - No Infinite values found.
2026-03-21 20:31:03,068 - INFO - Chronological order verified.
2026-03-21 20:31:03,071 - WARNING - ⚠️ STALE DATA ALERT: Possible feed lock detected in 2026-01-11_BTCUSDT_ob200.data
2026-03-21 20:31:03,074 - WARNING - ☢️ CRITICAL OUTLIER: [DNN_INPUT] pressure_ratio max (2.1855e+03) is > 15x P99. Clipping might have failed!
2026-03-21 20:31:03,075 - WARNING - ☢️ CRITICAL OUTLIER: [DNN_INPUT] lower_wick max (1.1289e-03) is > 15x P99. Clipping might have failed!
2026-03-21 20:31:03,076 - WARNING - ☢️ CRITICAL OUTLIER: [DNN_INPUT] upper_wick max (1.3957e-03) is > 15x P99. Clipping might have failed!
2026-03-21 20:31:03,096 - WARNING - ⚠️ HIGH TAIL INTENSITY: [RAW_DATA] bar_usd_volume has 17 points with Z-Score > 12.
2026-03-21 20:31:03,096 - WARNING - ⚠️ HIGH TAIL INTENSITY: [RAW_DATA] bar_btc_volume has 17 points with Z-Score > 12.
2026-03-21 20:31:03,096 - WARNING - ⚠️ HIGH TAIL INTENSITY: [DNN_INPUT] max_spread has 223 points with Z-Score > 12.
2026-03-21 20:31:03,096 - WARNING - ⚠️ HIGH TAIL INTENSITY: [DNN_INPUT] volatility has 50 points with Z-Score > 12.
2026-03-21 20:31:03,097 - WARNING - ⚠️ HIGH TAIL INTENSITY: [DNN_INPUT] micro_price_momentum has 30 points with Z-Score > 12.
2026-03-21 20:31:03,097 - WARNING - ⚠️ HIGH TAIL INTENSITY: [DNN_INPUT] bid_rdi has 16 points with Z-Score > 12.
2026-03-21 20:31:03,097 - WARNING - ⚠️ HIGH TAIL INTENSITY: [DNN_INPUT] ask_rdi has 80 points with Z-Score > 12.
2026-03-21 20:31:03,097 - WARNING - ⚠️ HIGH TAIL INTENSITY: [DNN_INPUT] pressure_ratio has 19 points with Z-Score > 12.
2026-03-21 20:31:03,097 - WARNING - ⚠️ HIGH TAIL INTENSITY: [DNN_INPUT] body has 18 points with Z-Score > 12.
2026-03-21 20:31:03,097 - WARNING - ⚠️ HIGH TAIL INTENSITY: [DNN_INPUT] upper_wick has 41 points with Z-Score > 12.
2026-03-21 20:31:03,097 - WARNING - ⚠️ HIGH TAIL INTENSITY: [DNN_INPUT] lower_wick has 29 points with Z-Score > 12.
2026-03-21 20:31:03,097 - WARNING - ⚠️ HIGH TAIL INTENSITY: [DNN_INPUT] log_ret_close has 19 points with Z-Score > 12.
2026-03-21 20:31:03,098 - WARNING - ⚠️ HIGH TAIL INTENSITY: [DNN_INPUT] bid_rdi_delta_5 has 10 points with Z-Score > 12.
2026-03-21 20:31:03,098 - WARNING - ⚠️ HIGH TAIL INTENSITY: [DNN_INPUT] ask_rdi_delta_5 has 30 points with Z-Score > 12.
2026-03-21 20:31:03,098 - WARNING - ⚠️ HIGH TAIL INTENSITY: [DNN_INPUT] micro_price_delta_5 has 5 points with Z-Score > 12.
2026-03-21 20:31:03,098 - WARNING - ⚠️ HIGH TAIL INTENSITY: [DNN_INPUT] bid_rdi_delta_30 has 32 points with Z-Score > 12.
2026-03-21 20:31:03,098 - WARNING - ⚠️ HIGH TAIL INTENSITY: [DNN_INPUT] ask_rdi_delta_30 has 82 points with Z-Score > 12.
2026-03-21 20:31:03,098 - WARNING - ⚠️ HIGH TAIL INTENSITY: [DNN_INPUT] spread_zscore_60 has 88 points with Z-Score > 12.
2026-03-21 20:31:03,098 - WARNING - ⚠️ HIGH TAIL INTENSITY: [DNN_INPUT] kyle_lambda has 20 points with Z-Score > 12.
2026-03-21 20:31:03,098 - WARNING - ⚠️ HIGH TAIL INTENSITY: [DNN_INPUT] bid_deep_ratio has 47 points with Z-Score > 12.
2026-03-21 20:31:03,098 - WARNING - ⚠️ HIGH TAIL INTENSITY: [DNN_INPUT] ask_deep_ratio has 62 points with Z-Score > 12.
2026-03-21 20:31:03,098 - WARNING - ⚠️ HIGH TAIL INTENSITY: [DNN_INPUT] bid_convexity has 96 points with Z-Score > 12.
2026-03-21 20:31:03,115 - INFO - ✅ Protocol Island Split: 1/1 islands survived. Total rows: 42923
2026-03-21 20:31:03,115 - INFO - 🏆 Gold Validation complete for 2026-01-11_BTCUSDT_ob200.data. Status: VALID
2026-03-21 20:31:03,152 - INFO - Successfully saved 42923 rows to data/L2/pre_processed/2026-01-11_BTCUSDT_ob200.data.parquet
2026-03-21 20:31:03,152 - INFO - ✅ Saved event-driven dataset: 2026-01-11_BTCUSDT_ob200.data.parquet
2026-03-21 20:31:03,154 - INFO - 📊 [Memory] 2026-01-11_BTCUSDT_ob200.data: 0.0MB -> 19142.6MB
2026-03-21 20:31:04,778 - INFO - 📥 DOWNLOAD FILE: BTCUSDT2026-01-13.csv.gz
2026-03-21 20:31:48,506 - INFO - 🗑️ CLEANUP: Deleting processed zip: 2026-01-12_BTCUSDT_ob200.data.zip
2026-03-21 20:32:07,614 - INFO - 📥 DOWNLOAD: 2026-01-13_BTCUSDT_ob200.data.zip
2026-03-21 20:32:14,764 - INFO - 📊 [Peak Load] 2026-01-12_BTCUSDT_ob200.data: Raw data in RAM | SYSTEM RAM: 71.41 GB (9.5%)
2026-03-21 20:32:14,778 - INFO - EventSampler iniciado. Modo: 'both' | Dollar=500000.0 | Tick=5000 | Info=100.0 | Time=300000ms
2026-03-21 20:32:16,889 - INFO - 📂 STREAMING: 2026-01-13_BTCUSDT_ob200.data
2026-03-21 20:32:18,443 - INFO - CUSUM (both): 42923 eventos. Trigger IID será aplicado dentro de cada janela CUSUM.
2026-03-21 20:32:19,284 - INFO - Barras geradas: 185456 | Ilhas: 1
2026-03-21 20:32:25,531 - INFO - 💾 Memory Optimization: Dropping 801 raw book columns.
2026-03-21 20:32:25,547 - INFO - 📊 [Drop Success] 2026-01-12_BTCUSDT_ob200.data: Columns discarded | SYSTEM RAM: 58.15 GB (7.7%)
2026-03-21 20:32:25,547 - INFO - --- Validating 2026-01-12_BTCUSDT_ob200.data ---
2026-03-21 20:32:25,557 - INFO - ✅ ARCHITECTURE INTEGRITY: 30/30 features present. Audit Scope: 46 columns (30 Features + 15 Raw/Price).
2026-03-21 20:32:25,563 - INFO - No NaNs found.
2026-03-21 20:32:25,568 - INFO - No Infinite values found.
2026-03-21 20:32:25,569 - INFO - Chronological order verified.
2026-03-21 20:32:25,574 - WARNING - ⚠️ STALE DATA ALERT: Possible feed lock detected in 2026-01-12_BTCUSDT_ob200.data
2026-03-21 20:32:25,582 - WARNING - ☢️ CRITICAL OUTLIER: [DNN_INPUT] pressure_ratio max (5.9310e+03) is > 15x P99. Clipping might have failed!
2026-03-21 20:32:25,583 - WARNING - ☢️ CRITICAL OUTLIER: [DNN_INPUT] lower_wick max (9.9602e-04) is > 15x P99. Clipping might have failed!
2026-03-21 20:32:25,585 - WARNING - ☢️ CRITICAL OUTLIER: [DNN_INPUT] upper_wick max (1.0529e-03) is > 15x P99. Clipping might have failed!
2026-03-21 20:32:25,662 - WARNING - ⚠️ HIGH TAIL INTENSITY: [RAW_DATA] bar_usd_volume has 63 points with Z-Score > 12.
2026-03-21 20:32:25,662 - WARNING - ⚠️ HIGH TAIL INTENSITY: [RAW_DATA] bar_btc_volume has 62 points with Z-Score > 12.
2026-03-21 20:32:25,662 - WARNING - ⚠️ HIGH TAIL INTENSITY: [DNN_INPUT] volatility has 261 points with Z-Score > 12.
2026-03-21 20:32:25,662 - WARNING - ⚠️ HIGH TAIL INTENSITY: [DNN_INPUT] micro_price_momentum has 90 points with Z-Score > 12.
2026-03-21 20:32:25,663 - WARNING - ⚠️ HIGH TAIL INTENSITY: [DNN_INPUT] bid_rdi has 190 points with Z-Score > 12.
2026-03-21 20:32:25,663 - WARNING - ⚠️ HIGH TAIL INTENSITY: [DNN_INPUT] ask_rdi has 216 points with Z-Score > 12.
2026-03-21 20:32:25,663 - WARNING - ⚠️ HIGH TAIL INTENSITY: [DNN_INPUT] pressure_ratio has 68 points with Z-Score > 12.
2026-03-21 20:32:25,663 - WARNING - ⚠️ HIGH TAIL INTENSITY: [DNN_INPUT] body has 50 points with Z-Score > 12.
2026-03-21 20:32:25,663 - WARNING - ⚠️ HIGH TAIL INTENSITY: [DNN_INPUT] upper_wick has 198 points with Z-Score > 12.
2026-03-21 20:32:25,663 - WARNING - ⚠️ HIGH TAIL INTENSITY: [DNN_INPUT] lower_wick has 152 points with Z-Score > 12.
2026-03-21 20:32:25,663 - WARNING - ⚠️ HIGH TAIL INTENSITY: [DNN_INPUT] log_ret_close has 55 points with Z-Score > 12.
2026-03-21 20:32:25,663 - WARNING - ⚠️ HIGH TAIL INTENSITY: [DNN_INPUT] bid_rdi_delta_5 has 138 points with Z-Score > 12.
2026-03-21 20:32:25,663 - WARNING - ⚠️ HIGH TAIL INTENSITY: [DNN_INPUT] ask_rdi_delta_5 has 118 points with Z-Score > 12.
2026-03-21 20:32:25,663 - WARNING - ⚠️ HIGH TAIL INTENSITY: [DNN_INPUT] micro_price_delta_5 has 3 points with Z-Score > 12.
2026-03-21 20:32:25,664 - WARNING - ⚠️ HIGH TAIL INTENSITY: [DNN_INPUT] bid_rdi_delta_30 has 316 points with Z-Score > 12.
2026-03-21 20:32:25,664 - WARNING - ⚠️ HIGH TAIL INTENSITY: [DNN_INPUT] ask_rdi_delta_30 has 208 points with Z-Score > 12.
2026-03-21 20:32:25,664 - WARNING - ⚠️ HIGH TAIL INTENSITY: [DNN_INPUT] spread_zscore_60 has 298 points with Z-Score > 12.
2026-03-21 20:32:25,664 - WARNING - ⚠️ HIGH TAIL INTENSITY: [DNN_INPUT] kyle_lambda has 77 points with Z-Score > 12.
2026-03-21 20:32:25,664 - WARNING - ⚠️ HIGH TAIL INTENSITY: [DNN_INPUT] bid_deep_ratio has 240 points with Z-Score > 12.
2026-03-21 20:32:25,664 - WARNING - ⚠️ HIGH TAIL INTENSITY: [DNN_INPUT] ask_deep_ratio has 305 points with Z-Score > 12.
2026-03-21 20:32:25,664 - WARNING - ⚠️ HIGH TAIL INTENSITY: [DNN_INPUT] bid_convexity has 315 points with Z-Score > 12.
2026-03-21 20:32:25,664 - WARNING - ⚠️ HIGH TAIL INTENSITY: [DNN_INPUT] ask_convexity has 350 points with Z-Score > 12.
2026-03-21 20:32:25,734 - INFO - ✅ Protocol Island Split: 1/1 islands survived. Total rows: 185456
2026-03-21 20:32:25,734 - INFO - 🏆 Gold Validation complete for 2026-01-12_BTCUSDT_ob200.data. Status: VALID
2026-03-21 20:32:25,992 - INFO - Successfully saved 185456 rows to data/L2/pre_processed/2026-01-12_BTCUSDT_ob200.data.parquet
2026-03-21 20:32:25,993 - INFO - ✅ Saved event-driven dataset: 2026-01-12_BTCUSDT_ob200.data.parquet
2026-03-21 20:32:25,995 - INFO - 📊 [Memory] 2026-01-12_BTCUSDT_ob200.data: 0.0MB -> 15799.9MB
2026-03-21 20:32:28,360 - INFO - 📥 DOWNLOAD FILE: BTCUSDT2026-01-14.csv.gz
2026-03-21 20:32:42,770 - INFO - 📥 DOWNLOAD: 2026-01-14_BTCUSDT_ob200.data.zip
2026-03-21 20:32:53,248 - INFO - 📂 STREAMING: 2026-01-14_BTCUSDT_ob200.data
2026-03-21 20:33:29,960 - INFO - 🗑️ CLEANUP: Deleting processed zip: 2026-01-13_BTCUSDT_ob200.data.zip
2026-03-21 20:34:00,860 - INFO - 📊 [Peak Load] 2026-01-13_BTCUSDT_ob200.data: Raw data in RAM | SYSTEM RAM: 75.03 GB (9.9%)
2026-03-21 20:34:00,990 - INFO - EventSampler iniciado. Modo: 'both' | Dollar=500000.0 | Tick=5000 | Info=100.0 | Time=300000ms
2026-03-21 20:34:05,152 - INFO - CUSUM (both): 44344 eventos. Trigger IID será aplicado dentro de cada janela CUSUM.
2026-03-21 20:34:06,045 - INFO - Barras geradas: 228657 | Ilhas: 1
2026-03-21 20:34:07,814 - INFO - 🗑️ CLEANUP: Deleting processed zip: 2026-01-14_BTCUSDT_ob200.data.zip
2026-03-21 20:34:13,435 - INFO - 💾 Memory Optimization: Dropping 801 raw book columns.
2026-03-21 20:34:13,457 - INFO - 📊 [Drop Success] 2026-01-13_BTCUSDT_ob200.data: Columns discarded | SYSTEM RAM: 73.47 GB (9.7%)
2026-03-21 20:34:13,457 - INFO - --- Validating 2026-01-13_BTCUSDT_ob200.data ---
2026-03-21 20:34:13,471 - INFO - ✅ ARCHITECTURE INTEGRITY: 30/30 features present. Audit Scope: 46 columns (30 Features + 15 Raw/Price).
2026-03-21 20:34:13,478 - INFO - No NaNs found.
2026-03-21 20:34:13,485 - INFO - No Infinite values found.
2026-03-21 20:34:13,486 - INFO - Chronological order verified.
2026-03-21 20:34:13,492 - WARNING - ⚠️ STALE DATA ALERT: Possible feed lock detected in 2026-01-13_BTCUSDT_ob200.data
2026-03-21 20:34:13,501 - WARNING - ☢️ CRITICAL OUTLIER: [DNN_INPUT] pressure_ratio max (2.0110e+03) is > 15x P99. Clipping might have failed!
2026-03-21 20:34:13,503 - WARNING - ☢️ CRITICAL OUTLIER: [DNN_INPUT] lower_wick max (1.2903e-03) is > 15x P99. Clipping might have failed!
2026-03-21 20:34:13,505 - WARNING - ☢️ CRITICAL OUTLIER: [DNN_INPUT] upper_wick max (1.2829e-03) is > 15x P99. Clipping might have failed!
2026-03-21 20:34:13,507 - WARNING - ☢️ CRITICAL OUTLIER: [DNN_INPUT] body max (1.6460e-03) is > 15x P99. Clipping might have failed!
2026-03-21 20:34:13,597 - WARNING - ⚠️ HIGH TAIL INTENSITY: [RAW_DATA] bar_usd_volume has 80 points with Z-Score > 12.
2026-03-21 20:34:13,598 - WARNING - ⚠️ HIGH TAIL INTENSITY: [RAW_DATA] bar_btc_volume has 79 points with Z-Score > 12.
2026-03-21 20:34:13,598 - WARNING - ⚠️ HIGH TAIL INTENSITY: [DNN_INPUT] max_spread has 132 points with Z-Score > 12.
2026-03-21 20:34:13,598 - WARNING - ⚠️ HIGH TAIL INTENSITY: [DNN_INPUT] volatility has 370 points with Z-Score > 12.
2026-03-21 20:34:13,598 - WARNING - ⚠️ HIGH TAIL INTENSITY: [DNN_INPUT] micro_price_momentum has 216 points with Z-Score > 12.
2026-03-21 20:34:13,598 - WARNING - ⚠️ HIGH TAIL INTENSITY: [DNN_INPUT] bid_rdi has 703 points with Z-Score > 12.
2026-03-21 20:34:13,598 - WARNING - ⚠️ HIGH TAIL INTENSITY: [DNN_INPUT] ask_rdi has 183 points with Z-Score > 12.
2026-03-21 20:34:13,599 - WARNING - ⚠️ HIGH TAIL INTENSITY: [DNN_INPUT] pressure_ratio has 275 points with Z-Score > 12.
2026-03-21 20:34:13,599 - WARNING - ⚠️ HIGH TAIL INTENSITY: [DNN_INPUT] body has 165 points with Z-Score > 12.
2026-03-21 20:34:13,599 - WARNING - ⚠️ HIGH TAIL INTENSITY: [DNN_INPUT] upper_wick has 200 points with Z-Score > 12.
2026-03-21 20:34:13,599 - WARNING - ⚠️ HIGH TAIL INTENSITY: [DNN_INPUT] lower_wick has 280 points with Z-Score > 12.
2026-03-21 20:34:13,599 - WARNING - ⚠️ HIGH TAIL INTENSITY: [DNN_INPUT] log_ret_close has 171 points with Z-Score > 12.
2026-03-21 20:34:13,599 - WARNING - ⚠️ HIGH TAIL INTENSITY: [DNN_INPUT] bid_rdi_delta_5 has 144 points with Z-Score > 12.
2026-03-21 20:34:13,599 - WARNING - ⚠️ HIGH TAIL INTENSITY: [DNN_INPUT] ask_rdi_delta_5 has 187 points with Z-Score > 12.
2026-03-21 20:34:13,599 - WARNING - ⚠️ HIGH TAIL INTENSITY: [DNN_INPUT] micro_price_delta_5 has 31 points with Z-Score > 12.
2026-03-21 20:34:13,599 - WARNING - ⚠️ HIGH TAIL INTENSITY: [DNN_INPUT] bid_rdi_delta_30 has 334 points with Z-Score > 12.
2026-03-21 20:34:13,599 - WARNING - ⚠️ HIGH TAIL INTENSITY: [DNN_INPUT] ask_rdi_delta_30 has 234 points with Z-Score > 12.
2026-03-21 20:34:13,599 - WARNING - ⚠️ HIGH TAIL INTENSITY: [DNN_INPUT] spread_zscore_60 has 439 points with Z-Score > 12.
2026-03-21 20:34:13,600 - WARNING - ⚠️ HIGH TAIL INTENSITY: [DNN_INPUT] kyle_lambda has 152 points with Z-Score > 12.
2026-03-21 20:34:13,600 - WARNING - ⚠️ HIGH TAIL INTENSITY: [DNN_INPUT] bid_deep_ratio has 255 points with Z-Score > 12.
2026-03-21 20:34:13,600 - WARNING - ⚠️ HIGH TAIL INTENSITY: [DNN_INPUT] ask_deep_ratio has 278 points with Z-Score > 12.
2026-03-21 20:34:13,600 - WARNING - ⚠️ HIGH TAIL INTENSITY: [DNN_INPUT] bid_convexity has 544 points with Z-Score > 12.
2026-03-21 20:34:13,600 - WARNING - ⚠️ HIGH TAIL INTENSITY: [DNN_INPUT] ask_convexity has 512 points with Z-Score > 12.
2026-03-21 20:34:13,687 - INFO - ✅ Protocol Island Split: 1/1 islands survived. Total rows: 228657
2026-03-21 20:34:13,687 - INFO - 🏆 Gold Validation complete for 2026-01-13_BTCUSDT_ob200.data. Status: VALID
2026-03-21 20:34:13,829 - INFO - Successfully saved 228657 rows to data/L2/pre_processed/2026-01-13_BTCUSDT_ob200.data.parquet
2026-03-21 20:34:13,829 - INFO - ✅ Saved event-driven dataset: 2026-01-13_BTCUSDT_ob200.data.parquet
2026-03-21 20:34:13,831 - INFO - 📊 [Memory] 2026-01-13_BTCUSDT_ob200.data: 0.0MB -> 19612.1MB
2026-03-21 20:34:16,321 - INFO - 📥 DOWNLOAD FILE: BTCUSDT2026-01-15.csv.gz
2026-03-21 20:34:36,473 - INFO - 📊 [Peak Load] 2026-01-14_BTCUSDT_ob200.data: Raw data in RAM | SYSTEM RAM: 72.89 GB (9.6%)
2026-03-21 20:34:36,487 - INFO - EventSampler iniciado. Modo: 'both' | Dollar=500000.0 | Tick=5000 | Info=100.0 | Time=300000ms
2026-03-21 20:34:40,400 - INFO - CUSUM (both): 47216 eventos. Trigger IID será aplicado dentro de cada janela CUSUM.
2026-03-21 20:34:41,229 - INFO - Barras geradas: 203355 | Ilhas: 1
2026-03-21 20:34:46,000 - INFO - 📥 DOWNLOAD: 2026-01-15_BTCUSDT_ob200.data.zip
2026-03-21 20:34:47,945 - INFO - 💾 Memory Optimization: Dropping 801 raw book columns.
2026-03-21 20:34:47,961 - INFO - 📊 [Drop Success] 2026-01-14_BTCUSDT_ob200.data: Columns discarded | SYSTEM RAM: 58.40 GB (7.7%)
2026-03-21 20:34:47,962 - INFO - --- Validating 2026-01-14_BTCUSDT_ob200.data ---
2026-03-21 20:34:47,971 - INFO - ✅ ARCHITECTURE INTEGRITY: 30/30 features present. Audit Scope: 46 columns (30 Features + 15 Raw/Price).
2026-03-21 20:34:47,977 - INFO - No NaNs found.
2026-03-21 20:34:47,983 - INFO - No Infinite values found.
2026-03-21 20:34:47,984 - INFO - Chronological order verified.
2026-03-21 20:34:47,990 - WARNING - ⚠️ STALE DATA ALERT: Possible feed lock detected in 2026-01-14_BTCUSDT_ob200.data
2026-03-21 20:34:47,998 - WARNING - ☢️ CRITICAL OUTLIER: [DNN_INPUT] pressure_ratio max (3.5224e+03) is > 15x P99. Clipping might have failed!
2026-03-21 20:34:48,000 - WARNING - ☢️ CRITICAL OUTLIER: [DNN_INPUT] lower_wick max (1.0808e-03) is > 15x P99. Clipping might have failed!
2026-03-21 20:34:48,001 - WARNING - ☢️ CRITICAL OUTLIER: [DNN_INPUT] upper_wick max (9.0689e-04) is > 15x P99. Clipping might have failed!
2026-03-21 20:34:48,082 - WARNING - ⚠️ HIGH TAIL INTENSITY: [RAW_DATA] bar_usd_volume has 72 points with Z-Score > 12.
2026-03-21 20:34:48,082 - WARNING - ⚠️ HIGH TAIL INTENSITY: [RAW_DATA] bar_btc_volume has 72 points with Z-Score > 12.
2026-03-21 20:34:48,082 - WARNING - ⚠️ HIGH TAIL INTENSITY: [DNN_INPUT] max_spread has 421 points with Z-Score > 12.
2026-03-21 20:34:48,083 - WARNING - ⚠️ HIGH TAIL INTENSITY: [DNN_INPUT] volatility has 275 points with Z-Score > 12.
2026-03-21 20:34:48,083 - WARNING - ⚠️ HIGH TAIL INTENSITY: [DNN_INPUT] micro_price_momentum has 185 points with Z-Score > 12.
2026-03-21 20:34:48,083 - WARNING - ⚠️ HIGH TAIL INTENSITY: [DNN_INPUT] bid_rdi has 298 points with Z-Score > 12.
2026-03-21 20:34:48,083 - WARNING - ⚠️ HIGH TAIL INTENSITY: [DNN_INPUT] ask_rdi has 261 points with Z-Score > 12.
2026-03-21 20:34:48,083 - WARNING - ⚠️ HIGH TAIL INTENSITY: [DNN_INPUT] pressure_ratio has 531 points with Z-Score > 12.
2026-03-21 20:34:48,083 - WARNING - ⚠️ HIGH TAIL INTENSITY: [DNN_INPUT] body has 100 points with Z-Score > 12.
2026-03-21 20:34:48,083 - WARNING - ⚠️ HIGH TAIL INTENSITY: [DNN_INPUT] upper_wick has 207 points with Z-Score > 12.
2026-03-21 20:34:48,083 - WARNING - ⚠️ HIGH TAIL INTENSITY: [DNN_INPUT] lower_wick has 145 points with Z-Score > 12.
2026-03-21 20:34:48,083 - WARNING - ⚠️ HIGH TAIL INTENSITY: [DNN_INPUT] log_ret_close has 98 points with Z-Score > 12.
2026-03-21 20:34:48,084 - WARNING - ⚠️ HIGH TAIL INTENSITY: [DNN_INPUT] bid_rdi_delta_5 has 214 points with Z-Score > 12.
2026-03-21 20:34:48,084 - WARNING - ⚠️ HIGH TAIL INTENSITY: [DNN_INPUT] ask_rdi_delta_5 has 184 points with Z-Score > 12.
2026-03-21 20:34:48,084 - WARNING - ⚠️ HIGH TAIL INTENSITY: [DNN_INPUT] micro_price_delta_5 has 2 points with Z-Score > 12.
2026-03-21 20:34:48,084 - WARNING - ⚠️ HIGH TAIL INTENSITY: [DNN_INPUT] bid_rdi_delta_30 has 284 points with Z-Score > 12.
2026-03-21 20:34:48,084 - WARNING - ⚠️ HIGH TAIL INTENSITY: [DNN_INPUT] ask_rdi_delta_30 has 380 points with Z-Score > 12.
2026-03-21 20:34:48,084 - WARNING - ⚠️ HIGH TAIL INTENSITY: [DNN_INPUT] spread_zscore_60 has 379 points with Z-Score > 12.
2026-03-21 20:34:48,084 - WARNING - ⚠️ HIGH TAIL INTENSITY: [DNN_INPUT] kyle_lambda has 85 points with Z-Score > 12.
2026-03-21 20:34:48,084 - WARNING - ⚠️ HIGH TAIL INTENSITY: [DNN_INPUT] bid_deep_ratio has 67 points with Z-Score > 12.
2026-03-21 20:34:48,084 - WARNING - ⚠️ HIGH TAIL INTENSITY: [DNN_INPUT] ask_deep_ratio has 279 points with Z-Score > 12.
2026-03-21 20:34:48,084 - WARNING - ⚠️ HIGH TAIL INTENSITY: [DNN_INPUT] bid_convexity has 397 points with Z-Score > 12.
2026-03-21 20:34:48,084 - WARNING - ⚠️ HIGH TAIL INTENSITY: [DNN_INPUT] ask_convexity has 497 points with Z-Score > 12.
2026-03-21 20:34:48,166 - INFO - ✅ Protocol Island Split: 1/1 islands survived. Total rows: 203355
2026-03-21 20:34:48,166 - INFO - 🏆 Gold Validation complete for 2026-01-14_BTCUSDT_ob200.data. Status: VALID
2026-03-21 20:34:48,272 - INFO - Successfully saved 203355 rows to data/L2/pre_processed/2026-01-14_BTCUSDT_ob200.data.parquet
2026-03-21 20:34:48,273 - INFO - ✅ Saved event-driven dataset: 2026-01-14_BTCUSDT_ob200.data.parquet
2026-03-21 20:34:48,274 - INFO - 📊 [Memory] 2026-01-14_BTCUSDT_ob200.data: 0.0MB -> 15917.2MB
2026-03-21 20:34:50,841 - INFO - 📥 DOWNLOAD FILE: BTCUSDT2026-01-16.csv.gz
2026-03-21 20:34:57,593 - INFO - 📂 STREAMING: 2026-01-15_BTCUSDT_ob200.data
2026-03-21 20:35:00,614 - INFO - 📥 DOWNLOAD: 2026-01-16_BTCUSDT_ob200.data.zip
2026-03-21 20:35:09,348 - INFO - 📂 STREAMING: 2026-01-16_BTCUSDT_ob200.data
2026-03-21 20:36:07,630 - INFO - 🗑️ CLEANUP: Deleting processed zip: 2026-01-16_BTCUSDT_ob200.data.zip
2026-03-21 20:36:09,639 - INFO - 🗑️ CLEANUP: Deleting processed zip: 2026-01-15_BTCUSDT_ob200.data.zip
2026-03-21 20:36:23,384 - INFO - 📊 [Peak Load] 2026-01-16_BTCUSDT_ob200.data: Raw data in RAM | SYSTEM RAM: 84.32 GB (11.2%)
2026-03-21 20:36:23,394 - INFO - EventSampler iniciado. Modo: 'both' | Dollar=500000.0 | Tick=5000 | Info=100.0 | Time=300000ms
2026-03-21 20:36:25,417 - INFO - CUSUM (both): 28845 eventos. Trigger IID será aplicado dentro de cada janela CUSUM.
2026-03-21 20:36:25,853 - INFO - Barras geradas: 119243 | Ilhas: 1
2026-03-21 20:36:30,012 - INFO - 💾 Memory Optimization: Dropping 801 raw book columns.
2026-03-21 20:36:30,027 - INFO - 📊 [Drop Success] 2026-01-16_BTCUSDT_ob200.data: Columns discarded | SYSTEM RAM: 80.83 GB (10.7%)
2026-03-21 20:36:30,027 - INFO - --- Validating 2026-01-16_BTCUSDT_ob200.data ---
2026-03-21 20:36:30,035 - INFO - ✅ ARCHITECTURE INTEGRITY: 30/30 features present. Audit Scope: 46 columns (30 Features + 15 Raw/Price).
2026-03-21 20:36:30,039 - INFO - No NaNs found.
2026-03-21 20:36:30,043 - INFO - No Infinite values found.
2026-03-21 20:36:30,043 - INFO - Chronological order verified.
2026-03-21 20:36:30,047 - WARNING - ⚠️ STALE DATA ALERT: Possible feed lock detected in 2026-01-16_BTCUSDT_ob200.data
2026-03-21 20:36:30,053 - WARNING - ☢️ CRITICAL OUTLIER: [DNN_INPUT] pressure_ratio max (4.9443e+03) is > 15x P99. Clipping might have failed!
2026-03-21 20:36:30,054 - WARNING - ☢️ CRITICAL OUTLIER: [DNN_INPUT] lower_wick max (5.7099e-04) is > 15x P99. Clipping might have failed!
2026-03-21 20:36:30,056 - WARNING - ☢️ CRITICAL OUTLIER: [DNN_INPUT] upper_wick max (7.0051e-04) is > 15x P99. Clipping might have failed!
2026-03-21 20:36:30,058 - WARNING - ☢️ CRITICAL OUTLIER: [DNN_INPUT] max_spread max (1.9000e+01) is > 15x P99. Clipping might have failed!
2026-03-21 20:36:30,100 - WARNING - ⚠️ HIGH TAIL INTENSITY: [RAW_DATA] bar_usd_volume has 41 points with Z-Score > 12.
2026-03-21 20:36:30,101 - WARNING - ⚠️ HIGH TAIL INTENSITY: [RAW_DATA] bar_btc_volume has 42 points with Z-Score > 12.
2026-03-21 20:36:30,101 - WARNING - ⚠️ HIGH TAIL INTENSITY: [DNN_INPUT] max_spread has 156 points with Z-Score > 12.
2026-03-21 20:36:30,101 - WARNING - ⚠️ HIGH TAIL INTENSITY: [DNN_INPUT] volatility has 161 points with Z-Score > 12.
2026-03-21 20:36:30,101 - WARNING - ⚠️ HIGH TAIL INTENSITY: [DNN_INPUT] micro_price_momentum has 120 points with Z-Score > 12.
2026-03-21 20:36:30,101 - WARNING - ⚠️ HIGH TAIL INTENSITY: [DNN_INPUT] bid_rdi has 103 points with Z-Score > 12.
2026-03-21 20:36:30,101 - WARNING - ⚠️ HIGH TAIL INTENSITY: [DNN_INPUT] ask_rdi has 101 points with Z-Score > 12.
2026-03-21 20:36:30,101 - WARNING - ⚠️ HIGH TAIL INTENSITY: [DNN_INPUT] pressure_ratio has 150 points with Z-Score > 12.
2026-03-21 20:36:30,102 - WARNING - ⚠️ HIGH TAIL INTENSITY: [DNN_INPUT] body has 71 points with Z-Score > 12.
2026-03-21 20:36:30,102 - WARNING - ⚠️ HIGH TAIL INTENSITY: [DNN_INPUT] upper_wick has 120 points with Z-Score > 12.
2026-03-21 20:36:30,102 - WARNING - ⚠️ HIGH TAIL INTENSITY: [DNN_INPUT] lower_wick has 124 points with Z-Score > 12.
2026-03-21 20:36:30,102 - WARNING - ⚠️ HIGH TAIL INTENSITY: [DNN_INPUT] log_ret_close has 65 points with Z-Score > 12.
2026-03-21 20:36:30,102 - WARNING - ⚠️ HIGH TAIL INTENSITY: [DNN_INPUT] bid_rdi_delta_5 has 114 points with Z-Score > 12.
2026-03-21 20:36:30,102 - WARNING - ⚠️ HIGH TAIL INTENSITY: [DNN_INPUT] ask_rdi_delta_5 has 79 points with Z-Score > 12.
2026-03-21 20:36:30,102 - WARNING - ⚠️ HIGH TAIL INTENSITY: [DNN_INPUT] bid_rdi_delta_30 has 184 points with Z-Score > 12.
2026-03-21 20:36:30,102 - WARNING - ⚠️ HIGH TAIL INTENSITY: [DNN_INPUT] ask_rdi_delta_30 has 190 points with Z-Score > 12.
2026-03-21 20:36:30,102 - WARNING - ⚠️ HIGH TAIL INTENSITY: [DNN_INPUT] spread_zscore_60 has 240 points with Z-Score > 12.
2026-03-21 20:36:30,102 - WARNING - ⚠️ HIGH TAIL INTENSITY: [DNN_INPUT] kyle_lambda has 93 points with Z-Score > 12.
2026-03-21 20:36:30,102 - WARNING - ⚠️ HIGH TAIL INTENSITY: [DNN_INPUT] bid_deep_ratio has 172 points with Z-Score > 12.
2026-03-21 20:36:30,102 - WARNING - ⚠️ HIGH TAIL INTENSITY: [DNN_INPUT] ask_deep_ratio has 175 points with Z-Score > 12.
2026-03-21 20:36:30,102 - WARNING - ⚠️ HIGH TAIL INTENSITY: [DNN_INPUT] ask_convexity has 210 points with Z-Score > 12.
2026-03-21 20:36:30,143 - INFO - ✅ Protocol Island Split: 1/1 islands survived. Total rows: 119243
2026-03-21 20:36:30,143 - INFO - 🏆 Gold Validation complete for 2026-01-16_BTCUSDT_ob200.data. Status: VALID
2026-03-21 20:36:30,220 - INFO - Successfully saved 119243 rows to data/L2/pre_processed/2026-01-16_BTCUSDT_ob200.data.parquet
2026-03-21 20:36:30,220 - INFO - ✅ Saved event-driven dataset: 2026-01-16_BTCUSDT_ob200.data.parquet
2026-03-21 20:36:30,222 - INFO - 📊 [Memory] 2026-01-16_BTCUSDT_ob200.data: 0.0MB -> 15799.3MB
2026-03-21 20:36:32,324 - INFO - 📥 DOWNLOAD FILE: BTCUSDT2026-01-17.csv.gz
2026-03-21 20:36:32,717 - INFO - 📊 [Peak Load] 2026-01-15_BTCUSDT_ob200.data: Raw data in RAM | SYSTEM RAM: 70.37 GB (9.3%)
2026-03-21 20:36:32,726 - INFO - EventSampler iniciado. Modo: 'both' | Dollar=500000.0 | Tick=5000 | Info=100.0 | Time=300000ms
2026-03-21 20:36:35,729 - INFO - CUSUM (both): 43483 eventos. Trigger IID será aplicado dentro de cada janela CUSUM.
2026-03-21 20:36:36,288 - INFO - Barras geradas: 155090 | Ilhas: 1
2026-03-21 20:36:37,863 - INFO - 📥 DOWNLOAD: 2026-01-17_BTCUSDT_ob200.data.zip
2026-03-21 20:36:41,408 - INFO - 💾 Memory Optimization: Dropping 801 raw book columns.
2026-03-21 20:36:41,424 - INFO - 📊 [Drop Success] 2026-01-15_BTCUSDT_ob200.data: Columns discarded | SYSTEM RAM: 58.23 GB (7.7%)
2026-03-21 20:36:41,424 - INFO - --- Validating 2026-01-15_BTCUSDT_ob200.data ---
2026-03-21 20:36:41,436 - INFO - ✅ ARCHITECTURE INTEGRITY: 30/30 features present. Audit Scope: 46 columns (30 Features + 15 Raw/Price).
2026-03-21 20:36:41,442 - INFO - No NaNs found.
2026-03-21 20:36:41,447 - INFO - No Infinite values found.
2026-03-21 20:36:41,448 - INFO - Chronological order verified.
2026-03-21 20:36:41,456 - WARNING - ⚠️ STALE DATA ALERT: Possible feed lock detected in 2026-01-15_BTCUSDT_ob200.data
2026-03-21 20:36:41,463 - WARNING - ☢️ CRITICAL OUTLIER: [DNN_INPUT] pressure_ratio max (3.1788e+03) is > 15x P99. Clipping might have failed!
2026-03-21 20:36:41,465 - WARNING - ☢️ CRITICAL OUTLIER: [DNN_INPUT] lower_wick max (1.5708e-03) is > 15x P99. Clipping might have failed!
2026-03-21 20:36:41,466 - WARNING - ☢️ CRITICAL OUTLIER: [DNN_INPUT] upper_wick max (1.5617e-03) is > 15x P99. Clipping might have failed!
2026-03-21 20:36:41,469 - WARNING - ☢️ CRITICAL OUTLIER: [DNN_INPUT] max_spread max (1.8700e+01) is > 15x P99. Clipping might have failed!
2026-03-21 20:36:41,540 - WARNING - ⚠️ HIGH TAIL INTENSITY: [RAW_DATA] bar_usd_volume has 54 points with Z-Score > 12.
2026-03-21 20:36:41,540 - WARNING - ⚠️ HIGH TAIL INTENSITY: [RAW_DATA] bar_btc_volume has 54 points with Z-Score > 12.
2026-03-21 20:36:41,541 - WARNING - ⚠️ HIGH TAIL INTENSITY: [DNN_INPUT] max_spread has 206 points with Z-Score > 12.
2026-03-21 20:36:41,541 - WARNING - ⚠️ HIGH TAIL INTENSITY: [DNN_INPUT] volatility has 172 points with Z-Score > 12.
2026-03-21 20:36:41,541 - WARNING - ⚠️ HIGH TAIL INTENSITY: [DNN_INPUT] micro_price_momentum has 205 points with Z-Score > 12.
2026-03-21 20:36:41,541 - WARNING - ⚠️ HIGH TAIL INTENSITY: [DNN_INPUT] bid_rdi has 154 points with Z-Score > 12.
2026-03-21 20:36:41,541 - WARNING - ⚠️ HIGH TAIL INTENSITY: [DNN_INPUT] ask_rdi has 125 points with Z-Score > 12.
2026-03-21 20:36:41,541 - WARNING - ⚠️ HIGH TAIL INTENSITY: [DNN_INPUT] pressure_ratio has 102 points with Z-Score > 12.
2026-03-21 20:36:41,541 - WARNING - ⚠️ HIGH TAIL INTENSITY: [DNN_INPUT] body has 53 points with Z-Score > 12.
2026-03-21 20:36:41,542 - WARNING - ⚠️ HIGH TAIL INTENSITY: [DNN_INPUT] upper_wick has 122 points with Z-Score > 12.
2026-03-21 20:36:41,542 - WARNING - ⚠️ HIGH TAIL INTENSITY: [DNN_INPUT] lower_wick has 125 points with Z-Score > 12.
2026-03-21 20:36:41,542 - WARNING - ⚠️ HIGH TAIL INTENSITY: [DNN_INPUT] log_ret_close has 55 points with Z-Score > 12.
2026-03-21 20:36:41,542 - WARNING - ⚠️ HIGH TAIL INTENSITY: [DNN_INPUT] bid_rdi_delta_5 has 99 points with Z-Score > 12.
2026-03-21 20:36:41,542 - WARNING - ⚠️ HIGH TAIL INTENSITY: [DNN_INPUT] ask_rdi_delta_5 has 80 points with Z-Score > 12.
2026-03-21 20:36:41,542 - WARNING - ⚠️ HIGH TAIL INTENSITY: [DNN_INPUT] micro_price_delta_5 has 21 points with Z-Score > 12.
2026-03-21 20:36:41,542 - WARNING - ⚠️ HIGH TAIL INTENSITY: [DNN_INPUT] bid_rdi_delta_30 has 162 points with Z-Score > 12.
2026-03-21 20:36:41,542 - WARNING - ⚠️ HIGH TAIL INTENSITY: [DNN_INPUT] ask_rdi_delta_30 has 159 points with Z-Score > 12.
2026-03-21 20:36:41,542 - WARNING - ⚠️ HIGH TAIL INTENSITY: [DNN_INPUT] spread_zscore_60 has 274 points with Z-Score > 12.
2026-03-21 20:36:41,542 - WARNING - ⚠️ HIGH TAIL INTENSITY: [DNN_INPUT] kyle_lambda has 48 points with Z-Score > 12.
2026-03-21 20:36:41,542 - WARNING - ⚠️ HIGH TAIL INTENSITY: [DNN_INPUT] bid_deep_ratio has 209 points with Z-Score > 12.
2026-03-21 20:36:41,542 - WARNING - ⚠️ HIGH TAIL INTENSITY: [DNN_INPUT] ask_deep_ratio has 234 points with Z-Score > 12.
2026-03-21 20:36:41,542 - WARNING - ⚠️ HIGH TAIL INTENSITY: [DNN_INPUT] ask_convexity has 378 points with Z-Score > 12.
2026-03-21 20:36:41,596 - INFO - ✅ Protocol Island Split: 1/1 islands survived. Total rows: 155090
2026-03-21 20:36:41,596 - INFO - 🏆 Gold Validation complete for 2026-01-15_BTCUSDT_ob200.data. Status: VALID
2026-03-21 20:36:41,710 - INFO - Successfully saved 155090 rows to data/L2/pre_processed/2026-01-15_BTCUSDT_ob200.data.parquet
2026-03-21 20:36:41,711 - INFO - ✅ Saved event-driven dataset: 2026-01-15_BTCUSDT_ob200.data.parquet
2026-03-21 20:36:41,713 - INFO - 📊 [Memory] 2026-01-15_BTCUSDT_ob200.data: 0.0MB -> 19678.3MB
2026-03-21 20:36:44,748 - INFO - 📥 DOWNLOAD FILE: BTCUSDT2026-01-18.csv.gz
2026-03-21 20:36:51,461 - INFO - 📂 STREAMING: 2026-01-17_BTCUSDT_ob200.data
2026-03-21 20:36:53,157 - INFO - 📥 DOWNLOAD: 2026-01-18_BTCUSDT_ob200.data.zip
2026-03-21 20:37:00,363 - INFO - 📂 STREAMING: 2026-01-18_BTCUSDT_ob200.data
2026-03-21 20:37:32,311 - INFO - 🗑️ CLEANUP: Deleting processed zip: 2026-01-17_BTCUSDT_ob200.data.zip
2026-03-21 20:37:38,540 - INFO - 📊 [Peak Load] 2026-01-17_BTCUSDT_ob200.data: Raw data in RAM | SYSTEM RAM: 57.63 GB (7.6%)
2026-03-21 20:37:38,548 - INFO - EventSampler iniciado. Modo: 'both' | Dollar=500000.0 | Tick=5000 | Info=100.0 | Time=300000ms
2026-03-21 20:37:39,138 - INFO - CUSUM (both): 9002 eventos. Trigger IID será aplicado dentro de cada janela CUSUM.
2026-03-21 20:37:39,266 - INFO - Barras geradas: 24527 | Ilhas: 1
2026-03-21 20:37:40,283 - INFO - 💾 Memory Optimization: Dropping 801 raw book columns.
2026-03-21 20:37:40,294 - INFO - 📊 [Drop Success] 2026-01-17_BTCUSDT_ob200.data: Columns discarded | SYSTEM RAM: 57.70 GB (7.6%)
2026-03-21 20:37:40,295 - INFO - --- Validating 2026-01-17_BTCUSDT_ob200.data ---
2026-03-21 20:37:40,301 - INFO - ✅ ARCHITECTURE INTEGRITY: 30/30 features present. Audit Scope: 46 columns (30 Features + 15 Raw/Price).
2026-03-21 20:37:40,302 - INFO - No NaNs found.
2026-03-21 20:37:40,304 - INFO - No Infinite values found.
2026-03-21 20:37:40,304 - INFO - Chronological order verified.
2026-03-21 20:37:40,306 - WARNING - ⚠️ STALE DATA ALERT: Possible feed lock detected in 2026-01-17_BTCUSDT_ob200.data
2026-03-21 20:37:40,309 - WARNING - ☢️ CRITICAL OUTLIER: [DNN_INPUT] pressure_ratio max (5.9415e+02) is > 15x P99. Clipping might have failed!
2026-03-21 20:37:40,309 - WARNING - ☢️ CRITICAL OUTLIER: [DNN_INPUT] lower_wick max (1.1953e-03) is > 15x P99. Clipping might have failed!
2026-03-21 20:37:40,310 - WARNING - ☢️ CRITICAL OUTLIER: [DNN_INPUT] upper_wick max (1.0508e-03) is > 15x P99. Clipping might have failed!
2026-03-21 20:37:40,325 - WARNING - ⚠️ HIGH TAIL INTENSITY: [RAW_DATA] bar_usd_volume has 6 points with Z-Score > 12.
2026-03-21 20:37:40,326 - WARNING - ⚠️ HIGH TAIL INTENSITY: [RAW_DATA] bar_btc_volume has 6 points with Z-Score > 12.
2026-03-21 20:37:40,326 - WARNING - ⚠️ HIGH TAIL INTENSITY: [DNN_INPUT] max_spread has 111 points with Z-Score > 12.
2026-03-21 20:37:40,326 - WARNING - ⚠️ HIGH TAIL INTENSITY: [DNN_INPUT] volatility has 14 points with Z-Score > 12.
2026-03-21 20:37:40,326 - WARNING - ⚠️ HIGH TAIL INTENSITY: [DNN_INPUT] micro_price_momentum has 23 points with Z-Score > 12.
2026-03-21 20:37:40,326 - WARNING - ⚠️ HIGH TAIL INTENSITY: [DNN_INPUT] bid_rdi has 14 points with Z-Score > 12.
2026-03-21 20:37:40,326 - WARNING - ⚠️ HIGH TAIL INTENSITY: [DNN_INPUT] ask_rdi has 32 points with Z-Score > 12.
2026-03-21 20:37:40,326 - WARNING - ⚠️ HIGH TAIL INTENSITY: [DNN_INPUT] pressure_ratio has 8 points with Z-Score > 12.
2026-03-21 20:37:40,326 - WARNING - ⚠️ HIGH TAIL INTENSITY: [DNN_INPUT] body has 19 points with Z-Score > 12.
2026-03-21 20:37:40,326 - WARNING - ⚠️ HIGH TAIL INTENSITY: [DNN_INPUT] upper_wick has 17 points with Z-Score > 12.
2026-03-21 20:37:40,327 - WARNING - ⚠️ HIGH TAIL INTENSITY: [DNN_INPUT] lower_wick has 26 points with Z-Score > 12.
2026-03-21 20:37:40,327 - WARNING - ⚠️ HIGH TAIL INTENSITY: [DNN_INPUT] log_ret_close has 19 points with Z-Score > 12.
2026-03-21 20:37:40,327 - WARNING - ⚠️ HIGH TAIL INTENSITY: [DNN_INPUT] bid_rdi_delta_5 has 18 points with Z-Score > 12.
2026-03-21 20:37:40,327 - WARNING - ⚠️ HIGH TAIL INTENSITY: [DNN_INPUT] ask_rdi_delta_5 has 24 points with Z-Score > 12.
2026-03-21 20:37:40,327 - WARNING - ⚠️ HIGH TAIL INTENSITY: [DNN_INPUT] micro_price_delta_5 has 2 points with Z-Score > 12.
2026-03-21 20:37:40,327 - WARNING - ⚠️ HIGH TAIL INTENSITY: [DNN_INPUT] bid_rdi_delta_30 has 20 points with Z-Score > 12.
2026-03-21 20:37:40,327 - WARNING - ⚠️ HIGH TAIL INTENSITY: [DNN_INPUT] ask_rdi_delta_30 has 28 points with Z-Score > 12.
2026-03-21 20:37:40,327 - WARNING - ⚠️ HIGH TAIL INTENSITY: [DNN_INPUT] spread_zscore_60 has 42 points with Z-Score > 12.
2026-03-21 20:37:40,327 - WARNING - ⚠️ HIGH TAIL INTENSITY: [DNN_INPUT] kyle_lambda has 19 points with Z-Score > 12.
2026-03-21 20:37:40,327 - WARNING - ⚠️ HIGH TAIL INTENSITY: [DNN_INPUT] bid_deep_ratio has 30 points with Z-Score > 12.
2026-03-21 20:37:40,327 - WARNING - ⚠️ HIGH TAIL INTENSITY: [DNN_INPUT] ask_deep_ratio has 38 points with Z-Score > 12.
2026-03-21 20:37:40,327 - WARNING - ⚠️ HIGH TAIL INTENSITY: [DNN_INPUT] ask_convexity has 72 points with Z-Score > 12.
2026-03-21 20:37:40,338 - INFO - ✅ Protocol Island Split: 1/1 islands survived. Total rows: 24527
2026-03-21 20:37:40,338 - INFO - 🏆 Gold Validation complete for 2026-01-17_BTCUSDT_ob200.data. Status: VALID
2026-03-21 20:37:40,374 - INFO - Successfully saved 24527 rows to data/L2/pre_processed/2026-01-17_BTCUSDT_ob200.data.parquet
2026-03-21 20:37:40,374 - INFO - ✅ Saved event-driven dataset: 2026-01-17_BTCUSDT_ob200.data.parquet
2026-03-21 20:37:40,375 - INFO - 📊 [Memory] 2026-01-17_BTCUSDT_ob200.data: 0.0MB -> 15664.3MB
2026-03-21 20:37:42,145 - INFO - 📥 DOWNLOAD FILE: BTCUSDT2026-01-19.csv.gz
2026-03-21 20:37:45,119 - INFO - 🗑️ CLEANUP: Deleting processed zip: 2026-01-18_BTCUSDT_ob200.data.zip
2026-03-21 20:37:52,105 - INFO - 📊 [Peak Load] 2026-01-18_BTCUSDT_ob200.data: Raw data in RAM | SYSTEM RAM: 57.30 GB (7.6%)
2026-03-21 20:37:52,117 - INFO - EventSampler iniciado. Modo: 'both' | Dollar=500000.0 | Tick=5000 | Info=100.0 | Time=300000ms
2026-03-21 20:37:52,542 - INFO - 📥 DOWNLOAD: 2026-01-19_BTCUSDT_ob200.data.zip
2026-03-21 20:37:53,075 - INFO - CUSUM (both): 12961 eventos. Trigger IID será aplicado dentro de cada janela CUSUM.
2026-03-21 20:37:53,215 - INFO - Barras geradas: 52180 | Ilhas: 1
2026-03-21 20:37:54,739 - INFO - 💾 Memory Optimization: Dropping 801 raw book columns.
2026-03-21 20:37:54,751 - INFO - 📊 [Drop Success] 2026-01-18_BTCUSDT_ob200.data: Columns discarded | SYSTEM RAM: 57.20 GB (7.6%)
2026-03-21 20:37:54,751 - INFO - --- Validating 2026-01-18_BTCUSDT_ob200.data ---
2026-03-21 20:37:54,758 - INFO - ✅ ARCHITECTURE INTEGRITY: 30/30 features present. Audit Scope: 46 columns (30 Features + 15 Raw/Price).
2026-03-21 20:37:54,760 - INFO - No NaNs found.
2026-03-21 20:37:54,762 - INFO - No Infinite values found.
2026-03-21 20:37:54,763 - INFO - Chronological order verified.
2026-03-21 20:37:54,766 - WARNING - ⚠️ STALE DATA ALERT: Possible feed lock detected in 2026-01-18_BTCUSDT_ob200.data
2026-03-21 20:37:54,770 - WARNING - ☢️ CRITICAL OUTLIER: [DNN_INPUT] pressure_ratio max (8.5888e+02) is > 15x P99. Clipping might have failed!
2026-03-21 20:37:54,770 - WARNING - ☢️ CRITICAL OUTLIER: [DNN_INPUT] lower_wick max (8.9976e-04) is > 15x P99. Clipping might have failed!
2026-03-21 20:37:54,771 - WARNING - ☢️ CRITICAL OUTLIER: [DNN_INPUT] upper_wick max (1.1183e-03) is > 15x P99. Clipping might have failed!
2026-03-21 20:37:54,794 - WARNING - ⚠️ HIGH TAIL INTENSITY: [RAW_DATA] bar_usd_volume has 16 points with Z-Score > 12.
2026-03-21 20:37:54,794 - WARNING - ⚠️ HIGH TAIL INTENSITY: [RAW_DATA] bar_btc_volume has 16 points with Z-Score > 12.
2026-03-21 20:37:54,795 - WARNING - ⚠️ HIGH TAIL INTENSITY: [DNN_INPUT] max_spread has 168 points with Z-Score > 12.
2026-03-21 20:37:54,795 - WARNING - ⚠️ HIGH TAIL INTENSITY: [DNN_INPUT] volatility has 71 points with Z-Score > 12.
2026-03-21 20:37:54,795 - WARNING - ⚠️ HIGH TAIL INTENSITY: [DNN_INPUT] micro_price_momentum has 185 points with Z-Score > 12.
2026-03-21 20:37:54,795 - WARNING - ⚠️ HIGH TAIL INTENSITY: [DNN_INPUT] bid_rdi has 100 points with Z-Score > 12.
2026-03-21 20:37:54,795 - WARNING - ⚠️ HIGH TAIL INTENSITY: [DNN_INPUT] ask_rdi has 138 points with Z-Score > 12.
2026-03-21 20:37:54,795 - WARNING - ⚠️ HIGH TAIL INTENSITY: [DNN_INPUT] pressure_ratio has 50 points with Z-Score > 12.
2026-03-21 20:37:54,795 - WARNING - ⚠️ HIGH TAIL INTENSITY: [DNN_INPUT] body has 43 points with Z-Score > 12.
2026-03-21 20:37:54,796 - WARNING - ⚠️ HIGH TAIL INTENSITY: [DNN_INPUT] upper_wick has 101 points with Z-Score > 12.
2026-03-21 20:37:54,796 - WARNING - ⚠️ HIGH TAIL INTENSITY: [DNN_INPUT] lower_wick has 44 points with Z-Score > 12.
2026-03-21 20:37:54,796 - WARNING - ⚠️ HIGH TAIL INTENSITY: [DNN_INPUT] log_ret_close has 44 points with Z-Score > 12.
2026-03-21 20:37:54,796 - WARNING - ⚠️ HIGH TAIL INTENSITY: [DNN_INPUT] bid_rdi_delta_5 has 60 points with Z-Score > 12.
2026-03-21 20:37:54,796 - WARNING - ⚠️ HIGH TAIL INTENSITY: [DNN_INPUT] ask_rdi_delta_5 has 60 points with Z-Score > 12.
2026-03-21 20:37:54,796 - WARNING - ⚠️ HIGH TAIL INTENSITY: [DNN_INPUT] micro_price_delta_5 has 2 points with Z-Score > 12.
2026-03-21 20:37:54,796 - WARNING - ⚠️ HIGH TAIL INTENSITY: [DNN_INPUT] bid_rdi_delta_30 has 78 points with Z-Score > 12.
2026-03-21 20:37:54,796 - WARNING - ⚠️ HIGH TAIL INTENSITY: [DNN_INPUT] ask_rdi_delta_30 has 95 points with Z-Score > 12.
2026-03-21 20:37:54,796 - WARNING - ⚠️ HIGH TAIL INTENSITY: [DNN_INPUT] spread_zscore_60 has 80 points with Z-Score > 12.
2026-03-21 20:37:54,796 - WARNING - ⚠️ HIGH TAIL INTENSITY: [DNN_INPUT] kyle_lambda has 37 points with Z-Score > 12.
2026-03-21 20:37:54,796 - WARNING - ⚠️ HIGH TAIL INTENSITY: [DNN_INPUT] bid_deep_ratio has 73 points with Z-Score > 12.
2026-03-21 20:37:54,796 - WARNING - ⚠️ HIGH TAIL INTENSITY: [DNN_INPUT] ask_deep_ratio has 52 points with Z-Score > 12.
2026-03-21 20:37:54,796 - WARNING - ⚠️ HIGH TAIL INTENSITY: [DNN_INPUT] bid_convexity has 94 points with Z-Score > 12.
2026-03-21 20:37:54,797 - WARNING - ⚠️ HIGH TAIL INTENSITY: [DNN_INPUT] ask_convexity has 73 points with Z-Score > 12.
2026-03-21 20:37:54,816 - INFO - ✅ Protocol Island Split: 1/1 islands survived. Total rows: 52180
2026-03-21 20:37:54,816 - INFO - 🏆 Gold Validation complete for 2026-01-18_BTCUSDT_ob200.data. Status: VALID
2026-03-21 20:37:54,860 - INFO - Successfully saved 52180 rows to data/L2/pre_processed/2026-01-18_BTCUSDT_ob200.data.parquet
2026-03-21 20:37:54,861 - INFO - ✅ Saved event-driven dataset: 2026-01-18_BTCUSDT_ob200.data.parquet
2026-03-21 20:37:54,863 - INFO - 📊 [Memory] 2026-01-18_BTCUSDT_ob200.data: 0.0MB -> 19583.1MB
2026-03-21 20:37:56,411 - INFO - 📥 DOWNLOAD FILE: BTCUSDT2026-01-20.csv.gz
2026-03-21 20:38:00,223 - INFO - 📂 STREAMING: 2026-01-19_BTCUSDT_ob200.data
2026-03-21 20:38:13,342 - INFO - 📥 DOWNLOAD: 2026-01-20_BTCUSDT_ob200.data.zip
2026-03-21 20:38:57,959 - INFO - 📂 STREAMING: 2026-01-20_BTCUSDT_ob200.data
2026-03-21 20:38:59,951 - INFO - 🗑️ CLEANUP: Deleting processed zip: 2026-01-19_BTCUSDT_ob200.data.zip
2026-03-21 20:39:18,296 - INFO - 📊 [Peak Load] 2026-01-19_BTCUSDT_ob200.data: Raw data in RAM | SYSTEM RAM: 66.71 GB (8.8%)
2026-03-21 20:39:18,316 - INFO - EventSampler iniciado. Modo: 'both' | Dollar=500000.0 | Tick=5000 | Info=100.0 | Time=300000ms
2026-03-21 20:39:20,731 - INFO - CUSUM (both): 32240 eventos. Trigger IID será aplicado dentro de cada janela CUSUM.
2026-03-21 20:39:21,190 - INFO - Barras geradas: 122156 | Ilhas: 1
2026-03-21 20:39:25,455 - INFO - 💾 Memory Optimization: Dropping 801 raw book columns.
2026-03-21 20:39:25,467 - INFO - 📊 [Drop Success] 2026-01-19_BTCUSDT_ob200.data: Columns discarded | SYSTEM RAM: 58.17 GB (7.7%)
2026-03-21 20:39:25,468 - INFO - --- Validating 2026-01-19_BTCUSDT_ob200.data ---
2026-03-21 20:39:25,479 - INFO - ✅ ARCHITECTURE INTEGRITY: 30/30 features present. Audit Scope: 46 columns (30 Features + 15 Raw/Price).
2026-03-21 20:39:25,483 - INFO - No NaNs found.
2026-03-21 20:39:25,487 - INFO - No Infinite values found.
2026-03-21 20:39:25,488 - INFO - Chronological order verified.
2026-03-21 20:39:25,492 - WARNING - ⚠️ STALE DATA ALERT: Possible feed lock detected in 2026-01-19_BTCUSDT_ob200.data
2026-03-21 20:39:25,498 - WARNING - ☢️ CRITICAL OUTLIER: [DNN_INPUT] pressure_ratio max (6.2214e+03) is > 15x P99. Clipping might have failed!
2026-03-21 20:39:25,499 - WARNING - ☢️ CRITICAL OUTLIER: [DNN_INPUT] lower_wick max (4.7334e-04) is > 15x P99. Clipping might have failed!
2026-03-21 20:39:25,501 - WARNING - ☢️ CRITICAL OUTLIER: [DNN_INPUT] upper_wick max (5.5659e-04) is > 15x P99. Clipping might have failed!
2026-03-21 20:39:25,546 - WARNING - ⚠️ HIGH TAIL INTENSITY: [RAW_DATA] bar_usd_volume has 43 points with Z-Score > 12.
2026-03-21 20:39:25,547 - WARNING - ⚠️ HIGH TAIL INTENSITY: [RAW_DATA] bar_btc_volume has 44 points with Z-Score > 12.
2026-03-21 20:39:25,547 - WARNING - ⚠️ HIGH TAIL INTENSITY: [DNN_INPUT] max_spread has 377 points with Z-Score > 12.
2026-03-21 20:39:25,547 - WARNING - ⚠️ HIGH TAIL INTENSITY: [DNN_INPUT] volatility has 142 points with Z-Score > 12.
2026-03-21 20:39:25,547 - WARNING - ⚠️ HIGH TAIL INTENSITY: [DNN_INPUT] micro_price_momentum has 93 points with Z-Score > 12.
2026-03-21 20:39:25,547 - WARNING - ⚠️ HIGH TAIL INTENSITY: [DNN_INPUT] bid_rdi has 133 points with Z-Score > 12.
2026-03-21 20:39:25,547 - WARNING - ⚠️ HIGH TAIL INTENSITY: [DNN_INPUT] ask_rdi has 139 points with Z-Score > 12.
2026-03-21 20:39:25,547 - WARNING - ⚠️ HIGH TAIL INTENSITY: [DNN_INPUT] pressure_ratio has 99 points with Z-Score > 12.
2026-03-21 20:39:25,548 - WARNING - ⚠️ HIGH TAIL INTENSITY: [DNN_INPUT] body has 12 points with Z-Score > 12.
2026-03-21 20:39:25,548 - WARNING - ⚠️ HIGH TAIL INTENSITY: [DNN_INPUT] upper_wick has 170 points with Z-Score > 12.
2026-03-21 20:39:25,548 - WARNING - ⚠️ HIGH TAIL INTENSITY: [DNN_INPUT] lower_wick has 177 points with Z-Score > 12.
2026-03-21 20:39:25,548 - WARNING - ⚠️ HIGH TAIL INTENSITY: [DNN_INPUT] log_ret_close has 11 points with Z-Score > 12.
2026-03-21 20:39:25,548 - WARNING - ⚠️ HIGH TAIL INTENSITY: [DNN_INPUT] bid_rdi_delta_5 has 86 points with Z-Score > 12.
2026-03-21 20:39:25,548 - WARNING - ⚠️ HIGH TAIL INTENSITY: [DNN_INPUT] ask_rdi_delta_5 has 133 points with Z-Score > 12.
2026-03-21 20:39:25,548 - WARNING - ⚠️ HIGH TAIL INTENSITY: [DNN_INPUT] bid_rdi_delta_30 has 110 points with Z-Score > 12.
2026-03-21 20:39:25,548 - WARNING - ⚠️ HIGH TAIL INTENSITY: [DNN_INPUT] ask_rdi_delta_30 has 150 points with Z-Score > 12.
2026-03-21 20:39:25,548 - WARNING - ⚠️ HIGH TAIL INTENSITY: [DNN_INPUT] spread_zscore_60 has 216 points with Z-Score > 12.
2026-03-21 20:39:25,548 - WARNING - ⚠️ HIGH TAIL INTENSITY: [DNN_INPUT] kyle_lambda has 29 points with Z-Score > 12.
2026-03-21 20:39:25,548 - WARNING - ⚠️ HIGH TAIL INTENSITY: [DNN_INPUT] bid_deep_ratio has 126 points with Z-Score > 12.
2026-03-21 20:39:25,549 - WARNING - ⚠️ HIGH TAIL INTENSITY: [DNN_INPUT] ask_deep_ratio has 60 points with Z-Score > 12.
2026-03-21 20:39:25,549 - WARNING - ⚠️ HIGH TAIL INTENSITY: [DNN_INPUT] ask_convexity has 219 points with Z-Score > 12.
2026-03-21 20:39:25,592 - INFO - ✅ Protocol Island Split: 1/1 islands survived. Total rows: 122156
2026-03-21 20:39:25,593 - INFO - 🏆 Gold Validation complete for 2026-01-19_BTCUSDT_ob200.data. Status: VALID
2026-03-21 20:39:25,717 - INFO - Successfully saved 122156 rows to data/L2/pre_processed/2026-01-19_BTCUSDT_ob200.data.parquet
2026-03-21 20:39:25,718 - INFO - ✅ Saved event-driven dataset: 2026-01-19_BTCUSDT_ob200.data.parquet
2026-03-21 20:39:25,719 - INFO - 📊 [Memory] 2026-01-19_BTCUSDT_ob200.data: 0.0MB -> 15920.4MB
2026-03-21 20:39:28,327 - INFO - 📥 DOWNLOAD FILE: BTCUSDT2026-01-21.csv.gz
2026-03-21 20:39:41,749 - INFO - 📥 DOWNLOAD: 2026-01-21_BTCUSDT_ob200.data.zip
2026-03-21 20:39:53,133 - INFO - 📂 STREAMING: 2026-01-21_BTCUSDT_ob200.data
2026-03-21 20:40:22,021 - INFO - 🗑️ CLEANUP: Deleting processed zip: 2026-01-20_BTCUSDT_ob200.data.zip
2026-03-21 20:40:50,415 - INFO - 📊 [Peak Load] 2026-01-20_BTCUSDT_ob200.data: Raw data in RAM | SYSTEM RAM: 73.52 GB (9.7%)
2026-03-21 20:40:50,429 - INFO - EventSampler iniciado. Modo: 'both' | Dollar=500000.0 | Tick=5000 | Info=100.0 | Time=300000ms
2026-03-21 20:40:54,201 - INFO - CUSUM (both): 53113 eventos. Trigger IID será aplicado dentro de cada janela CUSUM.
2026-03-21 20:40:55,016 - INFO - Barras geradas: 215955 | Ilhas: 1
2026-03-21 20:41:02,262 - INFO - 💾 Memory Optimization: Dropping 801 raw book columns.
2026-03-21 20:41:02,280 - INFO - 📊 [Drop Success] 2026-01-20_BTCUSDT_ob200.data: Columns discarded | SYSTEM RAM: 58.98 GB (7.8%)
2026-03-21 20:41:02,280 - INFO - --- Validating 2026-01-20_BTCUSDT_ob200.data ---
2026-03-21 20:41:02,297 - INFO - ✅ ARCHITECTURE INTEGRITY: 30/30 features present. Audit Scope: 46 columns (30 Features + 15 Raw/Price).
2026-03-21 20:41:02,303 - INFO - No NaNs found.
2026-03-21 20:41:02,310 - INFO - No Infinite values found.
2026-03-21 20:41:02,311 - INFO - Chronological order verified.
2026-03-21 20:41:02,316 - WARNING - ⚠️ STALE DATA ALERT: Possible feed lock detected in 2026-01-20_BTCUSDT_ob200.data
2026-03-21 20:41:02,325 - WARNING - ☢️ CRITICAL OUTLIER: [DNN_INPUT] pressure_ratio max (3.3694e+03) is > 15x P99. Clipping might have failed!
2026-03-21 20:41:02,327 - WARNING - ☢️ CRITICAL OUTLIER: [DNN_INPUT] lower_wick max (9.6575e-04) is > 15x P99. Clipping might have failed!
2026-03-21 20:41:02,329 - WARNING - ☢️ CRITICAL OUTLIER: [DNN_INPUT] upper_wick max (1.0712e-03) is > 15x P99. Clipping might have failed!
2026-03-21 20:41:02,332 - WARNING - ☢️ CRITICAL OUTLIER: [DNN_INPUT] max_spread max (1.6000e+01) is > 15x P99. Clipping might have failed!
2026-03-21 20:41:02,418 - WARNING - ⚠️ HIGH TAIL INTENSITY: [RAW_DATA] bar_usd_volume has 108 points with Z-Score > 12.
2026-03-21 20:41:02,418 - WARNING - ⚠️ HIGH TAIL INTENSITY: [RAW_DATA] bar_btc_volume has 107 points with Z-Score > 12.
2026-03-21 20:41:02,419 - WARNING - ⚠️ HIGH TAIL INTENSITY: [DNN_INPUT] max_spread has 399 points with Z-Score > 12.
2026-03-21 20:41:02,419 - WARNING - ⚠️ HIGH TAIL INTENSITY: [DNN_INPUT] volatility has 253 points with Z-Score > 12.
2026-03-21 20:41:02,419 - WARNING - ⚠️ HIGH TAIL INTENSITY: [DNN_INPUT] micro_price_momentum has 237 points with Z-Score > 12.
2026-03-21 20:41:02,419 - WARNING - ⚠️ HIGH TAIL INTENSITY: [DNN_INPUT] bid_rdi has 264 points with Z-Score > 12.
2026-03-21 20:41:02,419 - WARNING - ⚠️ HIGH TAIL INTENSITY: [DNN_INPUT] ask_rdi has 199 points with Z-Score > 12.
2026-03-21 20:41:02,419 - WARNING - ⚠️ HIGH TAIL INTENSITY: [DNN_INPUT] pressure_ratio has 300 points with Z-Score > 12.
2026-03-21 20:41:02,419 - WARNING - ⚠️ HIGH TAIL INTENSITY: [DNN_INPUT] body has 66 points with Z-Score > 12.
2026-03-21 20:41:02,419 - WARNING - ⚠️ HIGH TAIL INTENSITY: [DNN_INPUT] upper_wick has 305 points with Z-Score > 12.
2026-03-21 20:41:02,419 - WARNING - ⚠️ HIGH TAIL INTENSITY: [DNN_INPUT] lower_wick has 206 points with Z-Score > 12.
2026-03-21 20:41:02,419 - WARNING - ⚠️ HIGH TAIL INTENSITY: [DNN_INPUT] log_ret_close has 71 points with Z-Score > 12.
2026-03-21 20:41:02,419 - WARNING - ⚠️ HIGH TAIL INTENSITY: [DNN_INPUT] bid_rdi_delta_5 has 180 points with Z-Score > 12.
2026-03-21 20:41:02,419 - WARNING - ⚠️ HIGH TAIL INTENSITY: [DNN_INPUT] ask_rdi_delta_5 has 174 points with Z-Score > 12.
2026-03-21 20:41:02,420 - WARNING - ⚠️ HIGH TAIL INTENSITY: [DNN_INPUT] bid_rdi_delta_30 has 410 points with Z-Score > 12.
2026-03-21 20:41:02,420 - WARNING - ⚠️ HIGH TAIL INTENSITY: [DNN_INPUT] ask_rdi_delta_30 has 238 points with Z-Score > 12.
2026-03-21 20:41:02,420 - WARNING - ⚠️ HIGH TAIL INTENSITY: [DNN_INPUT] spread_zscore_60 has 342 points with Z-Score > 12.
2026-03-21 20:41:02,420 - WARNING - ⚠️ HIGH TAIL INTENSITY: [DNN_INPUT] kyle_lambda has 80 points with Z-Score > 12.
2026-03-21 20:41:02,420 - WARNING - ⚠️ HIGH TAIL INTENSITY: [DNN_INPUT] bid_deep_ratio has 138 points with Z-Score > 12.
2026-03-21 20:41:02,420 - WARNING - ⚠️ HIGH TAIL INTENSITY: [DNN_INPUT] ask_deep_ratio has 125 points with Z-Score > 12.
2026-03-21 20:41:02,420 - WARNING - ⚠️ HIGH TAIL INTENSITY: [DNN_INPUT] bid_convexity has 848 points with Z-Score > 12.
2026-03-21 20:41:02,420 - WARNING - ⚠️ HIGH TAIL INTENSITY: [DNN_INPUT] ask_convexity has 724 points with Z-Score > 12.
2026-03-21 20:41:02,502 - INFO - ✅ Protocol Island Split: 1/1 islands survived. Total rows: 215955
2026-03-21 20:41:02,503 - INFO - 🏆 Gold Validation complete for 2026-01-20_BTCUSDT_ob200.data. Status: VALID
2026-03-21 20:41:02,629 - INFO - Successfully saved 215955 rows to data/L2/pre_processed/2026-01-20_BTCUSDT_ob200.data.parquet
2026-03-21 20:41:02,630 - INFO - ✅ Saved event-driven dataset: 2026-01-20_BTCUSDT_ob200.data.parquet
2026-03-21 20:41:02,631 - INFO - 📊 [Memory] 2026-01-20_BTCUSDT_ob200.data: 0.0MB -> 20107.7MB
2026-03-21 20:41:05,330 - INFO - 📥 DOWNLOAD FILE: BTCUSDT2026-01-22.csv.gz
2026-03-21 20:41:18,036 - INFO - 📥 DOWNLOAD: 2026-01-22_BTCUSDT_ob200.data.zip
2026-03-21 20:41:25,686 - INFO - 🗑️ CLEANUP: Deleting processed zip: 2026-01-21_BTCUSDT_ob200.data.zip
2026-03-21 20:41:38,185 - INFO - 📂 STREAMING: 2026-01-22_BTCUSDT_ob200.data
2026-03-21 20:42:02,192 - INFO - 📊 [Peak Load] 2026-01-21_BTCUSDT_ob200.data: Raw data in RAM | SYSTEM RAM: 75.88 GB (10.0%)
2026-03-21 20:42:02,208 - INFO - EventSampler iniciado. Modo: 'both' | Dollar=500000.0 | Tick=5000 | Info=100.0 | Time=300000ms
2026-03-21 20:42:06,776 - INFO - CUSUM (both): 57407 eventos. Trigger IID será aplicado dentro de cada janela CUSUM.
2026-03-21 20:42:07,719 - INFO - Barras geradas: 258794 | Ilhas: 1
2026-03-21 20:42:16,011 - INFO - 💾 Memory Optimization: Dropping 801 raw book columns.
2026-03-21 20:42:16,031 - INFO - 📊 [Drop Success] 2026-01-21_BTCUSDT_ob200.data: Columns discarded | SYSTEM RAM: 59.24 GB (7.8%)
2026-03-21 20:42:16,031 - INFO - --- Validating 2026-01-21_BTCUSDT_ob200.data ---
2026-03-21 20:42:16,045 - INFO - ✅ ARCHITECTURE INTEGRITY: 30/30 features present. Audit Scope: 46 columns (30 Features + 15 Raw/Price).
2026-03-21 20:42:16,055 - INFO - No NaNs found.
2026-03-21 20:42:16,063 - INFO - No Infinite values found.
2026-03-21 20:42:16,064 - INFO - Chronological order verified.
2026-03-21 20:42:16,071 - WARNING - ⚠️ STALE DATA ALERT: Possible feed lock detected in 2026-01-21_BTCUSDT_ob200.data
2026-03-21 20:42:16,083 - WARNING - ☢️ CRITICAL OUTLIER: [DNN_INPUT] pressure_ratio max (5.3014e+03) is > 15x P99. Clipping might have failed!
2026-03-21 20:42:16,084 - WARNING - ☢️ CRITICAL OUTLIER: [DNN_INPUT] lower_wick max (8.1286e-04) is > 15x P99. Clipping might have failed!
2026-03-21 20:42:16,086 - WARNING - ☢️ CRITICAL OUTLIER: [DNN_INPUT] upper_wick max (6.1889e-04) is > 15x P99. Clipping might have failed!
2026-03-21 20:42:16,203 - WARNING - ⚠️ HIGH TAIL INTENSITY: [RAW_DATA] bar_usd_volume has 110 points with Z-Score > 12.
2026-03-21 20:42:16,204 - WARNING - ⚠️ HIGH TAIL INTENSITY: [RAW_DATA] bar_btc_volume has 110 points with Z-Score > 12.
2026-03-21 20:42:16,204 - WARNING - ⚠️ HIGH TAIL INTENSITY: [DNN_INPUT] max_spread has 549 points with Z-Score > 12.
2026-03-21 20:42:16,204 - WARNING - ⚠️ HIGH TAIL INTENSITY: [DNN_INPUT] volatility has 386 points with Z-Score > 12.
2026-03-21 20:42:16,204 - WARNING - ⚠️ HIGH TAIL INTENSITY: [DNN_INPUT] micro_price_momentum has 304 points with Z-Score > 12.
2026-03-21 20:42:16,204 - WARNING - ⚠️ HIGH TAIL INTENSITY: [DNN_INPUT] bid_rdi has 64 points with Z-Score > 12.
2026-03-21 20:42:16,204 - WARNING - ⚠️ HIGH TAIL INTENSITY: [DNN_INPUT] ask_rdi has 197 points with Z-Score > 12.
2026-03-21 20:42:16,205 - WARNING - ⚠️ HIGH TAIL INTENSITY: [DNN_INPUT] pressure_ratio has 154 points with Z-Score > 12.
2026-03-21 20:42:16,205 - WARNING - ⚠️ HIGH TAIL INTENSITY: [DNN_INPUT] body has 55 points with Z-Score > 12.
2026-03-21 20:42:16,205 - WARNING - ⚠️ HIGH TAIL INTENSITY: [DNN_INPUT] upper_wick has 324 points with Z-Score > 12.
2026-03-21 20:42:16,205 - WARNING - ⚠️ HIGH TAIL INTENSITY: [DNN_INPUT] lower_wick has 294 points with Z-Score > 12.
2026-03-21 20:42:16,205 - WARNING - ⚠️ HIGH TAIL INTENSITY: [DNN_INPUT] log_ret_close has 60 points with Z-Score > 12.
2026-03-21 20:42:16,205 - WARNING - ⚠️ HIGH TAIL INTENSITY: [DNN_INPUT] bid_rdi_delta_5 has 41 points with Z-Score > 12.
2026-03-21 20:42:16,205 - WARNING - ⚠️ HIGH TAIL INTENSITY: [DNN_INPUT] ask_rdi_delta_5 has 221 points with Z-Score > 12.
2026-03-21 20:42:16,205 - WARNING - ⚠️ HIGH TAIL INTENSITY: [DNN_INPUT] micro_price_delta_5 has 3 points with Z-Score > 12.
2026-03-21 20:42:16,205 - WARNING - ⚠️ HIGH TAIL INTENSITY: [DNN_INPUT] bid_rdi_delta_30 has 106 points with Z-Score > 12.
2026-03-21 20:42:16,205 - WARNING - ⚠️ HIGH TAIL INTENSITY: [DNN_INPUT] ask_rdi_delta_30 has 308 points with Z-Score > 12.
2026-03-21 20:42:16,205 - WARNING - ⚠️ HIGH TAIL INTENSITY: [DNN_INPUT] spread_zscore_60 has 294 points with Z-Score > 12.
2026-03-21 20:42:16,205 - WARNING - ⚠️ HIGH TAIL INTENSITY: [DNN_INPUT] kyle_lambda has 63 points with Z-Score > 12.
2026-03-21 20:42:16,206 - WARNING - ⚠️ HIGH TAIL INTENSITY: [DNN_INPUT] bid_deep_ratio has 241 points with Z-Score > 12.
2026-03-21 20:42:16,206 - WARNING - ⚠️ HIGH TAIL INTENSITY: [DNN_INPUT] ask_deep_ratio has 200 points with Z-Score > 12.
2026-03-21 20:42:16,206 - WARNING - ⚠️ HIGH TAIL INTENSITY: [DNN_INPUT] bid_convexity has 777 points with Z-Score > 12.
2026-03-21 20:42:16,206 - WARNING - ⚠️ HIGH TAIL INTENSITY: [DNN_INPUT] ask_convexity has 706 points with Z-Score > 12.
2026-03-21 20:42:16,305 - INFO - ✅ Protocol Island Split: 1/1 islands survived. Total rows: 258794
2026-03-21 20:42:16,306 - INFO - 🏆 Gold Validation complete for 2026-01-21_BTCUSDT_ob200.data. Status: VALID
2026-03-21 20:42:16,460 - INFO - Successfully saved 258794 rows to data/L2/pre_processed/2026-01-21_BTCUSDT_ob200.data.parquet
2026-03-21 20:42:16,460 - INFO - ✅ Saved event-driven dataset: 2026-01-21_BTCUSDT_ob200.data.parquet
2026-03-21 20:42:16,462 - INFO - 📊 [Memory] 2026-01-21_BTCUSDT_ob200.data: 0.0MB -> 16303.5MB
2026-03-21 20:42:19,660 - INFO - 📥 DOWNLOAD FILE: BTCUSDT2026-01-23.csv.gz
2026-03-21 20:42:38,645 - INFO - 📥 DOWNLOAD: 2026-01-23_BTCUSDT_ob200.data.zip
2026-03-21 20:42:46,926 - INFO - 📂 STREAMING: 2026-01-23_BTCUSDT_ob200.data
2026-03-21 20:42:50,871 - INFO - 🗑️ CLEANUP: Deleting processed zip: 2026-01-22_BTCUSDT_ob200.data.zip
2026-03-21 20:43:11,942 - INFO - 📊 [Peak Load] 2026-01-22_BTCUSDT_ob200.data: Raw data in RAM | SYSTEM RAM: 69.16 GB (9.2%)
2026-03-21 20:43:11,954 - INFO - EventSampler iniciado. Modo: 'both' | Dollar=500000.0 | Tick=5000 | Info=100.0 | Time=300000ms
2026-03-21 20:43:14,671 - INFO - CUSUM (both): 41622 eventos. Trigger IID será aplicado dentro de cada janela CUSUM.
2026-03-21 20:43:15,181 - INFO - Barras geradas: 154009 | Ilhas: 1
2026-03-21 20:43:20,176 - INFO - 💾 Memory Optimization: Dropping 801 raw book columns.
2026-03-21 20:43:20,192 - INFO - 📊 [Drop Success] 2026-01-22_BTCUSDT_ob200.data: Columns discarded | SYSTEM RAM: 58.72 GB (7.8%)
2026-03-21 20:43:20,192 - INFO - --- Validating 2026-01-22_BTCUSDT_ob200.data ---
2026-03-21 20:43:20,203 - INFO - ✅ ARCHITECTURE INTEGRITY: 30/30 features present. Audit Scope: 46 columns (30 Features + 15 Raw/Price).
2026-03-21 20:43:20,208 - INFO - No NaNs found.
2026-03-21 20:43:20,212 - INFO - No Infinite values found.
2026-03-21 20:43:20,213 - INFO - Chronological order verified.
2026-03-21 20:43:20,217 - WARNING - ⚠️ STALE DATA ALERT: Possible feed lock detected in 2026-01-22_BTCUSDT_ob200.data
2026-03-21 20:43:20,225 - WARNING - ☢️ CRITICAL OUTLIER: [DNN_INPUT] pressure_ratio max (5.0107e+03) is > 15x P99. Clipping might have failed!
2026-03-21 20:43:20,226 - WARNING - ☢️ CRITICAL OUTLIER: [DNN_INPUT] lower_wick max (4.9014e-04) is > 15x P99. Clipping might have failed!
2026-03-21 20:43:20,227 - WARNING - ☢️ CRITICAL OUTLIER: [DNN_INPUT] upper_wick max (5.1407e-04) is > 15x P99. Clipping might have failed!
2026-03-21 20:43:20,287 - WARNING - ⚠️ HIGH TAIL INTENSITY: [RAW_DATA] bar_usd_volume has 67 points with Z-Score > 12.
2026-03-21 20:43:20,288 - WARNING - ⚠️ HIGH TAIL INTENSITY: [RAW_DATA] bar_btc_volume has 68 points with Z-Score > 12.
2026-03-21 20:43:20,288 - WARNING - ⚠️ HIGH TAIL INTENSITY: [DNN_INPUT] max_spread has 214 points with Z-Score > 12.
2026-03-21 20:43:20,288 - WARNING - ⚠️ HIGH TAIL INTENSITY: [DNN_INPUT] volatility has 138 points with Z-Score > 12.
2026-03-21 20:43:20,288 - WARNING - ⚠️ HIGH TAIL INTENSITY: [DNN_INPUT] micro_price_momentum has 102 points with Z-Score > 12.
2026-03-21 20:43:20,288 - WARNING - ⚠️ HIGH TAIL INTENSITY: [DNN_INPUT] bid_rdi has 152 points with Z-Score > 12.
2026-03-21 20:43:20,288 - WARNING - ⚠️ HIGH TAIL INTENSITY: [DNN_INPUT] ask_rdi has 184 points with Z-Score > 12.
2026-03-21 20:43:20,288 - WARNING - ⚠️ HIGH TAIL INTENSITY: [DNN_INPUT] pressure_ratio has 87 points with Z-Score > 12.
2026-03-21 20:43:20,289 - WARNING - ⚠️ HIGH TAIL INTENSITY: [DNN_INPUT] body has 22 points with Z-Score > 12.
2026-03-21 20:43:20,289 - WARNING - ⚠️ HIGH TAIL INTENSITY: [DNN_INPUT] upper_wick has 158 points with Z-Score > 12.
2026-03-21 20:43:20,289 - WARNING - ⚠️ HIGH TAIL INTENSITY: [DNN_INPUT] lower_wick has 188 points with Z-Score > 12.
2026-03-21 20:43:20,289 - WARNING - ⚠️ HIGH TAIL INTENSITY: [DNN_INPUT] log_ret_close has 22 points with Z-Score > 12.
2026-03-21 20:43:20,289 - WARNING - ⚠️ HIGH TAIL INTENSITY: [DNN_INPUT] bid_rdi_delta_5 has 143 points with Z-Score > 12.
2026-03-21 20:43:20,289 - WARNING - ⚠️ HIGH TAIL INTENSITY: [DNN_INPUT] ask_rdi_delta_5 has 106 points with Z-Score > 12.
2026-03-21 20:43:20,289 - WARNING - ⚠️ HIGH TAIL INTENSITY: [DNN_INPUT] bid_rdi_delta_30 has 192 points with Z-Score > 12.
2026-03-21 20:43:20,289 - WARNING - ⚠️ HIGH TAIL INTENSITY: [DNN_INPUT] ask_rdi_delta_30 has 223 points with Z-Score > 12.
2026-03-21 20:43:20,289 - WARNING - ⚠️ HIGH TAIL INTENSITY: [DNN_INPUT] spread_zscore_60 has 316 points with Z-Score > 12.
2026-03-21 20:43:20,289 - WARNING - ⚠️ HIGH TAIL INTENSITY: [DNN_INPUT] kyle_lambda has 44 points with Z-Score > 12.
2026-03-21 20:43:20,289 - WARNING - ⚠️ HIGH TAIL INTENSITY: [DNN_INPUT] bid_deep_ratio has 186 points with Z-Score > 12.
2026-03-21 20:43:20,289 - WARNING - ⚠️ HIGH TAIL INTENSITY: [DNN_INPUT] ask_deep_ratio has 99 points with Z-Score > 12.
2026-03-21 20:43:20,289 - WARNING - ⚠️ HIGH TAIL INTENSITY: [DNN_INPUT] bid_convexity has 484 points with Z-Score > 12.
2026-03-21 20:43:20,342 - INFO - ✅ Protocol Island Split: 1/1 islands survived. Total rows: 154009
2026-03-21 20:43:20,342 - INFO - 🏆 Gold Validation complete for 2026-01-22_BTCUSDT_ob200.data. Status: VALID
2026-03-21 20:43:20,443 - INFO - Successfully saved 154009 rows to data/L2/pre_processed/2026-01-22_BTCUSDT_ob200.data.parquet
2026-03-21 20:43:20,443 - INFO - ✅ Saved event-driven dataset: 2026-01-22_BTCUSDT_ob200.data.parquet
2026-03-21 20:43:20,445 - INFO - 📊 [Memory] 2026-01-22_BTCUSDT_ob200.data: 0.0MB -> 20033.2MB
2026-03-21 20:43:22,620 - INFO - 📥 DOWNLOAD FILE: BTCUSDT2026-01-24.csv.gz
2026-03-21 20:43:32,219 - INFO - 📥 DOWNLOAD: 2026-01-24_BTCUSDT_ob200.data.zip
2026-03-21 20:43:46,317 - INFO - 📂 STREAMING: 2026-01-24_BTCUSDT_ob200.data
2026-03-21 20:43:58,704 - INFO - 🗑️ CLEANUP: Deleting processed zip: 2026-01-23_BTCUSDT_ob200.data.zip
2026-03-21 20:44:25,601 - INFO - 📊 [Peak Load] 2026-01-23_BTCUSDT_ob200.data: Raw data in RAM | SYSTEM RAM: 70.00 GB (9.3%)
2026-03-21 20:44:25,625 - INFO - EventSampler iniciado. Modo: 'both' | Dollar=500000.0 | Tick=5000 | Info=100.0 | Time=300000ms
2026-03-21 20:44:26,195 - INFO - 🗑️ CLEANUP: Deleting processed zip: 2026-01-24_BTCUSDT_ob200.data.zip
2026-03-21 20:44:28,640 - INFO - CUSUM (both): 40061 eventos. Trigger IID será aplicado dentro de cada janela CUSUM.
2026-03-21 20:44:29,266 - INFO - Barras geradas: 157160 | Ilhas: 1
2026-03-21 20:44:31,171 - INFO - 📊 [Peak Load] 2026-01-24_BTCUSDT_ob200.data: Raw data in RAM | SYSTEM RAM: 58.55 GB (7.7%)
2026-03-21 20:44:31,177 - INFO - EventSampler iniciado. Modo: 'both' | Dollar=500000.0 | Tick=5000 | Info=100.0 | Time=300000ms
2026-03-21 20:44:31,666 - INFO - CUSUM (both): 6934 eventos. Trigger IID será aplicado dentro de cada janela CUSUM.
2026-03-21 20:44:31,871 - INFO - Barras geradas: 19041 | Ilhas: 1
2026-03-21 20:44:33,304 - INFO - 💾 Memory Optimization: Dropping 801 raw book columns.
2026-03-21 20:44:33,310 - INFO - 📊 [Drop Success] 2026-01-24_BTCUSDT_ob200.data: Columns discarded | SYSTEM RAM: 58.52 GB (7.7%)
2026-03-21 20:44:33,310 - INFO - --- Validating 2026-01-24_BTCUSDT_ob200.data ---
2026-03-21 20:44:33,317 - INFO - ✅ ARCHITECTURE INTEGRITY: 30/30 features present. Audit Scope: 46 columns (30 Features + 15 Raw/Price).
2026-03-21 20:44:33,319 - INFO - No NaNs found.
2026-03-21 20:44:33,320 - INFO - No Infinite values found.
2026-03-21 20:44:33,320 - INFO - Chronological order verified.
2026-03-21 20:44:33,322 - WARNING - ⚠️ STALE DATA ALERT: Possible feed lock detected in 2026-01-24_BTCUSDT_ob200.data
2026-03-21 20:44:33,324 - WARNING - ☢️ CRITICAL OUTLIER: [DNN_INPUT] pressure_ratio max (3.8599e+03) is > 15x P99. Clipping might have failed!
2026-03-21 20:44:33,325 - WARNING - ☢️ CRITICAL OUTLIER: [DNN_INPUT] lower_wick max (2.8099e-04) is > 15x P99. Clipping might have failed!
2026-03-21 20:44:33,326 - WARNING - ☢️ CRITICAL OUTLIER: [DNN_INPUT] upper_wick max (3.7612e-04) is > 15x P99. Clipping might have failed!
2026-03-21 20:44:33,338 - WARNING - ⚠️ HIGH TAIL INTENSITY: [RAW_DATA] bar_usd_volume has 3 points with Z-Score > 12.
2026-03-21 20:44:33,338 - WARNING - ⚠️ HIGH TAIL INTENSITY: [RAW_DATA] bar_btc_volume has 3 points with Z-Score > 12.
2026-03-21 20:44:33,338 - WARNING - ⚠️ HIGH TAIL INTENSITY: [DNN_INPUT] max_spread has 38 points with Z-Score > 12.
2026-03-21 20:44:33,338 - WARNING - ⚠️ HIGH TAIL INTENSITY: [DNN_INPUT] volatility has 19 points with Z-Score > 12.
2026-03-21 20:44:33,338 - WARNING - ⚠️ HIGH TAIL INTENSITY: [DNN_INPUT] micro_price_momentum has 11 points with Z-Score > 12.
2026-03-21 20:44:33,339 - WARNING - ⚠️ HIGH TAIL INTENSITY: [DNN_INPUT] bid_rdi has 23 points with Z-Score > 12.
2026-03-21 20:44:33,339 - WARNING - ⚠️ HIGH TAIL INTENSITY: [DNN_INPUT] ask_rdi has 23 points with Z-Score > 12.
2026-03-21 20:44:33,339 - WARNING - ⚠️ HIGH TAIL INTENSITY: [DNN_INPUT] pressure_ratio has 4 points with Z-Score > 12.
2026-03-21 20:44:33,339 - WARNING - ⚠️ HIGH TAIL INTENSITY: [DNN_INPUT] body has 2 points with Z-Score > 12.
2026-03-21 20:44:33,339 - WARNING - ⚠️ HIGH TAIL INTENSITY: [DNN_INPUT] upper_wick has 34 points with Z-Score > 12.
2026-03-21 20:44:33,339 - WARNING - ⚠️ HIGH TAIL INTENSITY: [DNN_INPUT] lower_wick has 32 points with Z-Score > 12.
2026-03-21 20:44:33,339 - WARNING - ⚠️ HIGH TAIL INTENSITY: [DNN_INPUT] log_ret_close has 3 points with Z-Score > 12.
2026-03-21 20:44:33,339 - WARNING - ⚠️ HIGH TAIL INTENSITY: [DNN_INPUT] bid_rdi_delta_5 has 20 points with Z-Score > 12.
2026-03-21 20:44:33,339 - WARNING - ⚠️ HIGH TAIL INTENSITY: [DNN_INPUT] ask_rdi_delta_5 has 32 points with Z-Score > 12.
2026-03-21 20:44:33,339 - WARNING - ⚠️ HIGH TAIL INTENSITY: [DNN_INPUT] bid_rdi_delta_30 has 46 points with Z-Score > 12.
2026-03-21 20:44:33,340 - WARNING - ⚠️ HIGH TAIL INTENSITY: [DNN_INPUT] ask_rdi_delta_30 has 46 points with Z-Score > 12.
2026-03-21 20:44:33,340 - WARNING - ⚠️ HIGH TAIL INTENSITY: [DNN_INPUT] spread_zscore_60 has 21 points with Z-Score > 12.
2026-03-21 20:44:33,340 - WARNING - ⚠️ HIGH TAIL INTENSITY: [DNN_INPUT] kyle_lambda has 5 points with Z-Score > 12.
2026-03-21 20:44:33,340 - WARNING - ⚠️ HIGH TAIL INTENSITY: [DNN_INPUT] bid_deep_ratio has 34 points with Z-Score > 12.
2026-03-21 20:44:33,340 - WARNING - ⚠️ HIGH TAIL INTENSITY: [DNN_INPUT] ask_deep_ratio has 15 points with Z-Score > 12.
2026-03-21 20:44:33,340 - WARNING - ⚠️ HIGH TAIL INTENSITY: [DNN_INPUT] bid_convexity has 34 points with Z-Score > 12.
2026-03-21 20:44:33,349 - INFO - ✅ Protocol Island Split: 1/1 islands survived. Total rows: 19041
2026-03-21 20:44:33,350 - INFO - 🏆 Gold Validation complete for 2026-01-24_BTCUSDT_ob200.data. Status: VALID
2026-03-21 20:44:33,378 - INFO - Successfully saved 19041 rows to data/L2/pre_processed/2026-01-24_BTCUSDT_ob200.data.parquet
2026-03-21 20:44:33,378 - INFO - ✅ Saved event-driven dataset: 2026-01-24_BTCUSDT_ob200.data.parquet
2026-03-21 20:44:33,380 - INFO - 📊 [Memory] 2026-01-24_BTCUSDT_ob200.data: 0.0MB -> 19731.1MB
2026-03-21 20:44:34,706 - INFO - 💾 Memory Optimization: Dropping 801 raw book columns.
2026-03-21 20:44:34,722 - INFO - 📊 [Drop Success] 2026-01-23_BTCUSDT_ob200.data: Columns discarded | SYSTEM RAM: 58.53 GB (7.7%)
2026-03-21 20:44:34,722 - INFO - --- Validating 2026-01-23_BTCUSDT_ob200.data ---
2026-03-21 20:44:34,733 - INFO - ✅ ARCHITECTURE INTEGRITY: 30/30 features present. Audit Scope: 46 columns (30 Features + 15 Raw/Price).
2026-03-21 20:44:34,739 - INFO - No NaNs found.
2026-03-21 20:44:34,744 - INFO - No Infinite values found.
2026-03-21 20:44:34,744 - INFO - Chronological order verified.
2026-03-21 20:44:34,749 - WARNING - ⚠️ STALE DATA ALERT: Possible feed lock detected in 2026-01-23_BTCUSDT_ob200.data
2026-03-21 20:44:34,756 - WARNING - ☢️ CRITICAL OUTLIER: [DNN_INPUT] pressure_ratio max (4.7356e+03) is > 15x P99. Clipping might have failed!
2026-03-21 20:44:34,758 - WARNING - ☢️ CRITICAL OUTLIER: [DNN_INPUT] lower_wick max (4.2885e-04) is > 15x P99. Clipping might have failed!
2026-03-21 20:44:34,759 - WARNING - ☢️ CRITICAL OUTLIER: [DNN_INPUT] upper_wick max (5.0698e-04) is > 15x P99. Clipping might have failed!
2026-03-21 20:44:34,823 - WARNING - ⚠️ HIGH TAIL INTENSITY: [RAW_DATA] bar_usd_volume has 68 points with Z-Score > 12.
2026-03-21 20:44:34,823 - WARNING - ⚠️ HIGH TAIL INTENSITY: [RAW_DATA] bar_btc_volume has 68 points with Z-Score > 12.
2026-03-21 20:44:34,824 - WARNING - ⚠️ HIGH TAIL INTENSITY: [DNN_INPUT] max_spread has 124 points with Z-Score > 12.
2026-03-21 20:44:34,824 - WARNING - ⚠️ HIGH TAIL INTENSITY: [DNN_INPUT] volatility has 216 points with Z-Score > 12.
2026-03-21 20:44:34,824 - WARNING - ⚠️ HIGH TAIL INTENSITY: [DNN_INPUT] micro_price_momentum has 53 points with Z-Score > 12.
2026-03-21 20:44:34,824 - WARNING - ⚠️ HIGH TAIL INTENSITY: [DNN_INPUT] bid_rdi has 97 points with Z-Score > 12.
2026-03-21 20:44:34,824 - WARNING - ⚠️ HIGH TAIL INTENSITY: [DNN_INPUT] ask_rdi has 151 points with Z-Score > 12.
2026-03-21 20:44:34,824 - WARNING - ⚠️ HIGH TAIL INTENSITY: [DNN_INPUT] pressure_ratio has 74 points with Z-Score > 12.
2026-03-21 20:44:34,824 - WARNING - ⚠️ HIGH TAIL INTENSITY: [DNN_INPUT] body has 36 points with Z-Score > 12.
2026-03-21 20:44:34,825 - WARNING - ⚠️ HIGH TAIL INTENSITY: [DNN_INPUT] upper_wick has 187 points with Z-Score > 12.
2026-03-21 20:44:34,825 - WARNING - ⚠️ HIGH TAIL INTENSITY: [DNN_INPUT] lower_wick has 191 points with Z-Score > 12.
2026-03-21 20:44:34,825 - WARNING - ⚠️ HIGH TAIL INTENSITY: [DNN_INPUT] log_ret_close has 37 points with Z-Score > 12.
2026-03-21 20:44:34,825 - WARNING - ⚠️ HIGH TAIL INTENSITY: [DNN_INPUT] bid_rdi_delta_5 has 93 points with Z-Score > 12.
2026-03-21 20:44:34,825 - WARNING - ⚠️ HIGH TAIL INTENSITY: [DNN_INPUT] ask_rdi_delta_5 has 114 points with Z-Score > 12.
2026-03-21 20:44:34,825 - WARNING - ⚠️ HIGH TAIL INTENSITY: [DNN_INPUT] bid_rdi_delta_30 has 142 points with Z-Score > 12.
2026-03-21 20:44:34,825 - WARNING - ⚠️ HIGH TAIL INTENSITY: [DNN_INPUT] ask_rdi_delta_30 has 194 points with Z-Score > 12.
2026-03-21 20:44:34,825 - WARNING - ⚠️ HIGH TAIL INTENSITY: [DNN_INPUT] spread_zscore_60 has 324 points with Z-Score > 12.
2026-03-21 20:44:34,825 - WARNING - ⚠️ HIGH TAIL INTENSITY: [DNN_INPUT] kyle_lambda has 51 points with Z-Score > 12.
2026-03-21 20:44:34,825 - WARNING - ⚠️ HIGH TAIL INTENSITY: [DNN_INPUT] bid_deep_ratio has 317 points with Z-Score > 12.
2026-03-21 20:44:34,825 - WARNING - ⚠️ HIGH TAIL INTENSITY: [DNN_INPUT] ask_deep_ratio has 144 points with Z-Score > 12.
2026-03-21 20:44:34,826 - WARNING - ⚠️ HIGH TAIL INTENSITY: [DNN_INPUT] bid_convexity has 349 points with Z-Score > 12.
2026-03-21 20:44:34,826 - WARNING - ⚠️ HIGH TAIL INTENSITY: [DNN_INPUT] ask_convexity has 477 points with Z-Score > 12.
2026-03-21 20:44:34,854 - INFO - 📥 DOWNLOAD FILE: BTCUSDT2026-01-25.csv.gz
2026-03-21 20:44:34,882 - INFO - ✅ Protocol Island Split: 1/1 islands survived. Total rows: 157160
2026-03-21 20:44:34,882 - INFO - 🏆 Gold Validation complete for 2026-01-23_BTCUSDT_ob200.data. Status: VALID
2026-03-21 20:44:34,996 - INFO - Successfully saved 157160 rows to data/L2/pre_processed/2026-01-23_BTCUSDT_ob200.data.parquet
2026-03-21 20:44:34,996 - INFO - ✅ Saved event-driven dataset: 2026-01-23_BTCUSDT_ob200.data.parquet
2026-03-21 20:44:34,998 - INFO - 📊 [Memory] 2026-01-23_BTCUSDT_ob200.data: 0.0MB -> 16167.1MB
2026-03-21 20:44:37,369 - INFO - 📥 DOWNLOAD FILE: BTCUSDT2026-01-26.csv.gz
2026-03-21 20:44:45,585 - INFO - 📥 DOWNLOAD: 2026-01-25_BTCUSDT_ob200.data.zip
2026-03-21 20:44:50,556 - INFO - 📥 DOWNLOAD: 2026-01-26_BTCUSDT_ob200.data.zip
2026-03-21 20:44:54,025 - INFO - 📂 STREAMING: 2026-01-25_BTCUSDT_ob200.data
2026-03-21 20:44:59,586 - INFO - 📂 STREAMING: 2026-01-26_BTCUSDT_ob200.data
2026-03-21 20:45:59,324 - INFO - 🗑️ CLEANUP: Deleting processed zip: 2026-01-25_BTCUSDT_ob200.data.zip
2026-03-21 20:46:14,212 - INFO - 🗑️ CLEANUP: Deleting processed zip: 2026-01-26_BTCUSDT_ob200.data.zip
2026-03-21 20:46:18,949 - INFO - 📊 [Peak Load] 2026-01-25_BTCUSDT_ob200.data: Raw data in RAM | SYSTEM RAM: 81.35 GB (10.8%)
2026-03-21 20:46:18,960 - INFO - EventSampler iniciado. Modo: 'both' | Dollar=500000.0 | Tick=5000 | Info=100.0 | Time=300000ms
2026-03-21 20:46:21,557 - INFO - CUSUM (both): 32310 eventos. Trigger IID será aplicado dentro de cada janela CUSUM.
2026-03-21 20:46:22,029 - INFO - Barras geradas: 129199 | Ilhas: 1
2026-03-21 20:46:26,567 - INFO - 💾 Memory Optimization: Dropping 801 raw book columns.
2026-03-21 20:46:26,582 - INFO - 📊 [Drop Success] 2026-01-25_BTCUSDT_ob200.data: Columns discarded | SYSTEM RAM: 76.08 GB (10.1%)
2026-03-21 20:46:26,582 - INFO - --- Validating 2026-01-25_BTCUSDT_ob200.data ---
2026-03-21 20:46:26,592 - INFO - ✅ ARCHITECTURE INTEGRITY: 30/30 features present. Audit Scope: 46 columns (30 Features + 15 Raw/Price).
2026-03-21 20:46:26,597 - INFO - No NaNs found.
2026-03-21 20:46:26,601 - INFO - No Infinite values found.
2026-03-21 20:46:26,602 - INFO - Chronological order verified.
2026-03-21 20:46:26,606 - WARNING - ⚠️ STALE DATA ALERT: Possible feed lock detected in 2026-01-25_BTCUSDT_ob200.data
2026-03-21 20:46:26,613 - WARNING - ☢️ CRITICAL OUTLIER: [DNN_INPUT] pressure_ratio max (1.9564e+03) is > 15x P99. Clipping might have failed!
2026-03-21 20:46:26,614 - WARNING - ☢️ CRITICAL OUTLIER: [DNN_INPUT] lower_wick max (9.0814e-04) is > 15x P99. Clipping might have failed!
2026-03-21 20:46:26,615 - WARNING - ☢️ CRITICAL OUTLIER: [DNN_INPUT] upper_wick max (1.1519e-03) is > 15x P99. Clipping might have failed!
2026-03-21 20:46:26,668 - WARNING - ⚠️ HIGH TAIL INTENSITY: [RAW_DATA] bar_usd_volume has 46 points with Z-Score > 12.
2026-03-21 20:46:26,668 - WARNING - ⚠️ HIGH TAIL INTENSITY: [RAW_DATA] bar_btc_volume has 46 points with Z-Score > 12.
2026-03-21 20:46:26,669 - WARNING - ⚠️ HIGH TAIL INTENSITY: [DNN_INPUT] max_spread has 222 points with Z-Score > 12.
2026-03-21 20:46:26,669 - WARNING - ⚠️ HIGH TAIL INTENSITY: [DNN_INPUT] volatility has 183 points with Z-Score > 12.
2026-03-21 20:46:26,669 - WARNING - ⚠️ HIGH TAIL INTENSITY: [DNN_INPUT] micro_price_momentum has 93 points with Z-Score > 12.
2026-03-21 20:46:26,669 - WARNING - ⚠️ HIGH TAIL INTENSITY: [DNN_INPUT] bid_rdi has 51 points with Z-Score > 12.
2026-03-21 20:46:26,669 - WARNING - ⚠️ HIGH TAIL INTENSITY: [DNN_INPUT] ask_rdi has 149 points with Z-Score > 12.
2026-03-21 20:46:26,669 - WARNING - ⚠️ HIGH TAIL INTENSITY: [DNN_INPUT] pressure_ratio has 58 points with Z-Score > 12.
2026-03-21 20:46:26,669 - WARNING - ⚠️ HIGH TAIL INTENSITY: [DNN_INPUT] body has 59 points with Z-Score > 12.
2026-03-21 20:46:26,669 - WARNING - ⚠️ HIGH TAIL INTENSITY: [DNN_INPUT] upper_wick has 144 points with Z-Score > 12.
2026-03-21 20:46:26,669 - WARNING - ⚠️ HIGH TAIL INTENSITY: [DNN_INPUT] lower_wick has 116 points with Z-Score > 12.
2026-03-21 20:46:26,670 - WARNING - ⚠️ HIGH TAIL INTENSITY: [DNN_INPUT] log_ret_close has 60 points with Z-Score > 12.
2026-03-21 20:46:26,670 - WARNING - ⚠️ HIGH TAIL INTENSITY: [DNN_INPUT] bid_rdi_delta_5 has 36 points with Z-Score > 12.
2026-03-21 20:46:26,670 - WARNING - ⚠️ HIGH TAIL INTENSITY: [DNN_INPUT] ask_rdi_delta_5 has 132 points with Z-Score > 12.
2026-03-21 20:46:26,670 - WARNING - ⚠️ HIGH TAIL INTENSITY: [DNN_INPUT] micro_price_delta_5 has 3 points with Z-Score > 12.
2026-03-21 20:46:26,670 - WARNING - ⚠️ HIGH TAIL INTENSITY: [DNN_INPUT] bid_rdi_delta_30 has 50 points with Z-Score > 12.
2026-03-21 20:46:26,670 - WARNING - ⚠️ HIGH TAIL INTENSITY: [DNN_INPUT] ask_rdi_delta_30 has 202 points with Z-Score > 12.
2026-03-21 20:46:26,670 - WARNING - ⚠️ HIGH TAIL INTENSITY: [DNN_INPUT] spread_zscore_60 has 145 points with Z-Score > 12.
2026-03-21 20:46:26,670 - WARNING - ⚠️ HIGH TAIL INTENSITY: [DNN_INPUT] kyle_lambda has 19 points with Z-Score > 12.
2026-03-21 20:46:26,670 - WARNING - ⚠️ HIGH TAIL INTENSITY: [DNN_INPUT] bid_deep_ratio has 84 points with Z-Score > 12.
2026-03-21 20:46:26,670 - WARNING - ⚠️ HIGH TAIL INTENSITY: [DNN_INPUT] ask_deep_ratio has 38 points with Z-Score > 12.
2026-03-21 20:46:26,670 - WARNING - ⚠️ HIGH TAIL INTENSITY: [DNN_INPUT] bid_convexity has 209 points with Z-Score > 12.
2026-03-21 20:46:26,670 - WARNING - ⚠️ HIGH TAIL INTENSITY: [DNN_INPUT] ask_convexity has 290 points with Z-Score > 12.
2026-03-21 20:46:26,713 - INFO - ✅ Protocol Island Split: 1/1 islands survived. Total rows: 129199
2026-03-21 20:46:26,713 - INFO - 🏆 Gold Validation complete for 2026-01-25_BTCUSDT_ob200.data. Status: VALID
2026-03-21 20:46:26,810 - INFO - Successfully saved 129199 rows to data/L2/pre_processed/2026-01-25_BTCUSDT_ob200.data.parquet
2026-03-21 20:46:26,810 - INFO - ✅ Saved event-driven dataset: 2026-01-25_BTCUSDT_ob200.data.parquet
2026-03-21 20:46:26,812 - INFO - 📊 [Memory] 2026-01-25_BTCUSDT_ob200.data: 0.0MB -> 20025.3MB
2026-03-21 20:46:29,042 - INFO - 📥 DOWNLOAD FILE: BTCUSDT2026-01-27.csv.gz
2026-03-21 20:46:40,746 - INFO - 📊 [Peak Load] 2026-01-26_BTCUSDT_ob200.data: Raw data in RAM | SYSTEM RAM: 70.77 GB (9.4%)
2026-03-21 20:46:40,756 - INFO - EventSampler iniciado. Modo: 'both' | Dollar=500000.0 | Tick=5000 | Info=100.0 | Time=300000ms
2026-03-21 20:46:40,872 - INFO - 📥 DOWNLOAD: 2026-01-27_BTCUSDT_ob200.data.zip
2026-03-21 20:46:43,967 - INFO - CUSUM (both): 44478 eventos. Trigger IID será aplicado dentro de cada janela CUSUM.
2026-03-21 20:46:44,618 - INFO - Barras geradas: 149755 | Ilhas: 1
2026-03-21 20:46:49,844 - INFO - 💾 Memory Optimization: Dropping 801 raw book columns.
2026-03-21 20:46:49,859 - INFO - 📊 [Drop Success] 2026-01-26_BTCUSDT_ob200.data: Columns discarded | SYSTEM RAM: 57.84 GB (7.7%)
2026-03-21 20:46:49,859 - INFO - --- Validating 2026-01-26_BTCUSDT_ob200.data ---
2026-03-21 20:46:49,869 - INFO - ✅ ARCHITECTURE INTEGRITY: 30/30 features present. Audit Scope: 46 columns (30 Features + 15 Raw/Price).
2026-03-21 20:46:49,874 - INFO - No NaNs found.
2026-03-21 20:46:49,879 - INFO - No Infinite values found.
2026-03-21 20:46:49,879 - INFO - Chronological order verified.
2026-03-21 20:46:49,886 - WARNING - ⚠️ STALE DATA ALERT: Possible feed lock detected in 2026-01-26_BTCUSDT_ob200.data
2026-03-21 20:46:49,894 - WARNING - ☢️ CRITICAL OUTLIER: [DNN_INPUT] pressure_ratio max (3.3918e+03) is > 15x P99. Clipping might have failed!
2026-03-21 20:46:49,896 - WARNING - ☢️ CRITICAL OUTLIER: [DNN_INPUT] lower_wick max (1.7539e-03) is > 15x P99. Clipping might have failed!
2026-03-21 20:46:49,897 - WARNING - ☢️ CRITICAL OUTLIER: [DNN_INPUT] upper_wick max (1.7629e-03) is > 15x P99. Clipping might have failed!
2026-03-21 20:46:49,899 - WARNING - ☢️ CRITICAL OUTLIER: [DNN_INPUT] body max (1.7645e-03) is > 15x P99. Clipping might have failed!
2026-03-21 20:46:49,900 - WARNING - ☢️ CRITICAL OUTLIER: [DNN_INPUT] max_spread max (2.1800e+01) is > 15x P99. Clipping might have failed!
2026-03-21 20:46:49,957 - WARNING - ⚠️ HIGH TAIL INTENSITY: [RAW_DATA] bar_usd_volume has 41 points with Z-Score > 12.
2026-03-21 20:46:49,957 - WARNING - ⚠️ HIGH TAIL INTENSITY: [RAW_DATA] bar_btc_volume has 40 points with Z-Score > 12.
2026-03-21 20:46:49,957 - WARNING - ⚠️ HIGH TAIL INTENSITY: [DNN_INPUT] max_spread has 94 points with Z-Score > 12.
2026-03-21 20:46:49,957 - WARNING - ⚠️ HIGH TAIL INTENSITY: [DNN_INPUT] volatility has 151 points with Z-Score > 12.
2026-03-21 20:46:49,957 - WARNING - ⚠️ HIGH TAIL INTENSITY: [DNN_INPUT] micro_price_momentum has 137 points with Z-Score > 12.
2026-03-21 20:46:49,957 - WARNING - ⚠️ HIGH TAIL INTENSITY: [DNN_INPUT] bid_rdi has 64 points with Z-Score > 12.
2026-03-21 20:46:49,957 - WARNING - ⚠️ HIGH TAIL INTENSITY: [DNN_INPUT] ask_rdi has 20 points with Z-Score > 12.
2026-03-21 20:46:49,957 - WARNING - ⚠️ HIGH TAIL INTENSITY: [DNN_INPUT] pressure_ratio has 163 points with Z-Score > 12.
2026-03-21 20:46:49,958 - WARNING - ⚠️ HIGH TAIL INTENSITY: [DNN_INPUT] body has 68 points with Z-Score > 12.
2026-03-21 20:46:49,958 - WARNING - ⚠️ HIGH TAIL INTENSITY: [DNN_INPUT] upper_wick has 120 points with Z-Score > 12.
2026-03-21 20:46:49,958 - WARNING - ⚠️ HIGH TAIL INTENSITY: [DNN_INPUT] lower_wick has 111 points with Z-Score > 12.
2026-03-21 20:46:49,958 - WARNING - ⚠️ HIGH TAIL INTENSITY: [DNN_INPUT] log_ret_close has 59 points with Z-Score > 12.
2026-03-21 20:46:49,958 - WARNING - ⚠️ HIGH TAIL INTENSITY: [DNN_INPUT] bid_rdi_delta_5 has 52 points with Z-Score > 12.
2026-03-21 20:46:49,958 - WARNING - ⚠️ HIGH TAIL INTENSITY: [DNN_INPUT] ask_rdi_delta_5 has 30 points with Z-Score > 12.
2026-03-21 20:46:49,958 - WARNING - ⚠️ HIGH TAIL INTENSITY: [DNN_INPUT] micro_price_delta_5 has 9 points with Z-Score > 12.
2026-03-21 20:46:49,958 - WARNING - ⚠️ HIGH TAIL INTENSITY: [DNN_INPUT] bid_rdi_delta_30 has 94 points with Z-Score > 12.
2026-03-21 20:46:49,958 - WARNING - ⚠️ HIGH TAIL INTENSITY: [DNN_INPUT] ask_rdi_delta_30 has 34 points with Z-Score > 12.
2026-03-21 20:46:49,958 - WARNING - ⚠️ HIGH TAIL INTENSITY: [DNN_INPUT] spread_zscore_60 has 317 points with Z-Score > 12.
2026-03-21 20:46:49,958 - WARNING - ⚠️ HIGH TAIL INTENSITY: [DNN_INPUT] kyle_lambda has 62 points with Z-Score > 12.
2026-03-21 20:46:49,958 - WARNING - ⚠️ HIGH TAIL INTENSITY: [DNN_INPUT] bid_deep_ratio has 122 points with Z-Score > 12.
2026-03-21 20:46:49,958 - WARNING - ⚠️ HIGH TAIL INTENSITY: [DNN_INPUT] ask_deep_ratio has 166 points with Z-Score > 12.
2026-03-21 20:46:49,959 - WARNING - ⚠️ HIGH TAIL INTENSITY: [DNN_INPUT] bid_convexity has 386 points with Z-Score > 12.
2026-03-21 20:46:49,959 - WARNING - ⚠️ HIGH TAIL INTENSITY: [DNN_INPUT] ask_convexity has 195 points with Z-Score > 12.
2026-03-21 20:46:50,011 - INFO - ✅ Protocol Island Split: 1/1 islands survived. Total rows: 149755
2026-03-21 20:46:50,011 - INFO - 🏆 Gold Validation complete for 2026-01-26_BTCUSDT_ob200.data. Status: VALID
2026-03-21 20:46:50,055 - INFO - 📂 STREAMING: 2026-01-27_BTCUSDT_ob200.data
2026-03-21 20:46:50,113 - INFO - Successfully saved 149755 rows to data/L2/pre_processed/2026-01-26_BTCUSDT_ob200.data.parquet
2026-03-21 20:46:50,113 - INFO - ✅ Saved event-driven dataset: 2026-01-26_BTCUSDT_ob200.data.parquet
2026-03-21 20:46:50,115 - INFO - 📊 [Memory] 2026-01-26_BTCUSDT_ob200.data: 0.0MB -> 16290.9MB
2026-03-21 20:46:52,764 - INFO - 📥 DOWNLOAD FILE: BTCUSDT2026-01-28.csv.gz
2026-03-21 20:47:04,396 - INFO - 📥 DOWNLOAD: 2026-01-28_BTCUSDT_ob200.data.zip
2026-03-21 20:47:12,735 - INFO - 📂 STREAMING: 2026-01-28_BTCUSDT_ob200.data
2026-03-21 20:47:57,135 - INFO - 🗑️ CLEANUP: Deleting processed zip: 2026-01-27_BTCUSDT_ob200.data.zip
2026-03-21 20:48:17,351 - INFO - 📊 [Peak Load] 2026-01-27_BTCUSDT_ob200.data: Raw data in RAM | SYSTEM RAM: 68.89 GB (9.1%)
2026-03-21 20:48:17,364 - INFO - EventSampler iniciado. Modo: 'both' | Dollar=500000.0 | Tick=5000 | Info=100.0 | Time=300000ms
2026-03-21 20:48:20,030 - INFO - CUSUM (both): 38517 eventos. Trigger IID será aplicado dentro de cada janela CUSUM.
2026-03-21 20:48:20,566 - INFO - Barras geradas: 128987 | Ilhas: 1
2026-03-21 20:48:25,185 - INFO - 💾 Memory Optimization: Dropping 801 raw book columns.
2026-03-21 20:48:25,200 - INFO - 📊 [Drop Success] 2026-01-27_BTCUSDT_ob200.data: Columns discarded | SYSTEM RAM: 58.68 GB (7.8%)
2026-03-21 20:48:25,200 - INFO - --- Validating 2026-01-27_BTCUSDT_ob200.data ---
2026-03-21 20:48:25,209 - INFO - ✅ ARCHITECTURE INTEGRITY: 30/30 features present. Audit Scope: 46 columns (30 Features + 15 Raw/Price).
2026-03-21 20:48:25,216 - INFO - No NaNs found.
2026-03-21 20:48:25,220 - INFO - No Infinite values found.
2026-03-21 20:48:25,221 - INFO - Chronological order verified.
2026-03-21 20:48:25,225 - WARNING - ⚠️ STALE DATA ALERT: Possible feed lock detected in 2026-01-27_BTCUSDT_ob200.data
2026-03-21 20:48:25,231 - WARNING - ☢️ CRITICAL OUTLIER: [DNN_INPUT] pressure_ratio max (6.5644e+03) is > 15x P99. Clipping might have failed!
2026-03-21 20:48:25,232 - WARNING - ☢️ CRITICAL OUTLIER: [DNN_INPUT] lower_wick max (5.9470e-04) is > 15x P99. Clipping might have failed!
2026-03-21 20:48:25,234 - WARNING - ☢️ CRITICAL OUTLIER: [DNN_INPUT] upper_wick max (7.3438e-04) is > 15x P99. Clipping might have failed!
2026-03-21 20:48:25,297 - WARNING - ⚠️ HIGH TAIL INTENSITY: [RAW_DATA] bar_usd_volume has 32 points with Z-Score > 12.
2026-03-21 20:48:25,298 - WARNING - ⚠️ HIGH TAIL INTENSITY: [RAW_DATA] bar_btc_volume has 32 points with Z-Score > 12.
2026-03-21 20:48:25,298 - WARNING - ⚠️ HIGH TAIL INTENSITY: [DNN_INPUT] max_spread has 223 points with Z-Score > 12.
2026-03-21 20:48:25,298 - WARNING - ⚠️ HIGH TAIL INTENSITY: [DNN_INPUT] volatility has 114 points with Z-Score > 12.
2026-03-21 20:48:25,298 - WARNING - ⚠️ HIGH TAIL INTENSITY: [DNN_INPUT] micro_price_momentum has 67 points with Z-Score > 12.
2026-03-21 20:48:25,298 - WARNING - ⚠️ HIGH TAIL INTENSITY: [DNN_INPUT] bid_rdi has 149 points with Z-Score > 12.
2026-03-21 20:48:25,298 - WARNING - ⚠️ HIGH TAIL INTENSITY: [DNN_INPUT] ask_rdi has 222 points with Z-Score > 12.
2026-03-21 20:48:25,298 - WARNING - ⚠️ HIGH TAIL INTENSITY: [DNN_INPUT] pressure_ratio has 59 points with Z-Score > 12.
2026-03-21 20:48:25,298 - WARNING - ⚠️ HIGH TAIL INTENSITY: [DNN_INPUT] body has 36 points with Z-Score > 12.
2026-03-21 20:48:25,299 - WARNING - ⚠️ HIGH TAIL INTENSITY: [DNN_INPUT] upper_wick has 114 points with Z-Score > 12.
2026-03-21 20:48:25,299 - WARNING - ⚠️ HIGH TAIL INTENSITY: [DNN_INPUT] lower_wick has 153 points with Z-Score > 12.
2026-03-21 20:48:25,299 - WARNING - ⚠️ HIGH TAIL INTENSITY: [DNN_INPUT] log_ret_close has 37 points with Z-Score > 12.
2026-03-21 20:48:25,299 - WARNING - ⚠️ HIGH TAIL INTENSITY: [DNN_INPUT] bid_rdi_delta_5 has 110 points with Z-Score > 12.
2026-03-21 20:48:25,299 - WARNING - ⚠️ HIGH TAIL INTENSITY: [DNN_INPUT] ask_rdi_delta_5 has 82 points with Z-Score > 12.
2026-03-21 20:48:25,299 - WARNING - ⚠️ HIGH TAIL INTENSITY: [DNN_INPUT] bid_rdi_delta_30 has 213 points with Z-Score > 12.
2026-03-21 20:48:25,299 - WARNING - ⚠️ HIGH TAIL INTENSITY: [DNN_INPUT] ask_rdi_delta_30 has 192 points with Z-Score > 12.
2026-03-21 20:48:25,299 - WARNING - ⚠️ HIGH TAIL INTENSITY: [DNN_INPUT] spread_zscore_60 has 153 points with Z-Score > 12.
2026-03-21 20:48:25,299 - WARNING - ⚠️ HIGH TAIL INTENSITY: [DNN_INPUT] kyle_lambda has 53 points with Z-Score > 12.
2026-03-21 20:48:25,299 - WARNING - ⚠️ HIGH TAIL INTENSITY: [DNN_INPUT] bid_deep_ratio has 82 points with Z-Score > 12.
2026-03-21 20:48:25,299 - WARNING - ⚠️ HIGH TAIL INTENSITY: [DNN_INPUT] ask_deep_ratio has 139 points with Z-Score > 12.
2026-03-21 20:48:25,299 - WARNING - ⚠️ HIGH TAIL INTENSITY: [DNN_INPUT] bid_convexity has 381 points with Z-Score > 12.
2026-03-21 20:48:25,300 - WARNING - ⚠️ HIGH TAIL INTENSITY: [DNN_INPUT] ask_convexity has 316 points with Z-Score > 12.
2026-03-21 20:48:25,342 - INFO - ✅ Protocol Island Split: 1/1 islands survived. Total rows: 128987
2026-03-21 20:48:25,343 - INFO - 🏆 Gold Validation complete for 2026-01-27_BTCUSDT_ob200.data. Status: VALID
2026-03-21 20:48:25,438 - INFO - Successfully saved 128987 rows to data/L2/pre_processed/2026-01-27_BTCUSDT_ob200.data.parquet
2026-03-21 20:48:25,438 - INFO - ✅ Saved event-driven dataset: 2026-01-27_BTCUSDT_ob200.data.parquet
2026-03-21 20:48:25,440 - INFO - 📊 [Memory] 2026-01-27_BTCUSDT_ob200.data: 0.0MB -> 20153.1MB
2026-03-21 20:48:26,739 - INFO - 🗑️ CLEANUP: Deleting processed zip: 2026-01-28_BTCUSDT_ob200.data.zip
2026-03-21 20:48:27,697 - INFO - 📥 DOWNLOAD FILE: BTCUSDT2026-01-29.csv.gz
2026-03-21 20:48:41,526 - INFO - 📥 DOWNLOAD: 2026-01-29_BTCUSDT_ob200.data.zip
2026-03-21 20:48:50,045 - INFO - 📂 STREAMING: 2026-01-29_BTCUSDT_ob200.data
2026-03-21 20:48:50,318 - INFO - 📊 [Peak Load] 2026-01-28_BTCUSDT_ob200.data: Raw data in RAM | SYSTEM RAM: 69.93 GB (9.3%)
2026-03-21 20:48:50,329 - INFO - EventSampler iniciado. Modo: 'both' | Dollar=500000.0 | Tick=5000 | Info=100.0 | Time=300000ms
2026-03-21 20:48:53,376 - INFO - CUSUM (both): 43381 eventos. Trigger IID será aplicado dentro de cada janela CUSUM.
2026-03-21 20:48:53,969 - INFO - Barras geradas: 186464 | Ilhas: 1
2026-03-21 20:48:59,847 - INFO - 💾 Memory Optimization: Dropping 801 raw book columns.
2026-03-21 20:48:59,855 - INFO - 📊 [Drop Success] 2026-01-28_BTCUSDT_ob200.data: Columns discarded | SYSTEM RAM: 58.19 GB (7.7%)
2026-03-21 20:48:59,855 - INFO - --- Validating 2026-01-28_BTCUSDT_ob200.data ---
2026-03-21 20:48:59,866 - INFO - ✅ ARCHITECTURE INTEGRITY: 30/30 features present. Audit Scope: 46 columns (30 Features + 15 Raw/Price).
2026-03-21 20:48:59,873 - INFO - No NaNs found.
2026-03-21 20:48:59,878 - INFO - No Infinite values found.
2026-03-21 20:48:59,879 - INFO - Chronological order verified.
2026-03-21 20:48:59,885 - WARNING - ⚠️ STALE DATA ALERT: Possible feed lock detected in 2026-01-28_BTCUSDT_ob200.data
2026-03-21 20:48:59,894 - WARNING - ☢️ CRITICAL OUTLIER: [DNN_INPUT] pressure_ratio max (6.4706e+03) is > 15x P99. Clipping might have failed!
2026-03-21 20:48:59,895 - WARNING - ☢️ CRITICAL OUTLIER: [DNN_INPUT] lower_wick max (9.9565e-04) is > 15x P99. Clipping might have failed!
2026-03-21 20:48:59,897 - WARNING - ☢️ CRITICAL OUTLIER: [DNN_INPUT] upper_wick max (2.0001e-03) is > 15x P99. Clipping might have failed!
2026-03-21 20:48:59,899 - WARNING - ☢️ CRITICAL OUTLIER: [DNN_INPUT] body max (1.6674e-03) is > 15x P99. Clipping might have failed!
2026-03-21 20:48:59,900 - WARNING - ☢️ CRITICAL OUTLIER: [DNN_INPUT] max_spread max (3.0200e+01) is > 15x P99. Clipping might have failed!
2026-03-21 20:48:59,977 - WARNING - ⚠️ HIGH TAIL INTENSITY: [RAW_DATA] bar_usd_volume has 68 points with Z-Score > 12.
2026-03-21 20:48:59,977 - WARNING - ⚠️ HIGH TAIL INTENSITY: [RAW_DATA] bar_btc_volume has 68 points with Z-Score > 12.
2026-03-21 20:48:59,978 - WARNING - ⚠️ HIGH TAIL INTENSITY: [DNN_INPUT] max_spread has 209 points with Z-Score > 12.
2026-03-21 20:48:59,978 - WARNING - ⚠️ HIGH TAIL INTENSITY: [DNN_INPUT] volatility has 212 points with Z-Score > 12.
2026-03-21 20:48:59,978 - WARNING - ⚠️ HIGH TAIL INTENSITY: [DNN_INPUT] micro_price_momentum has 189 points with Z-Score > 12.
2026-03-21 20:48:59,978 - WARNING - ⚠️ HIGH TAIL INTENSITY: [DNN_INPUT] bid_rdi has 81 points with Z-Score > 12.
2026-03-21 20:48:59,978 - WARNING - ⚠️ HIGH TAIL INTENSITY: [DNN_INPUT] ask_rdi has 309 points with Z-Score > 12.
2026-03-21 20:48:59,978 - WARNING - ⚠️ HIGH TAIL INTENSITY: [DNN_INPUT] pressure_ratio has 330 points with Z-Score > 12.
2026-03-21 20:48:59,978 - WARNING - ⚠️ HIGH TAIL INTENSITY: [DNN_INPUT] body has 56 points with Z-Score > 12.
2026-03-21 20:48:59,979 - WARNING - ⚠️ HIGH TAIL INTENSITY: [DNN_INPUT] upper_wick has 159 points with Z-Score > 12.
2026-03-21 20:48:59,979 - WARNING - ⚠️ HIGH TAIL INTENSITY: [DNN_INPUT] lower_wick has 210 points with Z-Score > 12.
2026-03-21 20:48:59,979 - WARNING - ⚠️ HIGH TAIL INTENSITY: [DNN_INPUT] log_ret_close has 57 points with Z-Score > 12.
2026-03-21 20:48:59,979 - WARNING - ⚠️ HIGH TAIL INTENSITY: [DNN_INPUT] bid_rdi_delta_5 has 56 points with Z-Score > 12.
2026-03-21 20:48:59,979 - WARNING - ⚠️ HIGH TAIL INTENSITY: [DNN_INPUT] ask_rdi_delta_5 has 121 points with Z-Score > 12.
2026-03-21 20:48:59,979 - WARNING - ⚠️ HIGH TAIL INTENSITY: [DNN_INPUT] micro_price_delta_5 has 19 points with Z-Score > 12.
2026-03-21 20:48:59,979 - WARNING - ⚠️ HIGH TAIL INTENSITY: [DNN_INPUT] bid_rdi_delta_30 has 60 points with Z-Score > 12.
2026-03-21 20:48:59,979 - WARNING - ⚠️ HIGH TAIL INTENSITY: [DNN_INPUT] ask_rdi_delta_30 has 306 points with Z-Score > 12.
2026-03-21 20:48:59,979 - WARNING - ⚠️ HIGH TAIL INTENSITY: [DNN_INPUT] spread_zscore_60 has 354 points with Z-Score > 12.
2026-03-21 20:48:59,979 - WARNING - ⚠️ HIGH TAIL INTENSITY: [DNN_INPUT] kyle_lambda has 53 points with Z-Score > 12.
2026-03-21 20:48:59,979 - WARNING - ⚠️ HIGH TAIL INTENSITY: [DNN_INPUT] bid_deep_ratio has 89 points with Z-Score > 12.
2026-03-21 20:48:59,979 - WARNING - ⚠️ HIGH TAIL INTENSITY: [DNN_INPUT] ask_deep_ratio has 126 points with Z-Score > 12.
2026-03-21 20:49:00,050 - INFO - ✅ Protocol Island Split: 1/1 islands survived. Total rows: 186464
2026-03-21 20:49:00,051 - INFO - 🏆 Gold Validation complete for 2026-01-28_BTCUSDT_ob200.data. Status: VALID
2026-03-21 20:49:00,157 - INFO - Successfully saved 186464 rows to data/L2/pre_processed/2026-01-28_BTCUSDT_ob200.data.parquet
2026-03-21 20:49:00,157 - INFO - ✅ Saved event-driven dataset: 2026-01-28_BTCUSDT_ob200.data.parquet
2026-03-21 20:49:00,159 - INFO - 📊 [Memory] 2026-01-28_BTCUSDT_ob200.data: 0.0MB -> 16389.8MB
2026-03-21 20:49:02,477 - INFO - 📥 DOWNLOAD FILE: BTCUSDT2026-01-30.csv.gz
2026-03-21 20:49:10,555 - INFO - 📥 DOWNLOAD: 2026-01-30_BTCUSDT_ob200.data.zip
2026-03-21 20:49:40,631 - INFO - 📂 STREAMING: 2026-01-30_BTCUSDT_ob200.data
2026-03-21 20:50:03,447 - INFO - 🗑️ CLEANUP: Deleting processed zip: 2026-01-29_BTCUSDT_ob200.data.zip
2026-03-21 20:50:34,616 - INFO - 📊 [Peak Load] 2026-01-29_BTCUSDT_ob200.data: Raw data in RAM | SYSTEM RAM: 74.76 GB (9.9%)
2026-03-21 20:50:34,630 - INFO - EventSampler iniciado. Modo: 'both' | Dollar=500000.0 | Tick=5000 | Info=100.0 | Time=300000ms
2026-03-21 20:50:38,897 - INFO - CUSUM (both): 46044 eventos. Trigger IID será aplicado dentro de cada janela CUSUM.
2026-03-21 20:50:39,815 - INFO - Barras geradas: 246393 | Ilhas: 1
2026-03-21 20:50:47,886 - INFO - 💾 Memory Optimization: Dropping 801 raw book columns.
2026-03-21 20:50:47,904 - INFO - 📊 [Drop Success] 2026-01-29_BTCUSDT_ob200.data: Columns discarded | SYSTEM RAM: 58.38 GB (7.7%)
2026-03-21 20:50:47,904 - INFO - --- Validating 2026-01-29_BTCUSDT_ob200.data ---
2026-03-21 20:50:47,918 - INFO - ✅ ARCHITECTURE INTEGRITY: 30/30 features present. Audit Scope: 46 columns (30 Features + 15 Raw/Price).
2026-03-21 20:50:47,925 - INFO - No NaNs found.
2026-03-21 20:50:47,932 - INFO - No Infinite values found.
2026-03-21 20:50:47,933 - INFO - Chronological order verified.
2026-03-21 20:50:47,940 - WARNING - ⚠️ STALE DATA ALERT: Possible feed lock detected in 2026-01-29_BTCUSDT_ob200.data
2026-03-21 20:50:47,950 - WARNING - ☢️ CRITICAL OUTLIER: [DNN_INPUT] pressure_ratio max (3.5121e+03) is > 15x P99. Clipping might have failed!
2026-03-21 20:50:47,952 - WARNING - ☢️ CRITICAL OUTLIER: [DNN_INPUT] lower_wick max (1.3685e-03) is > 15x P99. Clipping might have failed!
2026-03-21 20:50:47,953 - WARNING - ☢️ CRITICAL OUTLIER: [DNN_INPUT] upper_wick max (1.1738e-03) is > 15x P99. Clipping might have failed!
2026-03-21 20:50:48,051 - WARNING - ⚠️ HIGH TAIL INTENSITY: [RAW_DATA] bar_usd_volume has 87 points with Z-Score > 12.
2026-03-21 20:50:48,051 - WARNING - ⚠️ HIGH TAIL INTENSITY: [RAW_DATA] bar_btc_volume has 88 points with Z-Score > 12.
2026-03-21 20:50:48,051 - WARNING - ⚠️ HIGH TAIL INTENSITY: [DNN_INPUT] max_spread has 285 points with Z-Score > 12.
2026-03-21 20:50:48,052 - WARNING - ⚠️ HIGH TAIL INTENSITY: [DNN_INPUT] volatility has 364 points with Z-Score > 12.
2026-03-21 20:50:48,052 - WARNING - ⚠️ HIGH TAIL INTENSITY: [DNN_INPUT] micro_price_momentum has 202 points with Z-Score > 12.
2026-03-21 20:50:48,052 - WARNING - ⚠️ HIGH TAIL INTENSITY: [DNN_INPUT] bid_rdi has 111 points with Z-Score > 12.
2026-03-21 20:50:48,052 - WARNING - ⚠️ HIGH TAIL INTENSITY: [DNN_INPUT] ask_rdi has 261 points with Z-Score > 12.
2026-03-21 20:50:48,052 - WARNING - ⚠️ HIGH TAIL INTENSITY: [DNN_INPUT] pressure_ratio has 100 points with Z-Score > 12.
2026-03-21 20:50:48,052 - WARNING - ⚠️ HIGH TAIL INTENSITY: [DNN_INPUT] body has 84 points with Z-Score > 12.
2026-03-21 20:50:48,052 - WARNING - ⚠️ HIGH TAIL INTENSITY: [DNN_INPUT] upper_wick has 315 points with Z-Score > 12.
2026-03-21 20:50:48,052 - WARNING - ⚠️ HIGH TAIL INTENSITY: [DNN_INPUT] lower_wick has 191 points with Z-Score > 12.
2026-03-21 20:50:48,052 - WARNING - ⚠️ HIGH TAIL INTENSITY: [DNN_INPUT] log_ret_close has 73 points with Z-Score > 12.
2026-03-21 20:50:48,053 - WARNING - ⚠️ HIGH TAIL INTENSITY: [DNN_INPUT] bid_rdi_delta_5 has 88 points with Z-Score > 12.
2026-03-21 20:50:48,053 - WARNING - ⚠️ HIGH TAIL INTENSITY: [DNN_INPUT] ask_rdi_delta_5 has 215 points with Z-Score > 12.
2026-03-21 20:50:48,053 - WARNING - ⚠️ HIGH TAIL INTENSITY: [DNN_INPUT] micro_price_delta_5 has 11 points with Z-Score > 12.
2026-03-21 20:50:48,053 - WARNING - ⚠️ HIGH TAIL INTENSITY: [DNN_INPUT] bid_rdi_delta_30 has 158 points with Z-Score > 12.
2026-03-21 20:50:48,053 - WARNING - ⚠️ HIGH TAIL INTENSITY: [DNN_INPUT] ask_rdi_delta_30 has 340 points with Z-Score > 12.
2026-03-21 20:50:48,053 - WARNING - ⚠️ HIGH TAIL INTENSITY: [DNN_INPUT] spread_zscore_60 has 470 points with Z-Score > 12.
2026-03-21 20:50:48,053 - WARNING - ⚠️ HIGH TAIL INTENSITY: [DNN_INPUT] kyle_lambda has 63 points with Z-Score > 12.
2026-03-21 20:50:48,053 - WARNING - ⚠️ HIGH TAIL INTENSITY: [DNN_INPUT] bid_deep_ratio has 133 points with Z-Score > 12.
2026-03-21 20:50:48,053 - WARNING - ⚠️ HIGH TAIL INTENSITY: [DNN_INPUT] ask_deep_ratio has 270 points with Z-Score > 12.
2026-03-21 20:50:48,144 - INFO - ✅ Protocol Island Split: 1/1 islands survived. Total rows: 246393
2026-03-21 20:50:48,145 - INFO - 🏆 Gold Validation complete for 2026-01-29_BTCUSDT_ob200.data. Status: VALID
2026-03-21 20:50:48,430 - INFO - Successfully saved 246393 rows to data/L2/pre_processed/2026-01-29_BTCUSDT_ob200.data.parquet
2026-03-21 20:50:48,430 - INFO - ✅ Saved event-driven dataset: 2026-01-29_BTCUSDT_ob200.data.parquet
2026-03-21 20:50:48,432 - INFO - 📊 [Memory] 2026-01-29_BTCUSDT_ob200.data: 0.0MB -> 20332.2MB
2026-03-21 20:50:50,855 - INFO - 📥 DOWNLOAD FILE: BTCUSDT2026-01-31.csv.gz
2026-03-21 20:50:59,691 - INFO - 📥 DOWNLOAD: 2026-01-31_BTCUSDT_ob200.data.zip
2026-03-21 20:51:08,851 - INFO - 📂 STREAMING: 2026-01-31_BTCUSDT_ob200.data
2026-03-21 20:51:21,179 - INFO - 🗑️ CLEANUP: Deleting processed zip: 2026-01-30_BTCUSDT_ob200.data.zip
2026-03-21 20:52:08,980 - INFO - 📊 [Peak Load] 2026-01-30_BTCUSDT_ob200.data: Raw data in RAM | SYSTEM RAM: 81.49 GB (10.8%)
2026-03-21 20:52:08,998 - INFO - EventSampler iniciado. Modo: 'both' | Dollar=500000.0 | Tick=5000 | Info=100.0 | Time=300000ms
2026-03-21 20:52:15,033 - INFO - CUSUM (both): 71312 eventos. Trigger IID será aplicado dentro de cada janela CUSUM.
2026-03-21 20:52:16,269 - INFO - Barras geradas: 268621 | Ilhas: 1
2026-03-21 20:52:25,730 - INFO - 💾 Memory Optimization: Dropping 801 raw book columns.
2026-03-21 20:52:25,751 - INFO - 📊 [Drop Success] 2026-01-30_BTCUSDT_ob200.data: Columns discarded | SYSTEM RAM: 59.50 GB (7.9%)
2026-03-21 20:52:25,751 - INFO - --- Validating 2026-01-30_BTCUSDT_ob200.data ---
2026-03-21 20:52:25,763 - INFO - ✅ ARCHITECTURE INTEGRITY: 30/30 features present. Audit Scope: 46 columns (30 Features + 15 Raw/Price).
2026-03-21 20:52:25,771 - INFO - No NaNs found.
2026-03-21 20:52:25,778 - INFO - No Infinite values found.
2026-03-21 20:52:25,779 - INFO - Chronological order verified.
2026-03-21 20:52:25,786 - WARNING - ⚠️ STALE DATA ALERT: Possible feed lock detected in 2026-01-30_BTCUSDT_ob200.data
2026-03-21 20:52:25,798 - WARNING - ☢️ CRITICAL OUTLIER: [DNN_INPUT] pressure_ratio max (7.0566e+03) is > 15x P99. Clipping might have failed!
2026-03-21 20:52:25,800 - WARNING - ☢️ CRITICAL OUTLIER: [DNN_INPUT] lower_wick max (7.7872e-04) is > 15x P99. Clipping might have failed!
2026-03-21 20:52:25,802 - WARNING - ☢️ CRITICAL OUTLIER: [DNN_INPUT] upper_wick max (1.5401e-03) is > 15x P99. Clipping might have failed!
2026-03-21 20:52:25,907 - WARNING - ⚠️ HIGH TAIL INTENSITY: [RAW_DATA] bar_usd_volume has 120 points with Z-Score > 12.
2026-03-21 20:52:25,907 - WARNING - ⚠️ HIGH TAIL INTENSITY: [RAW_DATA] bar_btc_volume has 119 points with Z-Score > 12.
2026-03-21 20:52:25,907 - WARNING - ⚠️ HIGH TAIL INTENSITY: [DNN_INPUT] max_spread has 501 points with Z-Score > 12.
2026-03-21 20:52:25,907 - WARNING - ⚠️ HIGH TAIL INTENSITY: [DNN_INPUT] volatility has 269 points with Z-Score > 12.
2026-03-21 20:52:25,907 - WARNING - ⚠️ HIGH TAIL INTENSITY: [DNN_INPUT] micro_price_momentum has 199 points with Z-Score > 12.
2026-03-21 20:52:25,907 - WARNING - ⚠️ HIGH TAIL INTENSITY: [DNN_INPUT] bid_rdi has 247 points with Z-Score > 12.
2026-03-21 20:52:25,908 - WARNING - ⚠️ HIGH TAIL INTENSITY: [DNN_INPUT] ask_rdi has 111 points with Z-Score > 12.
2026-03-21 20:52:25,908 - WARNING - ⚠️ HIGH TAIL INTENSITY: [DNN_INPUT] pressure_ratio has 127 points with Z-Score > 12.
2026-03-21 20:52:25,908 - WARNING - ⚠️ HIGH TAIL INTENSITY: [DNN_INPUT] body has 61 points with Z-Score > 12.
2026-03-21 20:52:25,908 - WARNING - ⚠️ HIGH TAIL INTENSITY: [DNN_INPUT] upper_wick has 229 points with Z-Score > 12.
2026-03-21 20:52:25,908 - WARNING - ⚠️ HIGH TAIL INTENSITY: [DNN_INPUT] lower_wick has 300 points with Z-Score > 12.
2026-03-21 20:52:25,908 - WARNING - ⚠️ HIGH TAIL INTENSITY: [DNN_INPUT] log_ret_close has 57 points with Z-Score > 12.
2026-03-21 20:52:25,908 - WARNING - ⚠️ HIGH TAIL INTENSITY: [DNN_INPUT] bid_rdi_delta_5 has 178 points with Z-Score > 12.
2026-03-21 20:52:25,908 - WARNING - ⚠️ HIGH TAIL INTENSITY: [DNN_INPUT] ask_rdi_delta_5 has 76 points with Z-Score > 12.
2026-03-21 20:52:25,908 - WARNING - ⚠️ HIGH TAIL INTENSITY: [DNN_INPUT] micro_price_delta_5 has 1 points with Z-Score > 12.
2026-03-21 20:52:25,908 - WARNING - ⚠️ HIGH TAIL INTENSITY: [DNN_INPUT] bid_rdi_delta_30 has 254 points with Z-Score > 12.
2026-03-21 20:52:25,908 - WARNING - ⚠️ HIGH TAIL INTENSITY: [DNN_INPUT] ask_rdi_delta_30 has 155 points with Z-Score > 12.
2026-03-21 20:52:25,908 - WARNING - ⚠️ HIGH TAIL INTENSITY: [DNN_INPUT] spread_zscore_60 has 355 points with Z-Score > 12.
2026-03-21 20:52:25,909 - WARNING - ⚠️ HIGH TAIL INTENSITY: [DNN_INPUT] kyle_lambda has 59 points with Z-Score > 12.
2026-03-21 20:52:25,909 - WARNING - ⚠️ HIGH TAIL INTENSITY: [DNN_INPUT] bid_deep_ratio has 117 points with Z-Score > 12.
2026-03-21 20:52:25,909 - WARNING - ⚠️ HIGH TAIL INTENSITY: [DNN_INPUT] ask_deep_ratio has 112 points with Z-Score > 12.
2026-03-21 20:52:26,013 - INFO - ✅ Protocol Island Split: 1/1 islands survived. Total rows: 268621
2026-03-21 20:52:26,013 - INFO - 🏆 Gold Validation complete for 2026-01-30_BTCUSDT_ob200.data. Status: VALID
2026-03-21 20:52:26,176 - INFO - Successfully saved 268621 rows to data/L2/pre_processed/2026-01-30_BTCUSDT_ob200.data.parquet
2026-03-21 20:52:26,177 - INFO - ✅ Saved event-driven dataset: 2026-01-30_BTCUSDT_ob200.data.parquet
2026-03-21 20:52:26,179 - INFO - 📊 [Memory] 2026-01-30_BTCUSDT_ob200.data: 0.0MB -> 17196.3MB
2026-03-21 20:52:29,491 - INFO - 📥 DOWNLOAD FILE: BTCUSDT2026-02-01.csv.gz
2026-03-21 20:52:37,226 - INFO - 📥 DOWNLOAD: 2026-02-01_BTCUSDT_ob200.data.zip
2026-03-21 20:52:47,035 - INFO - 📂 STREAMING: 2026-02-01_BTCUSDT_ob200.data
2026-03-21 20:52:50,858 - INFO - 🗑️ CLEANUP: Deleting processed zip: 2026-01-31_BTCUSDT_ob200.data.zip
2026-03-21 20:53:39,496 - INFO - 📊 [Peak Load] 2026-01-31_BTCUSDT_ob200.data: Raw data in RAM | SYSTEM RAM: 86.24 GB (11.4%)
2026-03-21 20:53:39,525 - INFO - EventSampler iniciado. Modo: 'both' | Dollar=500000.0 | Tick=5000 | Info=100.0 | Time=300000ms
2026-03-21 20:53:46,658 - INFO - CUSUM (both): 63255 eventos. Trigger IID será aplicado dentro de cada janela CUSUM.
2026-03-21 20:53:48,015 - INFO - Barras geradas: 241620 | Ilhas: 1
2026-03-21 20:53:57,285 - INFO - 💾 Memory Optimization: Dropping 801 raw book columns.
2026-03-21 20:53:57,302 - INFO - 📊 [Drop Success] 2026-01-31_BTCUSDT_ob200.data: Columns discarded | SYSTEM RAM: 59.93 GB (7.9%)
2026-03-21 20:53:57,302 - INFO - --- Validating 2026-01-31_BTCUSDT_ob200.data ---
2026-03-21 20:53:57,316 - INFO - ✅ ARCHITECTURE INTEGRITY: 30/30 features present. Audit Scope: 46 columns (30 Features + 15 Raw/Price).
2026-03-21 20:53:57,323 - INFO - No NaNs found.
2026-03-21 20:53:57,330 - INFO - No Infinite values found.
2026-03-21 20:53:57,331 - INFO - Chronological order verified.
2026-03-21 20:53:57,337 - WARNING - ⚠️ STALE DATA ALERT: Possible feed lock detected in 2026-01-31_BTCUSDT_ob200.data
2026-03-21 20:53:57,346 - WARNING - ☢️ CRITICAL OUTLIER: [DNN_INPUT] pressure_ratio max (2.0031e+03) is > 15x P99. Clipping might have failed!
2026-03-21 20:53:57,348 - WARNING - ☢️ CRITICAL OUTLIER: [DNN_INPUT] lower_wick max (1.7557e-03) is > 15x P99. Clipping might have failed!
2026-03-21 20:53:57,350 - WARNING - ☢️ CRITICAL OUTLIER: [DNN_INPUT] upper_wick max (3.5668e-03) is > 15x P99. Clipping might have failed!
2026-03-21 20:53:57,353 - WARNING - ☢️ CRITICAL OUTLIER: [DNN_INPUT] body max (2.9957e-03) is > 15x P99. Clipping might have failed!
2026-03-21 20:53:57,449 - WARNING - ⚠️ HIGH TAIL INTENSITY: [RAW_DATA] bar_usd_volume has 88 points with Z-Score > 12.
2026-03-21 20:53:57,449 - WARNING - ⚠️ HIGH TAIL INTENSITY: [RAW_DATA] bar_btc_volume has 87 points with Z-Score > 12.
2026-03-21 20:53:57,450 - WARNING - ⚠️ HIGH TAIL INTENSITY: [DNN_INPUT] max_spread has 177 points with Z-Score > 12.
2026-03-21 20:53:57,450 - WARNING - ⚠️ HIGH TAIL INTENSITY: [DNN_INPUT] volatility has 304 points with Z-Score > 12.
2026-03-21 20:53:57,450 - WARNING - ⚠️ HIGH TAIL INTENSITY: [DNN_INPUT] micro_price_momentum has 188 points with Z-Score > 12.
2026-03-21 20:53:57,450 - WARNING - ⚠️ HIGH TAIL INTENSITY: [DNN_INPUT] bid_rdi has 32 points with Z-Score > 12.
2026-03-21 20:53:57,450 - WARNING - ⚠️ HIGH TAIL INTENSITY: [DNN_INPUT] ask_rdi has 208 points with Z-Score > 12.
2026-03-21 20:53:57,450 - WARNING - ⚠️ HIGH TAIL INTENSITY: [DNN_INPUT] pressure_ratio has 209 points with Z-Score > 12.
2026-03-21 20:53:57,450 - WARNING - ⚠️ HIGH TAIL INTENSITY: [DNN_INPUT] body has 92 points with Z-Score > 12.
2026-03-21 20:53:57,450 - WARNING - ⚠️ HIGH TAIL INTENSITY: [DNN_INPUT] upper_wick has 180 points with Z-Score > 12.
2026-03-21 20:53:57,450 - WARNING - ⚠️ HIGH TAIL INTENSITY: [DNN_INPUT] lower_wick has 174 points with Z-Score > 12.
2026-03-21 20:53:57,451 - WARNING - ⚠️ HIGH TAIL INTENSITY: [DNN_INPUT] log_ret_close has 107 points with Z-Score > 12.
2026-03-21 20:53:57,451 - WARNING - ⚠️ HIGH TAIL INTENSITY: [DNN_INPUT] bid_rdi_delta_5 has 60 points with Z-Score > 12.
2026-03-21 20:53:57,451 - WARNING - ⚠️ HIGH TAIL INTENSITY: [DNN_INPUT] ask_rdi_delta_5 has 178 points with Z-Score > 12.
2026-03-21 20:53:57,451 - WARNING - ⚠️ HIGH TAIL INTENSITY: [DNN_INPUT] micro_price_delta_5 has 12 points with Z-Score > 12.
2026-03-21 20:53:57,451 - WARNING - ⚠️ HIGH TAIL INTENSITY: [DNN_INPUT] bid_rdi_delta_30 has 58 points with Z-Score > 12.
2026-03-21 20:53:57,451 - WARNING - ⚠️ HIGH TAIL INTENSITY: [DNN_INPUT] ask_rdi_delta_30 has 252 points with Z-Score > 12.
2026-03-21 20:53:57,451 - WARNING - ⚠️ HIGH TAIL INTENSITY: [DNN_INPUT] spread_zscore_60 has 434 points with Z-Score > 12.
2026-03-21 20:53:57,451 - WARNING - ⚠️ HIGH TAIL INTENSITY: [DNN_INPUT] kyle_lambda has 119 points with Z-Score > 12.
2026-03-21 20:53:57,451 - WARNING - ⚠️ HIGH TAIL INTENSITY: [DNN_INPUT] bid_deep_ratio has 120 points with Z-Score > 12.
2026-03-21 20:53:57,451 - WARNING - ⚠️ HIGH TAIL INTENSITY: [DNN_INPUT] ask_deep_ratio has 48 points with Z-Score > 12.
2026-03-21 20:53:57,542 - INFO - ✅ Protocol Island Split: 1/1 islands survived. Total rows: 241620
2026-03-21 20:53:57,542 - INFO - 🏆 Gold Validation complete for 2026-01-31_BTCUSDT_ob200.data. Status: VALID
2026-03-21 20:53:57,678 - INFO - Successfully saved 241620 rows to data/L2/pre_processed/2026-01-31_BTCUSDT_ob200.data.parquet
2026-03-21 20:53:57,678 - INFO - ✅ Saved event-driven dataset: 2026-01-31_BTCUSDT_ob200.data.parquet
2026-03-21 20:53:57,679 - INFO - 📊 [Memory] 2026-01-31_BTCUSDT_ob200.data: 0.0MB -> 20594.9MB
2026-03-21 20:54:00,212 - INFO - 📥 DOWNLOAD FILE: BTCUSDT2026-02-02.csv.gz
2026-03-21 20:54:10,657 - INFO - 📥 DOWNLOAD: 2026-02-02_BTCUSDT_ob200.data.zip
2026-03-21 20:54:21,225 - INFO - 📂 STREAMING: 2026-02-02_BTCUSDT_ob200.data
2026-03-21 20:54:22,183 - INFO - 🗑️ CLEANUP: Deleting processed zip: 2026-02-01_BTCUSDT_ob200.data.zip
2026-03-21 20:55:01,738 - INFO - 📊 [Peak Load] 2026-02-01_BTCUSDT_ob200.data: Raw data in RAM | SYSTEM RAM: 78.23 GB (10.4%)
2026-03-21 20:55:01,754 - INFO - EventSampler iniciado. Modo: 'both' | Dollar=500000.0 | Tick=5000 | Info=100.0 | Time=300000ms
2026-03-21 20:55:06,628 - INFO - CUSUM (both): 71799 eventos. Trigger IID será aplicado dentro de cada janela CUSUM.
2026-03-21 20:55:07,735 - INFO - Barras geradas: 208839 | Ilhas: 1
2026-03-21 20:55:15,178 - INFO - 💾 Memory Optimization: Dropping 801 raw book columns.
2026-03-21 20:55:15,197 - INFO - 📊 [Drop Success] 2026-02-01_BTCUSDT_ob200.data: Columns discarded | SYSTEM RAM: 59.46 GB (7.9%)
2026-03-21 20:55:15,197 - INFO - --- Validating 2026-02-01_BTCUSDT_ob200.data ---
2026-03-21 20:55:15,208 - INFO - ✅ ARCHITECTURE INTEGRITY: 30/30 features present. Audit Scope: 46 columns (30 Features + 15 Raw/Price).
2026-03-21 20:55:15,215 - INFO - No NaNs found.
2026-03-21 20:55:15,221 - INFO - No Infinite values found.
2026-03-21 20:55:15,222 - INFO - Chronological order verified.
2026-03-21 20:55:15,228 - WARNING - ⚠️ STALE DATA ALERT: Possible feed lock detected in 2026-02-01_BTCUSDT_ob200.data
2026-03-21 20:55:15,237 - WARNING - ☢️ CRITICAL OUTLIER: [DNN_INPUT] pressure_ratio max (4.5080e+03) is > 15x P99. Clipping might have failed!
2026-03-21 20:55:15,240 - WARNING - ☢️ CRITICAL OUTLIER: [DNN_INPUT] upper_wick max (8.3494e-04) is > 15x P99. Clipping might have failed!
2026-03-21 20:55:15,244 - WARNING - ☢️ CRITICAL OUTLIER: [DNN_INPUT] max_spread max (1.3500e+01) is > 15x P99. Clipping might have failed!
2026-03-21 20:55:15,324 - WARNING - ⚠️ HIGH TAIL INTENSITY: [RAW_DATA] bar_usd_volume has 45 points with Z-Score > 12.
2026-03-21 20:55:15,325 - WARNING - ⚠️ HIGH TAIL INTENSITY: [RAW_DATA] bar_btc_volume has 46 points with Z-Score > 12.
2026-03-21 20:55:15,325 - WARNING - ⚠️ HIGH TAIL INTENSITY: [DNN_INPUT] max_spread has 382 points with Z-Score > 12.
2026-03-21 20:55:15,325 - WARNING - ⚠️ HIGH TAIL INTENSITY: [DNN_INPUT] volatility has 138 points with Z-Score > 12.
2026-03-21 20:55:15,325 - WARNING - ⚠️ HIGH TAIL INTENSITY: [DNN_INPUT] micro_price_momentum has 144 points with Z-Score > 12.
2026-03-21 20:55:15,325 - WARNING - ⚠️ HIGH TAIL INTENSITY: [DNN_INPUT] bid_rdi has 137 points with Z-Score > 12.
2026-03-21 20:55:15,325 - WARNING - ⚠️ HIGH TAIL INTENSITY: [DNN_INPUT] ask_rdi has 205 points with Z-Score > 12.
2026-03-21 20:55:15,325 - WARNING - ⚠️ HIGH TAIL INTENSITY: [DNN_INPUT] pressure_ratio has 222 points with Z-Score > 12.
2026-03-21 20:55:15,325 - WARNING - ⚠️ HIGH TAIL INTENSITY: [DNN_INPUT] body has 15 points with Z-Score > 12.
2026-03-21 20:55:15,326 - WARNING - ⚠️ HIGH TAIL INTENSITY: [DNN_INPUT] upper_wick has 241 points with Z-Score > 12.
2026-03-21 20:55:15,326 - WARNING - ⚠️ HIGH TAIL INTENSITY: [DNN_INPUT] lower_wick has 254 points with Z-Score > 12.
2026-03-21 20:55:15,326 - WARNING - ⚠️ HIGH TAIL INTENSITY: [DNN_INPUT] log_ret_close has 13 points with Z-Score > 12.
2026-03-21 20:55:15,326 - WARNING - ⚠️ HIGH TAIL INTENSITY: [DNN_INPUT] bid_rdi_delta_5 has 127 points with Z-Score > 12.
2026-03-21 20:55:15,326 - WARNING - ⚠️ HIGH TAIL INTENSITY: [DNN_INPUT] ask_rdi_delta_5 has 161 points with Z-Score > 12.
2026-03-21 20:55:15,326 - WARNING - ⚠️ HIGH TAIL INTENSITY: [DNN_INPUT] bid_rdi_delta_30 has 182 points with Z-Score > 12.
2026-03-21 20:55:15,326 - WARNING - ⚠️ HIGH TAIL INTENSITY: [DNN_INPUT] ask_rdi_delta_30 has 276 points with Z-Score > 12.
2026-03-21 20:55:15,326 - WARNING - ⚠️ HIGH TAIL INTENSITY: [DNN_INPUT] spread_zscore_60 has 350 points with Z-Score > 12.
2026-03-21 20:55:15,326 - WARNING - ⚠️ HIGH TAIL INTENSITY: [DNN_INPUT] kyle_lambda has 48 points with Z-Score > 12.
2026-03-21 20:55:15,326 - WARNING - ⚠️ HIGH TAIL INTENSITY: [DNN_INPUT] bid_deep_ratio has 129 points with Z-Score > 12.
2026-03-21 20:55:15,326 - WARNING - ⚠️ HIGH TAIL INTENSITY: [DNN_INPUT] ask_deep_ratio has 16 points with Z-Score > 12.
2026-03-21 20:55:15,409 - INFO - ✅ Protocol Island Split: 1/1 islands survived. Total rows: 208839
2026-03-21 20:55:15,409 - INFO - 🏆 Gold Validation complete for 2026-02-01_BTCUSDT_ob200.data. Status: VALID
2026-03-21 20:55:15,710 - INFO - Successfully saved 208839 rows to data/L2/pre_processed/2026-02-01_BTCUSDT_ob200.data.parquet
2026-03-21 20:55:15,710 - INFO - ✅ Saved event-driven dataset: 2026-02-01_BTCUSDT_ob200.data.parquet
2026-03-21 20:55:15,712 - INFO - 📊 [Memory] 2026-02-01_BTCUSDT_ob200.data: 0.0MB -> 17282.7MB
2026-03-21 20:55:18,737 - INFO - 📥 DOWNLOAD FILE: BTCUSDT2026-02-03.csv.gz
2026-03-21 20:55:43,709 - INFO - 📥 DOWNLOAD: 2026-02-03_BTCUSDT_ob200.data.zip
2026-03-21 20:55:56,071 - INFO - 📂 STREAMING: 2026-02-03_BTCUSDT_ob200.data
2026-03-21 20:56:09,651 - INFO - 🗑️ CLEANUP: Deleting processed zip: 2026-02-02_BTCUSDT_ob200.data.zip
2026-03-21 20:56:57,491 - INFO - 📊 [Peak Load] 2026-02-02_BTCUSDT_ob200.data: Raw data in RAM | SYSTEM RAM: 85.05 GB (11.3%)
2026-03-21 20:56:57,512 - INFO - EventSampler iniciado. Modo: 'both' | Dollar=500000.0 | Tick=5000 | Info=100.0 | Time=300000ms
2026-03-21 20:57:04,023 - INFO - CUSUM (both): 97465 eventos. Trigger IID será aplicado dentro de cada janela CUSUM.
2026-03-21 20:57:05,400 - INFO - Barras geradas: 248402 | Ilhas: 1
2026-03-21 20:57:14,491 - INFO - 💾 Memory Optimization: Dropping 801 raw book columns.
2026-03-21 20:57:14,509 - INFO - 📊 [Drop Success] 2026-02-02_BTCUSDT_ob200.data: Columns discarded | SYSTEM RAM: 59.99 GB (7.9%)
2026-03-21 20:57:14,509 - INFO - --- Validating 2026-02-02_BTCUSDT_ob200.data ---
2026-03-21 20:57:14,522 - INFO - ✅ ARCHITECTURE INTEGRITY: 30/30 features present. Audit Scope: 46 columns (30 Features + 15 Raw/Price).
2026-03-21 20:57:14,532 - INFO - No NaNs found.
2026-03-21 20:57:14,539 - INFO - No Infinite values found.
2026-03-21 20:57:14,540 - INFO - Chronological order verified.
2026-03-21 20:57:14,550 - WARNING - ⚠️ STALE DATA ALERT: Possible feed lock detected in 2026-02-02_BTCUSDT_ob200.data
2026-03-21 20:57:14,560 - WARNING - ☢️ CRITICAL OUTLIER: [DNN_INPUT] pressure_ratio max (1.3291e+03) is > 15x P99. Clipping might have failed!
2026-03-21 20:57:14,562 - WARNING - ☢️ CRITICAL OUTLIER: [DNN_INPUT] lower_wick max (1.3810e-03) is > 15x P99. Clipping might have failed!
2026-03-21 20:57:14,565 - WARNING - ☢️ CRITICAL OUTLIER: [DNN_INPUT] upper_wick max (1.0725e-03) is > 15x P99. Clipping might have failed!
2026-03-21 20:57:14,570 - WARNING - ☢️ CRITICAL OUTLIER: [DNN_INPUT] max_spread max (1.5900e+01) is > 15x P99. Clipping might have failed!
2026-03-21 20:57:14,673 - WARNING - ⚠️ HIGH TAIL INTENSITY: [RAW_DATA] bar_usd_volume has 110 points with Z-Score > 12.
2026-03-21 20:57:14,674 - WARNING - ⚠️ HIGH TAIL INTENSITY: [RAW_DATA] bar_btc_volume has 110 points with Z-Score > 12.
2026-03-21 20:57:14,674 - WARNING - ⚠️ HIGH TAIL INTENSITY: [DNN_INPUT] max_spread has 370 points with Z-Score > 12.
2026-03-21 20:57:14,674 - WARNING - ⚠️ HIGH TAIL INTENSITY: [DNN_INPUT] volatility has 140 points with Z-Score > 12.
2026-03-21 20:57:14,674 - WARNING - ⚠️ HIGH TAIL INTENSITY: [DNN_INPUT] micro_price_momentum has 194 points with Z-Score > 12.
2026-03-21 20:57:14,674 - WARNING - ⚠️ HIGH TAIL INTENSITY: [DNN_INPUT] bid_rdi has 65 points with Z-Score > 12.
2026-03-21 20:57:14,675 - WARNING - ⚠️ HIGH TAIL INTENSITY: [DNN_INPUT] ask_rdi has 177 points with Z-Score > 12.
2026-03-21 20:57:14,675 - WARNING - ⚠️ HIGH TAIL INTENSITY: [DNN_INPUT] pressure_ratio has 213 points with Z-Score > 12.
2026-03-21 20:57:14,675 - WARNING - ⚠️ HIGH TAIL INTENSITY: [DNN_INPUT] body has 22 points with Z-Score > 12.
2026-03-21 20:57:14,675 - WARNING - ⚠️ HIGH TAIL INTENSITY: [DNN_INPUT] upper_wick has 237 points with Z-Score > 12.
2026-03-21 20:57:14,675 - WARNING - ⚠️ HIGH TAIL INTENSITY: [DNN_INPUT] lower_wick has 191 points with Z-Score > 12.
2026-03-21 20:57:14,675 - WARNING - ⚠️ HIGH TAIL INTENSITY: [DNN_INPUT] log_ret_close has 21 points with Z-Score > 12.
2026-03-21 20:57:14,675 - WARNING - ⚠️ HIGH TAIL INTENSITY: [DNN_INPUT] bid_rdi_delta_5 has 80 points with Z-Score > 12.
2026-03-21 20:57:14,675 - WARNING - ⚠️ HIGH TAIL INTENSITY: [DNN_INPUT] ask_rdi_delta_5 has 76 points with Z-Score > 12.
2026-03-21 20:57:14,675 - WARNING - ⚠️ HIGH TAIL INTENSITY: [DNN_INPUT] bid_rdi_delta_30 has 42 points with Z-Score > 12.
2026-03-21 20:57:14,675 - WARNING - ⚠️ HIGH TAIL INTENSITY: [DNN_INPUT] ask_rdi_delta_30 has 148 points with Z-Score > 12.
2026-03-21 20:57:14,675 - WARNING - ⚠️ HIGH TAIL INTENSITY: [DNN_INPUT] spread_zscore_60 has 503 points with Z-Score > 12.
2026-03-21 20:57:14,676 - WARNING - ⚠️ HIGH TAIL INTENSITY: [DNN_INPUT] kyle_lambda has 74 points with Z-Score > 12.
2026-03-21 20:57:14,676 - WARNING - ⚠️ HIGH TAIL INTENSITY: [DNN_INPUT] bid_deep_ratio has 22 points with Z-Score > 12.
2026-03-21 20:57:14,676 - WARNING - ⚠️ HIGH TAIL INTENSITY: [DNN_INPUT] ask_deep_ratio has 32 points with Z-Score > 12.
2026-03-21 20:57:14,771 - INFO - ✅ Protocol Island Split: 1/1 islands survived. Total rows: 248402
2026-03-21 20:57:14,771 - INFO - 🏆 Gold Validation complete for 2026-02-02_BTCUSDT_ob200.data. Status: VALID
2026-03-21 20:57:14,932 - INFO - Successfully saved 248402 rows to data/L2/pre_processed/2026-02-02_BTCUSDT_ob200.data.parquet
2026-03-21 20:57:14,932 - INFO - ✅ Saved event-driven dataset: 2026-02-02_BTCUSDT_ob200.data.parquet
2026-03-21 20:57:14,934 - INFO - 📊 [Memory] 2026-02-02_BTCUSDT_ob200.data: 0.0MB -> 21013.0MB
2026-03-21 20:57:19,019 - INFO - 📥 DOWNLOAD FILE: BTCUSDT2026-02-04.csv.gz
2026-03-21 20:57:38,038 - INFO - 📥 DOWNLOAD: 2026-02-04_BTCUSDT_ob200.data.zip
2026-03-21 20:57:44,098 - INFO - 🗑️ CLEANUP: Deleting processed zip: 2026-02-03_BTCUSDT_ob200.data.zip
2026-03-21 20:57:48,355 - INFO - 📂 STREAMING: 2026-02-04_BTCUSDT_ob200.data
2026-03-21 20:58:35,680 - INFO - 📊 [Peak Load] 2026-02-03_BTCUSDT_ob200.data: Raw data in RAM | SYSTEM RAM: 84.43 GB (11.2%)
2026-03-21 20:58:35,701 - INFO - EventSampler iniciado. Modo: 'both' | Dollar=500000.0 | Tick=5000 | Info=100.0 | Time=300000ms
2026-03-21 20:58:42,151 - INFO - CUSUM (both): 83512 eventos. Trigger IID será aplicado dentro de cada janela CUSUM.
2026-03-21 20:58:43,417 - INFO - Barras geradas: 266310 | Ilhas: 1
2026-03-21 20:58:52,991 - INFO - 💾 Memory Optimization: Dropping 801 raw book columns.
2026-03-21 20:58:53,029 - INFO - 📊 [Drop Success] 2026-02-03_BTCUSDT_ob200.data: Columns discarded | SYSTEM RAM: 59.55 GB (7.9%)
2026-03-21 20:58:53,030 - INFO - --- Validating 2026-02-03_BTCUSDT_ob200.data ---
2026-03-21 20:58:53,047 - INFO - ✅ ARCHITECTURE INTEGRITY: 30/30 features present. Audit Scope: 46 columns (30 Features + 15 Raw/Price).
2026-03-21 20:58:53,055 - INFO - No NaNs found.
2026-03-21 20:58:53,063 - INFO - No Infinite values found.
2026-03-21 20:58:53,064 - INFO - Chronological order verified.
2026-03-21 20:58:53,070 - WARNING - ⚠️ STALE DATA ALERT: Possible feed lock detected in 2026-02-03_BTCUSDT_ob200.data
2026-03-21 20:58:53,081 - WARNING - ☢️ CRITICAL OUTLIER: [DNN_INPUT] pressure_ratio max (3.0020e+03) is > 15x P99. Clipping might have failed!
2026-03-21 20:58:53,083 - WARNING - ☢️ CRITICAL OUTLIER: [DNN_INPUT] lower_wick max (1.5523e-03) is > 15x P99. Clipping might have failed!
2026-03-21 20:58:53,085 - WARNING - ☢️ CRITICAL OUTLIER: [DNN_INPUT] upper_wick max (1.9313e-03) is > 15x P99. Clipping might have failed!
2026-03-21 20:58:53,090 - WARNING - ☢️ CRITICAL OUTLIER: [DNN_INPUT] max_spread max (1.7300e+01) is > 15x P99. Clipping might have failed!
2026-03-21 20:58:53,196 - WARNING - ⚠️ HIGH TAIL INTENSITY: [RAW_DATA] bar_usd_volume has 118 points with Z-Score > 12.
2026-03-21 20:58:53,196 - WARNING - ⚠️ HIGH TAIL INTENSITY: [RAW_DATA] bar_btc_volume has 117 points with Z-Score > 12.
2026-03-21 20:58:53,196 - WARNING - ⚠️ HIGH TAIL INTENSITY: [DNN_INPUT] max_spread has 560 points with Z-Score > 12.
2026-03-21 20:58:53,196 - WARNING - ⚠️ HIGH TAIL INTENSITY: [DNN_INPUT] volatility has 204 points with Z-Score > 12.
2026-03-21 20:58:53,197 - WARNING - ⚠️ HIGH TAIL INTENSITY: [DNN_INPUT] micro_price_momentum has 214 points with Z-Score > 12.
2026-03-21 20:58:53,197 - WARNING - ⚠️ HIGH TAIL INTENSITY: [DNN_INPUT] bid_rdi has 359 points with Z-Score > 12.
2026-03-21 20:58:53,197 - WARNING - ⚠️ HIGH TAIL INTENSITY: [DNN_INPUT] ask_rdi has 217 points with Z-Score > 12.
2026-03-21 20:58:53,197 - WARNING - ⚠️ HIGH TAIL INTENSITY: [DNN_INPUT] pressure_ratio has 237 points with Z-Score > 12.
2026-03-21 20:58:53,197 - WARNING - ⚠️ HIGH TAIL INTENSITY: [DNN_INPUT] body has 73 points with Z-Score > 12.
2026-03-21 20:58:53,197 - WARNING - ⚠️ HIGH TAIL INTENSITY: [DNN_INPUT] upper_wick has 220 points with Z-Score > 12.
2026-03-21 20:58:53,197 - WARNING - ⚠️ HIGH TAIL INTENSITY: [DNN_INPUT] lower_wick has 230 points with Z-Score > 12.
2026-03-21 20:58:53,197 - WARNING - ⚠️ HIGH TAIL INTENSITY: [DNN_INPUT] log_ret_close has 86 points with Z-Score > 12.
2026-03-21 20:58:53,197 - WARNING - ⚠️ HIGH TAIL INTENSITY: [DNN_INPUT] bid_rdi_delta_5 has 300 points with Z-Score > 12.
2026-03-21 20:58:53,197 - WARNING - ⚠️ HIGH TAIL INTENSITY: [DNN_INPUT] ask_rdi_delta_5 has 148 points with Z-Score > 12.
2026-03-21 20:58:53,198 - WARNING - ⚠️ HIGH TAIL INTENSITY: [DNN_INPUT] micro_price_delta_5 has 3 points with Z-Score > 12.
2026-03-21 20:58:53,198 - WARNING - ⚠️ HIGH TAIL INTENSITY: [DNN_INPUT] bid_rdi_delta_30 has 466 points with Z-Score > 12.
2026-03-21 20:58:53,198 - WARNING - ⚠️ HIGH TAIL INTENSITY: [DNN_INPUT] ask_rdi_delta_30 has 210 points with Z-Score > 12.
2026-03-21 20:58:53,198 - WARNING - ⚠️ HIGH TAIL INTENSITY: [DNN_INPUT] spread_zscore_60 has 446 points with Z-Score > 12.
2026-03-21 20:58:53,198 - WARNING - ⚠️ HIGH TAIL INTENSITY: [DNN_INPUT] kyle_lambda has 69 points with Z-Score > 12.
2026-03-21 20:58:53,198 - WARNING - ⚠️ HIGH TAIL INTENSITY: [DNN_INPUT] bid_deep_ratio has 44 points with Z-Score > 12.
2026-03-21 20:58:53,198 - WARNING - ⚠️ HIGH TAIL INTENSITY: [DNN_INPUT] ask_deep_ratio has 41 points with Z-Score > 12.
2026-03-21 20:58:53,299 - INFO - ✅ Protocol Island Split: 1/1 islands survived. Total rows: 266310
2026-03-21 20:58:53,300 - INFO - 🏆 Gold Validation complete for 2026-02-03_BTCUSDT_ob200.data. Status: VALID
2026-03-21 20:58:53,477 - INFO - Successfully saved 266310 rows to data/L2/pre_processed/2026-02-03_BTCUSDT_ob200.data.parquet
2026-03-21 20:58:53,477 - INFO - ✅ Saved event-driven dataset: 2026-02-03_BTCUSDT_ob200.data.parquet
2026-03-21 20:58:53,479 - INFO - 📊 [Memory] 2026-02-03_BTCUSDT_ob200.data: 0.0MB -> 17588.5MB
2026-03-21 20:58:56,716 - INFO - 📥 DOWNLOAD FILE: BTCUSDT2026-02-05.csv.gz
2026-03-21 20:59:07,646 - INFO - 📥 DOWNLOAD: 2026-02-05_BTCUSDT_ob200.data.zip
2026-03-21 20:59:23,176 - INFO - 📂 STREAMING: 2026-02-05_BTCUSDT_ob200.data
2026-03-21 20:59:43,258 - INFO - 🗑️ CLEANUP: Deleting processed zip: 2026-02-04_BTCUSDT_ob200.data.zip
2026-03-21 21:00:34,593 - INFO - 📊 [Peak Load] 2026-02-04_BTCUSDT_ob200.data: Raw data in RAM | SYSTEM RAM: 87.28 GB (11.6%)
2026-03-21 21:00:34,615 - INFO - EventSampler iniciado. Modo: 'both' | Dollar=500000.0 | Tick=5000 | Info=100.0 | Time=300000ms
2026-03-21 21:00:41,788 - INFO - CUSUM (both): 84315 eventos. Trigger IID será aplicado dentro de cada janela CUSUM.
2026-03-21 21:00:43,296 - INFO - Barras geradas: 260053 | Ilhas: 1
2026-03-21 21:00:52,911 - INFO - 💾 Memory Optimization: Dropping 801 raw book columns.
2026-03-21 21:00:52,933 - INFO - 📊 [Drop Success] 2026-02-04_BTCUSDT_ob200.data: Columns discarded | SYSTEM RAM: 59.54 GB (7.9%)
2026-03-21 21:00:52,933 - INFO - --- Validating 2026-02-04_BTCUSDT_ob200.data ---
2026-03-21 21:00:52,947 - INFO - ✅ ARCHITECTURE INTEGRITY: 30/30 features present. Audit Scope: 46 columns (30 Features + 15 Raw/Price).
2026-03-21 21:00:52,955 - INFO - No NaNs found.
2026-03-21 21:00:52,963 - INFO - No Infinite values found.
2026-03-21 21:00:52,964 - INFO - Chronological order verified.
2026-03-21 21:00:52,971 - WARNING - ⚠️ STALE DATA ALERT: Possible feed lock detected in 2026-02-04_BTCUSDT_ob200.data
2026-03-21 21:00:52,981 - WARNING - ☢️ CRITICAL OUTLIER: [DNN_INPUT] pressure_ratio max (1.5693e+03) is > 15x P99. Clipping might have failed!
2026-03-21 21:00:52,983 - WARNING - ☢️ CRITICAL OUTLIER: [DNN_INPUT] lower_wick max (1.7897e-03) is > 15x P99. Clipping might have failed!
2026-03-21 21:00:52,985 - WARNING - ☢️ CRITICAL OUTLIER: [DNN_INPUT] upper_wick max (1.8078e-03) is > 15x P99. Clipping might have failed!
2026-03-21 21:00:52,989 - WARNING - ☢️ CRITICAL OUTLIER: [DNN_INPUT] max_spread max (3.9900e+01) is > 15x P99. Clipping might have failed!
2026-03-21 21:00:53,094 - WARNING - ⚠️ HIGH TAIL INTENSITY: [RAW_DATA] bar_usd_volume has 99 points with Z-Score > 12.
2026-03-21 21:00:53,094 - WARNING - ⚠️ HIGH TAIL INTENSITY: [RAW_DATA] bar_btc_volume has 97 points with Z-Score > 12.
2026-03-21 21:00:53,094 - WARNING - ⚠️ HIGH TAIL INTENSITY: [DNN_INPUT] max_spread has 201 points with Z-Score > 12.
2026-03-21 21:00:53,094 - WARNING - ⚠️ HIGH TAIL INTENSITY: [DNN_INPUT] volatility has 275 points with Z-Score > 12.
2026-03-21 21:00:53,095 - WARNING - ⚠️ HIGH TAIL INTENSITY: [DNN_INPUT] micro_price_momentum has 178 points with Z-Score > 12.
2026-03-21 21:00:53,095 - WARNING - ⚠️ HIGH TAIL INTENSITY: [DNN_INPUT] bid_rdi has 246 points with Z-Score > 12.
2026-03-21 21:00:53,095 - WARNING - ⚠️ HIGH TAIL INTENSITY: [DNN_INPUT] ask_rdi has 208 points with Z-Score > 12.
2026-03-21 21:00:53,095 - WARNING - ⚠️ HIGH TAIL INTENSITY: [DNN_INPUT] pressure_ratio has 178 points with Z-Score > 12.
2026-03-21 21:00:53,095 - WARNING - ⚠️ HIGH TAIL INTENSITY: [DNN_INPUT] body has 85 points with Z-Score > 12.
2026-03-21 21:00:53,095 - WARNING - ⚠️ HIGH TAIL INTENSITY: [DNN_INPUT] upper_wick has 231 points with Z-Score > 12.
2026-03-21 21:00:53,095 - WARNING - ⚠️ HIGH TAIL INTENSITY: [DNN_INPUT] lower_wick has 189 points with Z-Score > 12.
2026-03-21 21:00:53,095 - WARNING - ⚠️ HIGH TAIL INTENSITY: [DNN_INPUT] log_ret_close has 82 points with Z-Score > 12.
2026-03-21 21:00:53,096 - WARNING - ⚠️ HIGH TAIL INTENSITY: [DNN_INPUT] bid_rdi_delta_5 has 212 points with Z-Score > 12.
2026-03-21 21:00:53,096 - WARNING - ⚠️ HIGH TAIL INTENSITY: [DNN_INPUT] ask_rdi_delta_5 has 165 points with Z-Score > 12.
2026-03-21 21:00:53,096 - WARNING - ⚠️ HIGH TAIL INTENSITY: [DNN_INPUT] bid_rdi_delta_30 has 286 points with Z-Score > 12.
2026-03-21 21:00:53,096 - WARNING - ⚠️ HIGH TAIL INTENSITY: [DNN_INPUT] ask_rdi_delta_30 has 226 points with Z-Score > 12.
2026-03-21 21:00:53,096 - WARNING - ⚠️ HIGH TAIL INTENSITY: [DNN_INPUT] spread_zscore_60 has 513 points with Z-Score > 12.
2026-03-21 21:00:53,096 - WARNING - ⚠️ HIGH TAIL INTENSITY: [DNN_INPUT] kyle_lambda has 86 points with Z-Score > 12.
2026-03-21 21:00:53,096 - WARNING - ⚠️ HIGH TAIL INTENSITY: [DNN_INPUT] bid_deep_ratio has 60 points with Z-Score > 12.
2026-03-21 21:00:53,096 - WARNING - ⚠️ HIGH TAIL INTENSITY: [DNN_INPUT] ask_deep_ratio has 51 points with Z-Score > 12.
2026-03-21 21:00:53,197 - INFO - ✅ Protocol Island Split: 1/1 islands survived. Total rows: 260053
2026-03-21 21:00:53,198 - INFO - 🏆 Gold Validation complete for 2026-02-04_BTCUSDT_ob200.data. Status: VALID
2026-03-21 21:00:53,482 - INFO - Successfully saved 260053 rows to data/L2/pre_processed/2026-02-04_BTCUSDT_ob200.data.parquet
2026-03-21 21:00:53,483 - INFO - ✅ Saved event-driven dataset: 2026-02-04_BTCUSDT_ob200.data.parquet
2026-03-21 21:00:53,484 - INFO - 📊 [Memory] 2026-02-04_BTCUSDT_ob200.data: 0.0MB -> 21057.9MB
2026-03-21 21:00:56,487 - INFO - 📥 DOWNLOAD FILE: BTCUSDT2026-02-06.csv.gz
2026-03-21 21:01:05,325 - INFO - 📥 DOWNLOAD: 2026-02-06_BTCUSDT_ob200.data.zip
2026-03-21 21:01:49,662 - INFO - 📂 STREAMING: 2026-02-06_BTCUSDT_ob200.data
2026-03-21 21:02:30,683 - INFO - 🗑️ CLEANUP: Deleting processed zip: 2026-02-05_BTCUSDT_ob200.data.zip
2026-03-21 21:04:03,474 - INFO - 🗑️ CLEANUP: Deleting processed zip: 2026-02-06_BTCUSDT_ob200.data.zip
2026-03-21 21:04:34,153 - INFO - 📊 [Peak Load] 2026-02-05_BTCUSDT_ob200.data: Raw data in RAM | SYSTEM RAM: 191.20 GB (25.3%)
2026-03-21 21:04:34,196 - INFO - EventSampler iniciado. Modo: 'both' | Dollar=500000.0 | Tick=5000 | Info=100.0 | Time=300000ms
2026-03-21 21:04:50,898 - INFO - CUSUM (both): 128450 eventos. Trigger IID será aplicado dentro de cada janela CUSUM.
2026-03-21 21:04:54,566 - INFO - Barras geradas: 448322 | Ilhas: 1
2026-03-21 21:05:14,278 - INFO - 💾 Memory Optimization: Dropping 801 raw book columns.
2026-03-21 21:05:14,310 - INFO - 📊 [Drop Success] 2026-02-05_BTCUSDT_ob200.data: Columns discarded | SYSTEM RAM: 150.17 GB (19.9%)
2026-03-21 21:05:14,310 - INFO - --- Validating 2026-02-05_BTCUSDT_ob200.data ---
2026-03-21 21:05:14,331 - INFO - ✅ ARCHITECTURE INTEGRITY: 30/30 features present. Audit Scope: 46 columns (30 Features + 15 Raw/Price).
2026-03-21 21:05:14,347 - INFO - No NaNs found.
2026-03-21 21:05:14,359 - INFO - No Infinite values found.
2026-03-21 21:05:14,361 - INFO - Chronological order verified.
2026-03-21 21:05:14,371 - WARNING - ⚠️ STALE DATA ALERT: Possible feed lock detected in 2026-02-05_BTCUSDT_ob200.data
2026-03-21 21:05:14,388 - WARNING - ☢️ CRITICAL OUTLIER: [DNN_INPUT] pressure_ratio max (1.6362e+03) is > 15x P99. Clipping might have failed!
2026-03-21 21:05:14,392 - WARNING - ☢️ CRITICAL OUTLIER: [DNN_INPUT] lower_wick max (2.0542e-03) is > 15x P99. Clipping might have failed!
2026-03-21 21:05:14,395 - WARNING - ☢️ CRITICAL OUTLIER: [DNN_INPUT] upper_wick max (2.1754e-03) is > 15x P99. Clipping might have failed!
2026-03-21 21:05:14,588 - WARNING - ⚠️ HIGH TAIL INTENSITY: [RAW_DATA] bar_usd_volume has 162 points with Z-Score > 12.
2026-03-21 21:05:14,589 - WARNING - ⚠️ HIGH TAIL INTENSITY: [RAW_DATA] bar_btc_volume has 157 points with Z-Score > 12.
2026-03-21 21:05:14,589 - WARNING - ⚠️ HIGH TAIL INTENSITY: [DNN_INPUT] max_spread has 634 points with Z-Score > 12.
2026-03-21 21:05:14,589 - WARNING - ⚠️ HIGH TAIL INTENSITY: [DNN_INPUT] volatility has 729 points with Z-Score > 12.
2026-03-21 21:05:14,589 - WARNING - ⚠️ HIGH TAIL INTENSITY: [DNN_INPUT] micro_price_momentum has 322 points with Z-Score > 12.
2026-03-21 21:05:14,589 - WARNING - ⚠️ HIGH TAIL INTENSITY: [DNN_INPUT] bid_rdi has 270 points with Z-Score > 12.
2026-03-21 21:05:14,590 - WARNING - ⚠️ HIGH TAIL INTENSITY: [DNN_INPUT] ask_rdi has 471 points with Z-Score > 12.
2026-03-21 21:05:14,590 - WARNING - ⚠️ HIGH TAIL INTENSITY: [DNN_INPUT] pressure_ratio has 412 points with Z-Score > 12.
2026-03-21 21:05:14,590 - WARNING - ⚠️ HIGH TAIL INTENSITY: [DNN_INPUT] body has 73 points with Z-Score > 12.
2026-03-21 21:05:14,590 - WARNING - ⚠️ HIGH TAIL INTENSITY: [DNN_INPUT] upper_wick has 306 points with Z-Score > 12.
2026-03-21 21:05:14,590 - WARNING - ⚠️ HIGH TAIL INTENSITY: [DNN_INPUT] lower_wick has 303 points with Z-Score > 12.
2026-03-21 21:05:14,590 - WARNING - ⚠️ HIGH TAIL INTENSITY: [DNN_INPUT] log_ret_close has 75 points with Z-Score > 12.
2026-03-21 21:05:14,590 - WARNING - ⚠️ HIGH TAIL INTENSITY: [DNN_INPUT] bid_rdi_delta_5 has 300 points with Z-Score > 12.
2026-03-21 21:05:14,590 - WARNING - ⚠️ HIGH TAIL INTENSITY: [DNN_INPUT] ask_rdi_delta_5 has 414 points with Z-Score > 12.
2026-03-21 21:05:14,590 - WARNING - ⚠️ HIGH TAIL INTENSITY: [DNN_INPUT] bid_rdi_delta_30 has 290 points with Z-Score > 12.
2026-03-21 21:05:14,590 - WARNING - ⚠️ HIGH TAIL INTENSITY: [DNN_INPUT] ask_rdi_delta_30 has 566 points with Z-Score > 12.
2026-03-21 21:05:14,590 - WARNING - ⚠️ HIGH TAIL INTENSITY: [DNN_INPUT] kyle_lambda has 110 points with Z-Score > 12.
2026-03-21 21:05:14,590 - WARNING - ⚠️ HIGH TAIL INTENSITY: [DNN_INPUT] bid_deep_ratio has 22 points with Z-Score > 12.
2026-03-21 21:05:14,590 - WARNING - ⚠️ HIGH TAIL INTENSITY: [DNN_INPUT] ask_deep_ratio has 44 points with Z-Score > 12.
2026-03-21 21:05:14,783 - INFO - ✅ Protocol Island Split: 1/1 islands survived. Total rows: 448322
2026-03-21 21:05:14,783 - INFO - 🏆 Gold Validation complete for 2026-02-05_BTCUSDT_ob200.data. Status: VALID
2026-03-21 21:05:15,175 - INFO - Successfully saved 448322 rows to data/L2/pre_processed/2026-02-05_BTCUSDT_ob200.data.parquet
2026-03-21 21:05:15,176 - INFO - ✅ Saved event-driven dataset: 2026-02-05_BTCUSDT_ob200.data.parquet
2026-03-21 21:05:15,178 - INFO - 📊 [Memory] 2026-02-05_BTCUSDT_ob200.data: 0.0MB -> 18311.7MB
2026-03-21 21:05:19,389 - INFO - 📥 DOWNLOAD FILE: BTCUSDT2026-02-07.csv.gz
2026-03-21 21:05:35,586 - INFO - 📥 DOWNLOAD: 2026-02-07_BTCUSDT_ob200.data.zip
2026-03-21 21:05:37,373 - INFO - 📊 [Peak Load] 2026-02-06_BTCUSDT_ob200.data: Raw data in RAM | SYSTEM RAM: 112.37 GB (14.9%)
2026-03-21 21:05:37,403 - INFO - EventSampler iniciado. Modo: 'both' | Dollar=500000.0 | Tick=5000 | Info=100.0 | Time=300000ms
2026-03-21 21:05:46,811 - INFO - 📂 STREAMING: 2026-02-07_BTCUSDT_ob200.data
2026-03-21 21:05:50,331 - INFO - CUSUM (both): 123485 eventos. Trigger IID será aplicado dentro de cada janela CUSUM.
2026-03-21 21:05:52,846 - INFO - Barras geradas: 324281 | Ilhas: 1
2026-03-21 21:06:07,045 - INFO - 💾 Memory Optimization: Dropping 801 raw book columns.
2026-03-21 21:06:07,078 - INFO - 📊 [Drop Success] 2026-02-06_BTCUSDT_ob200.data: Columns discarded | SYSTEM RAM: 61.41 GB (8.1%)
2026-03-21 21:06:07,078 - INFO - --- Validating 2026-02-06_BTCUSDT_ob200.data ---
2026-03-21 21:06:07,092 - INFO - ✅ ARCHITECTURE INTEGRITY: 30/30 features present. Audit Scope: 46 columns (30 Features + 15 Raw/Price).
2026-03-21 21:06:07,102 - INFO - No NaNs found.
2026-03-21 21:06:07,111 - INFO - No Infinite values found.
2026-03-21 21:06:07,112 - INFO - Chronological order verified.
2026-03-21 21:06:07,119 - WARNING - ⚠️ STALE DATA ALERT: Possible feed lock detected in 2026-02-06_BTCUSDT_ob200.data
2026-03-21 21:06:07,132 - WARNING - ☢️ CRITICAL OUTLIER: [DNN_INPUT] pressure_ratio max (1.5257e+03) is > 15x P99. Clipping might have failed!
2026-03-21 21:06:07,279 - WARNING - ⚠️ HIGH TAIL INTENSITY: [RAW_DATA] bar_usd_volume has 133 points with Z-Score > 12.
2026-03-21 21:06:07,279 - WARNING - ⚠️ HIGH TAIL INTENSITY: [RAW_DATA] bar_btc_volume has 127 points with Z-Score > 12.
2026-03-21 21:06:07,279 - WARNING - ⚠️ HIGH TAIL INTENSITY: [DNN_INPUT] max_spread has 478 points with Z-Score > 12.
2026-03-21 21:06:07,279 - WARNING - ⚠️ HIGH TAIL INTENSITY: [DNN_INPUT] volatility has 352 points with Z-Score > 12.
2026-03-21 21:06:07,280 - WARNING - ⚠️ HIGH TAIL INTENSITY: [DNN_INPUT] micro_price_momentum has 239 points with Z-Score > 12.
2026-03-21 21:06:07,280 - WARNING - ⚠️ HIGH TAIL INTENSITY: [DNN_INPUT] bid_rdi has 430 points with Z-Score > 12.
2026-03-21 21:06:07,280 - WARNING - ⚠️ HIGH TAIL INTENSITY: [DNN_INPUT] ask_rdi has 271 points with Z-Score > 12.
2026-03-21 21:06:07,280 - WARNING - ⚠️ HIGH TAIL INTENSITY: [DNN_INPUT] pressure_ratio has 159 points with Z-Score > 12.
2026-03-21 21:06:07,280 - WARNING - ⚠️ HIGH TAIL INTENSITY: [DNN_INPUT] body has 22 points with Z-Score > 12.
2026-03-21 21:06:07,281 - WARNING - ⚠️ HIGH TAIL INTENSITY: [DNN_INPUT] upper_wick has 233 points with Z-Score > 12.
2026-03-21 21:06:07,281 - WARNING - ⚠️ HIGH TAIL INTENSITY: [DNN_INPUT] lower_wick has 234 points with Z-Score > 12.
2026-03-21 21:06:07,281 - WARNING - ⚠️ HIGH TAIL INTENSITY: [DNN_INPUT] log_ret_close has 22 points with Z-Score > 12.
2026-03-21 21:06:07,281 - WARNING - ⚠️ HIGH TAIL INTENSITY: [DNN_INPUT] bid_rdi_delta_5 has 352 points with Z-Score > 12.
2026-03-21 21:06:07,281 - WARNING - ⚠️ HIGH TAIL INTENSITY: [DNN_INPUT] ask_rdi_delta_5 has 268 points with Z-Score > 12.
2026-03-21 21:06:07,281 - WARNING - ⚠️ HIGH TAIL INTENSITY: [DNN_INPUT] bid_rdi_delta_30 has 472 points with Z-Score > 12.
2026-03-21 21:06:07,281 - WARNING - ⚠️ HIGH TAIL INTENSITY: [DNN_INPUT] ask_rdi_delta_30 has 312 points with Z-Score > 12.
2026-03-21 21:06:07,281 - WARNING - ⚠️ HIGH TAIL INTENSITY: [DNN_INPUT] kyle_lambda has 192 points with Z-Score > 12.
2026-03-21 21:06:07,281 - WARNING - ⚠️ HIGH TAIL INTENSITY: [DNN_INPUT] bid_deep_ratio has 102 points with Z-Score > 12.
2026-03-21 21:06:07,281 - WARNING - ⚠️ HIGH TAIL INTENSITY: [DNN_INPUT] ask_deep_ratio has 55 points with Z-Score > 12.
2026-03-21 21:06:07,418 - INFO - ✅ Protocol Island Split: 1/1 islands survived. Total rows: 324281
2026-03-21 21:06:07,418 - INFO - 🏆 Gold Validation complete for 2026-02-06_BTCUSDT_ob200.data. Status: VALID
2026-03-21 21:06:07,622 - INFO - Successfully saved 324281 rows to data/L2/pre_processed/2026-02-06_BTCUSDT_ob200.data.parquet
2026-03-21 21:06:07,622 - INFO - ✅ Saved event-driven dataset: 2026-02-06_BTCUSDT_ob200.data.parquet
2026-03-21 21:06:07,624 - INFO - 📊 [Memory] 2026-02-06_BTCUSDT_ob200.data: 0.0MB -> 15901.6MB
2026-03-21 21:06:10,931 - INFO - 📥 DOWNLOAD FILE: BTCUSDT2026-02-08.csv.gz
2026-03-21 21:06:55,959 - INFO - 📥 DOWNLOAD: 2026-02-08_BTCUSDT_ob200.data.zip
2026-03-21 21:07:04,993 - INFO - 📂 STREAMING: 2026-02-08_BTCUSDT_ob200.data
2026-03-21 21:07:19,858 - INFO - 🗑️ CLEANUP: Deleting processed zip: 2026-02-07_BTCUSDT_ob200.data.zip
2026-03-21 21:08:10,659 - INFO - 📊 [Peak Load] 2026-02-07_BTCUSDT_ob200.data: Raw data in RAM | SYSTEM RAM: 88.65 GB (11.7%)
2026-03-21 21:08:10,680 - INFO - EventSampler iniciado. Modo: 'both' | Dollar=500000.0 | Tick=5000 | Info=100.0 | Time=300000ms
2026-03-21 21:08:17,644 - INFO - CUSUM (both): 85269 eventos. Trigger IID será aplicado dentro de cada janela CUSUM.
2026-03-21 21:08:18,969 - INFO - Barras geradas: 189833 | Ilhas: 1
2026-03-21 21:08:26,822 - INFO - 🗑️ CLEANUP: Deleting processed zip: 2026-02-08_BTCUSDT_ob200.data.zip
2026-03-21 21:08:27,103 - INFO - 💾 Memory Optimization: Dropping 801 raw book columns.
2026-03-21 21:08:27,123 - INFO - 📊 [Drop Success] 2026-02-07_BTCUSDT_ob200.data: Columns discarded | SYSTEM RAM: 60.90 GB (8.1%)
2026-03-21 21:08:27,123 - INFO - --- Validating 2026-02-07_BTCUSDT_ob200.data ---
2026-03-21 21:08:27,133 - INFO - ✅ ARCHITECTURE INTEGRITY: 30/30 features present. Audit Scope: 46 columns (30 Features + 15 Raw/Price).
2026-03-21 21:08:27,140 - INFO - No NaNs found.
2026-03-21 21:08:27,146 - INFO - No Infinite values found.
2026-03-21 21:08:27,147 - INFO - Chronological order verified.
2026-03-21 21:08:27,154 - WARNING - ⚠️ STALE DATA ALERT: Possible feed lock detected in 2026-02-07_BTCUSDT_ob200.data
2026-03-21 21:08:27,160 - WARNING - ☢️ CRITICAL OUTLIER: [DNN_INPUT] ask_deep_ratio max (1.0214e+05) is > 15x P99. Clipping might have failed!
2026-03-21 21:08:27,163 - WARNING - ☢️ CRITICAL OUTLIER: [DNN_INPUT] pressure_ratio max (1.4848e+03) is > 15x P99. Clipping might have failed!
2026-03-21 21:08:27,167 - WARNING - ☢️ CRITICAL OUTLIER: [DNN_INPUT] upper_wick max (1.9461e-03) is > 15x P99. Clipping might have failed!
2026-03-21 21:08:27,250 - WARNING - ⚠️ HIGH TAIL INTENSITY: [RAW_DATA] bar_usd_volume has 64 points with Z-Score > 12.
2026-03-21 21:08:27,250 - WARNING - ⚠️ HIGH TAIL INTENSITY: [RAW_DATA] bar_btc_volume has 64 points with Z-Score > 12.
2026-03-21 21:08:27,250 - WARNING - ⚠️ HIGH TAIL INTENSITY: [DNN_INPUT] max_spread has 455 points with Z-Score > 12.
2026-03-21 21:08:27,250 - WARNING - ⚠️ HIGH TAIL INTENSITY: [DNN_INPUT] volatility has 121 points with Z-Score > 12.
2026-03-21 21:08:27,250 - WARNING - ⚠️ HIGH TAIL INTENSITY: [DNN_INPUT] micro_price_momentum has 155 points with Z-Score > 12.
2026-03-21 21:08:27,251 - WARNING - ⚠️ HIGH TAIL INTENSITY: [DNN_INPUT] bid_rdi has 305 points with Z-Score > 12.
2026-03-21 21:08:27,251 - WARNING - ⚠️ HIGH TAIL INTENSITY: [DNN_INPUT] ask_rdi has 471 points with Z-Score > 12.
2026-03-21 21:08:27,251 - WARNING - ⚠️ HIGH TAIL INTENSITY: [DNN_INPUT] pressure_ratio has 202 points with Z-Score > 12.
2026-03-21 21:08:27,251 - WARNING - ⚠️ HIGH TAIL INTENSITY: [DNN_INPUT] body has 33 points with Z-Score > 12.
2026-03-21 21:08:27,251 - WARNING - ⚠️ HIGH TAIL INTENSITY: [DNN_INPUT] upper_wick has 159 points with Z-Score > 12.
2026-03-21 21:08:27,251 - WARNING - ⚠️ HIGH TAIL INTENSITY: [DNN_INPUT] lower_wick has 137 points with Z-Score > 12.
2026-03-21 21:08:27,251 - WARNING - ⚠️ HIGH TAIL INTENSITY: [DNN_INPUT] log_ret_close has 33 points with Z-Score > 12.
2026-03-21 21:08:27,251 - WARNING - ⚠️ HIGH TAIL INTENSITY: [DNN_INPUT] bid_rdi_delta_5 has 210 points with Z-Score > 12.
2026-03-21 21:08:27,251 - WARNING - ⚠️ HIGH TAIL INTENSITY: [DNN_INPUT] ask_rdi_delta_5 has 90 points with Z-Score > 12.
2026-03-21 21:08:27,251 - WARNING - ⚠️ HIGH TAIL INTENSITY: [DNN_INPUT] bid_rdi_delta_30 has 292 points with Z-Score > 12.
2026-03-21 21:08:27,252 - WARNING - ⚠️ HIGH TAIL INTENSITY: [DNN_INPUT] ask_rdi_delta_30 has 275 points with Z-Score > 12.
2026-03-21 21:08:27,252 - WARNING - ⚠️ HIGH TAIL INTENSITY: [DNN_INPUT] spread_zscore_60 has 466 points with Z-Score > 12.
2026-03-21 21:08:27,252 - WARNING - ⚠️ HIGH TAIL INTENSITY: [DNN_INPUT] kyle_lambda has 151 points with Z-Score > 12.
2026-03-21 21:08:27,252 - WARNING - ⚠️ HIGH TAIL INTENSITY: [DNN_INPUT] bid_deep_ratio has 42 points with Z-Score > 12.
2026-03-21 21:08:27,252 - WARNING - ⚠️ HIGH TAIL INTENSITY: [DNN_INPUT] ask_deep_ratio has 46 points with Z-Score > 12.
2026-03-21 21:08:27,324 - INFO - ✅ Protocol Island Split: 1/1 islands survived. Total rows: 189833
2026-03-21 21:08:27,324 - INFO - 🏆 Gold Validation complete for 2026-02-07_BTCUSDT_ob200.data. Status: VALID
2026-03-21 21:08:27,599 - INFO - Successfully saved 189833 rows to data/L2/pre_processed/2026-02-07_BTCUSDT_ob200.data.parquet
2026-03-21 21:08:27,599 - INFO - ✅ Saved event-driven dataset: 2026-02-07_BTCUSDT_ob200.data.parquet
2026-03-21 21:08:27,609 - INFO - 📊 [Memory] 2026-02-07_BTCUSDT_ob200.data: 0.0MB -> 17763.8MB
2026-03-21 21:08:30,643 - INFO - 📥 DOWNLOAD FILE: BTCUSDT2026-02-09.csv.gz
2026-03-21 21:08:38,709 - INFO - 📥 DOWNLOAD: 2026-02-09_BTCUSDT_ob200.data.zip
2026-03-21 21:08:48,861 - INFO - 📂 STREAMING: 2026-02-09_BTCUSDT_ob200.data
2026-03-21 21:08:57,037 - INFO - 📊 [Peak Load] 2026-02-08_BTCUSDT_ob200.data: Raw data in RAM | SYSTEM RAM: 75.55 GB (10.0%)
2026-03-21 21:08:57,051 - INFO - EventSampler iniciado. Modo: 'both' | Dollar=500000.0 | Tick=5000 | Info=100.0 | Time=300000ms
2026-03-21 21:09:01,062 - INFO - CUSUM (both): 69309 eventos. Trigger IID será aplicado dentro de cada janela CUSUM.
2026-03-21 21:09:01,864 - INFO - Barras geradas: 129894 | Ilhas: 1
2026-03-21 21:09:07,060 - INFO - 💾 Memory Optimization: Dropping 801 raw book columns.
2026-03-21 21:09:07,075 - INFO - 📊 [Drop Success] 2026-02-08_BTCUSDT_ob200.data: Columns discarded | SYSTEM RAM: 59.89 GB (7.9%)
2026-03-21 21:09:07,075 - INFO - --- Validating 2026-02-08_BTCUSDT_ob200.data ---
2026-03-21 21:09:07,085 - INFO - ✅ ARCHITECTURE INTEGRITY: 30/30 features present. Audit Scope: 46 columns (30 Features + 15 Raw/Price).
2026-03-21 21:09:07,091 - INFO - No NaNs found.
2026-03-21 21:09:07,095 - INFO - No Infinite values found.
2026-03-21 21:09:07,095 - INFO - Chronological order verified.
2026-03-21 21:09:07,099 - WARNING - ⚠️ STALE DATA ALERT: Possible feed lock detected in 2026-02-08_BTCUSDT_ob200.data
2026-03-21 21:09:07,103 - WARNING - ☢️ CRITICAL OUTLIER: [DNN_INPUT] kyle_lambda max (1.6267e+01) is > 15x P99. Clipping might have failed!
2026-03-21 21:09:07,107 - WARNING - ☢️ CRITICAL OUTLIER: [DNN_INPUT] pressure_ratio max (2.9345e+03) is > 15x P99. Clipping might have failed!
2026-03-21 21:09:07,108 - WARNING - ☢️ CRITICAL OUTLIER: [DNN_INPUT] lower_wick max (1.8697e-03) is > 15x P99. Clipping might have failed!
2026-03-21 21:09:07,109 - WARNING - ☢️ CRITICAL OUTLIER: [DNN_INPUT] upper_wick max (1.5053e-03) is > 15x P99. Clipping might have failed!
2026-03-21 21:09:07,112 - WARNING - ☢️ CRITICAL OUTLIER: [DNN_INPUT] max_spread max (8.6300e+01) is > 15x P99. Clipping might have failed!
2026-03-21 21:09:07,176 - WARNING - ⚠️ HIGH TAIL INTENSITY: [RAW_DATA] bar_usd_volume has 42 points with Z-Score > 12.
2026-03-21 21:09:07,177 - WARNING - ⚠️ HIGH TAIL INTENSITY: [RAW_DATA] bar_btc_volume has 41 points with Z-Score > 12.
2026-03-21 21:09:07,177 - WARNING - ⚠️ HIGH TAIL INTENSITY: [DNN_INPUT] max_spread has 64 points with Z-Score > 12.
2026-03-21 21:09:07,177 - WARNING - ⚠️ HIGH TAIL INTENSITY: [DNN_INPUT] volatility has 49 points with Z-Score > 12.
2026-03-21 21:09:07,177 - WARNING - ⚠️ HIGH TAIL INTENSITY: [DNN_INPUT] micro_price_momentum has 115 points with Z-Score > 12.
2026-03-21 21:09:07,177 - WARNING - ⚠️ HIGH TAIL INTENSITY: [DNN_INPUT] bid_rdi has 266 points with Z-Score > 12.
2026-03-21 21:09:07,177 - WARNING - ⚠️ HIGH TAIL INTENSITY: [DNN_INPUT] ask_rdi has 258 points with Z-Score > 12.
2026-03-21 21:09:07,177 - WARNING - ⚠️ HIGH TAIL INTENSITY: [DNN_INPUT] pressure_ratio has 119 points with Z-Score > 12.
2026-03-21 21:09:07,177 - WARNING - ⚠️ HIGH TAIL INTENSITY: [DNN_INPUT] body has 36 points with Z-Score > 12.
2026-03-21 21:09:07,177 - WARNING - ⚠️ HIGH TAIL INTENSITY: [DNN_INPUT] upper_wick has 85 points with Z-Score > 12.
2026-03-21 21:09:07,178 - WARNING - ⚠️ HIGH TAIL INTENSITY: [DNN_INPUT] lower_wick has 128 points with Z-Score > 12.
2026-03-21 21:09:07,178 - WARNING - ⚠️ HIGH TAIL INTENSITY: [DNN_INPUT] log_ret_close has 29 points with Z-Score > 12.
2026-03-21 21:09:07,178 - WARNING - ⚠️ HIGH TAIL INTENSITY: [DNN_INPUT] bid_rdi_delta_5 has 127 points with Z-Score > 12.
2026-03-21 21:09:07,178 - WARNING - ⚠️ HIGH TAIL INTENSITY: [DNN_INPUT] ask_rdi_delta_5 has 132 points with Z-Score > 12.
2026-03-21 21:09:07,178 - WARNING - ⚠️ HIGH TAIL INTENSITY: [DNN_INPUT] bid_rdi_delta_30 has 164 points with Z-Score > 12.
2026-03-21 21:09:07,178 - WARNING - ⚠️ HIGH TAIL INTENSITY: [DNN_INPUT] ask_rdi_delta_30 has 200 points with Z-Score > 12.
2026-03-21 21:09:07,178 - WARNING - ⚠️ HIGH TAIL INTENSITY: [DNN_INPUT] spread_zscore_60 has 279 points with Z-Score > 12.
2026-03-21 21:09:07,178 - WARNING - ⚠️ HIGH TAIL INTENSITY: [DNN_INPUT] kyle_lambda has 104 points with Z-Score > 12.
2026-03-21 21:09:07,178 - WARNING - ⚠️ HIGH TAIL INTENSITY: [DNN_INPUT] bid_deep_ratio has 72 points with Z-Score > 12.
2026-03-21 21:09:07,178 - WARNING - ⚠️ HIGH TAIL INTENSITY: [DNN_INPUT] ask_deep_ratio has 55 points with Z-Score > 12.
2026-03-21 21:09:07,178 - WARNING - ⚠️ HIGH TAIL INTENSITY: [DNN_INPUT] bid_convexity has 344 points with Z-Score > 12.
2026-03-21 21:09:07,178 - WARNING - ⚠️ HIGH TAIL INTENSITY: [DNN_INPUT] ask_convexity has 441 points with Z-Score > 12.
2026-03-21 21:09:07,222 - INFO - ✅ Protocol Island Split: 1/1 islands survived. Total rows: 129894
2026-03-21 21:09:07,222 - INFO - 🏆 Gold Validation complete for 2026-02-08_BTCUSDT_ob200.data. Status: VALID
2026-03-21 21:09:07,315 - INFO - Successfully saved 129894 rows to data/L2/pre_processed/2026-02-08_BTCUSDT_ob200.data.parquet
2026-03-21 21:09:07,315 - INFO - ✅ Saved event-driven dataset: 2026-02-08_BTCUSDT_ob200.data.parquet
2026-03-21 21:09:07,317 - INFO - 📊 [Memory] 2026-02-08_BTCUSDT_ob200.data: 0.0MB -> 15824.7MB
2026-03-21 21:09:10,093 - INFO - 📥 DOWNLOAD FILE: BTCUSDT2026-02-10.csv.gz
2026-03-21 21:09:58,066 - INFO - 📥 DOWNLOAD: 2026-02-10_BTCUSDT_ob200.data.zip
2026-03-21 21:10:07,344 - INFO - 📂 STREAMING: 2026-02-10_BTCUSDT_ob200.data
2026-03-21 21:10:23,264 - INFO - 🗑️ CLEANUP: Deleting processed zip: 2026-02-09_BTCUSDT_ob200.data.zip
2026-03-21 21:11:02,210 - INFO - 📊 [Peak Load] 2026-02-09_BTCUSDT_ob200.data: Raw data in RAM | SYSTEM RAM: 80.36 GB (10.6%)
2026-03-21 21:11:02,226 - INFO - EventSampler iniciado. Modo: 'both' | Dollar=500000.0 | Tick=5000 | Info=100.0 | Time=300000ms
2026-03-21 21:11:07,636 - INFO - CUSUM (both): 80701 eventos. Trigger IID será aplicado dentro de cada janela CUSUM.
2026-03-21 21:11:08,620 - INFO - Barras geradas: 168650 | Ilhas: 1
2026-03-21 21:11:15,405 - INFO - 💾 Memory Optimization: Dropping 801 raw book columns.
2026-03-21 21:11:15,422 - INFO - 📊 [Drop Success] 2026-02-09_BTCUSDT_ob200.data: Columns discarded | SYSTEM RAM: 59.57 GB (7.9%)
2026-03-21 21:11:15,422 - INFO - --- Validating 2026-02-09_BTCUSDT_ob200.data ---
2026-03-21 21:11:15,431 - INFO - ✅ ARCHITECTURE INTEGRITY: 30/30 features present. Audit Scope: 46 columns (30 Features + 15 Raw/Price).
2026-03-21 21:11:15,437 - INFO - No NaNs found.
2026-03-21 21:11:15,442 - INFO - No Infinite values found.
2026-03-21 21:11:15,443 - INFO - Chronological order verified.
2026-03-21 21:11:15,447 - WARNING - ⚠️ STALE DATA ALERT: Possible feed lock detected in 2026-02-09_BTCUSDT_ob200.data
2026-03-21 21:11:15,456 - WARNING - ☢️ CRITICAL OUTLIER: [DNN_INPUT] pressure_ratio max (1.3995e+03) is > 15x P99. Clipping might have failed!
2026-03-21 21:11:15,457 - WARNING - ☢️ CRITICAL OUTLIER: [DNN_INPUT] lower_wick max (1.2674e-03) is > 15x P99. Clipping might have failed!
2026-03-21 21:11:15,461 - WARNING - ☢️ CRITICAL OUTLIER: [DNN_INPUT] max_spread max (1.8900e+01) is > 15x P99. Clipping might have failed!
2026-03-21 21:11:15,520 - WARNING - ⚠️ HIGH TAIL INTENSITY: [RAW_DATA] bar_usd_volume has 69 points with Z-Score > 12.
2026-03-21 21:11:15,520 - WARNING - ⚠️ HIGH TAIL INTENSITY: [RAW_DATA] bar_btc_volume has 69 points with Z-Score > 12.
2026-03-21 21:11:15,521 - WARNING - ⚠️ HIGH TAIL INTENSITY: [DNN_INPUT] max_spread has 360 points with Z-Score > 12.
2026-03-21 21:11:15,521 - WARNING - ⚠️ HIGH TAIL INTENSITY: [DNN_INPUT] volatility has 73 points with Z-Score > 12.
2026-03-21 21:11:15,521 - WARNING - ⚠️ HIGH TAIL INTENSITY: [DNN_INPUT] micro_price_momentum has 138 points with Z-Score > 12.
2026-03-21 21:11:15,521 - WARNING - ⚠️ HIGH TAIL INTENSITY: [DNN_INPUT] bid_rdi has 131 points with Z-Score > 12.
2026-03-21 21:11:15,521 - WARNING - ⚠️ HIGH TAIL INTENSITY: [DNN_INPUT] ask_rdi has 86 points with Z-Score > 12.
2026-03-21 21:11:15,521 - WARNING - ⚠️ HIGH TAIL INTENSITY: [DNN_INPUT] pressure_ratio has 187 points with Z-Score > 12.
2026-03-21 21:11:15,522 - WARNING - ⚠️ HIGH TAIL INTENSITY: [DNN_INPUT] body has 9 points with Z-Score > 12.
2026-03-21 21:11:15,522 - WARNING - ⚠️ HIGH TAIL INTENSITY: [DNN_INPUT] upper_wick has 152 points with Z-Score > 12.
2026-03-21 21:11:15,522 - WARNING - ⚠️ HIGH TAIL INTENSITY: [DNN_INPUT] lower_wick has 142 points with Z-Score > 12.
2026-03-21 21:11:15,522 - WARNING - ⚠️ HIGH TAIL INTENSITY: [DNN_INPUT] log_ret_close has 10 points with Z-Score > 12.
2026-03-21 21:11:15,522 - WARNING - ⚠️ HIGH TAIL INTENSITY: [DNN_INPUT] bid_rdi_delta_5 has 118 points with Z-Score > 12.
2026-03-21 21:11:15,522 - WARNING - ⚠️ HIGH TAIL INTENSITY: [DNN_INPUT] ask_rdi_delta_5 has 104 points with Z-Score > 12.
2026-03-21 21:11:15,522 - WARNING - ⚠️ HIGH TAIL INTENSITY: [DNN_INPUT] bid_rdi_delta_30 has 202 points with Z-Score > 12.
2026-03-21 21:11:15,522 - WARNING - ⚠️ HIGH TAIL INTENSITY: [DNN_INPUT] ask_rdi_delta_30 has 124 points with Z-Score > 12.
2026-03-21 21:11:15,522 - WARNING - ⚠️ HIGH TAIL INTENSITY: [DNN_INPUT] spread_zscore_60 has 366 points with Z-Score > 12.
2026-03-21 21:11:15,523 - WARNING - ⚠️ HIGH TAIL INTENSITY: [DNN_INPUT] kyle_lambda has 107 points with Z-Score > 12.
2026-03-21 21:11:15,523 - WARNING - ⚠️ HIGH TAIL INTENSITY: [DNN_INPUT] bid_deep_ratio has 22 points with Z-Score > 12.
2026-03-21 21:11:15,523 - WARNING - ⚠️ HIGH TAIL INTENSITY: [DNN_INPUT] ask_deep_ratio has 8 points with Z-Score > 12.
2026-03-21 21:11:15,523 - WARNING - ⚠️ HIGH TAIL INTENSITY: [DNN_INPUT] bid_convexity has 471 points with Z-Score > 12.
2026-03-21 21:11:15,523 - WARNING - ⚠️ HIGH TAIL INTENSITY: [DNN_INPUT] ask_convexity has 584 points with Z-Score > 12.
2026-03-21 21:11:15,583 - INFO - ✅ Protocol Island Split: 1/1 islands survived. Total rows: 168650
2026-03-21 21:11:15,583 - INFO - 🏆 Gold Validation complete for 2026-02-09_BTCUSDT_ob200.data. Status: VALID
2026-03-21 21:11:15,866 - INFO - Successfully saved 168650 rows to data/L2/pre_processed/2026-02-09_BTCUSDT_ob200.data.parquet
2026-03-21 21:11:15,867 - INFO - ✅ Saved event-driven dataset: 2026-02-09_BTCUSDT_ob200.data.parquet
2026-03-21 21:11:15,868 - INFO - 📊 [Memory] 2026-02-09_BTCUSDT_ob200.data: 0.0MB -> 17839.7MB
2026-03-21 21:11:18,773 - INFO - 📥 DOWNLOAD FILE: BTCUSDT2026-02-11.csv.gz
2026-03-21 21:11:32,196 - INFO - 🗑️ CLEANUP: Deleting processed zip: 2026-02-10_BTCUSDT_ob200.data.zip
2026-03-21 21:11:35,214 - INFO - 📥 DOWNLOAD: 2026-02-11_BTCUSDT_ob200.data.zip
2026-03-21 21:11:46,797 - INFO - 📂 STREAMING: 2026-02-11_BTCUSDT_ob200.data
2026-03-21 21:12:03,800 - INFO - 📊 [Peak Load] 2026-02-10_BTCUSDT_ob200.data: Raw data in RAM | SYSTEM RAM: 75.28 GB (10.0%)
2026-03-21 21:12:03,823 - INFO - EventSampler iniciado. Modo: 'both' | Dollar=500000.0 | Tick=5000 | Info=100.0 | Time=300000ms
2026-03-21 21:12:08,029 - INFO - CUSUM (both): 69273 eventos. Trigger IID será aplicado dentro de cada janela CUSUM.
2026-03-21 21:12:08,852 - INFO - Barras geradas: 155440 | Ilhas: 1
2026-03-21 21:12:14,807 - INFO - 💾 Memory Optimization: Dropping 801 raw book columns.
2026-03-21 21:12:14,821 - INFO - 📊 [Drop Success] 2026-02-10_BTCUSDT_ob200.data: Columns discarded | SYSTEM RAM: 58.75 GB (7.8%)
2026-03-21 21:12:14,821 - INFO - --- Validating 2026-02-10_BTCUSDT_ob200.data ---
2026-03-21 21:12:14,832 - INFO - ✅ ARCHITECTURE INTEGRITY: 30/30 features present. Audit Scope: 46 columns (30 Features + 15 Raw/Price).
2026-03-21 21:12:14,839 - INFO - No NaNs found.
2026-03-21 21:12:14,844 - INFO - No Infinite values found.
2026-03-21 21:12:14,844 - INFO - Chronological order verified.
2026-03-21 21:12:14,849 - WARNING - ⚠️ STALE DATA ALERT: Possible feed lock detected in 2026-02-10_BTCUSDT_ob200.data
2026-03-21 21:12:14,858 - WARNING - ☢️ CRITICAL OUTLIER: [DNN_INPUT] pressure_ratio max (1.0026e+03) is > 15x P99. Clipping might have failed!
2026-03-21 21:12:14,859 - WARNING - ☢️ CRITICAL OUTLIER: [DNN_INPUT] lower_wick max (2.0476e-03) is > 15x P99. Clipping might have failed!
2026-03-21 21:12:14,861 - WARNING - ☢️ CRITICAL OUTLIER: [DNN_INPUT] upper_wick max (2.2392e-03) is > 15x P99. Clipping might have failed!
2026-03-21 21:12:14,864 - WARNING - ☢️ CRITICAL OUTLIER: [DNN_INPUT] max_spread max (2.7400e+01) is > 15x P99. Clipping might have failed!
2026-03-21 21:12:14,939 - WARNING - ⚠️ HIGH TAIL INTENSITY: [RAW_DATA] bar_usd_volume has 36 points with Z-Score > 12.
2026-03-21 21:12:14,939 - WARNING - ⚠️ HIGH TAIL INTENSITY: [RAW_DATA] bar_btc_volume has 38 points with Z-Score > 12.
2026-03-21 21:12:14,940 - WARNING - ⚠️ HIGH TAIL INTENSITY: [DNN_INPUT] max_spread has 165 points with Z-Score > 12.
2026-03-21 21:12:14,940 - WARNING - ⚠️ HIGH TAIL INTENSITY: [DNN_INPUT] volatility has 53 points with Z-Score > 12.
2026-03-21 21:12:14,940 - WARNING - ⚠️ HIGH TAIL INTENSITY: [DNN_INPUT] micro_price_momentum has 168 points with Z-Score > 12.
2026-03-21 21:12:14,940 - WARNING - ⚠️ HIGH TAIL INTENSITY: [DNN_INPUT] bid_rdi has 159 points with Z-Score > 12.
2026-03-21 21:12:14,940 - WARNING - ⚠️ HIGH TAIL INTENSITY: [DNN_INPUT] ask_rdi has 148 points with Z-Score > 12.
2026-03-21 21:12:14,940 - WARNING - ⚠️ HIGH TAIL INTENSITY: [DNN_INPUT] pressure_ratio has 181 points with Z-Score > 12.
2026-03-21 21:12:14,940 - WARNING - ⚠️ HIGH TAIL INTENSITY: [DNN_INPUT] body has 39 points with Z-Score > 12.
2026-03-21 21:12:14,940 - WARNING - ⚠️ HIGH TAIL INTENSITY: [DNN_INPUT] upper_wick has 122 points with Z-Score > 12.
2026-03-21 21:12:14,940 - WARNING - ⚠️ HIGH TAIL INTENSITY: [DNN_INPUT] lower_wick has 83 points with Z-Score > 12.
2026-03-21 21:12:14,940 - WARNING - ⚠️ HIGH TAIL INTENSITY: [DNN_INPUT] log_ret_close has 38 points with Z-Score > 12.
2026-03-21 21:12:14,941 - WARNING - ⚠️ HIGH TAIL INTENSITY: [DNN_INPUT] bid_rdi_delta_5 has 137 points with Z-Score > 12.
2026-03-21 21:12:14,941 - WARNING - ⚠️ HIGH TAIL INTENSITY: [DNN_INPUT] ask_rdi_delta_5 has 155 points with Z-Score > 12.
2026-03-21 21:12:14,941 - WARNING - ⚠️ HIGH TAIL INTENSITY: [DNN_INPUT] micro_price_delta_5 has 3 points with Z-Score > 12.
2026-03-21 21:12:14,941 - WARNING - ⚠️ HIGH TAIL INTENSITY: [DNN_INPUT] bid_rdi_delta_30 has 200 points with Z-Score > 12.
2026-03-21 21:12:14,941 - WARNING - ⚠️ HIGH TAIL INTENSITY: [DNN_INPUT] ask_rdi_delta_30 has 196 points with Z-Score > 12.
2026-03-21 21:12:14,941 - WARNING - ⚠️ HIGH TAIL INTENSITY: [DNN_INPUT] spread_zscore_60 has 263 points with Z-Score > 12.
2026-03-21 21:12:14,941 - WARNING - ⚠️ HIGH TAIL INTENSITY: [DNN_INPUT] kyle_lambda has 81 points with Z-Score > 12.
2026-03-21 21:12:14,941 - WARNING - ⚠️ HIGH TAIL INTENSITY: [DNN_INPUT] bid_deep_ratio has 4 points with Z-Score > 12.
2026-03-21 21:12:14,941 - WARNING - ⚠️ HIGH TAIL INTENSITY: [DNN_INPUT] ask_deep_ratio has 11 points with Z-Score > 12.
2026-03-21 21:12:14,941 - WARNING - ⚠️ HIGH TAIL INTENSITY: [DNN_INPUT] bid_convexity has 527 points with Z-Score > 12.
2026-03-21 21:12:14,941 - WARNING - ⚠️ HIGH TAIL INTENSITY: [DNN_INPUT] ask_convexity has 616 points with Z-Score > 12.
2026-03-21 21:12:14,995 - INFO - ✅ Protocol Island Split: 1/1 islands survived. Total rows: 155440
2026-03-21 21:12:14,996 - INFO - 🏆 Gold Validation complete for 2026-02-10_BTCUSDT_ob200.data. Status: VALID
2026-03-21 21:12:15,121 - INFO - Successfully saved 155440 rows to data/L2/pre_processed/2026-02-10_BTCUSDT_ob200.data.parquet
2026-03-21 21:12:15,121 - INFO - ✅ Saved event-driven dataset: 2026-02-10_BTCUSDT_ob200.data.parquet
2026-03-21 21:12:15,123 - INFO - 📊 [Memory] 2026-02-10_BTCUSDT_ob200.data: 0.0MB -> 16020.3MB
2026-03-21 21:12:18,853 - INFO - 📥 DOWNLOAD FILE: BTCUSDT2026-02-12.csv.gz
2026-03-21 21:12:37,622 - INFO - 📥 DOWNLOAD: 2026-02-12_BTCUSDT_ob200.data.zip
2026-03-21 21:12:47,326 - INFO - 📂 STREAMING: 2026-02-12_BTCUSDT_ob200.data
2026-03-21 21:13:22,603 - INFO - 🗑️ CLEANUP: Deleting processed zip: 2026-02-11_BTCUSDT_ob200.data.zip
2026-03-21 21:14:09,058 - INFO - 📊 [Peak Load] 2026-02-11_BTCUSDT_ob200.data: Raw data in RAM | SYSTEM RAM: 84.44 GB (11.2%)
2026-03-21 21:14:09,076 - INFO - EventSampler iniciado. Modo: 'both' | Dollar=500000.0 | Tick=5000 | Info=100.0 | Time=300000ms
2026-03-21 21:14:15,830 - INFO - CUSUM (both): 82905 eventos. Trigger IID será aplicado dentro de cada janela CUSUM.
2026-03-21 21:14:17,142 - INFO - Barras geradas: 232607 | Ilhas: 1
2026-03-21 21:14:18,411 - INFO - 🗑️ CLEANUP: Deleting processed zip: 2026-02-12_BTCUSDT_ob200.data.zip
2026-03-21 21:14:27,070 - INFO - 💾 Memory Optimization: Dropping 801 raw book columns.
2026-03-21 21:14:27,088 - INFO - 📊 [Drop Success] 2026-02-11_BTCUSDT_ob200.data: Columns discarded | SYSTEM RAM: 85.46 GB (11.3%)
2026-03-21 21:14:27,089 - INFO - --- Validating 2026-02-11_BTCUSDT_ob200.data ---
2026-03-21 21:14:27,100 - INFO - ✅ ARCHITECTURE INTEGRITY: 30/30 features present. Audit Scope: 46 columns (30 Features + 15 Raw/Price).
2026-03-21 21:14:27,110 - INFO - No NaNs found.
2026-03-21 21:14:27,116 - INFO - No Infinite values found.
2026-03-21 21:14:27,117 - INFO - Chronological order verified.
2026-03-21 21:14:27,123 - WARNING - ⚠️ STALE DATA ALERT: Possible feed lock detected in 2026-02-11_BTCUSDT_ob200.data
2026-03-21 21:14:27,134 - WARNING - ☢️ CRITICAL OUTLIER: [DNN_INPUT] pressure_ratio max (1.4840e+03) is > 15x P99. Clipping might have failed!
2026-03-21 21:14:27,136 - WARNING - ☢️ CRITICAL OUTLIER: [DNN_INPUT] lower_wick max (1.2132e-03) is > 15x P99. Clipping might have failed!
2026-03-21 21:14:27,138 - WARNING - ☢️ CRITICAL OUTLIER: [DNN_INPUT] upper_wick max (1.8296e-03) is > 15x P99. Clipping might have failed!
2026-03-21 21:14:27,141 - WARNING - ☢️ CRITICAL OUTLIER: [DNN_INPUT] max_spread max (2.2600e+01) is > 15x P99. Clipping might have failed!
2026-03-21 21:14:27,234 - WARNING - ⚠️ HIGH TAIL INTENSITY: [RAW_DATA] bar_usd_volume has 111 points with Z-Score > 12.
2026-03-21 21:14:27,235 - WARNING - ⚠️ HIGH TAIL INTENSITY: [RAW_DATA] bar_btc_volume has 111 points with Z-Score > 12.
2026-03-21 21:14:27,235 - WARNING - ⚠️ HIGH TAIL INTENSITY: [DNN_INPUT] max_spread has 386 points with Z-Score > 12.
2026-03-21 21:14:27,235 - WARNING - ⚠️ HIGH TAIL INTENSITY: [DNN_INPUT] volatility has 191 points with Z-Score > 12.
2026-03-21 21:14:27,235 - WARNING - ⚠️ HIGH TAIL INTENSITY: [DNN_INPUT] micro_price_momentum has 268 points with Z-Score > 12.
2026-03-21 21:14:27,235 - WARNING - ⚠️ HIGH TAIL INTENSITY: [DNN_INPUT] bid_rdi has 273 points with Z-Score > 12.
2026-03-21 21:14:27,235 - WARNING - ⚠️ HIGH TAIL INTENSITY: [DNN_INPUT] ask_rdi has 1047 points with Z-Score > 12.
2026-03-21 21:14:27,236 - WARNING - ⚠️ HIGH TAIL INTENSITY: [DNN_INPUT] pressure_ratio has 279 points with Z-Score > 12.
2026-03-21 21:14:27,236 - WARNING - ⚠️ HIGH TAIL INTENSITY: [DNN_INPUT] body has 43 points with Z-Score > 12.
2026-03-21 21:14:27,236 - WARNING - ⚠️ HIGH TAIL INTENSITY: [DNN_INPUT] upper_wick has 214 points with Z-Score > 12.
2026-03-21 21:14:27,236 - WARNING - ⚠️ HIGH TAIL INTENSITY: [DNN_INPUT] lower_wick has 196 points with Z-Score > 12.
2026-03-21 21:14:27,236 - WARNING - ⚠️ HIGH TAIL INTENSITY: [DNN_INPUT] log_ret_close has 42 points with Z-Score > 12.
2026-03-21 21:14:27,236 - WARNING - ⚠️ HIGH TAIL INTENSITY: [DNN_INPUT] bid_rdi_delta_5 has 242 points with Z-Score > 12.
2026-03-21 21:14:27,236 - WARNING - ⚠️ HIGH TAIL INTENSITY: [DNN_INPUT] ask_rdi_delta_5 has 165 points with Z-Score > 12.
2026-03-21 21:14:27,236 - WARNING - ⚠️ HIGH TAIL INTENSITY: [DNN_INPUT] micro_price_delta_5 has 2 points with Z-Score > 12.
2026-03-21 21:14:27,236 - WARNING - ⚠️ HIGH TAIL INTENSITY: [DNN_INPUT] bid_rdi_delta_30 has 298 points with Z-Score > 12.
2026-03-21 21:14:27,237 - WARNING - ⚠️ HIGH TAIL INTENSITY: [DNN_INPUT] ask_rdi_delta_30 has 312 points with Z-Score > 12.
2026-03-21 21:14:27,237 - WARNING - ⚠️ HIGH TAIL INTENSITY: [DNN_INPUT] spread_zscore_60 has 414 points with Z-Score > 12.
2026-03-21 21:14:27,237 - WARNING - ⚠️ HIGH TAIL INTENSITY: [DNN_INPUT] kyle_lambda has 82 points with Z-Score > 12.
2026-03-21 21:14:27,237 - WARNING - ⚠️ HIGH TAIL INTENSITY: [DNN_INPUT] bid_deep_ratio has 51 points with Z-Score > 12.
2026-03-21 21:14:27,237 - WARNING - ⚠️ HIGH TAIL INTENSITY: [DNN_INPUT] ask_deep_ratio has 14 points with Z-Score > 12.
2026-03-21 21:14:27,237 - WARNING - ⚠️ HIGH TAIL INTENSITY: [DNN_INPUT] bid_convexity has 827 points with Z-Score > 12.
2026-03-21 21:14:27,326 - INFO - ✅ Protocol Island Split: 1/1 islands survived. Total rows: 232607
2026-03-21 21:14:27,327 - INFO - 🏆 Gold Validation complete for 2026-02-11_BTCUSDT_ob200.data. Status: VALID
2026-03-21 21:14:27,623 - INFO - Successfully saved 232607 rows to data/L2/pre_processed/2026-02-11_BTCUSDT_ob200.data.parquet
2026-03-21 21:14:27,623 - INFO - ✅ Saved event-driven dataset: 2026-02-11_BTCUSDT_ob200.data.parquet
2026-03-21 21:14:27,625 - INFO - 📊 [Memory] 2026-02-11_BTCUSDT_ob200.data: 0.0MB -> 18019.6MB
2026-03-21 21:14:30,729 - INFO - 📥 DOWNLOAD FILE: BTCUSDT2026-02-13.csv.gz
2026-03-21 21:14:45,644 - INFO - 📥 DOWNLOAD: 2026-02-13_BTCUSDT_ob200.data.zip
2026-03-21 21:14:56,870 - INFO - 📂 STREAMING: 2026-02-13_BTCUSDT_ob200.data
2026-03-21 21:15:03,851 - INFO - 📊 [Peak Load] 2026-02-12_BTCUSDT_ob200.data: Raw data in RAM | SYSTEM RAM: 82.91 GB (11.0%)
2026-03-21 21:15:03,868 - INFO - EventSampler iniciado. Modo: 'both' | Dollar=500000.0 | Tick=5000 | Info=100.0 | Time=300000ms
2026-03-21 21:15:09,991 - INFO - CUSUM (both): 82315 eventos. Trigger IID será aplicado dentro de cada janela CUSUM.
2026-03-21 21:15:11,145 - INFO - Barras geradas: 218003 | Ilhas: 1
2026-03-21 21:15:19,396 - INFO - 💾 Memory Optimization: Dropping 801 raw book columns.
2026-03-21 21:15:19,414 - INFO - 📊 [Drop Success] 2026-02-12_BTCUSDT_ob200.data: Columns discarded | SYSTEM RAM: 59.28 GB (7.8%)
2026-03-21 21:15:19,414 - INFO - --- Validating 2026-02-12_BTCUSDT_ob200.data ---
2026-03-21 21:15:19,428 - INFO - ✅ ARCHITECTURE INTEGRITY: 30/30 features present. Audit Scope: 46 columns (30 Features + 15 Raw/Price).
2026-03-21 21:15:19,442 - INFO - No NaNs found.
2026-03-21 21:15:19,448 - INFO - No Infinite values found.
2026-03-21 21:15:19,449 - INFO - Chronological order verified.
2026-03-21 21:15:19,455 - WARNING - ⚠️ STALE DATA ALERT: Possible feed lock detected in 2026-02-12_BTCUSDT_ob200.data
2026-03-21 21:15:19,464 - WARNING - ☢️ CRITICAL OUTLIER: [DNN_INPUT] pressure_ratio max (3.2123e+03) is > 15x P99. Clipping might have failed!
2026-03-21 21:15:19,466 - WARNING - ☢️ CRITICAL OUTLIER: [DNN_INPUT] lower_wick max (1.7994e-03) is > 15x P99. Clipping might have failed!
2026-03-21 21:15:19,467 - WARNING - ☢️ CRITICAL OUTLIER: [DNN_INPUT] upper_wick max (1.0712e-03) is > 15x P99. Clipping might have failed!
2026-03-21 21:15:19,471 - WARNING - ☢️ CRITICAL OUTLIER: [DNN_INPUT] max_spread max (3.1600e+01) is > 15x P99. Clipping might have failed!
2026-03-21 21:15:19,568 - WARNING - ⚠️ HIGH TAIL INTENSITY: [RAW_DATA] bar_usd_volume has 60 points with Z-Score > 12.
2026-03-21 21:15:19,569 - WARNING - ⚠️ HIGH TAIL INTENSITY: [RAW_DATA] bar_btc_volume has 58 points with Z-Score > 12.
2026-03-21 21:15:19,569 - WARNING - ⚠️ HIGH TAIL INTENSITY: [DNN_INPUT] max_spread has 188 points with Z-Score > 12.
2026-03-21 21:15:19,569 - WARNING - ⚠️ HIGH TAIL INTENSITY: [DNN_INPUT] volatility has 189 points with Z-Score > 12.
2026-03-21 21:15:19,569 - WARNING - ⚠️ HIGH TAIL INTENSITY: [DNN_INPUT] micro_price_momentum has 137 points with Z-Score > 12.
2026-03-21 21:15:19,569 - WARNING - ⚠️ HIGH TAIL INTENSITY: [DNN_INPUT] bid_rdi has 106 points with Z-Score > 12.
2026-03-21 21:15:19,570 - WARNING - ⚠️ HIGH TAIL INTENSITY: [DNN_INPUT] ask_rdi has 142 points with Z-Score > 12.
2026-03-21 21:15:19,570 - WARNING - ⚠️ HIGH TAIL INTENSITY: [DNN_INPUT] pressure_ratio has 192 points with Z-Score > 12.
2026-03-21 21:15:19,570 - WARNING - ⚠️ HIGH TAIL INTENSITY: [DNN_INPUT] body has 27 points with Z-Score > 12.
2026-03-21 21:15:19,570 - WARNING - ⚠️ HIGH TAIL INTENSITY: [DNN_INPUT] upper_wick has 169 points with Z-Score > 12.
2026-03-21 21:15:19,570 - WARNING - ⚠️ HIGH TAIL INTENSITY: [DNN_INPUT] lower_wick has 149 points with Z-Score > 12.
2026-03-21 21:15:19,570 - WARNING - ⚠️ HIGH TAIL INTENSITY: [DNN_INPUT] log_ret_close has 30 points with Z-Score > 12.
2026-03-21 21:15:19,570 - WARNING - ⚠️ HIGH TAIL INTENSITY: [DNN_INPUT] bid_rdi_delta_5 has 130 points with Z-Score > 12.
2026-03-21 21:15:19,570 - WARNING - ⚠️ HIGH TAIL INTENSITY: [DNN_INPUT] ask_rdi_delta_5 has 139 points with Z-Score > 12.
2026-03-21 21:15:19,571 - WARNING - ⚠️ HIGH TAIL INTENSITY: [DNN_INPUT] bid_rdi_delta_30 has 178 points with Z-Score > 12.
2026-03-21 21:15:19,571 - WARNING - ⚠️ HIGH TAIL INTENSITY: [DNN_INPUT] ask_rdi_delta_30 has 176 points with Z-Score > 12.
2026-03-21 21:15:19,571 - WARNING - ⚠️ HIGH TAIL INTENSITY: [DNN_INPUT] spread_zscore_60 has 364 points with Z-Score > 12.
2026-03-21 21:15:19,571 - WARNING - ⚠️ HIGH TAIL INTENSITY: [DNN_INPUT] kyle_lambda has 77 points with Z-Score > 12.
2026-03-21 21:15:19,571 - WARNING - ⚠️ HIGH TAIL INTENSITY: [DNN_INPUT] bid_deep_ratio has 50 points with Z-Score > 12.
2026-03-21 21:15:19,571 - WARNING - ⚠️ HIGH TAIL INTENSITY: [DNN_INPUT] ask_deep_ratio has 6 points with Z-Score > 12.
2026-03-21 21:15:19,571 - WARNING - ⚠️ HIGH TAIL INTENSITY: [DNN_INPUT] bid_convexity has 715 points with Z-Score > 12.
2026-03-21 21:15:19,571 - WARNING - ⚠️ HIGH TAIL INTENSITY: [DNN_INPUT] ask_convexity has 629 points with Z-Score > 12.
2026-03-21 21:15:19,656 - INFO - ✅ Protocol Island Split: 1/1 islands survived. Total rows: 218003
2026-03-21 21:15:19,656 - INFO - 🏆 Gold Validation complete for 2026-02-12_BTCUSDT_ob200.data. Status: VALID
2026-03-21 21:15:19,781 - INFO - Successfully saved 218003 rows to data/L2/pre_processed/2026-02-12_BTCUSDT_ob200.data.parquet
2026-03-21 21:15:19,781 - INFO - ✅ Saved event-driven dataset: 2026-02-12_BTCUSDT_ob200.data.parquet
2026-03-21 21:15:19,783 - INFO - 📊 [Memory] 2026-02-12_BTCUSDT_ob200.data: 0.0MB -> 16262.6MB
2026-03-21 21:15:23,112 - INFO - 📥 DOWNLOAD FILE: BTCUSDT2026-02-14.csv.gz
2026-03-21 21:15:32,909 - INFO - 📥 DOWNLOAD: 2026-02-14_BTCUSDT_ob200.data.zip
2026-03-21 21:15:41,238 - INFO - 📂 STREAMING: 2026-02-14_BTCUSDT_ob200.data
2026-03-21 21:16:21,998 - INFO - 🗑️ CLEANUP: Deleting processed zip: 2026-02-13_BTCUSDT_ob200.data.zip
2026-03-21 21:16:41,633 - INFO - 🗑️ CLEANUP: Deleting processed zip: 2026-02-14_BTCUSDT_ob200.data.zip
2026-03-21 21:16:55,915 - INFO - 📊 [Peak Load] 2026-02-13_BTCUSDT_ob200.data: Raw data in RAM | SYSTEM RAM: 93.52 GB (12.4%)
2026-03-21 21:16:55,930 - INFO - EventSampler iniciado. Modo: 'both' | Dollar=500000.0 | Tick=5000 | Info=100.0 | Time=300000ms
2026-03-21 21:17:00,399 - INFO - 📊 [Peak Load] 2026-02-14_BTCUSDT_ob200.data: Raw data in RAM | SYSTEM RAM: 104.78 GB (13.9%)
2026-03-21 21:17:00,418 - INFO - EventSampler iniciado. Modo: 'both' | Dollar=500000.0 | Tick=5000 | Info=100.0 | Time=300000ms
2026-03-21 21:17:00,547 - INFO - CUSUM (both): 74019 eventos. Trigger IID será aplicado dentro de cada janela CUSUM.
2026-03-21 21:17:01,486 - INFO - Barras geradas: 174005 | Ilhas: 1
2026-03-21 21:17:02,812 - INFO - CUSUM (both): 39411 eventos. Trigger IID será aplicado dentro de cada janela CUSUM.
2026-03-21 21:17:03,262 - INFO - Barras geradas: 84233 | Ilhas: 1
2026-03-21 21:17:07,804 - INFO - 💾 Memory Optimization: Dropping 801 raw book columns.
2026-03-21 21:17:07,817 - INFO - 📊 [Drop Success] 2026-02-14_BTCUSDT_ob200.data: Columns discarded | SYSTEM RAM: 61.23 GB (8.1%)
2026-03-21 21:17:07,817 - INFO - --- Validating 2026-02-14_BTCUSDT_ob200.data ---
2026-03-21 21:17:07,825 - INFO - ✅ ARCHITECTURE INTEGRITY: 30/30 features present. Audit Scope: 46 columns (30 Features + 15 Raw/Price).
2026-03-21 21:17:07,829 - INFO - No NaNs found.
2026-03-21 21:17:07,831 - INFO - No Infinite values found.
2026-03-21 21:17:07,832 - INFO - Chronological order verified.
2026-03-21 21:17:07,835 - WARNING - ⚠️ STALE DATA ALERT: Possible feed lock detected in 2026-02-14_BTCUSDT_ob200.data
2026-03-21 21:17:07,841 - WARNING - ☢️ CRITICAL OUTLIER: [DNN_INPUT] pressure_ratio max (4.6616e+03) is > 15x P99. Clipping might have failed!
2026-03-21 21:17:07,842 - WARNING - ☢️ CRITICAL OUTLIER: [DNN_INPUT] lower_wick max (9.7418e-04) is > 15x P99. Clipping might have failed!
2026-03-21 21:17:07,843 - WARNING - ☢️ CRITICAL OUTLIER: [DNN_INPUT] upper_wick max (9.3371e-04) is > 15x P99. Clipping might have failed!
2026-03-21 21:17:07,877 - WARNING - ⚠️ HIGH TAIL INTENSITY: [RAW_DATA] bar_usd_volume has 26 points with Z-Score > 12.
2026-03-21 21:17:07,877 - WARNING - ⚠️ HIGH TAIL INTENSITY: [RAW_DATA] bar_btc_volume has 26 points with Z-Score > 12.
2026-03-21 21:17:07,878 - WARNING - ⚠️ HIGH TAIL INTENSITY: [DNN_INPUT] max_spread has 267 points with Z-Score > 12.
2026-03-21 21:17:07,878 - WARNING - ⚠️ HIGH TAIL INTENSITY: [DNN_INPUT] volatility has 48 points with Z-Score > 12.
2026-03-21 21:17:07,878 - WARNING - ⚠️ HIGH TAIL INTENSITY: [DNN_INPUT] micro_price_momentum has 115 points with Z-Score > 12.
2026-03-21 21:17:07,878 - WARNING - ⚠️ HIGH TAIL INTENSITY: [DNN_INPUT] bid_rdi has 23 points with Z-Score > 12.
2026-03-21 21:17:07,878 - WARNING - ⚠️ HIGH TAIL INTENSITY: [DNN_INPUT] ask_rdi has 24 points with Z-Score > 12.
2026-03-21 21:17:07,878 - WARNING - ⚠️ HIGH TAIL INTENSITY: [DNN_INPUT] pressure_ratio has 76 points with Z-Score > 12.
2026-03-21 21:17:07,879 - WARNING - ⚠️ HIGH TAIL INTENSITY: [DNN_INPUT] body has 6 points with Z-Score > 12.
2026-03-21 21:17:07,879 - WARNING - ⚠️ HIGH TAIL INTENSITY: [DNN_INPUT] upper_wick has 86 points with Z-Score > 12.
2026-03-21 21:17:07,879 - WARNING - ⚠️ HIGH TAIL INTENSITY: [DNN_INPUT] lower_wick has 116 points with Z-Score > 12.
2026-03-21 21:17:07,879 - WARNING - ⚠️ HIGH TAIL INTENSITY: [DNN_INPUT] log_ret_close has 9 points with Z-Score > 12.
2026-03-21 21:17:07,879 - WARNING - ⚠️ HIGH TAIL INTENSITY: [DNN_INPUT] bid_rdi_delta_5 has 36 points with Z-Score > 12.
2026-03-21 21:17:07,879 - WARNING - ⚠️ HIGH TAIL INTENSITY: [DNN_INPUT] ask_rdi_delta_5 has 14 points with Z-Score > 12.
2026-03-21 21:17:07,879 - WARNING - ⚠️ HIGH TAIL INTENSITY: [DNN_INPUT] bid_rdi_delta_30 has 42 points with Z-Score > 12.
2026-03-21 21:17:07,879 - WARNING - ⚠️ HIGH TAIL INTENSITY: [DNN_INPUT] ask_rdi_delta_30 has 48 points with Z-Score > 12.
2026-03-21 21:17:07,879 - WARNING - ⚠️ HIGH TAIL INTENSITY: [DNN_INPUT] spread_zscore_60 has 117 points with Z-Score > 12.
2026-03-21 21:17:07,879 - WARNING - ⚠️ HIGH TAIL INTENSITY: [DNN_INPUT] kyle_lambda has 61 points with Z-Score > 12.
2026-03-21 21:17:07,880 - WARNING - ⚠️ HIGH TAIL INTENSITY: [DNN_INPUT] bid_deep_ratio has 14 points with Z-Score > 12.
2026-03-21 21:17:07,880 - WARNING - ⚠️ HIGH TAIL INTENSITY: [DNN_INPUT] ask_deep_ratio has 14 points with Z-Score > 12.
2026-03-21 21:17:07,906 - INFO - ✅ Protocol Island Split: 1/1 islands survived. Total rows: 84233
2026-03-21 21:17:07,907 - INFO - 🏆 Gold Validation complete for 2026-02-14_BTCUSDT_ob200.data. Status: VALID
2026-03-21 21:17:07,968 - INFO - Successfully saved 84233 rows to data/L2/pre_processed/2026-02-14_BTCUSDT_ob200.data.parquet
2026-03-21 21:17:07,968 - INFO - ✅ Saved event-driven dataset: 2026-02-14_BTCUSDT_ob200.data.parquet
2026-03-21 21:17:07,969 - INFO - 📊 [Memory] 2026-02-14_BTCUSDT_ob200.data: 0.0MB -> 16027.2MB
2026-03-21 21:17:08,690 - INFO - 💾 Memory Optimization: Dropping 801 raw book columns.
2026-03-21 21:17:08,707 - INFO - 📊 [Drop Success] 2026-02-13_BTCUSDT_ob200.data: Columns discarded | SYSTEM RAM: 61.39 GB (8.1%)
2026-03-21 21:17:08,707 - INFO - --- Validating 2026-02-13_BTCUSDT_ob200.data ---
2026-03-21 21:17:08,716 - INFO - ✅ ARCHITECTURE INTEGRITY: 30/30 features present. Audit Scope: 46 columns (30 Features + 15 Raw/Price).
2026-03-21 21:17:08,722 - INFO - No NaNs found.
2026-03-21 21:17:08,727 - INFO - No Infinite values found.
2026-03-21 21:17:08,728 - INFO - Chronological order verified.
2026-03-21 21:17:08,732 - WARNING - ⚠️ STALE DATA ALERT: Possible feed lock detected in 2026-02-13_BTCUSDT_ob200.data
2026-03-21 21:17:08,741 - WARNING - ☢️ CRITICAL OUTLIER: [DNN_INPUT] pressure_ratio max (1.6596e+03) is > 15x P99. Clipping might have failed!
2026-03-21 21:17:08,742 - WARNING - ☢️ CRITICAL OUTLIER: [DNN_INPUT] lower_wick max (1.7710e-03) is > 15x P99. Clipping might have failed!
2026-03-21 21:17:08,744 - WARNING - ☢️ CRITICAL OUTLIER: [DNN_INPUT] upper_wick max (1.8015e-03) is > 15x P99. Clipping might have failed!
2026-03-21 21:17:08,747 - WARNING - ☢️ CRITICAL OUTLIER: [DNN_INPUT] max_spread max (1.5400e+01) is > 15x P99. Clipping might have failed!
2026-03-21 21:17:08,810 - WARNING - ⚠️ HIGH TAIL INTENSITY: [RAW_DATA] bar_usd_volume has 49 points with Z-Score > 12.
2026-03-21 21:17:08,811 - WARNING - ⚠️ HIGH TAIL INTENSITY: [RAW_DATA] bar_btc_volume has 48 points with Z-Score > 12.
2026-03-21 21:17:08,811 - WARNING - ⚠️ HIGH TAIL INTENSITY: [DNN_INPUT] max_spread has 355 points with Z-Score > 12.
2026-03-21 21:17:08,811 - WARNING - ⚠️ HIGH TAIL INTENSITY: [DNN_INPUT] volatility has 104 points with Z-Score > 12.
2026-03-21 21:17:08,811 - WARNING - ⚠️ HIGH TAIL INTENSITY: [DNN_INPUT] micro_price_momentum has 171 points with Z-Score > 12.
2026-03-21 21:17:08,811 - WARNING - ⚠️ HIGH TAIL INTENSITY: [DNN_INPUT] bid_rdi has 136 points with Z-Score > 12.
2026-03-21 21:17:08,812 - WARNING - ⚠️ HIGH TAIL INTENSITY: [DNN_INPUT] ask_rdi has 57 points with Z-Score > 12.
2026-03-21 21:17:08,812 - WARNING - ⚠️ HIGH TAIL INTENSITY: [DNN_INPUT] pressure_ratio has 226 points with Z-Score > 12.
2026-03-21 21:17:08,812 - WARNING - ⚠️ HIGH TAIL INTENSITY: [DNN_INPUT] body has 20 points with Z-Score > 12.
2026-03-21 21:17:08,812 - WARNING - ⚠️ HIGH TAIL INTENSITY: [DNN_INPUT] upper_wick has 119 points with Z-Score > 12.
2026-03-21 21:17:08,812 - WARNING - ⚠️ HIGH TAIL INTENSITY: [DNN_INPUT] lower_wick has 138 points with Z-Score > 12.
2026-03-21 21:17:08,812 - WARNING - ⚠️ HIGH TAIL INTENSITY: [DNN_INPUT] log_ret_close has 21 points with Z-Score > 12.
2026-03-21 21:17:08,812 - WARNING - ⚠️ HIGH TAIL INTENSITY: [DNN_INPUT] bid_rdi_delta_5 has 96 points with Z-Score > 12.
2026-03-21 21:17:08,812 - WARNING - ⚠️ HIGH TAIL INTENSITY: [DNN_INPUT] ask_rdi_delta_5 has 43 points with Z-Score > 12.
2026-03-21 21:17:08,812 - WARNING - ⚠️ HIGH TAIL INTENSITY: [DNN_INPUT] micro_price_delta_5 has 1 points with Z-Score > 12.
2026-03-21 21:17:08,812 - WARNING - ⚠️ HIGH TAIL INTENSITY: [DNN_INPUT] bid_rdi_delta_30 has 132 points with Z-Score > 12.
2026-03-21 21:17:08,812 - WARNING - ⚠️ HIGH TAIL INTENSITY: [DNN_INPUT] ask_rdi_delta_30 has 39 points with Z-Score > 12.
2026-03-21 21:17:08,813 - WARNING - ⚠️ HIGH TAIL INTENSITY: [DNN_INPUT] spread_zscore_60 has 308 points with Z-Score > 12.
2026-03-21 21:17:08,813 - WARNING - ⚠️ HIGH TAIL INTENSITY: [DNN_INPUT] kyle_lambda has 59 points with Z-Score > 12.
2026-03-21 21:17:08,813 - WARNING - ⚠️ HIGH TAIL INTENSITY: [DNN_INPUT] bid_deep_ratio has 111 points with Z-Score > 12.
2026-03-21 21:17:08,813 - WARNING - ⚠️ HIGH TAIL INTENSITY: [DNN_INPUT] ask_deep_ratio has 10 points with Z-Score > 12.
2026-03-21 21:17:08,813 - WARNING - ⚠️ HIGH TAIL INTENSITY: [DNN_INPUT] ask_convexity has 449 points with Z-Score > 12.
2026-03-21 21:17:08,876 - INFO - ✅ Protocol Island Split: 1/1 islands survived. Total rows: 174005
2026-03-21 21:17:08,876 - INFO - 🏆 Gold Validation complete for 2026-02-13_BTCUSDT_ob200.data. Status: VALID
2026-03-21 21:17:09,155 - INFO - Successfully saved 174005 rows to data/L2/pre_processed/2026-02-13_BTCUSDT_ob200.data.parquet
2026-03-21 21:17:09,155 - INFO - ✅ Saved event-driven dataset: 2026-02-13_BTCUSDT_ob200.data.parquet
2026-03-21 21:17:09,158 - INFO - 📊 [Memory] 2026-02-13_BTCUSDT_ob200.data: 0.0MB -> 17921.8MB
2026-03-21 21:17:10,564 - INFO - 📥 DOWNLOAD FILE: BTCUSDT2026-02-15.csv.gz
2026-03-21 21:17:11,947 - INFO - 📥 DOWNLOAD FILE: BTCUSDT2026-02-16.csv.gz
2026-03-21 21:17:58,366 - INFO - 📥 DOWNLOAD: 2026-02-16_BTCUSDT_ob200.data.zip
2026-03-21 21:18:03,255 - INFO - 📥 DOWNLOAD: 2026-02-15_BTCUSDT_ob200.data.zip
2026-03-21 21:18:10,192 - INFO - 📂 STREAMING: 2026-02-16_BTCUSDT_ob200.data
2026-03-21 21:18:12,988 - INFO - 📂 STREAMING: 2026-02-15_BTCUSDT_ob200.data
2026-03-21 21:19:19,531 - INFO - 🗑️ CLEANUP: Deleting processed zip: 2026-02-15_BTCUSDT_ob200.data.zip
2026-03-21 21:19:21,599 - INFO - 🗑️ CLEANUP: Deleting processed zip: 2026-02-16_BTCUSDT_ob200.data.zip
2026-03-21 21:19:44,233 - INFO - 📊 [Peak Load] 2026-02-15_BTCUSDT_ob200.data: Raw data in RAM | SYSTEM RAM: 96.16 GB (12.7%)
2026-03-21 21:19:44,246 - INFO - EventSampler iniciado. Modo: 'both' | Dollar=500000.0 | Tick=5000 | Info=100.0 | Time=300000ms
2026-03-21 21:19:47,447 - INFO - CUSUM (both): 51835 eventos. Trigger IID será aplicado dentro de cada janela CUSUM.
2026-03-21 21:19:48,084 - INFO - Barras geradas: 117208 | Ilhas: 1
2026-03-21 21:19:48,374 - INFO - 📊 [Peak Load] 2026-02-16_BTCUSDT_ob200.data: Raw data in RAM | SYSTEM RAM: 94.83 GB (12.6%)
2026-03-21 21:19:48,387 - INFO - EventSampler iniciado. Modo: 'both' | Dollar=500000.0 | Tick=5000 | Info=100.0 | Time=300000ms
2026-03-21 21:19:52,097 - INFO - CUSUM (both): 54111 eventos. Trigger IID será aplicado dentro de cada janela CUSUM.
2026-03-21 21:19:52,816 - INFO - Barras geradas: 140604 | Ilhas: 1
2026-03-21 21:19:53,266 - INFO - 💾 Memory Optimization: Dropping 801 raw book columns.
2026-03-21 21:19:53,281 - INFO - 📊 [Drop Success] 2026-02-15_BTCUSDT_ob200.data: Columns discarded | SYSTEM RAM: 81.65 GB (10.8%)
2026-03-21 21:19:53,281 - INFO - --- Validating 2026-02-15_BTCUSDT_ob200.data ---
2026-03-21 21:19:53,293 - INFO - ✅ ARCHITECTURE INTEGRITY: 30/30 features present. Audit Scope: 46 columns (30 Features + 15 Raw/Price).
2026-03-21 21:19:53,297 - INFO - No NaNs found.
2026-03-21 21:19:53,300 - INFO - No Infinite values found.
2026-03-21 21:19:53,301 - INFO - Chronological order verified.
2026-03-21 21:19:53,306 - WARNING - ⚠️ STALE DATA ALERT: Possible feed lock detected in 2026-02-15_BTCUSDT_ob200.data
2026-03-21 21:19:53,312 - WARNING - ☢️ CRITICAL OUTLIER: [DNN_INPUT] pressure_ratio max (1.6584e+03) is > 15x P99. Clipping might have failed!
2026-03-21 21:19:53,314 - WARNING - ☢️ CRITICAL OUTLIER: [DNN_INPUT] lower_wick max (1.1906e-03) is > 15x P99. Clipping might have failed!
2026-03-21 21:19:53,315 - WARNING - ☢️ CRITICAL OUTLIER: [DNN_INPUT] upper_wick max (1.4087e-03) is > 15x P99. Clipping might have failed!
2026-03-21 21:19:53,318 - WARNING - ☢️ CRITICAL OUTLIER: [DNN_INPUT] max_spread max (1.3400e+01) is > 15x P99. Clipping might have failed!
2026-03-21 21:19:53,359 - WARNING - ⚠️ HIGH TAIL INTENSITY: [RAW_DATA] bar_usd_volume has 27 points with Z-Score > 12.
2026-03-21 21:19:53,359 - WARNING - ⚠️ HIGH TAIL INTENSITY: [RAW_DATA] bar_btc_volume has 27 points with Z-Score > 12.
2026-03-21 21:19:53,359 - WARNING - ⚠️ HIGH TAIL INTENSITY: [DNN_INPUT] max_spread has 257 points with Z-Score > 12.
2026-03-21 21:19:53,359 - WARNING - ⚠️ HIGH TAIL INTENSITY: [DNN_INPUT] volatility has 60 points with Z-Score > 12.
2026-03-21 21:19:53,359 - WARNING - ⚠️ HIGH TAIL INTENSITY: [DNN_INPUT] micro_price_momentum has 173 points with Z-Score > 12.
2026-03-21 21:19:53,360 - WARNING - ⚠️ HIGH TAIL INTENSITY: [DNN_INPUT] bid_rdi has 157 points with Z-Score > 12.
2026-03-21 21:19:53,360 - WARNING - ⚠️ HIGH TAIL INTENSITY: [DNN_INPUT] ask_rdi has 52 points with Z-Score > 12.
2026-03-21 21:19:53,360 - WARNING - ⚠️ HIGH TAIL INTENSITY: [DNN_INPUT] pressure_ratio has 125 points with Z-Score > 12.
2026-03-21 21:19:53,360 - WARNING - ⚠️ HIGH TAIL INTENSITY: [DNN_INPUT] body has 34 points with Z-Score > 12.
2026-03-21 21:19:53,360 - WARNING - ⚠️ HIGH TAIL INTENSITY: [DNN_INPUT] upper_wick has 123 points with Z-Score > 12.
2026-03-21 21:19:53,360 - WARNING - ⚠️ HIGH TAIL INTENSITY: [DNN_INPUT] lower_wick has 106 points with Z-Score > 12.
2026-03-21 21:19:53,360 - WARNING - ⚠️ HIGH TAIL INTENSITY: [DNN_INPUT] log_ret_close has 42 points with Z-Score > 12.
2026-03-21 21:19:53,360 - WARNING - ⚠️ HIGH TAIL INTENSITY: [DNN_INPUT] bid_rdi_delta_5 has 128 points with Z-Score > 12.
2026-03-21 21:19:53,360 - WARNING - ⚠️ HIGH TAIL INTENSITY: [DNN_INPUT] ask_rdi_delta_5 has 49 points with Z-Score > 12.
2026-03-21 21:19:53,360 - WARNING - ⚠️ HIGH TAIL INTENSITY: [DNN_INPUT] bid_rdi_delta_30 has 236 points with Z-Score > 12.
2026-03-21 21:19:53,360 - WARNING - ⚠️ HIGH TAIL INTENSITY: [DNN_INPUT] ask_rdi_delta_30 has 96 points with Z-Score > 12.
2026-03-21 21:19:53,360 - WARNING - ⚠️ HIGH TAIL INTENSITY: [DNN_INPUT] spread_zscore_60 has 166 points with Z-Score > 12.
2026-03-21 21:19:53,361 - WARNING - ⚠️ HIGH TAIL INTENSITY: [DNN_INPUT] kyle_lambda has 137 points with Z-Score > 12.
2026-03-21 21:19:53,361 - WARNING - ⚠️ HIGH TAIL INTENSITY: [DNN_INPUT] bid_deep_ratio has 7 points with Z-Score > 12.
2026-03-21 21:19:53,361 - WARNING - ⚠️ HIGH TAIL INTENSITY: [DNN_INPUT] ask_deep_ratio has 63 points with Z-Score > 12.
2026-03-21 21:19:53,361 - WARNING - ⚠️ HIGH TAIL INTENSITY: [DNN_INPUT] bid_convexity has 254 points with Z-Score > 12.
2026-03-21 21:19:53,361 - WARNING - ⚠️ HIGH TAIL INTENSITY: [DNN_INPUT] ask_convexity has 311 points with Z-Score > 12.
2026-03-21 21:19:53,400 - INFO - ✅ Protocol Island Split: 1/1 islands survived. Total rows: 117208
2026-03-21 21:19:53,400 - INFO - 🏆 Gold Validation complete for 2026-02-15_BTCUSDT_ob200.data. Status: VALID
2026-03-21 21:19:53,483 - INFO - Successfully saved 117208 rows to data/L2/pre_processed/2026-02-15_BTCUSDT_ob200.data.parquet
2026-03-21 21:19:53,483 - INFO - ✅ Saved event-driven dataset: 2026-02-15_BTCUSDT_ob200.data.parquet
2026-03-21 21:19:53,484 - INFO - 📊 [Memory] 2026-02-15_BTCUSDT_ob200.data: 0.0MB -> 16102.3MB
2026-03-21 21:19:57,143 - INFO - 📥 DOWNLOAD FILE: BTCUSDT2026-02-17.csv.gz
2026-03-21 21:19:58,156 - INFO - 💾 Memory Optimization: Dropping 801 raw book columns.
2026-03-21 21:19:58,172 - INFO - 📊 [Drop Success] 2026-02-16_BTCUSDT_ob200.data: Columns discarded | SYSTEM RAM: 59.44 GB (7.9%)
2026-03-21 21:19:58,173 - INFO - --- Validating 2026-02-16_BTCUSDT_ob200.data ---
2026-03-21 21:19:58,182 - INFO - ✅ ARCHITECTURE INTEGRITY: 30/30 features present. Audit Scope: 46 columns (30 Features + 15 Raw/Price).
2026-03-21 21:19:58,187 - INFO - No NaNs found.
2026-03-21 21:19:58,191 - INFO - No Infinite values found.
2026-03-21 21:19:58,192 - INFO - Chronological order verified.
2026-03-21 21:19:58,198 - WARNING - ⚠️ STALE DATA ALERT: Possible feed lock detected in 2026-02-16_BTCUSDT_ob200.data
2026-03-21 21:19:58,205 - WARNING - ☢️ CRITICAL OUTLIER: [DNN_INPUT] pressure_ratio max (1.9250e+03) is > 15x P99. Clipping might have failed!
2026-03-21 21:19:58,207 - WARNING - ☢️ CRITICAL OUTLIER: [DNN_INPUT] lower_wick max (9.1851e-04) is > 15x P99. Clipping might have failed!
2026-03-21 21:19:58,208 - WARNING - ☢️ CRITICAL OUTLIER: [DNN_INPUT] upper_wick max (1.3909e-03) is > 15x P99. Clipping might have failed!
2026-03-21 21:19:58,210 - WARNING - ☢️ CRITICAL OUTLIER: [DNN_INPUT] max_spread max (1.7200e+01) is > 15x P99. Clipping might have failed!
2026-03-21 21:19:58,264 - WARNING - ⚠️ HIGH TAIL INTENSITY: [RAW_DATA] bar_usd_volume has 66 points with Z-Score > 12.
2026-03-21 21:19:58,264 - WARNING - ⚠️ HIGH TAIL INTENSITY: [RAW_DATA] bar_btc_volume has 66 points with Z-Score > 12.
2026-03-21 21:19:58,264 - WARNING - ⚠️ HIGH TAIL INTENSITY: [DNN_INPUT] max_spread has 214 points with Z-Score > 12.
2026-03-21 21:19:58,264 - WARNING - ⚠️ HIGH TAIL INTENSITY: [DNN_INPUT] volatility has 88 points with Z-Score > 12.
2026-03-21 21:19:58,265 - WARNING - ⚠️ HIGH TAIL INTENSITY: [DNN_INPUT] micro_price_momentum has 85 points with Z-Score > 12.
2026-03-21 21:19:58,265 - WARNING - ⚠️ HIGH TAIL INTENSITY: [DNN_INPUT] bid_rdi has 140 points with Z-Score > 12.
2026-03-21 21:19:58,265 - WARNING - ⚠️ HIGH TAIL INTENSITY: [DNN_INPUT] ask_rdi has 41 points with Z-Score > 12.
2026-03-21 21:19:58,265 - WARNING - ⚠️ HIGH TAIL INTENSITY: [DNN_INPUT] pressure_ratio has 128 points with Z-Score > 12.
2026-03-21 21:19:58,265 - WARNING - ⚠️ HIGH TAIL INTENSITY: [DNN_INPUT] body has 21 points with Z-Score > 12.
2026-03-21 21:19:58,265 - WARNING - ⚠️ HIGH TAIL INTENSITY: [DNN_INPUT] upper_wick has 118 points with Z-Score > 12.
2026-03-21 21:19:58,265 - WARNING - ⚠️ HIGH TAIL INTENSITY: [DNN_INPUT] lower_wick has 159 points with Z-Score > 12.
2026-03-21 21:19:58,265 - WARNING - ⚠️ HIGH TAIL INTENSITY: [DNN_INPUT] log_ret_close has 20 points with Z-Score > 12.
2026-03-21 21:19:58,265 - WARNING - ⚠️ HIGH TAIL INTENSITY: [DNN_INPUT] bid_rdi_delta_5 has 108 points with Z-Score > 12.
2026-03-21 21:19:58,266 - WARNING - ⚠️ HIGH TAIL INTENSITY: [DNN_INPUT] ask_rdi_delta_5 has 28 points with Z-Score > 12.
2026-03-21 21:19:58,266 - WARNING - ⚠️ HIGH TAIL INTENSITY: [DNN_INPUT] bid_rdi_delta_30 has 176 points with Z-Score > 12.
2026-03-21 21:19:58,266 - WARNING - ⚠️ HIGH TAIL INTENSITY: [DNN_INPUT] ask_rdi_delta_30 has 64 points with Z-Score > 12.
2026-03-21 21:19:58,266 - WARNING - ⚠️ HIGH TAIL INTENSITY: [DNN_INPUT] spread_zscore_60 has 173 points with Z-Score > 12.
2026-03-21 21:19:58,266 - WARNING - ⚠️ HIGH TAIL INTENSITY: [DNN_INPUT] kyle_lambda has 39 points with Z-Score > 12.
2026-03-21 21:19:58,266 - WARNING - ⚠️ HIGH TAIL INTENSITY: [DNN_INPUT] bid_deep_ratio has 8 points with Z-Score > 12.
2026-03-21 21:19:58,266 - WARNING - ⚠️ HIGH TAIL INTENSITY: [DNN_INPUT] ask_deep_ratio has 34 points with Z-Score > 12.
2026-03-21 21:19:58,266 - WARNING - ⚠️ HIGH TAIL INTENSITY: [DNN_INPUT] bid_convexity has 272 points with Z-Score > 12.
2026-03-21 21:19:58,266 - WARNING - ⚠️ HIGH TAIL INTENSITY: [DNN_INPUT] ask_convexity has 464 points with Z-Score > 12.
2026-03-21 21:19:58,313 - INFO - ✅ Protocol Island Split: 1/1 islands survived. Total rows: 140604
2026-03-21 21:19:58,313 - INFO - 🏆 Gold Validation complete for 2026-02-16_BTCUSDT_ob200.data. Status: VALID
2026-03-21 21:19:58,416 - INFO - Successfully saved 140604 rows to data/L2/pre_processed/2026-02-16_BTCUSDT_ob200.data.parquet
2026-03-21 21:19:58,416 - INFO - ✅ Saved event-driven dataset: 2026-02-16_BTCUSDT_ob200.data.parquet
2026-03-21 21:19:58,418 - INFO - 📊 [Memory] 2026-02-16_BTCUSDT_ob200.data: 0.0MB -> 17773.3MB
2026-03-21 21:20:01,288 - INFO - 📥 DOWNLOAD FILE: BTCUSDT2026-02-18.csv.gz
2026-03-21 21:20:10,317 - INFO - 📥 DOWNLOAD: 2026-02-17_BTCUSDT_ob200.data.zip
2026-03-21 21:20:12,039 - INFO - 📥 DOWNLOAD: 2026-02-18_BTCUSDT_ob200.data.zip
2026-03-21 21:20:53,474 - INFO - 📂 STREAMING: 2026-02-17_BTCUSDT_ob200.data
2026-03-21 21:20:55,550 - INFO - 📂 STREAMING: 2026-02-18_BTCUSDT_ob200.data
2026-03-21 21:22:07,573 - INFO - 🗑️ CLEANUP: Deleting processed zip: 2026-02-18_BTCUSDT_ob200.data.zip
2026-03-21 21:22:10,337 - INFO - 🗑️ CLEANUP: Deleting processed zip: 2026-02-17_BTCUSDT_ob200.data.zip
2026-03-21 21:22:34,412 - INFO - 📊 [Peak Load] 2026-02-18_BTCUSDT_ob200.data: Raw data in RAM | SYSTEM RAM: 99.54 GB (13.2%)
2026-03-21 21:22:34,424 - INFO - EventSampler iniciado. Modo: 'both' | Dollar=500000.0 | Tick=5000 | Info=100.0 | Time=300000ms
2026-03-21 21:22:38,103 - INFO - CUSUM (both): 52802 eventos. Trigger IID será aplicado dentro de cada janela CUSUM.
2026-03-21 21:22:38,914 - INFO - Barras geradas: 152197 | Ilhas: 1
2026-03-21 21:22:38,993 - INFO - 📊 [Peak Load] 2026-02-17_BTCUSDT_ob200.data: Raw data in RAM | SYSTEM RAM: 101.33 GB (13.4%)
2026-03-21 21:22:39,004 - INFO - EventSampler iniciado. Modo: 'both' | Dollar=500000.0 | Tick=5000 | Info=100.0 | Time=300000ms
2026-03-21 21:22:42,794 - INFO - CUSUM (both): 60081 eventos. Trigger IID será aplicado dentro de cada janela CUSUM.
2026-03-21 21:22:43,643 - INFO - Barras geradas: 182853 | Ilhas: 1
2026-03-21 21:22:44,930 - INFO - 💾 Memory Optimization: Dropping 801 raw book columns.
2026-03-21 21:22:44,958 - INFO - 📊 [Drop Success] 2026-02-18_BTCUSDT_ob200.data: Columns discarded | SYSTEM RAM: 72.42 GB (9.6%)
2026-03-21 21:22:44,958 - INFO - --- Validating 2026-02-18_BTCUSDT_ob200.data ---
2026-03-21 21:22:44,969 - INFO - ✅ ARCHITECTURE INTEGRITY: 30/30 features present. Audit Scope: 46 columns (30 Features + 15 Raw/Price).
2026-03-21 21:22:44,974 - INFO - No NaNs found.
2026-03-21 21:22:44,979 - INFO - No Infinite values found.
2026-03-21 21:22:44,979 - INFO - Chronological order verified.
2026-03-21 21:22:44,984 - WARNING - ⚠️ STALE DATA ALERT: Possible feed lock detected in 2026-02-18_BTCUSDT_ob200.data
2026-03-21 21:22:44,991 - WARNING - ☢️ CRITICAL OUTLIER: [DNN_INPUT] pressure_ratio max (2.4123e+03) is > 15x P99. Clipping might have failed!
2026-03-21 21:22:44,993 - WARNING - ☢️ CRITICAL OUTLIER: [DNN_INPUT] lower_wick max (8.3762e-04) is > 15x P99. Clipping might have failed!
2026-03-21 21:22:44,994 - WARNING - ☢️ CRITICAL OUTLIER: [DNN_INPUT] upper_wick max (1.2667e-03) is > 15x P99. Clipping might have failed!
2026-03-21 21:22:44,997 - WARNING - ☢️ CRITICAL OUTLIER: [DNN_INPUT] max_spread max (2.3600e+01) is > 15x P99. Clipping might have failed!
2026-03-21 21:22:45,053 - WARNING - ⚠️ HIGH TAIL INTENSITY: [RAW_DATA] bar_usd_volume has 54 points with Z-Score > 12.
2026-03-21 21:22:45,053 - WARNING - ⚠️ HIGH TAIL INTENSITY: [RAW_DATA] bar_btc_volume has 54 points with Z-Score > 12.
2026-03-21 21:22:45,054 - WARNING - ⚠️ HIGH TAIL INTENSITY: [DNN_INPUT] max_spread has 211 points with Z-Score > 12.
2026-03-21 21:22:45,054 - WARNING - ⚠️ HIGH TAIL INTENSITY: [DNN_INPUT] volatility has 120 points with Z-Score > 12.
2026-03-21 21:22:45,054 - WARNING - ⚠️ HIGH TAIL INTENSITY: [DNN_INPUT] micro_price_momentum has 94 points with Z-Score > 12.
2026-03-21 21:22:45,054 - WARNING - ⚠️ HIGH TAIL INTENSITY: [DNN_INPUT] bid_rdi has 496 points with Z-Score > 12.
2026-03-21 21:22:45,054 - WARNING - ⚠️ HIGH TAIL INTENSITY: [DNN_INPUT] ask_rdi has 112 points with Z-Score > 12.
2026-03-21 21:22:45,054 - WARNING - ⚠️ HIGH TAIL INTENSITY: [DNN_INPUT] pressure_ratio has 82 points with Z-Score > 12.
2026-03-21 21:22:45,054 - WARNING - ⚠️ HIGH TAIL INTENSITY: [DNN_INPUT] body has 28 points with Z-Score > 12.
2026-03-21 21:22:45,055 - WARNING - ⚠️ HIGH TAIL INTENSITY: [DNN_INPUT] upper_wick has 131 points with Z-Score > 12.
2026-03-21 21:22:45,055 - WARNING - ⚠️ HIGH TAIL INTENSITY: [DNN_INPUT] lower_wick has 167 points with Z-Score > 12.
2026-03-21 21:22:45,055 - WARNING - ⚠️ HIGH TAIL INTENSITY: [DNN_INPUT] log_ret_close has 32 points with Z-Score > 12.
2026-03-21 21:22:45,055 - WARNING - ⚠️ HIGH TAIL INTENSITY: [DNN_INPUT] bid_rdi_delta_5 has 136 points with Z-Score > 12.
2026-03-21 21:22:45,055 - WARNING - ⚠️ HIGH TAIL INTENSITY: [DNN_INPUT] ask_rdi_delta_5 has 99 points with Z-Score > 12.
2026-03-21 21:22:45,055 - WARNING - ⚠️ HIGH TAIL INTENSITY: [DNN_INPUT] micro_price_delta_5 has 1 points with Z-Score > 12.
2026-03-21 21:22:45,055 - WARNING - ⚠️ HIGH TAIL INTENSITY: [DNN_INPUT] bid_rdi_delta_30 has 210 points with Z-Score > 12.
2026-03-21 21:22:45,055 - WARNING - ⚠️ HIGH TAIL INTENSITY: [DNN_INPUT] ask_rdi_delta_30 has 184 points with Z-Score > 12.
2026-03-21 21:22:45,055 - WARNING - ⚠️ HIGH TAIL INTENSITY: [DNN_INPUT] spread_zscore_60 has 357 points with Z-Score > 12.
2026-03-21 21:22:45,055 - WARNING - ⚠️ HIGH TAIL INTENSITY: [DNN_INPUT] kyle_lambda has 45 points with Z-Score > 12.
2026-03-21 21:22:45,055 - WARNING - ⚠️ HIGH TAIL INTENSITY: [DNN_INPUT] bid_deep_ratio has 120 points with Z-Score > 12.
2026-03-21 21:22:45,055 - WARNING - ⚠️ HIGH TAIL INTENSITY: [DNN_INPUT] ask_deep_ratio has 39 points with Z-Score > 12.
2026-03-21 21:22:45,055 - WARNING - ⚠️ HIGH TAIL INTENSITY: [DNN_INPUT] ask_convexity has 353 points with Z-Score > 12.
2026-03-21 21:22:45,107 - INFO - ✅ Protocol Island Split: 1/1 islands survived. Total rows: 152197
2026-03-21 21:22:45,107 - INFO - 🏆 Gold Validation complete for 2026-02-18_BTCUSDT_ob200.data. Status: VALID
2026-03-21 21:22:45,211 - INFO - Successfully saved 152197 rows to data/L2/pre_processed/2026-02-18_BTCUSDT_ob200.data.parquet
2026-03-21 21:22:45,211 - INFO - ✅ Saved event-driven dataset: 2026-02-18_BTCUSDT_ob200.data.parquet
2026-03-21 21:22:45,213 - INFO - 📊 [Memory] 2026-02-18_BTCUSDT_ob200.data: 0.0MB -> 17764.0MB
2026-03-21 21:22:48,869 - INFO - 📥 DOWNLOAD FILE: BTCUSDT2026-02-19.csv.gz
2026-03-21 21:22:49,844 - INFO - 💾 Memory Optimization: Dropping 801 raw book columns.
2026-03-21 21:22:49,859 - INFO - 📊 [Drop Success] 2026-02-17_BTCUSDT_ob200.data: Columns discarded | SYSTEM RAM: 59.86 GB (7.9%)
2026-03-21 21:22:49,859 - INFO - --- Validating 2026-02-17_BTCUSDT_ob200.data ---
2026-03-21 21:22:49,870 - INFO - ✅ ARCHITECTURE INTEGRITY: 30/30 features present. Audit Scope: 46 columns (30 Features + 15 Raw/Price).
2026-03-21 21:22:49,876 - INFO - No NaNs found.
2026-03-21 21:22:49,881 - INFO - No Infinite values found.
2026-03-21 21:22:49,882 - INFO - Chronological order verified.
2026-03-21 21:22:49,887 - WARNING - ⚠️ STALE DATA ALERT: Possible feed lock detected in 2026-02-17_BTCUSDT_ob200.data
2026-03-21 21:22:49,895 - WARNING - ☢️ CRITICAL OUTLIER: [DNN_INPUT] pressure_ratio max (2.0956e+03) is > 15x P99. Clipping might have failed!
2026-03-21 21:22:49,896 - WARNING - ☢️ CRITICAL OUTLIER: [DNN_INPUT] lower_wick max (8.4943e-04) is > 15x P99. Clipping might have failed!
2026-03-21 21:22:49,898 - WARNING - ☢️ CRITICAL OUTLIER: [DNN_INPUT] upper_wick max (9.2329e-04) is > 15x P99. Clipping might have failed!
2026-03-21 21:22:49,901 - WARNING - ☢️ CRITICAL OUTLIER: [DNN_INPUT] max_spread max (2.1700e+01) is > 15x P99. Clipping might have failed!
2026-03-21 21:22:49,976 - WARNING - ⚠️ HIGH TAIL INTENSITY: [RAW_DATA] bar_usd_volume has 49 points with Z-Score > 12.
2026-03-21 21:22:49,976 - WARNING - ⚠️ HIGH TAIL INTENSITY: [RAW_DATA] bar_btc_volume has 49 points with Z-Score > 12.
2026-03-21 21:22:49,976 - WARNING - ⚠️ HIGH TAIL INTENSITY: [DNN_INPUT] max_spread has 592 points with Z-Score > 12.
2026-03-21 21:22:49,977 - WARNING - ⚠️ HIGH TAIL INTENSITY: [DNN_INPUT] volatility has 153 points with Z-Score > 12.
2026-03-21 21:22:49,977 - WARNING - ⚠️ HIGH TAIL INTENSITY: [DNN_INPUT] micro_price_momentum has 201 points with Z-Score > 12.
2026-03-21 21:22:49,977 - WARNING - ⚠️ HIGH TAIL INTENSITY: [DNN_INPUT] bid_rdi has 59 points with Z-Score > 12.
2026-03-21 21:22:49,977 - WARNING - ⚠️ HIGH TAIL INTENSITY: [DNN_INPUT] ask_rdi has 116 points with Z-Score > 12.
2026-03-21 21:22:49,977 - WARNING - ⚠️ HIGH TAIL INTENSITY: [DNN_INPUT] pressure_ratio has 97 points with Z-Score > 12.
2026-03-21 21:22:49,977 - WARNING - ⚠️ HIGH TAIL INTENSITY: [DNN_INPUT] body has 29 points with Z-Score > 12.
2026-03-21 21:22:49,977 - WARNING - ⚠️ HIGH TAIL INTENSITY: [DNN_INPUT] upper_wick has 206 points with Z-Score > 12.
2026-03-21 21:22:49,977 - WARNING - ⚠️ HIGH TAIL INTENSITY: [DNN_INPUT] lower_wick has 185 points with Z-Score > 12.
2026-03-21 21:22:49,977 - WARNING - ⚠️ HIGH TAIL INTENSITY: [DNN_INPUT] log_ret_close has 25 points with Z-Score > 12.
2026-03-21 21:22:49,977 - WARNING - ⚠️ HIGH TAIL INTENSITY: [DNN_INPUT] bid_rdi_delta_5 has 60 points with Z-Score > 12.
2026-03-21 21:22:49,978 - WARNING - ⚠️ HIGH TAIL INTENSITY: [DNN_INPUT] ask_rdi_delta_5 has 168 points with Z-Score > 12.
2026-03-21 21:22:49,978 - WARNING - ⚠️ HIGH TAIL INTENSITY: [DNN_INPUT] bid_rdi_delta_30 has 112 points with Z-Score > 12.
2026-03-21 21:22:49,978 - WARNING - ⚠️ HIGH TAIL INTENSITY: [DNN_INPUT] ask_rdi_delta_30 has 178 points with Z-Score > 12.
2026-03-21 21:22:49,978 - WARNING - ⚠️ HIGH TAIL INTENSITY: [DNN_INPUT] spread_zscore_60 has 381 points with Z-Score > 12.
2026-03-21 21:22:49,978 - WARNING - ⚠️ HIGH TAIL INTENSITY: [DNN_INPUT] kyle_lambda has 43 points with Z-Score > 12.
2026-03-21 21:22:49,978 - WARNING - ⚠️ HIGH TAIL INTENSITY: [DNN_INPUT] bid_deep_ratio has 81 points with Z-Score > 12.
2026-03-21 21:22:49,978 - WARNING - ⚠️ HIGH TAIL INTENSITY: [DNN_INPUT] ask_deep_ratio has 26 points with Z-Score > 12.
2026-03-21 21:22:49,978 - WARNING - ⚠️ HIGH TAIL INTENSITY: [DNN_INPUT] bid_convexity has 474 points with Z-Score > 12.
2026-03-21 21:22:49,978 - WARNING - ⚠️ HIGH TAIL INTENSITY: [DNN_INPUT] ask_convexity has 498 points with Z-Score > 12.
2026-03-21 21:22:50,046 - INFO - ✅ Protocol Island Split: 1/1 islands survived. Total rows: 182853
2026-03-21 21:22:50,047 - INFO - 🏆 Gold Validation complete for 2026-02-17_BTCUSDT_ob200.data. Status: VALID
2026-03-21 21:22:50,148 - INFO - Successfully saved 182853 rows to data/L2/pre_processed/2026-02-17_BTCUSDT_ob200.data.parquet
2026-03-21 21:22:50,149 - INFO - ✅ Saved event-driven dataset: 2026-02-17_BTCUSDT_ob200.data.parquet
2026-03-21 21:22:50,151 - INFO - 📊 [Memory] 2026-02-17_BTCUSDT_ob200.data: 0.0MB -> 16299.9MB
2026-03-21 21:22:53,209 - INFO - 📥 DOWNLOAD FILE: BTCUSDT2026-02-20.csv.gz
2026-03-21 21:22:59,756 - INFO - 📥 DOWNLOAD: 2026-02-19_BTCUSDT_ob200.data.zip
2026-03-21 21:23:03,942 - INFO - 📥 DOWNLOAD: 2026-02-20_BTCUSDT_ob200.data.zip
2026-03-21 21:23:08,719 - INFO - 📂 STREAMING: 2026-02-19_BTCUSDT_ob200.data
2026-03-21 21:23:16,113 - INFO - 📂 STREAMING: 2026-02-20_BTCUSDT_ob200.data
2026-03-21 21:24:20,491 - INFO - 🗑️ CLEANUP: Deleting processed zip: 2026-02-19_BTCUSDT_ob200.data.zip
2026-03-21 21:24:27,212 - INFO - 🗑️ CLEANUP: Deleting processed zip: 2026-02-20_BTCUSDT_ob200.data.zip
2026-03-21 21:24:48,652 - INFO - 📊 [Peak Load] 2026-02-19_BTCUSDT_ob200.data: Raw data in RAM | SYSTEM RAM: 99.99 GB (13.2%)
2026-03-21 21:24:48,664 - INFO - EventSampler iniciado. Modo: 'both' | Dollar=500000.0 | Tick=5000 | Info=100.0 | Time=300000ms
2026-03-21 21:24:52,478 - INFO - CUSUM (both): 53568 eventos. Trigger IID será aplicado dentro de cada janela CUSUM.
2026-03-21 21:24:53,313 - INFO - Barras geradas: 169805 | Ilhas: 1
2026-03-21 21:24:57,770 - INFO - 📊 [Peak Load] 2026-02-20_BTCUSDT_ob200.data: Raw data in RAM | SYSTEM RAM: 75.94 GB (10.1%)
2026-03-21 21:24:57,784 - INFO - EventSampler iniciado. Modo: 'both' | Dollar=500000.0 | Tick=5000 | Info=100.0 | Time=300000ms
2026-03-21 21:24:59,255 - INFO - 💾 Memory Optimization: Dropping 801 raw book columns.
2026-03-21 21:24:59,270 - INFO - 📊 [Drop Success] 2026-02-19_BTCUSDT_ob200.data: Columns discarded | SYSTEM RAM: 91.54 GB (12.1%)
2026-03-21 21:24:59,270 - INFO - --- Validating 2026-02-19_BTCUSDT_ob200.data ---
2026-03-21 21:24:59,279 - INFO - ✅ ARCHITECTURE INTEGRITY: 30/30 features present. Audit Scope: 46 columns (30 Features + 15 Raw/Price).
2026-03-21 21:24:59,284 - INFO - No NaNs found.
2026-03-21 21:24:59,289 - INFO - No Infinite values found.
2026-03-21 21:24:59,290 - INFO - Chronological order verified.
2026-03-21 21:24:59,294 - WARNING - ⚠️ STALE DATA ALERT: Possible feed lock detected in 2026-02-19_BTCUSDT_ob200.data
2026-03-21 21:24:59,302 - WARNING - ☢️ CRITICAL OUTLIER: [DNN_INPUT] pressure_ratio max (6.3455e+03) is > 15x P99. Clipping might have failed!
2026-03-21 21:24:59,304 - WARNING - ☢️ CRITICAL OUTLIER: [DNN_INPUT] lower_wick max (8.4273e-04) is > 15x P99. Clipping might have failed!
2026-03-21 21:24:59,305 - WARNING - ☢️ CRITICAL OUTLIER: [DNN_INPUT] upper_wick max (7.9381e-04) is > 15x P99. Clipping might have failed!
2026-03-21 21:24:59,308 - WARNING - ☢️ CRITICAL OUTLIER: [DNN_INPUT] max_spread max (1.1800e+01) is > 15x P99. Clipping might have failed!
2026-03-21 21:24:59,372 - WARNING - ⚠️ HIGH TAIL INTENSITY: [RAW_DATA] bar_usd_volume has 56 points with Z-Score > 12.
2026-03-21 21:24:59,372 - WARNING - ⚠️ HIGH TAIL INTENSITY: [RAW_DATA] bar_btc_volume has 56 points with Z-Score > 12.
2026-03-21 21:24:59,372 - WARNING - ⚠️ HIGH TAIL INTENSITY: [DNN_INPUT] max_spread has 236 points with Z-Score > 12.
2026-03-21 21:24:59,372 - WARNING - ⚠️ HIGH TAIL INTENSITY: [DNN_INPUT] volatility has 165 points with Z-Score > 12.
2026-03-21 21:24:59,372 - WARNING - ⚠️ HIGH TAIL INTENSITY: [DNN_INPUT] micro_price_momentum has 146 points with Z-Score > 12.
2026-03-21 21:24:59,373 - WARNING - ⚠️ HIGH TAIL INTENSITY: [DNN_INPUT] bid_rdi has 316 points with Z-Score > 12.
2026-03-21 21:24:59,373 - WARNING - ⚠️ HIGH TAIL INTENSITY: [DNN_INPUT] ask_rdi has 335 points with Z-Score > 12.
2026-03-21 21:24:59,373 - WARNING - ⚠️ HIGH TAIL INTENSITY: [DNN_INPUT] pressure_ratio has 99 points with Z-Score > 12.
2026-03-21 21:24:59,373 - WARNING - ⚠️ HIGH TAIL INTENSITY: [DNN_INPUT] body has 29 points with Z-Score > 12.
2026-03-21 21:24:59,373 - WARNING - ⚠️ HIGH TAIL INTENSITY: [DNN_INPUT] upper_wick has 183 points with Z-Score > 12.
2026-03-21 21:24:59,373 - WARNING - ⚠️ HIGH TAIL INTENSITY: [DNN_INPUT] lower_wick has 152 points with Z-Score > 12.
2026-03-21 21:24:59,373 - WARNING - ⚠️ HIGH TAIL INTENSITY: [DNN_INPUT] log_ret_close has 30 points with Z-Score > 12.
2026-03-21 21:24:59,373 - WARNING - ⚠️ HIGH TAIL INTENSITY: [DNN_INPUT] bid_rdi_delta_5 has 78 points with Z-Score > 12.
2026-03-21 21:24:59,373 - WARNING - ⚠️ HIGH TAIL INTENSITY: [DNN_INPUT] ask_rdi_delta_5 has 105 points with Z-Score > 12.
2026-03-21 21:24:59,373 - WARNING - ⚠️ HIGH TAIL INTENSITY: [DNN_INPUT] bid_rdi_delta_30 has 64 points with Z-Score > 12.
2026-03-21 21:24:59,374 - WARNING - ⚠️ HIGH TAIL INTENSITY: [DNN_INPUT] ask_rdi_delta_30 has 244 points with Z-Score > 12.
2026-03-21 21:24:59,374 - WARNING - ⚠️ HIGH TAIL INTENSITY: [DNN_INPUT] spread_zscore_60 has 331 points with Z-Score > 12.
2026-03-21 21:24:59,374 - WARNING - ⚠️ HIGH TAIL INTENSITY: [DNN_INPUT] kyle_lambda has 32 points with Z-Score > 12.
2026-03-21 21:24:59,374 - WARNING - ⚠️ HIGH TAIL INTENSITY: [DNN_INPUT] bid_deep_ratio has 51 points with Z-Score > 12.
2026-03-21 21:24:59,374 - WARNING - ⚠️ HIGH TAIL INTENSITY: [DNN_INPUT] ask_deep_ratio has 35 points with Z-Score > 12.
2026-03-21 21:24:59,374 - WARNING - ⚠️ HIGH TAIL INTENSITY: [DNN_INPUT] bid_convexity has 440 points with Z-Score > 12.
2026-03-21 21:24:59,374 - WARNING - ⚠️ HIGH TAIL INTENSITY: [DNN_INPUT] ask_convexity has 471 points with Z-Score > 12.
2026-03-21 21:24:59,431 - INFO - ✅ Protocol Island Split: 1/1 islands survived. Total rows: 169805
2026-03-21 21:24:59,431 - INFO - 🏆 Gold Validation complete for 2026-02-19_BTCUSDT_ob200.data. Status: VALID
2026-03-21 21:24:59,689 - INFO - Successfully saved 169805 rows to data/L2/pre_processed/2026-02-19_BTCUSDT_ob200.data.parquet
2026-03-21 21:24:59,689 - INFO - ✅ Saved event-driven dataset: 2026-02-19_BTCUSDT_ob200.data.parquet
2026-03-21 21:24:59,691 - INFO - 📊 [Memory] 2026-02-19_BTCUSDT_ob200.data: 0.0MB -> 17820.8MB
2026-03-21 21:25:01,824 - INFO - CUSUM (both): 55182 eventos. Trigger IID será aplicado dentro de cada janela CUSUM.
2026-03-21 21:25:02,144 - INFO - 📥 DOWNLOAD FILE: BTCUSDT2026-02-21.csv.gz
2026-03-21 21:25:02,647 - INFO - Barras geradas: 174944 | Ilhas: 1
2026-03-21 21:25:08,617 - INFO - 📥 DOWNLOAD: 2026-02-21_BTCUSDT_ob200.data.zip
2026-03-21 21:25:08,992 - INFO - 💾 Memory Optimization: Dropping 801 raw book columns.
2026-03-21 21:25:09,013 - INFO - 📊 [Drop Success] 2026-02-20_BTCUSDT_ob200.data: Columns discarded | SYSTEM RAM: 59.88 GB (7.9%)
2026-03-21 21:25:09,013 - INFO - --- Validating 2026-02-20_BTCUSDT_ob200.data ---
2026-03-21 21:25:09,025 - INFO - ✅ ARCHITECTURE INTEGRITY: 30/30 features present. Audit Scope: 46 columns (30 Features + 15 Raw/Price).
2026-03-21 21:25:09,031 - INFO - No NaNs found.
2026-03-21 21:25:09,036 - INFO - No Infinite values found.
2026-03-21 21:25:09,037 - INFO - Chronological order verified.
2026-03-21 21:25:09,042 - WARNING - ⚠️ STALE DATA ALERT: Possible feed lock detected in 2026-02-20_BTCUSDT_ob200.data
2026-03-21 21:25:09,050 - WARNING - ☢️ CRITICAL OUTLIER: [DNN_INPUT] pressure_ratio max (3.7632e+03) is > 15x P99. Clipping might have failed!
2026-03-21 21:25:09,052 - WARNING - ☢️ CRITICAL OUTLIER: [DNN_INPUT] lower_wick max (1.2821e-03) is > 15x P99. Clipping might have failed!
2026-03-21 21:25:09,054 - WARNING - ☢️ CRITICAL OUTLIER: [DNN_INPUT] upper_wick max (1.3254e-03) is > 15x P99. Clipping might have failed!
2026-03-21 21:25:09,056 - WARNING - ☢️ CRITICAL OUTLIER: [DNN_INPUT] max_spread max (1.9500e+01) is > 15x P99. Clipping might have failed!
2026-03-21 21:25:09,120 - WARNING - ⚠️ HIGH TAIL INTENSITY: [RAW_DATA] bar_usd_volume has 61 points with Z-Score > 12.
2026-03-21 21:25:09,120 - WARNING - ⚠️ HIGH TAIL INTENSITY: [RAW_DATA] bar_btc_volume has 61 points with Z-Score > 12.
2026-03-21 21:25:09,121 - WARNING - ⚠️ HIGH TAIL INTENSITY: [DNN_INPUT] max_spread has 283 points with Z-Score > 12.
2026-03-21 21:25:09,121 - WARNING - ⚠️ HIGH TAIL INTENSITY: [DNN_INPUT] volatility has 171 points with Z-Score > 12.
2026-03-21 21:25:09,121 - WARNING - ⚠️ HIGH TAIL INTENSITY: [DNN_INPUT] micro_price_momentum has 151 points with Z-Score > 12.
2026-03-21 21:25:09,121 - WARNING - ⚠️ HIGH TAIL INTENSITY: [DNN_INPUT] bid_rdi has 329 points with Z-Score > 12.
2026-03-21 21:25:09,121 - WARNING - ⚠️ HIGH TAIL INTENSITY: [DNN_INPUT] ask_rdi has 150 points with Z-Score > 12.
2026-03-21 21:25:09,121 - WARNING - ⚠️ HIGH TAIL INTENSITY: [DNN_INPUT] pressure_ratio has 181 points with Z-Score > 12.
2026-03-21 21:25:09,121 - WARNING - ⚠️ HIGH TAIL INTENSITY: [DNN_INPUT] body has 46 points with Z-Score > 12.
2026-03-21 21:25:09,121 - WARNING - ⚠️ HIGH TAIL INTENSITY: [DNN_INPUT] upper_wick has 197 points with Z-Score > 12.
2026-03-21 21:25:09,122 - WARNING - ⚠️ HIGH TAIL INTENSITY: [DNN_INPUT] lower_wick has 195 points with Z-Score > 12.
2026-03-21 21:25:09,122 - WARNING - ⚠️ HIGH TAIL INTENSITY: [DNN_INPUT] log_ret_close has 48 points with Z-Score > 12.
2026-03-21 21:25:09,122 - WARNING - ⚠️ HIGH TAIL INTENSITY: [DNN_INPUT] bid_rdi_delta_5 has 166 points with Z-Score > 12.
2026-03-21 21:25:09,122 - WARNING - ⚠️ HIGH TAIL INTENSITY: [DNN_INPUT] ask_rdi_delta_5 has 112 points with Z-Score > 12.
2026-03-21 21:25:09,122 - WARNING - ⚠️ HIGH TAIL INTENSITY: [DNN_INPUT] micro_price_delta_5 has 9 points with Z-Score > 12.
2026-03-21 21:25:09,122 - WARNING - ⚠️ HIGH TAIL INTENSITY: [DNN_INPUT] bid_rdi_delta_30 has 276 points with Z-Score > 12.
2026-03-21 21:25:09,122 - WARNING - ⚠️ HIGH TAIL INTENSITY: [DNN_INPUT] ask_rdi_delta_30 has 214 points with Z-Score > 12.
2026-03-21 21:25:09,122 - WARNING - ⚠️ HIGH TAIL INTENSITY: [DNN_INPUT] spread_zscore_60 has 229 points with Z-Score > 12.
2026-03-21 21:25:09,122 - WARNING - ⚠️ HIGH TAIL INTENSITY: [DNN_INPUT] kyle_lambda has 52 points with Z-Score > 12.
2026-03-21 21:25:09,122 - WARNING - ⚠️ HIGH TAIL INTENSITY: [DNN_INPUT] bid_deep_ratio has 128 points with Z-Score > 12.
2026-03-21 21:25:09,122 - WARNING - ⚠️ HIGH TAIL INTENSITY: [DNN_INPUT] ask_deep_ratio has 148 points with Z-Score > 12.
2026-03-21 21:25:09,122 - WARNING - ⚠️ HIGH TAIL INTENSITY: [DNN_INPUT] bid_convexity has 481 points with Z-Score > 12.
2026-03-21 21:25:09,122 - WARNING - ⚠️ HIGH TAIL INTENSITY: [DNN_INPUT] ask_convexity has 363 points with Z-Score > 12.
2026-03-21 21:25:09,180 - INFO - ✅ Protocol Island Split: 1/1 islands survived. Total rows: 174944
2026-03-21 21:25:09,180 - INFO - 🏆 Gold Validation complete for 2026-02-20_BTCUSDT_ob200.data. Status: VALID
2026-03-21 21:25:09,291 - INFO - Successfully saved 174944 rows to data/L2/pre_processed/2026-02-20_BTCUSDT_ob200.data.parquet
2026-03-21 21:25:09,291 - INFO - ✅ Saved event-driven dataset: 2026-02-20_BTCUSDT_ob200.data.parquet
2026-03-21 21:25:09,293 - INFO - 📊 [Memory] 2026-02-20_BTCUSDT_ob200.data: 0.0MB -> 16191.3MB
2026-03-21 21:25:12,021 - INFO - 📥 DOWNLOAD FILE: BTCUSDT2026-02-22.csv.gz
2026-03-21 21:25:36,724 - INFO - 📂 STREAMING: 2026-02-21_BTCUSDT_ob200.data
2026-03-21 21:25:52,182 - INFO - 📥 DOWNLOAD: 2026-02-22_BTCUSDT_ob200.data.zip
2026-03-21 21:26:02,446 - INFO - 📂 STREAMING: 2026-02-22_BTCUSDT_ob200.data
2026-03-21 21:26:26,379 - INFO - 🗑️ CLEANUP: Deleting processed zip: 2026-02-21_BTCUSDT_ob200.data.zip
2026-03-21 21:26:36,070 - INFO - 📊 [Peak Load] 2026-02-21_BTCUSDT_ob200.data: Raw data in RAM | SYSTEM RAM: 60.61 GB (8.0%)
2026-03-21 21:26:36,079 - INFO - EventSampler iniciado. Modo: 'both' | Dollar=500000.0 | Tick=5000 | Info=100.0 | Time=300000ms
2026-03-21 21:26:37,287 - INFO - CUSUM (both): 21997 eventos. Trigger IID será aplicado dentro de cada janela CUSUM.
2026-03-21 21:26:37,560 - INFO - Barras geradas: 49462 | Ilhas: 1
2026-03-21 21:26:39,127 - INFO - 💾 Memory Optimization: Dropping 801 raw book columns.
2026-03-21 21:26:39,141 - INFO - 📊 [Drop Success] 2026-02-21_BTCUSDT_ob200.data: Columns discarded | SYSTEM RAM: 58.36 GB (7.7%)
2026-03-21 21:26:39,141 - INFO - --- Validating 2026-02-21_BTCUSDT_ob200.data ---
2026-03-21 21:26:39,146 - INFO - ✅ ARCHITECTURE INTEGRITY: 30/30 features present. Audit Scope: 46 columns (30 Features + 15 Raw/Price).
2026-03-21 21:26:39,148 - INFO - No NaNs found.
2026-03-21 21:26:39,150 - INFO - No Infinite values found.
2026-03-21 21:26:39,150 - INFO - Chronological order verified.
2026-03-21 21:26:39,152 - WARNING - ⚠️ STALE DATA ALERT: Possible feed lock detected in 2026-02-21_BTCUSDT_ob200.data
2026-03-21 21:26:39,156 - WARNING - ☢️ CRITICAL OUTLIER: [DNN_INPUT] pressure_ratio max (6.0139e+03) is > 15x P99. Clipping might have failed!
2026-03-21 21:26:39,157 - WARNING - ☢️ CRITICAL OUTLIER: [DNN_INPUT] lower_wick max (1.1801e-03) is > 15x P99. Clipping might have failed!
2026-03-21 21:26:39,158 - WARNING - ☢️ CRITICAL OUTLIER: [DNN_INPUT] upper_wick max (1.4233e-03) is > 15x P99. Clipping might have failed!
2026-03-21 21:26:39,179 - WARNING - ⚠️ HIGH TAIL INTENSITY: [RAW_DATA] bar_usd_volume has 18 points with Z-Score > 12.
2026-03-21 21:26:39,179 - WARNING - ⚠️ HIGH TAIL INTENSITY: [RAW_DATA] bar_btc_volume has 18 points with Z-Score > 12.
2026-03-21 21:26:39,179 - WARNING - ⚠️ HIGH TAIL INTENSITY: [DNN_INPUT] max_spread has 126 points with Z-Score > 12.
2026-03-21 21:26:39,179 - WARNING - ⚠️ HIGH TAIL INTENSITY: [DNN_INPUT] volatility has 38 points with Z-Score > 12.
2026-03-21 21:26:39,179 - WARNING - ⚠️ HIGH TAIL INTENSITY: [DNN_INPUT] micro_price_momentum has 84 points with Z-Score > 12.
2026-03-21 21:26:39,179 - WARNING - ⚠️ HIGH TAIL INTENSITY: [DNN_INPUT] bid_rdi has 58 points with Z-Score > 12.
2026-03-21 21:26:39,179 - WARNING - ⚠️ HIGH TAIL INTENSITY: [DNN_INPUT] ask_rdi has 9 points with Z-Score > 12.
2026-03-21 21:26:39,180 - WARNING - ⚠️ HIGH TAIL INTENSITY: [DNN_INPUT] pressure_ratio has 18 points with Z-Score > 12.
2026-03-21 21:26:39,180 - WARNING - ⚠️ HIGH TAIL INTENSITY: [DNN_INPUT] body has 15 points with Z-Score > 12.
2026-03-21 21:26:39,180 - WARNING - ⚠️ HIGH TAIL INTENSITY: [DNN_INPUT] upper_wick has 49 points with Z-Score > 12.
2026-03-21 21:26:39,180 - WARNING - ⚠️ HIGH TAIL INTENSITY: [DNN_INPUT] lower_wick has 54 points with Z-Score > 12.
2026-03-21 21:26:39,180 - WARNING - ⚠️ HIGH TAIL INTENSITY: [DNN_INPUT] log_ret_close has 16 points with Z-Score > 12.
2026-03-21 21:26:39,180 - WARNING - ⚠️ HIGH TAIL INTENSITY: [DNN_INPUT] bid_rdi_delta_5 has 44 points with Z-Score > 12.
2026-03-21 21:26:39,180 - WARNING - ⚠️ HIGH TAIL INTENSITY: [DNN_INPUT] ask_rdi_delta_5 has 17 points with Z-Score > 12.
2026-03-21 21:26:39,180 - WARNING - ⚠️ HIGH TAIL INTENSITY: [DNN_INPUT] micro_price_delta_5 has 2 points with Z-Score > 12.
2026-03-21 21:26:39,180 - WARNING - ⚠️ HIGH TAIL INTENSITY: [DNN_INPUT] bid_rdi_delta_30 has 100 points with Z-Score > 12.
2026-03-21 21:26:39,180 - WARNING - ⚠️ HIGH TAIL INTENSITY: [DNN_INPUT] ask_rdi_delta_30 has 18 points with Z-Score > 12.
2026-03-21 21:26:39,180 - WARNING - ⚠️ HIGH TAIL INTENSITY: [DNN_INPUT] spread_zscore_60 has 71 points with Z-Score > 12.
2026-03-21 21:26:39,180 - WARNING - ⚠️ HIGH TAIL INTENSITY: [DNN_INPUT] kyle_lambda has 35 points with Z-Score > 12.
2026-03-21 21:26:39,181 - WARNING - ⚠️ HIGH TAIL INTENSITY: [DNN_INPUT] bid_deep_ratio has 38 points with Z-Score > 12.
2026-03-21 21:26:39,181 - WARNING - ⚠️ HIGH TAIL INTENSITY: [DNN_INPUT] ask_deep_ratio has 9 points with Z-Score > 12.
2026-03-21 21:26:39,197 - INFO - ✅ Protocol Island Split: 1/1 islands survived. Total rows: 49462
2026-03-21 21:26:39,197 - INFO - 🏆 Gold Validation complete for 2026-02-21_BTCUSDT_ob200.data. Status: VALID
2026-03-21 21:26:39,310 - INFO - Successfully saved 49462 rows to data/L2/pre_processed/2026-02-21_BTCUSDT_ob200.data.parquet
2026-03-21 21:26:39,310 - INFO - ✅ Saved event-driven dataset: 2026-02-21_BTCUSDT_ob200.data.parquet
2026-03-21 21:26:39,312 - INFO - 📊 [Memory] 2026-02-21_BTCUSDT_ob200.data: 0.0MB -> 20182.2MB
2026-03-21 21:26:41,126 - INFO - 📥 DOWNLOAD FILE: BTCUSDT2026-02-23.csv.gz
2026-03-21 21:26:47,194 - INFO - 📥 DOWNLOAD: 2026-02-23_BTCUSDT_ob200.data.zip
2026-03-21 21:26:52,047 - INFO - 🗑️ CLEANUP: Deleting processed zip: 2026-02-22_BTCUSDT_ob200.data.zip
2026-03-21 21:26:56,533 - INFO - 📂 STREAMING: 2026-02-23_BTCUSDT_ob200.data
2026-03-21 21:27:01,339 - INFO - 📊 [Peak Load] 2026-02-22_BTCUSDT_ob200.data: Raw data in RAM | SYSTEM RAM: 61.83 GB (8.2%)
2026-03-21 21:27:01,347 - INFO - EventSampler iniciado. Modo: 'both' | Dollar=500000.0 | Tick=5000 | Info=100.0 | Time=300000ms
2026-03-21 21:27:02,725 - INFO - CUSUM (both): 21185 eventos. Trigger IID será aplicado dentro de cada janela CUSUM.
2026-03-21 21:27:02,972 - INFO - Barras geradas: 55215 | Ilhas: 1
2026-03-21 21:27:04,664 - INFO - 💾 Memory Optimization: Dropping 801 raw book columns.
2026-03-21 21:27:04,674 - INFO - 📊 [Drop Success] 2026-02-22_BTCUSDT_ob200.data: Columns discarded | SYSTEM RAM: 57.98 GB (7.7%)
2026-03-21 21:27:04,674 - INFO - --- Validating 2026-02-22_BTCUSDT_ob200.data ---
2026-03-21 21:27:04,680 - INFO - ✅ ARCHITECTURE INTEGRITY: 30/30 features present. Audit Scope: 46 columns (30 Features + 15 Raw/Price).
2026-03-21 21:27:04,683 - INFO - No NaNs found.
2026-03-21 21:27:04,685 - INFO - No Infinite values found.
2026-03-21 21:27:04,685 - INFO - Chronological order verified.
2026-03-21 21:27:04,687 - WARNING - ⚠️ STALE DATA ALERT: Possible feed lock detected in 2026-02-22_BTCUSDT_ob200.data
2026-03-21 21:27:04,691 - WARNING - ☢️ CRITICAL OUTLIER: [DNN_INPUT] pressure_ratio max (8.5959e+03) is > 15x P99. Clipping might have failed!
2026-03-21 21:27:04,692 - WARNING - ☢️ CRITICAL OUTLIER: [DNN_INPUT] lower_wick max (9.5435e-04) is > 15x P99. Clipping might have failed!
2026-03-21 21:27:04,693 - WARNING - ☢️ CRITICAL OUTLIER: [DNN_INPUT] upper_wick max (1.1642e-03) is > 15x P99. Clipping might have failed!
2026-03-21 21:27:04,716 - WARNING - ⚠️ HIGH TAIL INTENSITY: [RAW_DATA] bar_usd_volume has 14 points with Z-Score > 12.
2026-03-21 21:27:04,716 - WARNING - ⚠️ HIGH TAIL INTENSITY: [RAW_DATA] bar_btc_volume has 14 points with Z-Score > 12.
2026-03-21 21:27:04,716 - WARNING - ⚠️ HIGH TAIL INTENSITY: [DNN_INPUT] max_spread has 57 points with Z-Score > 12.
2026-03-21 21:27:04,716 - WARNING - ⚠️ HIGH TAIL INTENSITY: [DNN_INPUT] volatility has 43 points with Z-Score > 12.
2026-03-21 21:27:04,716 - WARNING - ⚠️ HIGH TAIL INTENSITY: [DNN_INPUT] micro_price_momentum has 39 points with Z-Score > 12.
2026-03-21 21:27:04,717 - WARNING - ⚠️ HIGH TAIL INTENSITY: [DNN_INPUT] bid_rdi has 32 points with Z-Score > 12.
2026-03-21 21:27:04,717 - WARNING - ⚠️ HIGH TAIL INTENSITY: [DNN_INPUT] ask_rdi has 67 points with Z-Score > 12.
2026-03-21 21:27:04,717 - WARNING - ⚠️ HIGH TAIL INTENSITY: [DNN_INPUT] pressure_ratio has 10 points with Z-Score > 12.
2026-03-21 21:27:04,717 - WARNING - ⚠️ HIGH TAIL INTENSITY: [DNN_INPUT] body has 18 points with Z-Score > 12.
2026-03-21 21:27:04,717 - WARNING - ⚠️ HIGH TAIL INTENSITY: [DNN_INPUT] upper_wick has 63 points with Z-Score > 12.
2026-03-21 21:27:04,717 - WARNING - ⚠️ HIGH TAIL INTENSITY: [DNN_INPUT] lower_wick has 50 points with Z-Score > 12.
2026-03-21 21:27:04,717 - WARNING - ⚠️ HIGH TAIL INTENSITY: [DNN_INPUT] log_ret_close has 18 points with Z-Score > 12.
2026-03-21 21:27:04,717 - WARNING - ⚠️ HIGH TAIL INTENSITY: [DNN_INPUT] bid_rdi_delta_5 has 30 points with Z-Score > 12.
2026-03-21 21:27:04,717 - WARNING - ⚠️ HIGH TAIL INTENSITY: [DNN_INPUT] ask_rdi_delta_5 has 58 points with Z-Score > 12.
2026-03-21 21:27:04,717 - WARNING - ⚠️ HIGH TAIL INTENSITY: [DNN_INPUT] micro_price_delta_5 has 2 points with Z-Score > 12.
2026-03-21 21:27:04,718 - WARNING - ⚠️ HIGH TAIL INTENSITY: [DNN_INPUT] bid_rdi_delta_30 has 64 points with Z-Score > 12.
2026-03-21 21:27:04,718 - WARNING - ⚠️ HIGH TAIL INTENSITY: [DNN_INPUT] ask_rdi_delta_30 has 118 points with Z-Score > 12.
2026-03-21 21:27:04,718 - WARNING - ⚠️ HIGH TAIL INTENSITY: [DNN_INPUT] spread_zscore_60 has 64 points with Z-Score > 12.
2026-03-21 21:27:04,718 - WARNING - ⚠️ HIGH TAIL INTENSITY: [DNN_INPUT] kyle_lambda has 22 points with Z-Score > 12.
2026-03-21 21:27:04,718 - WARNING - ⚠️ HIGH TAIL INTENSITY: [DNN_INPUT] bid_deep_ratio has 50 points with Z-Score > 12.
2026-03-21 21:27:04,718 - WARNING - ⚠️ HIGH TAIL INTENSITY: [DNN_INPUT] ask_deep_ratio has 23 points with Z-Score > 12.
2026-03-21 21:27:04,736 - INFO - ✅ Protocol Island Split: 1/1 islands survived. Total rows: 55215
2026-03-21 21:27:04,736 - INFO - 🏆 Gold Validation complete for 2026-02-22_BTCUSDT_ob200.data. Status: VALID
2026-03-21 21:27:04,853 - INFO - Successfully saved 55215 rows to data/L2/pre_processed/2026-02-22_BTCUSDT_ob200.data.parquet
2026-03-21 21:27:04,854 - INFO - ✅ Saved event-driven dataset: 2026-02-22_BTCUSDT_ob200.data.parquet
2026-03-21 21:27:04,857 - INFO - 📊 [Memory] 2026-02-22_BTCUSDT_ob200.data: 0.0MB -> 20749.8MB
2026-03-21 21:27:06,671 - INFO - 📥 DOWNLOAD FILE: BTCUSDT2026-02-24.csv.gz
2026-03-21 21:27:12,164 - INFO - 📥 DOWNLOAD: 2026-02-24_BTCUSDT_ob200.data.zip
2026-03-21 21:27:56,096 - INFO - 📂 STREAMING: 2026-02-24_BTCUSDT_ob200.data
2026-03-21 21:28:16,513 - INFO - 🗑️ CLEANUP: Deleting processed zip: 2026-02-23_BTCUSDT_ob200.data.zip
2026-03-21 21:28:57,189 - INFO - 📊 [Peak Load] 2026-02-23_BTCUSDT_ob200.data: Raw data in RAM | SYSTEM RAM: 80.80 GB (10.7%)
2026-03-21 21:28:57,207 - INFO - EventSampler iniciado. Modo: 'both' | Dollar=500000.0 | Tick=5000 | Info=100.0 | Time=300000ms
2026-03-21 21:29:02,780 - INFO - CUSUM (both): 66401 eventos. Trigger IID será aplicado dentro de cada janela CUSUM.
2026-03-21 21:29:03,837 - INFO - Barras geradas: 240269 | Ilhas: 1
2026-03-21 21:29:12,230 - INFO - 💾 Memory Optimization: Dropping 801 raw book columns.
2026-03-21 21:29:12,239 - INFO - 📊 [Drop Success] 2026-02-23_BTCUSDT_ob200.data: Columns discarded | SYSTEM RAM: 59.57 GB (7.9%)
2026-03-21 21:29:12,240 - INFO - --- Validating 2026-02-23_BTCUSDT_ob200.data ---
2026-03-21 21:29:12,254 - INFO - ✅ ARCHITECTURE INTEGRITY: 30/30 features present. Audit Scope: 46 columns (30 Features + 15 Raw/Price).
2026-03-21 21:29:12,261 - INFO - No NaNs found.
2026-03-21 21:29:12,268 - INFO - No Infinite values found.
2026-03-21 21:29:12,269 - INFO - Chronological order verified.
2026-03-21 21:29:12,275 - WARNING - ⚠️ STALE DATA ALERT: Possible feed lock detected in 2026-02-23_BTCUSDT_ob200.data
2026-03-21 21:29:12,285 - WARNING - ☢️ CRITICAL OUTLIER: [DNN_INPUT] pressure_ratio max (3.0552e+03) is > 15x P99. Clipping might have failed!
2026-03-21 21:29:12,287 - WARNING - ☢️ CRITICAL OUTLIER: [DNN_INPUT] lower_wick max (1.3798e-03) is > 15x P99. Clipping might have failed!
2026-03-21 21:29:12,289 - WARNING - ☢️ CRITICAL OUTLIER: [DNN_INPUT] upper_wick max (1.3818e-03) is > 15x P99. Clipping might have failed!
2026-03-21 21:29:12,293 - WARNING - ☢️ CRITICAL OUTLIER: [DNN_INPUT] max_spread max (2.8700e+01) is > 15x P99. Clipping might have failed!
2026-03-21 21:29:12,383 - WARNING - ⚠️ HIGH TAIL INTENSITY: [RAW_DATA] bar_usd_volume has 81 points with Z-Score > 12.
2026-03-21 21:29:12,383 - WARNING - ⚠️ HIGH TAIL INTENSITY: [RAW_DATA] bar_btc_volume has 81 points with Z-Score > 12.
2026-03-21 21:29:12,384 - WARNING - ⚠️ HIGH TAIL INTENSITY: [DNN_INPUT] max_spread has 678 points with Z-Score > 12.
2026-03-21 21:29:12,384 - WARNING - ⚠️ HIGH TAIL INTENSITY: [DNN_INPUT] volatility has 321 points with Z-Score > 12.
2026-03-21 21:29:12,384 - WARNING - ⚠️ HIGH TAIL INTENSITY: [DNN_INPUT] micro_price_momentum has 178 points with Z-Score > 12.
2026-03-21 21:29:12,384 - WARNING - ⚠️ HIGH TAIL INTENSITY: [DNN_INPUT] bid_rdi has 150 points with Z-Score > 12.
2026-03-21 21:29:12,384 - WARNING - ⚠️ HIGH TAIL INTENSITY: [DNN_INPUT] ask_rdi has 221 points with Z-Score > 12.
2026-03-21 21:29:12,384 - WARNING - ⚠️ HIGH TAIL INTENSITY: [DNN_INPUT] pressure_ratio has 188 points with Z-Score > 12.
2026-03-21 21:29:12,384 - WARNING - ⚠️ HIGH TAIL INTENSITY: [DNN_INPUT] body has 84 points with Z-Score > 12.
2026-03-21 21:29:12,385 - WARNING - ⚠️ HIGH TAIL INTENSITY: [DNN_INPUT] upper_wick has 254 points with Z-Score > 12.
2026-03-21 21:29:12,385 - WARNING - ⚠️ HIGH TAIL INTENSITY: [DNN_INPUT] lower_wick has 228 points with Z-Score > 12.
2026-03-21 21:29:12,385 - WARNING - ⚠️ HIGH TAIL INTENSITY: [DNN_INPUT] log_ret_close has 92 points with Z-Score > 12.
2026-03-21 21:29:12,385 - WARNING - ⚠️ HIGH TAIL INTENSITY: [DNN_INPUT] bid_rdi_delta_5 has 130 points with Z-Score > 12.
2026-03-21 21:29:12,385 - WARNING - ⚠️ HIGH TAIL INTENSITY: [DNN_INPUT] ask_rdi_delta_5 has 154 points with Z-Score > 12.
2026-03-21 21:29:12,385 - WARNING - ⚠️ HIGH TAIL INTENSITY: [DNN_INPUT] bid_rdi_delta_30 has 188 points with Z-Score > 12.
2026-03-21 21:29:12,385 - WARNING - ⚠️ HIGH TAIL INTENSITY: [DNN_INPUT] ask_rdi_delta_30 has 330 points with Z-Score > 12.
2026-03-21 21:29:12,385 - WARNING - ⚠️ HIGH TAIL INTENSITY: [DNN_INPUT] spread_zscore_60 has 490 points with Z-Score > 12.
2026-03-21 21:29:12,385 - WARNING - ⚠️ HIGH TAIL INTENSITY: [DNN_INPUT] kyle_lambda has 90 points with Z-Score > 12.
2026-03-21 21:29:12,385 - WARNING - ⚠️ HIGH TAIL INTENSITY: [DNN_INPUT] bid_deep_ratio has 132 points with Z-Score > 12.
2026-03-21 21:29:12,385 - WARNING - ⚠️ HIGH TAIL INTENSITY: [DNN_INPUT] ask_deep_ratio has 173 points with Z-Score > 12.
2026-03-21 21:29:12,385 - WARNING - ⚠️ HIGH TAIL INTENSITY: [DNN_INPUT] bid_convexity has 497 points with Z-Score > 12.
2026-03-21 21:29:12,385 - WARNING - ⚠️ HIGH TAIL INTENSITY: [DNN_INPUT] ask_convexity has 853 points with Z-Score > 12.
2026-03-21 21:29:12,476 - INFO - ✅ Protocol Island Split: 1/1 islands survived. Total rows: 240269
2026-03-21 21:29:12,476 - INFO - 🏆 Gold Validation complete for 2026-02-23_BTCUSDT_ob200.data. Status: VALID
2026-03-21 21:29:12,748 - INFO - Successfully saved 240269 rows to data/L2/pre_processed/2026-02-23_BTCUSDT_ob200.data.parquet
2026-03-21 21:29:12,748 - INFO - ✅ Saved event-driven dataset: 2026-02-23_BTCUSDT_ob200.data.parquet
2026-03-21 21:29:12,751 - INFO - 📊 [Memory] 2026-02-23_BTCUSDT_ob200.data: 0.0MB -> 20623.7MB
2026-03-21 21:29:15,192 - INFO - 📥 DOWNLOAD FILE: BTCUSDT2026-02-25.csv.gz
2026-03-21 21:29:15,220 - INFO - 🗑️ CLEANUP: Deleting processed zip: 2026-02-24_BTCUSDT_ob200.data.zip
2026-03-21 21:29:39,187 - INFO - 📥 DOWNLOAD: 2026-02-25_BTCUSDT_ob200.data.zip
2026-03-21 21:29:48,631 - INFO - 📂 STREAMING: 2026-02-25_BTCUSDT_ob200.data
2026-03-21 21:29:49,375 - INFO - 📊 [Peak Load] 2026-02-24_BTCUSDT_ob200.data: Raw data in RAM | SYSTEM RAM: 76.90 GB (10.2%)
2026-03-21 21:29:49,394 - INFO - EventSampler iniciado. Modo: 'both' | Dollar=500000.0 | Tick=5000 | Info=100.0 | Time=300000ms
2026-03-21 21:29:54,015 - INFO - CUSUM (both): 69012 eventos. Trigger IID será aplicado dentro de cada janela CUSUM.
2026-03-21 21:29:54,906 - INFO - Barras geradas: 205048 | Ilhas: 1
2026-03-21 21:30:02,146 - INFO - 💾 Memory Optimization: Dropping 801 raw book columns.
2026-03-21 21:30:02,163 - INFO - 📊 [Drop Success] 2026-02-24_BTCUSDT_ob200.data: Columns discarded | SYSTEM RAM: 59.01 GB (7.8%)
2026-03-21 21:30:02,163 - INFO - --- Validating 2026-02-24_BTCUSDT_ob200.data ---
2026-03-21 21:30:02,183 - INFO - ✅ ARCHITECTURE INTEGRITY: 30/30 features present. Audit Scope: 46 columns (30 Features + 15 Raw/Price).
2026-03-21 21:30:02,189 - INFO - No NaNs found.
2026-03-21 21:30:02,195 - INFO - No Infinite values found.
2026-03-21 21:30:02,196 - INFO - Chronological order verified.
2026-03-21 21:30:02,202 - WARNING - ⚠️ STALE DATA ALERT: Possible feed lock detected in 2026-02-24_BTCUSDT_ob200.data
2026-03-21 21:30:02,211 - WARNING - ☢️ CRITICAL OUTLIER: [DNN_INPUT] pressure_ratio max (1.8982e+03) is > 15x P99. Clipping might have failed!
2026-03-21 21:30:02,213 - WARNING - ☢️ CRITICAL OUTLIER: [DNN_INPUT] lower_wick max (1.5599e-03) is > 15x P99. Clipping might have failed!
2026-03-21 21:30:02,215 - WARNING - ☢️ CRITICAL OUTLIER: [DNN_INPUT] upper_wick max (1.5924e-03) is > 15x P99. Clipping might have failed!
2026-03-21 21:30:02,296 - WARNING - ⚠️ HIGH TAIL INTENSITY: [RAW_DATA] bar_usd_volume has 68 points with Z-Score > 12.
2026-03-21 21:30:02,297 - WARNING - ⚠️ HIGH TAIL INTENSITY: [RAW_DATA] bar_btc_volume has 71 points with Z-Score > 12.
2026-03-21 21:30:02,297 - WARNING - ⚠️ HIGH TAIL INTENSITY: [DNN_INPUT] max_spread has 360 points with Z-Score > 12.
2026-03-21 21:30:02,297 - WARNING - ⚠️ HIGH TAIL INTENSITY: [DNN_INPUT] volatility has 186 points with Z-Score > 12.
2026-03-21 21:30:02,297 - WARNING - ⚠️ HIGH TAIL INTENSITY: [DNN_INPUT] micro_price_momentum has 116 points with Z-Score > 12.
2026-03-21 21:30:02,297 - WARNING - ⚠️ HIGH TAIL INTENSITY: [DNN_INPUT] bid_rdi has 158 points with Z-Score > 12.
2026-03-21 21:30:02,297 - WARNING - ⚠️ HIGH TAIL INTENSITY: [DNN_INPUT] ask_rdi has 47 points with Z-Score > 12.
2026-03-21 21:30:02,298 - WARNING - ⚠️ HIGH TAIL INTENSITY: [DNN_INPUT] pressure_ratio has 208 points with Z-Score > 12.
2026-03-21 21:30:02,298 - WARNING - ⚠️ HIGH TAIL INTENSITY: [DNN_INPUT] body has 107 points with Z-Score > 12.
2026-03-21 21:30:02,298 - WARNING - ⚠️ HIGH TAIL INTENSITY: [DNN_INPUT] upper_wick has 220 points with Z-Score > 12.
2026-03-21 21:30:02,298 - WARNING - ⚠️ HIGH TAIL INTENSITY: [DNN_INPUT] lower_wick has 195 points with Z-Score > 12.
2026-03-21 21:30:02,298 - WARNING - ⚠️ HIGH TAIL INTENSITY: [DNN_INPUT] log_ret_close has 121 points with Z-Score > 12.
2026-03-21 21:30:02,298 - WARNING - ⚠️ HIGH TAIL INTENSITY: [DNN_INPUT] bid_rdi_delta_5 has 101 points with Z-Score > 12.
2026-03-21 21:30:02,298 - WARNING - ⚠️ HIGH TAIL INTENSITY: [DNN_INPUT] ask_rdi_delta_5 has 59 points with Z-Score > 12.
2026-03-21 21:30:02,298 - WARNING - ⚠️ HIGH TAIL INTENSITY: [DNN_INPUT] micro_price_delta_5 has 14 points with Z-Score > 12.
2026-03-21 21:30:02,298 - WARNING - ⚠️ HIGH TAIL INTENSITY: [DNN_INPUT] bid_rdi_delta_30 has 234 points with Z-Score > 12.
2026-03-21 21:30:02,298 - WARNING - ⚠️ HIGH TAIL INTENSITY: [DNN_INPUT] ask_rdi_delta_30 has 84 points with Z-Score > 12.
2026-03-21 21:30:02,298 - WARNING - ⚠️ HIGH TAIL INTENSITY: [DNN_INPUT] spread_zscore_60 has 271 points with Z-Score > 12.
2026-03-21 21:30:02,298 - WARNING - ⚠️ HIGH TAIL INTENSITY: [DNN_INPUT] kyle_lambda has 131 points with Z-Score > 12.
2026-03-21 21:30:02,298 - WARNING - ⚠️ HIGH TAIL INTENSITY: [DNN_INPUT] bid_deep_ratio has 147 points with Z-Score > 12.
2026-03-21 21:30:02,298 - WARNING - ⚠️ HIGH TAIL INTENSITY: [DNN_INPUT] ask_deep_ratio has 234 points with Z-Score > 12.
2026-03-21 21:30:02,299 - WARNING - ⚠️ HIGH TAIL INTENSITY: [DNN_INPUT] bid_convexity has 483 points with Z-Score > 12.
2026-03-21 21:30:02,299 - WARNING - ⚠️ HIGH TAIL INTENSITY: [DNN_INPUT] ask_convexity has 413 points with Z-Score > 12.
2026-03-21 21:30:02,379 - INFO - ✅ Protocol Island Split: 1/1 islands survived. Total rows: 205048
2026-03-21 21:30:02,379 - INFO - 🏆 Gold Validation complete for 2026-02-24_BTCUSDT_ob200.data. Status: VALID
2026-03-21 21:30:02,534 - INFO - Successfully saved 205048 rows to data/L2/pre_processed/2026-02-24_BTCUSDT_ob200.data.parquet
2026-03-21 21:30:02,534 - INFO - ✅ Saved event-driven dataset: 2026-02-24_BTCUSDT_ob200.data.parquet
2026-03-21 21:30:02,536 - INFO - 📊 [Memory] 2026-02-24_BTCUSDT_ob200.data: 0.0MB -> 21222.1MB
2026-03-21 21:30:05,514 - INFO - 📥 DOWNLOAD FILE: BTCUSDT2026-02-26.csv.gz
2026-03-21 21:30:16,796 - INFO - 📥 DOWNLOAD: 2026-02-26_BTCUSDT_ob200.data.zip
2026-03-21 21:30:40,631 - INFO - 📂 STREAMING: 2026-02-26_BTCUSDT_ob200.data
2026-03-21 21:31:12,383 - INFO - 🗑️ CLEANUP: Deleting processed zip: 2026-02-25_BTCUSDT_ob200.data.zip
2026-03-21 21:31:17,323 - INFO - 📊 [Peak Load] 2026-02-25_BTCUSDT_ob200.data: Raw data in RAM | SYSTEM RAM: 80.18 GB (10.6%)
2026-03-21 21:31:17,341 - INFO - EventSampler iniciado. Modo: 'both' | Dollar=500000.0 | Tick=5000 | Info=100.0 | Time=300000ms
2026-03-21 21:31:23,048 - INFO - CUSUM (both): 74511 eventos. Trigger IID será aplicado dentro de cada janela CUSUM.
2026-03-21 21:31:24,178 - INFO - Barras geradas: 264342 | Ilhas: 1
2026-03-21 21:31:33,320 - INFO - 💾 Memory Optimization: Dropping 801 raw book columns.
2026-03-21 21:31:33,341 - INFO - 📊 [Drop Success] 2026-02-25_BTCUSDT_ob200.data: Columns discarded | SYSTEM RAM: 58.99 GB (7.8%)
2026-03-21 21:31:33,341 - INFO - --- Validating 2026-02-25_BTCUSDT_ob200.data ---
2026-03-21 21:31:33,353 - INFO - ✅ ARCHITECTURE INTEGRITY: 30/30 features present. Audit Scope: 46 columns (30 Features + 15 Raw/Price).
2026-03-21 21:31:33,361 - INFO - No NaNs found.
2026-03-21 21:31:33,369 - INFO - No Infinite values found.
2026-03-21 21:31:33,370 - INFO - Chronological order verified.
2026-03-21 21:31:33,376 - WARNING - ⚠️ STALE DATA ALERT: Possible feed lock detected in 2026-02-25_BTCUSDT_ob200.data
2026-03-21 21:31:33,387 - WARNING - ☢️ CRITICAL OUTLIER: [DNN_INPUT] pressure_ratio max (2.4347e+03) is > 15x P99. Clipping might have failed!
2026-03-21 21:31:33,389 - WARNING - ☢️ CRITICAL OUTLIER: [DNN_INPUT] lower_wick max (1.4489e-03) is > 15x P99. Clipping might have failed!
2026-03-21 21:31:33,392 - WARNING - ☢️ CRITICAL OUTLIER: [DNN_INPUT] upper_wick max (1.4409e-03) is > 15x P99. Clipping might have failed!
2026-03-21 21:31:33,397 - WARNING - ☢️ CRITICAL OUTLIER: [DNN_INPUT] max_spread max (2.0000e+01) is > 15x P99. Clipping might have failed!
2026-03-21 21:31:33,400 - WARNING - ☢️ CRITICAL OUTLIER: [DNN_INPUT] bid_deep_ratio max (8.6906e+04) is > 15x P99. Clipping might have failed!
2026-03-21 21:31:33,493 - WARNING - ⚠️ HIGH TAIL INTENSITY: [RAW_DATA] bar_usd_volume has 104 points with Z-Score > 12.
2026-03-21 21:31:33,493 - WARNING - ⚠️ HIGH TAIL INTENSITY: [RAW_DATA] bar_btc_volume has 103 points with Z-Score > 12.
2026-03-21 21:31:33,493 - WARNING - ⚠️ HIGH TAIL INTENSITY: [DNN_INPUT] max_spread has 388 points with Z-Score > 12.
2026-03-21 21:31:33,494 - WARNING - ⚠️ HIGH TAIL INTENSITY: [DNN_INPUT] volatility has 326 points with Z-Score > 12.
2026-03-21 21:31:33,494 - WARNING - ⚠️ HIGH TAIL INTENSITY: [DNN_INPUT] micro_price_momentum has 291 points with Z-Score > 12.
2026-03-21 21:31:33,494 - WARNING - ⚠️ HIGH TAIL INTENSITY: [DNN_INPUT] bid_rdi has 95 points with Z-Score > 12.
2026-03-21 21:31:33,494 - WARNING - ⚠️ HIGH TAIL INTENSITY: [DNN_INPUT] ask_rdi has 132 points with Z-Score > 12.
2026-03-21 21:31:33,494 - WARNING - ⚠️ HIGH TAIL INTENSITY: [DNN_INPUT] pressure_ratio has 231 points with Z-Score > 12.
2026-03-21 21:31:33,494 - WARNING - ⚠️ HIGH TAIL INTENSITY: [DNN_INPUT] body has 95 points with Z-Score > 12.
2026-03-21 21:31:33,494 - WARNING - ⚠️ HIGH TAIL INTENSITY: [DNN_INPUT] upper_wick has 246 points with Z-Score > 12.
2026-03-21 21:31:33,494 - WARNING - ⚠️ HIGH TAIL INTENSITY: [DNN_INPUT] lower_wick has 337 points with Z-Score > 12.
2026-03-21 21:31:33,494 - WARNING - ⚠️ HIGH TAIL INTENSITY: [DNN_INPUT] log_ret_close has 84 points with Z-Score > 12.
2026-03-21 21:31:33,495 - WARNING - ⚠️ HIGH TAIL INTENSITY: [DNN_INPUT] bid_rdi_delta_5 has 80 points with Z-Score > 12.
2026-03-21 21:31:33,495 - WARNING - ⚠️ HIGH TAIL INTENSITY: [DNN_INPUT] ask_rdi_delta_5 has 80 points with Z-Score > 12.
2026-03-21 21:31:33,495 - WARNING - ⚠️ HIGH TAIL INTENSITY: [DNN_INPUT] micro_price_delta_5 has 1 points with Z-Score > 12.
2026-03-21 21:31:33,495 - WARNING - ⚠️ HIGH TAIL INTENSITY: [DNN_INPUT] bid_rdi_delta_30 has 166 points with Z-Score > 12.
2026-03-21 21:31:33,495 - WARNING - ⚠️ HIGH TAIL INTENSITY: [DNN_INPUT] ask_rdi_delta_30 has 148 points with Z-Score > 12.
2026-03-21 21:31:33,495 - WARNING - ⚠️ HIGH TAIL INTENSITY: [DNN_INPUT] spread_zscore_60 has 333 points with Z-Score > 12.
2026-03-21 21:31:33,495 - WARNING - ⚠️ HIGH TAIL INTENSITY: [DNN_INPUT] kyle_lambda has 97 points with Z-Score > 12.
2026-03-21 21:31:33,495 - WARNING - ⚠️ HIGH TAIL INTENSITY: [DNN_INPUT] bid_deep_ratio has 52 points with Z-Score > 12.
2026-03-21 21:31:33,495 - WARNING - ⚠️ HIGH TAIL INTENSITY: [DNN_INPUT] ask_deep_ratio has 111 points with Z-Score > 12.
2026-03-21 21:31:33,593 - INFO - ✅ Protocol Island Split: 1/1 islands survived. Total rows: 264342
2026-03-21 21:31:33,593 - INFO - 🏆 Gold Validation complete for 2026-02-25_BTCUSDT_ob200.data. Status: VALID
2026-03-21 21:31:33,879 - INFO - Successfully saved 264342 rows to data/L2/pre_processed/2026-02-25_BTCUSDT_ob200.data.parquet
2026-03-21 21:31:33,880 - INFO - ✅ Saved event-driven dataset: 2026-02-25_BTCUSDT_ob200.data.parquet
2026-03-21 21:31:33,882 - INFO - 📊 [Memory] 2026-02-25_BTCUSDT_ob200.data: 0.0MB -> 20715.7MB
2026-03-21 21:31:36,517 - INFO - 📥 DOWNLOAD FILE: BTCUSDT2026-02-27.csv.gz
2026-03-21 21:31:48,513 - INFO - 📥 DOWNLOAD: 2026-02-27_BTCUSDT_ob200.data.zip
2026-03-21 21:31:56,124 - INFO - 📂 STREAMING: 2026-02-27_BTCUSDT_ob200.data
2026-03-21 21:31:57,161 - INFO - 🗑️ CLEANUP: Deleting processed zip: 2026-02-26_BTCUSDT_ob200.data.zip
2026-03-21 21:32:01,366 - INFO - 📊 [Peak Load] 2026-02-26_BTCUSDT_ob200.data: Raw data in RAM | SYSTEM RAM: 73.77 GB (9.8%)
2026-03-21 21:32:01,380 - INFO - EventSampler iniciado. Modo: 'both' | Dollar=500000.0 | Tick=5000 | Info=100.0 | Time=300000ms
2026-03-21 21:32:05,441 - INFO - CUSUM (both): 67477 eventos. Trigger IID será aplicado dentro de cada janela CUSUM.
2026-03-21 21:32:06,269 - INFO - Barras geradas: 179764 | Ilhas: 1
2026-03-21 21:32:12,769 - INFO - 💾 Memory Optimization: Dropping 801 raw book columns.
2026-03-21 21:32:12,783 - INFO - 📊 [Drop Success] 2026-02-26_BTCUSDT_ob200.data: Columns discarded | SYSTEM RAM: 58.72 GB (7.8%)
2026-03-21 21:32:12,783 - INFO - --- Validating 2026-02-26_BTCUSDT_ob200.data ---
2026-03-21 21:32:12,795 - INFO - ✅ ARCHITECTURE INTEGRITY: 30/30 features present. Audit Scope: 46 columns (30 Features + 15 Raw/Price).
2026-03-21 21:32:12,800 - INFO - No NaNs found.
2026-03-21 21:32:12,806 - INFO - No Infinite values found.
2026-03-21 21:32:12,806 - INFO - Chronological order verified.
2026-03-21 21:32:12,812 - WARNING - ⚠️ STALE DATA ALERT: Possible feed lock detected in 2026-02-26_BTCUSDT_ob200.data
2026-03-21 21:32:12,819 - WARNING - ☢️ CRITICAL OUTLIER: [DNN_INPUT] pressure_ratio max (1.8878e+03) is > 15x P99. Clipping might have failed!
2026-03-21 21:32:12,821 - WARNING - ☢️ CRITICAL OUTLIER: [DNN_INPUT] lower_wick max (2.4034e-03) is > 15x P99. Clipping might have failed!
2026-03-21 21:32:12,822 - WARNING - ☢️ CRITICAL OUTLIER: [DNN_INPUT] upper_wick max (1.4532e-03) is > 15x P99. Clipping might have failed!
2026-03-21 21:32:12,825 - WARNING - ☢️ CRITICAL OUTLIER: [DNN_INPUT] body max (2.3686e-03) is > 15x P99. Clipping might have failed!
2026-03-21 21:32:12,826 - WARNING - ☢️ CRITICAL OUTLIER: [DNN_INPUT] max_spread max (1.2800e+01) is > 15x P99. Clipping might have failed!
2026-03-21 21:32:12,897 - WARNING - ⚠️ HIGH TAIL INTENSITY: [RAW_DATA] bar_usd_volume has 53 points with Z-Score > 12.
2026-03-21 21:32:12,898 - WARNING - ⚠️ HIGH TAIL INTENSITY: [RAW_DATA] bar_btc_volume has 54 points with Z-Score > 12.
2026-03-21 21:32:12,898 - WARNING - ⚠️ HIGH TAIL INTENSITY: [DNN_INPUT] max_spread has 283 points with Z-Score > 12.
2026-03-21 21:32:12,898 - WARNING - ⚠️ HIGH TAIL INTENSITY: [DNN_INPUT] volatility has 118 points with Z-Score > 12.
2026-03-21 21:32:12,898 - WARNING - ⚠️ HIGH TAIL INTENSITY: [DNN_INPUT] micro_price_momentum has 173 points with Z-Score > 12.
2026-03-21 21:32:12,898 - WARNING - ⚠️ HIGH TAIL INTENSITY: [DNN_INPUT] bid_rdi has 128 points with Z-Score > 12.
2026-03-21 21:32:12,898 - WARNING - ⚠️ HIGH TAIL INTENSITY: [DNN_INPUT] ask_rdi has 95 points with Z-Score > 12.
2026-03-21 21:32:12,898 - WARNING - ⚠️ HIGH TAIL INTENSITY: [DNN_INPUT] pressure_ratio has 139 points with Z-Score > 12.
2026-03-21 21:32:12,899 - WARNING - ⚠️ HIGH TAIL INTENSITY: [DNN_INPUT] body has 64 points with Z-Score > 12.
2026-03-21 21:32:12,899 - WARNING - ⚠️ HIGH TAIL INTENSITY: [DNN_INPUT] upper_wick has 140 points with Z-Score > 12.
2026-03-21 21:32:12,899 - WARNING - ⚠️ HIGH TAIL INTENSITY: [DNN_INPUT] lower_wick has 97 points with Z-Score > 12.
2026-03-21 21:32:12,899 - WARNING - ⚠️ HIGH TAIL INTENSITY: [DNN_INPUT] log_ret_close has 55 points with Z-Score > 12.
2026-03-21 21:32:12,899 - WARNING - ⚠️ HIGH TAIL INTENSITY: [DNN_INPUT] bid_rdi_delta_5 has 84 points with Z-Score > 12.
2026-03-21 21:32:12,899 - WARNING - ⚠️ HIGH TAIL INTENSITY: [DNN_INPUT] ask_rdi_delta_5 has 170 points with Z-Score > 12.
2026-03-21 21:32:12,899 - WARNING - ⚠️ HIGH TAIL INTENSITY: [DNN_INPUT] micro_price_delta_5 has 10 points with Z-Score > 12.
2026-03-21 21:32:12,899 - WARNING - ⚠️ HIGH TAIL INTENSITY: [DNN_INPUT] bid_rdi_delta_30 has 136 points with Z-Score > 12.
2026-03-21 21:32:12,899 - WARNING - ⚠️ HIGH TAIL INTENSITY: [DNN_INPUT] ask_rdi_delta_30 has 144 points with Z-Score > 12.
2026-03-21 21:32:12,899 - WARNING - ⚠️ HIGH TAIL INTENSITY: [DNN_INPUT] spread_zscore_60 has 464 points with Z-Score > 12.
2026-03-21 21:32:12,899 - WARNING - ⚠️ HIGH TAIL INTENSITY: [DNN_INPUT] kyle_lambda has 79 points with Z-Score > 12.
2026-03-21 21:32:12,900 - WARNING - ⚠️ HIGH TAIL INTENSITY: [DNN_INPUT] bid_deep_ratio has 59 points with Z-Score > 12.
2026-03-21 21:32:12,900 - WARNING - ⚠️ HIGH TAIL INTENSITY: [DNN_INPUT] ask_deep_ratio has 62 points with Z-Score > 12.
2026-03-21 21:32:12,900 - WARNING - ⚠️ HIGH TAIL INTENSITY: [DNN_INPUT] bid_convexity has 509 points with Z-Score > 12.
2026-03-21 21:32:12,968 - INFO - ✅ Protocol Island Split: 1/1 islands survived. Total rows: 179764
2026-03-21 21:32:12,968 - INFO - 🏆 Gold Validation complete for 2026-02-26_BTCUSDT_ob200.data. Status: VALID
2026-03-21 21:32:13,076 - INFO - Successfully saved 179764 rows to data/L2/pre_processed/2026-02-26_BTCUSDT_ob200.data.parquet
2026-03-21 21:32:13,076 - INFO - ✅ Saved event-driven dataset: 2026-02-26_BTCUSDT_ob200.data.parquet
2026-03-21 21:32:13,077 - INFO - 📊 [Memory] 2026-02-26_BTCUSDT_ob200.data: 0.0MB -> 21239.2MB
2026-03-21 21:32:16,044 - INFO - 📥 DOWNLOAD FILE: BTCUSDT2026-02-28.csv.gz
2026-03-21 21:32:30,587 - INFO - 📥 DOWNLOAD: 2026-02-28_BTCUSDT_ob200.data.zip
2026-03-21 21:32:39,700 - INFO - 📂 STREAMING: 2026-02-28_BTCUSDT_ob200.data
2026-03-21 21:33:13,574 - INFO - 🗑️ CLEANUP: Deleting processed zip: 2026-02-27_BTCUSDT_ob200.data.zip
2026-03-21 21:33:17,977 - INFO - 📊 [Peak Load] 2026-02-27_BTCUSDT_ob200.data: Raw data in RAM | SYSTEM RAM: 74.70 GB (9.9%)
2026-03-21 21:33:17,992 - INFO - EventSampler iniciado. Modo: 'both' | Dollar=500000.0 | Tick=5000 | Info=100.0 | Time=300000ms
2026-03-21 21:33:22,241 - INFO - CUSUM (both): 66146 eventos. Trigger IID será aplicado dentro de cada janela CUSUM.
2026-03-21 21:33:23,153 - INFO - Barras geradas: 172647 | Ilhas: 1
2026-03-21 21:33:29,515 - INFO - 💾 Memory Optimization: Dropping 801 raw book columns.
2026-03-21 21:33:29,532 - INFO - 📊 [Drop Success] 2026-02-27_BTCUSDT_ob200.data: Columns discarded | SYSTEM RAM: 59.05 GB (7.8%)
2026-03-21 21:33:29,533 - INFO - --- Validating 2026-02-27_BTCUSDT_ob200.data ---
2026-03-21 21:33:29,542 - INFO - ✅ ARCHITECTURE INTEGRITY: 30/30 features present. Audit Scope: 46 columns (30 Features + 15 Raw/Price).
2026-03-21 21:33:29,548 - INFO - No NaNs found.
2026-03-21 21:33:29,553 - INFO - No Infinite values found.
2026-03-21 21:33:29,554 - INFO - Chronological order verified.
2026-03-21 21:33:29,559 - WARNING - ⚠️ STALE DATA ALERT: Possible feed lock detected in 2026-02-27_BTCUSDT_ob200.data
2026-03-21 21:33:29,567 - WARNING - ☢️ CRITICAL OUTLIER: [DNN_INPUT] pressure_ratio max (2.1465e+03) is > 15x P99. Clipping might have failed!
2026-03-21 21:33:29,569 - WARNING - ☢️ CRITICAL OUTLIER: [DNN_INPUT] lower_wick max (9.0136e-04) is > 15x P99. Clipping might have failed!
2026-03-21 21:33:29,571 - WARNING - ☢️ CRITICAL OUTLIER: [DNN_INPUT] upper_wick max (1.2894e-03) is > 15x P99. Clipping might have failed!
2026-03-21 21:33:29,574 - WARNING - ☢️ CRITICAL OUTLIER: [DNN_INPUT] max_spread max (1.5500e+01) is > 15x P99. Clipping might have failed!
2026-03-21 21:33:29,636 - WARNING - ⚠️ HIGH TAIL INTENSITY: [RAW_DATA] bar_usd_volume has 81 points with Z-Score > 12.
2026-03-21 21:33:29,637 - WARNING - ⚠️ HIGH TAIL INTENSITY: [RAW_DATA] bar_btc_volume has 81 points with Z-Score > 12.
2026-03-21 21:33:29,637 - WARNING - ⚠️ HIGH TAIL INTENSITY: [DNN_INPUT] max_spread has 398 points with Z-Score > 12.
2026-03-21 21:33:29,637 - WARNING - ⚠️ HIGH TAIL INTENSITY: [DNN_INPUT] volatility has 124 points with Z-Score > 12.
2026-03-21 21:33:29,637 - WARNING - ⚠️ HIGH TAIL INTENSITY: [DNN_INPUT] micro_price_momentum has 200 points with Z-Score > 12.
2026-03-21 21:33:29,637 - WARNING - ⚠️ HIGH TAIL INTENSITY: [DNN_INPUT] bid_rdi has 47 points with Z-Score > 12.
2026-03-21 21:33:29,637 - WARNING - ⚠️ HIGH TAIL INTENSITY: [DNN_INPUT] ask_rdi has 209 points with Z-Score > 12.
2026-03-21 21:33:29,638 - WARNING - ⚠️ HIGH TAIL INTENSITY: [DNN_INPUT] pressure_ratio has 122 points with Z-Score > 12.
2026-03-21 21:33:29,638 - WARNING - ⚠️ HIGH TAIL INTENSITY: [DNN_INPUT] body has 31 points with Z-Score > 12.
2026-03-21 21:33:29,638 - WARNING - ⚠️ HIGH TAIL INTENSITY: [DNN_INPUT] upper_wick has 223 points with Z-Score > 12.
2026-03-21 21:33:29,638 - WARNING - ⚠️ HIGH TAIL INTENSITY: [DNN_INPUT] lower_wick has 181 points with Z-Score > 12.
2026-03-21 21:33:29,638 - WARNING - ⚠️ HIGH TAIL INTENSITY: [DNN_INPUT] log_ret_close has 33 points with Z-Score > 12.
2026-03-21 21:33:29,638 - WARNING - ⚠️ HIGH TAIL INTENSITY: [DNN_INPUT] bid_rdi_delta_5 has 28 points with Z-Score > 12.
2026-03-21 21:33:29,638 - WARNING - ⚠️ HIGH TAIL INTENSITY: [DNN_INPUT] ask_rdi_delta_5 has 153 points with Z-Score > 12.
2026-03-21 21:33:29,638 - WARNING - ⚠️ HIGH TAIL INTENSITY: [DNN_INPUT] bid_rdi_delta_30 has 94 points with Z-Score > 12.
2026-03-21 21:33:29,638 - WARNING - ⚠️ HIGH TAIL INTENSITY: [DNN_INPUT] ask_rdi_delta_30 has 278 points with Z-Score > 12.
2026-03-21 21:33:29,638 - WARNING - ⚠️ HIGH TAIL INTENSITY: [DNN_INPUT] spread_zscore_60 has 407 points with Z-Score > 12.
2026-03-21 21:33:29,638 - WARNING - ⚠️ HIGH TAIL INTENSITY: [DNN_INPUT] kyle_lambda has 79 points with Z-Score > 12.
2026-03-21 21:33:29,638 - WARNING - ⚠️ HIGH TAIL INTENSITY: [DNN_INPUT] bid_deep_ratio has 67 points with Z-Score > 12.
2026-03-21 21:33:29,638 - WARNING - ⚠️ HIGH TAIL INTENSITY: [DNN_INPUT] ask_deep_ratio has 40 points with Z-Score > 12.
2026-03-21 21:33:29,638 - WARNING - ⚠️ HIGH TAIL INTENSITY: [DNN_INPUT] bid_convexity has 610 points with Z-Score > 12.
2026-03-21 21:33:29,698 - INFO - ✅ Protocol Island Split: 1/1 islands survived. Total rows: 172647
2026-03-21 21:33:29,699 - INFO - 🏆 Gold Validation complete for 2026-02-27_BTCUSDT_ob200.data. Status: VALID
2026-03-21 21:33:29,818 - INFO - Successfully saved 172647 rows to data/L2/pre_processed/2026-02-27_BTCUSDT_ob200.data.parquet
2026-03-21 21:33:29,818 - INFO - ✅ Saved event-driven dataset: 2026-02-27_BTCUSDT_ob200.data.parquet
2026-03-21 21:33:29,821 - INFO - 📊 [Memory] 2026-02-27_BTCUSDT_ob200.data: 0.0MB -> 20664.3MB
2026-03-21 21:33:32,811 - INFO - 📥 DOWNLOAD FILE: BTCUSDT2026-03-01.csv.gz
2026-03-21 21:33:41,261 - INFO - 📥 DOWNLOAD: 2026-03-01_BTCUSDT_ob200.data.zip
2026-03-21 21:33:49,216 - INFO - 📂 STREAMING: 2026-03-01_BTCUSDT_ob200.data
2026-03-21 21:33:59,229 - INFO - 🗑️ CLEANUP: Deleting processed zip: 2026-02-28_BTCUSDT_ob200.data.zip
2026-03-21 21:34:03,892 - INFO - 📊 [Peak Load] 2026-02-28_BTCUSDT_ob200.data: Raw data in RAM | SYSTEM RAM: 78.18 GB (10.3%)
2026-03-21 21:34:03,910 - INFO - EventSampler iniciado. Modo: 'both' | Dollar=500000.0 | Tick=5000 | Info=100.0 | Time=300000ms
2026-03-21 21:34:09,180 - INFO - CUSUM (both): 65841 eventos. Trigger IID será aplicado dentro de cada janela CUSUM.
2026-03-21 21:34:10,223 - INFO - Barras geradas: 193588 | Ilhas: 1
2026-03-21 21:34:17,614 - INFO - 💾 Memory Optimization: Dropping 801 raw book columns.
2026-03-21 21:34:17,629 - INFO - 📊 [Drop Success] 2026-02-28_BTCUSDT_ob200.data: Columns discarded | SYSTEM RAM: 58.70 GB (7.8%)
2026-03-21 21:34:17,629 - INFO - --- Validating 2026-02-28_BTCUSDT_ob200.data ---
2026-03-21 21:34:17,640 - INFO - ✅ ARCHITECTURE INTEGRITY: 30/30 features present. Audit Scope: 46 columns (30 Features + 15 Raw/Price).
2026-03-21 21:34:17,646 - INFO - No NaNs found.
2026-03-21 21:34:17,652 - INFO - No Infinite values found.
2026-03-21 21:34:17,653 - INFO - Chronological order verified.
2026-03-21 21:34:17,658 - WARNING - ⚠️ STALE DATA ALERT: Possible feed lock detected in 2026-02-28_BTCUSDT_ob200.data
2026-03-21 21:34:17,668 - WARNING - ☢️ CRITICAL OUTLIER: [DNN_INPUT] pressure_ratio max (2.4029e+03) is > 15x P99. Clipping might have failed!
2026-03-21 21:34:17,669 - WARNING - ☢️ CRITICAL OUTLIER: [DNN_INPUT] lower_wick max (2.0212e-03) is > 15x P99. Clipping might have failed!
2026-03-21 21:34:17,671 - WARNING - ☢️ CRITICAL OUTLIER: [DNN_INPUT] upper_wick max (1.2524e-03) is > 15x P99. Clipping might have failed!
2026-03-21 21:34:17,674 - WARNING - ☢️ CRITICAL OUTLIER: [DNN_INPUT] max_spread max (4.2100e+01) is > 15x P99. Clipping might have failed!
2026-03-21 21:34:17,750 - WARNING - ⚠️ HIGH TAIL INTENSITY: [RAW_DATA] bar_usd_volume has 103 points with Z-Score > 12.
2026-03-21 21:34:17,750 - WARNING - ⚠️ HIGH TAIL INTENSITY: [RAW_DATA] bar_btc_volume has 104 points with Z-Score > 12.
2026-03-21 21:34:17,750 - WARNING - ⚠️ HIGH TAIL INTENSITY: [DNN_INPUT] max_spread has 290 points with Z-Score > 12.
2026-03-21 21:34:17,750 - WARNING - ⚠️ HIGH TAIL INTENSITY: [DNN_INPUT] volatility has 166 points with Z-Score > 12.
2026-03-21 21:34:17,751 - WARNING - ⚠️ HIGH TAIL INTENSITY: [DNN_INPUT] micro_price_momentum has 116 points with Z-Score > 12.
2026-03-21 21:34:17,751 - WARNING - ⚠️ HIGH TAIL INTENSITY: [DNN_INPUT] bid_rdi has 403 points with Z-Score > 12.
2026-03-21 21:34:17,751 - WARNING - ⚠️ HIGH TAIL INTENSITY: [DNN_INPUT] ask_rdi has 73 points with Z-Score > 12.
2026-03-21 21:34:17,751 - WARNING - ⚠️ HIGH TAIL INTENSITY: [DNN_INPUT] pressure_ratio has 261 points with Z-Score > 12.
2026-03-21 21:34:17,751 - WARNING - ⚠️ HIGH TAIL INTENSITY: [DNN_INPUT] body has 50 points with Z-Score > 12.
2026-03-21 21:34:17,751 - WARNING - ⚠️ HIGH TAIL INTENSITY: [DNN_INPUT] upper_wick has 229 points with Z-Score > 12.
2026-03-21 21:34:17,751 - WARNING - ⚠️ HIGH TAIL INTENSITY: [DNN_INPUT] lower_wick has 211 points with Z-Score > 12.
2026-03-21 21:34:17,752 - WARNING - ⚠️ HIGH TAIL INTENSITY: [DNN_INPUT] log_ret_close has 56 points with Z-Score > 12.
2026-03-21 21:34:17,752 - WARNING - ⚠️ HIGH TAIL INTENSITY: [DNN_INPUT] bid_rdi_delta_5 has 229 points with Z-Score > 12.
2026-03-21 21:34:17,752 - WARNING - ⚠️ HIGH TAIL INTENSITY: [DNN_INPUT] ask_rdi_delta_5 has 67 points with Z-Score > 12.
2026-03-21 21:34:17,752 - WARNING - ⚠️ HIGH TAIL INTENSITY: [DNN_INPUT] micro_price_delta_5 has 1 points with Z-Score > 12.
2026-03-21 21:34:17,752 - WARNING - ⚠️ HIGH TAIL INTENSITY: [DNN_INPUT] bid_rdi_delta_30 has 454 points with Z-Score > 12.
2026-03-21 21:34:17,752 - WARNING - ⚠️ HIGH TAIL INTENSITY: [DNN_INPUT] ask_rdi_delta_30 has 72 points with Z-Score > 12.
2026-03-21 21:34:17,752 - WARNING - ⚠️ HIGH TAIL INTENSITY: [DNN_INPUT] spread_zscore_60 has 321 points with Z-Score > 12.
2026-03-21 21:34:17,752 - WARNING - ⚠️ HIGH TAIL INTENSITY: [DNN_INPUT] kyle_lambda has 67 points with Z-Score > 12.
2026-03-21 21:34:17,752 - WARNING - ⚠️ HIGH TAIL INTENSITY: [DNN_INPUT] bid_deep_ratio has 154 points with Z-Score > 12.
2026-03-21 21:34:17,752 - WARNING - ⚠️ HIGH TAIL INTENSITY: [DNN_INPUT] ask_deep_ratio has 123 points with Z-Score > 12.
2026-03-21 21:34:17,825 - INFO - ✅ Protocol Island Split: 1/1 islands survived. Total rows: 193588
2026-03-21 21:34:17,825 - INFO - 🏆 Gold Validation complete for 2026-02-28_BTCUSDT_ob200.data. Status: VALID
2026-03-21 21:34:17,942 - INFO - Successfully saved 193588 rows to data/L2/pre_processed/2026-02-28_BTCUSDT_ob200.data.parquet
2026-03-21 21:34:17,942 - INFO - ✅ Saved event-driven dataset: 2026-02-28_BTCUSDT_ob200.data.parquet
2026-03-21 21:34:17,944 - INFO - 📊 [Memory] 2026-02-28_BTCUSDT_ob200.data: 0.0MB -> 21223.8MB
2026-03-21 21:34:20,461 - INFO - 📥 DOWNLOAD FILE: BTCUSDT2026-03-02.csv.gz
2026-03-21 21:34:33,057 - INFO - 📥 DOWNLOAD: 2026-03-02_BTCUSDT_ob200.data.zip
2026-03-21 21:34:45,816 - INFO - 📂 STREAMING: 2026-03-02_BTCUSDT_ob200.data
2026-03-21 21:35:06,312 - INFO - 🗑️ CLEANUP: Deleting processed zip: 2026-03-01_BTCUSDT_ob200.data.zip
2026-03-21 21:35:10,702 - INFO - 📊 [Peak Load] 2026-03-01_BTCUSDT_ob200.data: Raw data in RAM | SYSTEM RAM: 76.12 GB (10.1%)
2026-03-21 21:35:10,743 - INFO - EventSampler iniciado. Modo: 'both' | Dollar=500000.0 | Tick=5000 | Info=100.0 | Time=300000ms
2026-03-21 21:35:15,456 - INFO - CUSUM (both): 63609 eventos. Trigger IID será aplicado dentro de cada janela CUSUM.
2026-03-21 21:35:16,372 - INFO - Barras geradas: 157215 | Ilhas: 1
2026-03-21 21:35:22,588 - INFO - 💾 Memory Optimization: Dropping 801 raw book columns.
2026-03-21 21:35:22,603 - INFO - 📊 [Drop Success] 2026-03-01_BTCUSDT_ob200.data: Columns discarded | SYSTEM RAM: 58.94 GB (7.8%)
2026-03-21 21:35:22,604 - INFO - --- Validating 2026-03-01_BTCUSDT_ob200.data ---
2026-03-21 21:35:22,615 - INFO - ✅ ARCHITECTURE INTEGRITY: 30/30 features present. Audit Scope: 46 columns (30 Features + 15 Raw/Price).
2026-03-21 21:35:22,620 - INFO - No NaNs found.
2026-03-21 21:35:22,625 - INFO - No Infinite values found.
2026-03-21 21:35:22,626 - INFO - Chronological order verified.
2026-03-21 21:35:22,630 - WARNING - ⚠️ STALE DATA ALERT: Possible feed lock detected in 2026-03-01_BTCUSDT_ob200.data
2026-03-21 21:35:22,634 - WARNING - ☢️ CRITICAL OUTLIER: [DNN_INPUT] kyle_lambda max (2.3956e+01) is > 15x P99. Clipping might have failed!
2026-03-21 21:35:22,638 - WARNING - ☢️ CRITICAL OUTLIER: [DNN_INPUT] pressure_ratio max (1.4947e+03) is > 15x P99. Clipping might have failed!
2026-03-21 21:35:22,640 - WARNING - ☢️ CRITICAL OUTLIER: [DNN_INPUT] lower_wick max (2.1071e-03) is > 15x P99. Clipping might have failed!
2026-03-21 21:35:22,641 - WARNING - ☢️ CRITICAL OUTLIER: [DNN_INPUT] upper_wick max (2.3673e-03) is > 15x P99. Clipping might have failed!
2026-03-21 21:35:22,644 - WARNING - ☢️ CRITICAL OUTLIER: [DNN_INPUT] max_spread max (4.5200e+01) is > 15x P99. Clipping might have failed!
2026-03-21 21:35:22,699 - WARNING - ⚠️ HIGH TAIL INTENSITY: [RAW_DATA] bar_usd_volume has 56 points with Z-Score > 12.
2026-03-21 21:35:22,699 - WARNING - ⚠️ HIGH TAIL INTENSITY: [RAW_DATA] bar_btc_volume has 56 points with Z-Score > 12.
2026-03-21 21:35:22,700 - WARNING - ⚠️ HIGH TAIL INTENSITY: [DNN_INPUT] max_spread has 428 points with Z-Score > 12.
2026-03-21 21:35:22,700 - WARNING - ⚠️ HIGH TAIL INTENSITY: [DNN_INPUT] volatility has 109 points with Z-Score > 12.
2026-03-21 21:35:22,700 - WARNING - ⚠️ HIGH TAIL INTENSITY: [DNN_INPUT] micro_price_momentum has 154 points with Z-Score > 12.
2026-03-21 21:35:22,700 - WARNING - ⚠️ HIGH TAIL INTENSITY: [DNN_INPUT] bid_rdi has 123 points with Z-Score > 12.
2026-03-21 21:35:22,700 - WARNING - ⚠️ HIGH TAIL INTENSITY: [DNN_INPUT] ask_rdi has 110 points with Z-Score > 12.
2026-03-21 21:35:22,700 - WARNING - ⚠️ HIGH TAIL INTENSITY: [DNN_INPUT] pressure_ratio has 242 points with Z-Score > 12.
2026-03-21 21:35:22,700 - WARNING - ⚠️ HIGH TAIL INTENSITY: [DNN_INPUT] body has 59 points with Z-Score > 12.
2026-03-21 21:35:22,701 - WARNING - ⚠️ HIGH TAIL INTENSITY: [DNN_INPUT] upper_wick has 139 points with Z-Score > 12.
2026-03-21 21:35:22,701 - WARNING - ⚠️ HIGH TAIL INTENSITY: [DNN_INPUT] lower_wick has 164 points with Z-Score > 12.
2026-03-21 21:35:22,701 - WARNING - ⚠️ HIGH TAIL INTENSITY: [DNN_INPUT] log_ret_close has 67 points with Z-Score > 12.
2026-03-21 21:35:22,701 - WARNING - ⚠️ HIGH TAIL INTENSITY: [DNN_INPUT] bid_rdi_delta_5 has 124 points with Z-Score > 12.
2026-03-21 21:35:22,701 - WARNING - ⚠️ HIGH TAIL INTENSITY: [DNN_INPUT] ask_rdi_delta_5 has 53 points with Z-Score > 12.
2026-03-21 21:35:22,701 - WARNING - ⚠️ HIGH TAIL INTENSITY: [DNN_INPUT] micro_price_delta_5 has 22 points with Z-Score > 12.
2026-03-21 21:35:22,701 - WARNING - ⚠️ HIGH TAIL INTENSITY: [DNN_INPUT] bid_rdi_delta_30 has 171 points with Z-Score > 12.
2026-03-21 21:35:22,701 - WARNING - ⚠️ HIGH TAIL INTENSITY: [DNN_INPUT] ask_rdi_delta_30 has 75 points with Z-Score > 12.
2026-03-21 21:35:22,701 - WARNING - ⚠️ HIGH TAIL INTENSITY: [DNN_INPUT] spread_zscore_60 has 293 points with Z-Score > 12.
2026-03-21 21:35:22,701 - WARNING - ⚠️ HIGH TAIL INTENSITY: [DNN_INPUT] kyle_lambda has 88 points with Z-Score > 12.
2026-03-21 21:35:22,702 - WARNING - ⚠️ HIGH TAIL INTENSITY: [DNN_INPUT] bid_deep_ratio has 50 points with Z-Score > 12.
2026-03-21 21:35:22,702 - WARNING - ⚠️ HIGH TAIL INTENSITY: [DNN_INPUT] ask_deep_ratio has 43 points with Z-Score > 12.
2026-03-21 21:35:22,702 - WARNING - ⚠️ HIGH TAIL INTENSITY: [DNN_INPUT] ask_convexity has 510 points with Z-Score > 12.
2026-03-21 21:35:22,757 - INFO - ✅ Protocol Island Split: 1/1 islands survived. Total rows: 157215
2026-03-21 21:35:22,757 - INFO - 🏆 Gold Validation complete for 2026-03-01_BTCUSDT_ob200.data. Status: VALID
2026-03-21 21:35:23,013 - INFO - Successfully saved 157215 rows to data/L2/pre_processed/2026-03-01_BTCUSDT_ob200.data.parquet
2026-03-21 21:35:23,014 - INFO - ✅ Saved event-driven dataset: 2026-03-01_BTCUSDT_ob200.data.parquet
2026-03-21 21:35:23,016 - INFO - 📊 [Memory] 2026-03-01_BTCUSDT_ob200.data: 0.0MB -> 20627.1MB
2026-03-21 21:35:25,475 - INFO - 📥 DOWNLOAD FILE: BTCUSDT2026-03-03.csv.gz
2026-03-21 21:35:32,777 - INFO - 📥 DOWNLOAD: 2026-03-03_BTCUSDT_ob200.data.zip
2026-03-21 21:35:41,388 - INFO - 📂 STREAMING: 2026-03-03_BTCUSDT_ob200.data
2026-03-21 21:36:14,715 - INFO - 🗑️ CLEANUP: Deleting processed zip: 2026-03-02_BTCUSDT_ob200.data.zip
2026-03-21 21:36:19,532 - INFO - 📊 [Peak Load] 2026-03-02_BTCUSDT_ob200.data: Raw data in RAM | SYSTEM RAM: 81.81 GB (10.8%)
2026-03-21 21:36:19,550 - INFO - EventSampler iniciado. Modo: 'both' | Dollar=500000.0 | Tick=5000 | Info=100.0 | Time=300000ms
2026-03-21 21:36:25,591 - INFO - CUSUM (both): 81539 eventos. Trigger IID será aplicado dentro de cada janela CUSUM.
2026-03-21 21:36:26,767 - INFO - Barras geradas: 254725 | Ilhas: 1
2026-03-21 21:36:35,930 - INFO - 💾 Memory Optimization: Dropping 801 raw book columns.
2026-03-21 21:36:35,946 - INFO - 📊 [Drop Success] 2026-03-02_BTCUSDT_ob200.data: Columns discarded | SYSTEM RAM: 59.55 GB (7.9%)
2026-03-21 21:36:35,946 - INFO - --- Validating 2026-03-02_BTCUSDT_ob200.data ---
2026-03-21 21:36:35,960 - INFO - ✅ ARCHITECTURE INTEGRITY: 30/30 features present. Audit Scope: 46 columns (30 Features + 15 Raw/Price).
2026-03-21 21:36:35,970 - INFO - No NaNs found.
2026-03-21 21:36:35,978 - INFO - No Infinite values found.
2026-03-21 21:36:35,979 - INFO - Chronological order verified.
2026-03-21 21:36:35,985 - WARNING - ⚠️ STALE DATA ALERT: Possible feed lock detected in 2026-03-02_BTCUSDT_ob200.data
2026-03-21 21:36:35,993 - WARNING - ☢️ CRITICAL OUTLIER: [DNN_INPUT] ask_deep_ratio max (9.6330e+04) is > 15x P99. Clipping might have failed!
2026-03-21 21:36:35,997 - WARNING - ☢️ CRITICAL OUTLIER: [DNN_INPUT] pressure_ratio max (2.0407e+03) is > 15x P99. Clipping might have failed!
2026-03-21 21:36:35,999 - WARNING - ☢️ CRITICAL OUTLIER: [DNN_INPUT] lower_wick max (1.3943e-03) is > 15x P99. Clipping might have failed!
2026-03-21 21:36:36,001 - WARNING - ☢️ CRITICAL OUTLIER: [DNN_INPUT] upper_wick max (1.2759e-03) is > 15x P99. Clipping might have failed!
2026-03-21 21:36:36,005 - WARNING - ☢️ CRITICAL OUTLIER: [DNN_INPUT] max_spread max (2.0200e+01) is > 15x P99. Clipping might have failed!
2026-03-21 21:36:36,106 - WARNING - ⚠️ HIGH TAIL INTENSITY: [RAW_DATA] bar_usd_volume has 145 points with Z-Score > 12.
2026-03-21 21:36:36,106 - WARNING - ⚠️ HIGH TAIL INTENSITY: [RAW_DATA] bar_btc_volume has 146 points with Z-Score > 12.
2026-03-21 21:36:36,107 - WARNING - ⚠️ HIGH TAIL INTENSITY: [DNN_INPUT] max_spread has 381 points with Z-Score > 12.
2026-03-21 21:36:36,107 - WARNING - ⚠️ HIGH TAIL INTENSITY: [DNN_INPUT] volatility has 207 points with Z-Score > 12.
2026-03-21 21:36:36,107 - WARNING - ⚠️ HIGH TAIL INTENSITY: [DNN_INPUT] micro_price_momentum has 185 points with Z-Score > 12.
2026-03-21 21:36:36,107 - WARNING - ⚠️ HIGH TAIL INTENSITY: [DNN_INPUT] bid_rdi has 90 points with Z-Score > 12.
2026-03-21 21:36:36,107 - WARNING - ⚠️ HIGH TAIL INTENSITY: [DNN_INPUT] ask_rdi has 82 points with Z-Score > 12.
2026-03-21 21:36:36,107 - WARNING - ⚠️ HIGH TAIL INTENSITY: [DNN_INPUT] pressure_ratio has 240 points with Z-Score > 12.
2026-03-21 21:36:36,107 - WARNING - ⚠️ HIGH TAIL INTENSITY: [DNN_INPUT] body has 27 points with Z-Score > 12.
2026-03-21 21:36:36,107 - WARNING - ⚠️ HIGH TAIL INTENSITY: [DNN_INPUT] upper_wick has 279 points with Z-Score > 12.
2026-03-21 21:36:36,108 - WARNING - ⚠️ HIGH TAIL INTENSITY: [DNN_INPUT] lower_wick has 277 points with Z-Score > 12.
2026-03-21 21:36:36,108 - WARNING - ⚠️ HIGH TAIL INTENSITY: [DNN_INPUT] log_ret_close has 26 points with Z-Score > 12.
2026-03-21 21:36:36,108 - WARNING - ⚠️ HIGH TAIL INTENSITY: [DNN_INPUT] bid_rdi_delta_5 has 81 points with Z-Score > 12.
2026-03-21 21:36:36,108 - WARNING - ⚠️ HIGH TAIL INTENSITY: [DNN_INPUT] ask_rdi_delta_5 has 107 points with Z-Score > 12.
2026-03-21 21:36:36,108 - WARNING - ⚠️ HIGH TAIL INTENSITY: [DNN_INPUT] bid_rdi_delta_30 has 92 points with Z-Score > 12.
2026-03-21 21:36:36,108 - WARNING - ⚠️ HIGH TAIL INTENSITY: [DNN_INPUT] ask_rdi_delta_30 has 116 points with Z-Score > 12.
2026-03-21 21:36:36,108 - WARNING - ⚠️ HIGH TAIL INTENSITY: [DNN_INPUT] spread_zscore_60 has 403 points with Z-Score > 12.
2026-03-21 21:36:36,108 - WARNING - ⚠️ HIGH TAIL INTENSITY: [DNN_INPUT] kyle_lambda has 37 points with Z-Score > 12.
2026-03-21 21:36:36,108 - WARNING - ⚠️ HIGH TAIL INTENSITY: [DNN_INPUT] bid_deep_ratio has 226 points with Z-Score > 12.
2026-03-21 21:36:36,108 - WARNING - ⚠️ HIGH TAIL INTENSITY: [DNN_INPUT] ask_deep_ratio has 69 points with Z-Score > 12.
2026-03-21 21:36:36,207 - INFO - ✅ Protocol Island Split: 1/1 islands survived. Total rows: 254725
2026-03-21 21:36:36,207 - INFO - 🏆 Gold Validation complete for 2026-03-02_BTCUSDT_ob200.data. Status: VALID
2026-03-21 21:36:36,348 - INFO - Successfully saved 254725 rows to data/L2/pre_processed/2026-03-02_BTCUSDT_ob200.data.parquet
2026-03-21 21:36:36,348 - INFO - ✅ Saved event-driven dataset: 2026-03-02_BTCUSDT_ob200.data.parquet
2026-03-21 21:36:36,350 - INFO - 📊 [Memory] 2026-03-02_BTCUSDT_ob200.data: 0.0MB -> 21404.5MB
2026-03-21 21:36:40,118 - INFO - 📥 DOWNLOAD FILE: BTCUSDT2026-03-04.csv.gz
2026-03-21 21:36:47,540 - INFO - 📥 DOWNLOAD: 2026-03-04_BTCUSDT_ob200.data.zip
2026-03-21 21:36:57,451 - INFO - 📂 STREAMING: 2026-03-04_BTCUSDT_ob200.data
2026-03-21 21:37:11,510 - INFO - 🗑️ CLEANUP: Deleting processed zip: 2026-03-03_BTCUSDT_ob200.data.zip
2026-03-21 21:37:16,454 - INFO - 📊 [Peak Load] 2026-03-03_BTCUSDT_ob200.data: Raw data in RAM | SYSTEM RAM: 81.53 GB (10.8%)
2026-03-21 21:37:16,472 - INFO - EventSampler iniciado. Modo: 'both' | Dollar=500000.0 | Tick=5000 | Info=100.0 | Time=300000ms
2026-03-21 21:37:22,459 - INFO - CUSUM (both): 83755 eventos. Trigger IID será aplicado dentro de cada janela CUSUM.
2026-03-21 21:37:23,718 - INFO - Barras geradas: 264075 | Ilhas: 1
2026-03-21 21:37:32,953 - INFO - 💾 Memory Optimization: Dropping 801 raw book columns.
2026-03-21 21:37:32,977 - INFO - 📊 [Drop Success] 2026-03-03_BTCUSDT_ob200.data: Columns discarded | SYSTEM RAM: 59.50 GB (7.9%)
2026-03-21 21:37:32,977 - INFO - --- Validating 2026-03-03_BTCUSDT_ob200.data ---
2026-03-21 21:37:32,992 - INFO - ✅ ARCHITECTURE INTEGRITY: 30/30 features present. Audit Scope: 46 columns (30 Features + 15 Raw/Price).
2026-03-21 21:37:33,001 - INFO - No NaNs found.
2026-03-21 21:37:33,008 - INFO - No Infinite values found.
2026-03-21 21:37:33,009 - INFO - Chronological order verified.
2026-03-21 21:37:33,016 - WARNING - ⚠️ STALE DATA ALERT: Possible feed lock detected in 2026-03-03_BTCUSDT_ob200.data
2026-03-21 21:37:33,027 - WARNING - ☢️ CRITICAL OUTLIER: [DNN_INPUT] pressure_ratio max (3.1959e+03) is > 15x P99. Clipping might have failed!
2026-03-21 21:37:33,029 - WARNING - ☢️ CRITICAL OUTLIER: [DNN_INPUT] lower_wick max (1.0341e-03) is > 15x P99. Clipping might have failed!
2026-03-21 21:37:33,031 - WARNING - ☢️ CRITICAL OUTLIER: [DNN_INPUT] upper_wick max (1.0371e-03) is > 15x P99. Clipping might have failed!
2026-03-21 21:37:33,036 - WARNING - ☢️ CRITICAL OUTLIER: [DNN_INPUT] max_spread max (1.6200e+01) is > 15x P99. Clipping might have failed!
2026-03-21 21:37:33,134 - WARNING - ⚠️ HIGH TAIL INTENSITY: [RAW_DATA] bar_usd_volume has 137 points with Z-Score > 12.
2026-03-21 21:37:33,134 - WARNING - ⚠️ HIGH TAIL INTENSITY: [RAW_DATA] bar_btc_volume has 137 points with Z-Score > 12.
2026-03-21 21:37:33,134 - WARNING - ⚠️ HIGH TAIL INTENSITY: [DNN_INPUT] max_spread has 990 points with Z-Score > 12.
2026-03-21 21:37:33,135 - WARNING - ⚠️ HIGH TAIL INTENSITY: [DNN_INPUT] volatility has 244 points with Z-Score > 12.
2026-03-21 21:37:33,135 - WARNING - ⚠️ HIGH TAIL INTENSITY: [DNN_INPUT] micro_price_momentum has 214 points with Z-Score > 12.
2026-03-21 21:37:33,135 - WARNING - ⚠️ HIGH TAIL INTENSITY: [DNN_INPUT] bid_rdi has 228 points with Z-Score > 12.
2026-03-21 21:37:33,135 - WARNING - ⚠️ HIGH TAIL INTENSITY: [DNN_INPUT] ask_rdi has 86 points with Z-Score > 12.
2026-03-21 21:37:33,135 - WARNING - ⚠️ HIGH TAIL INTENSITY: [DNN_INPUT] pressure_ratio has 212 points with Z-Score > 12.
2026-03-21 21:37:33,135 - WARNING - ⚠️ HIGH TAIL INTENSITY: [DNN_INPUT] body has 38 points with Z-Score > 12.
2026-03-21 21:37:33,135 - WARNING - ⚠️ HIGH TAIL INTENSITY: [DNN_INPUT] upper_wick has 232 points with Z-Score > 12.
2026-03-21 21:37:33,135 - WARNING - ⚠️ HIGH TAIL INTENSITY: [DNN_INPUT] lower_wick has 298 points with Z-Score > 12.
2026-03-21 21:37:33,135 - WARNING - ⚠️ HIGH TAIL INTENSITY: [DNN_INPUT] log_ret_close has 44 points with Z-Score > 12.
2026-03-21 21:37:33,136 - WARNING - ⚠️ HIGH TAIL INTENSITY: [DNN_INPUT] bid_rdi_delta_5 has 246 points with Z-Score > 12.
2026-03-21 21:37:33,136 - WARNING - ⚠️ HIGH TAIL INTENSITY: [DNN_INPUT] ask_rdi_delta_5 has 65 points with Z-Score > 12.
2026-03-21 21:37:33,136 - WARNING - ⚠️ HIGH TAIL INTENSITY: [DNN_INPUT] micro_price_delta_5 has 4 points with Z-Score > 12.
2026-03-21 21:37:33,136 - WARNING - ⚠️ HIGH TAIL INTENSITY: [DNN_INPUT] bid_rdi_delta_30 has 358 points with Z-Score > 12.
2026-03-21 21:37:33,136 - WARNING - ⚠️ HIGH TAIL INTENSITY: [DNN_INPUT] ask_rdi_delta_30 has 102 points with Z-Score > 12.
2026-03-21 21:37:33,136 - WARNING - ⚠️ HIGH TAIL INTENSITY: [DNN_INPUT] spread_zscore_60 has 368 points with Z-Score > 12.
2026-03-21 21:37:33,136 - WARNING - ⚠️ HIGH TAIL INTENSITY: [DNN_INPUT] kyle_lambda has 58 points with Z-Score > 12.
2026-03-21 21:37:33,136 - WARNING - ⚠️ HIGH TAIL INTENSITY: [DNN_INPUT] bid_deep_ratio has 109 points with Z-Score > 12.
2026-03-21 21:37:33,136 - WARNING - ⚠️ HIGH TAIL INTENSITY: [DNN_INPUT] ask_deep_ratio has 77 points with Z-Score > 12.
2026-03-21 21:37:33,233 - INFO - ✅ Protocol Island Split: 1/1 islands survived. Total rows: 264075
2026-03-21 21:37:33,234 - INFO - 🏆 Gold Validation complete for 2026-03-03_BTCUSDT_ob200.data. Status: VALID
2026-03-21 21:37:33,389 - INFO - Successfully saved 264075 rows to data/L2/pre_processed/2026-03-03_BTCUSDT_ob200.data.parquet
2026-03-21 21:37:33,389 - INFO - ✅ Saved event-driven dataset: 2026-03-03_BTCUSDT_ob200.data.parquet
2026-03-21 21:37:33,390 - INFO - 📊 [Memory] 2026-03-03_BTCUSDT_ob200.data: 0.0MB -> 20860.0MB
2026-03-21 21:37:36,309 - INFO - 📥 DOWNLOAD FILE: BTCUSDT2026-03-05.csv.gz
2026-03-21 21:37:43,369 - INFO - 📥 DOWNLOAD: 2026-03-05_BTCUSDT_ob200.data.zip
2026-03-21 21:37:51,762 - INFO - 📂 STREAMING: 2026-03-05_BTCUSDT_ob200.data
2026-03-21 21:38:28,303 - INFO - 🗑️ CLEANUP: Deleting processed zip: 2026-03-04_BTCUSDT_ob200.data.zip
2026-03-21 21:38:33,312 - INFO - 📊 [Peak Load] 2026-03-04_BTCUSDT_ob200.data: Raw data in RAM | SYSTEM RAM: 85.51 GB (11.3%)
2026-03-21 21:38:33,331 - INFO - EventSampler iniciado. Modo: 'both' | Dollar=500000.0 | Tick=5000 | Info=100.0 | Time=300000ms
2026-03-21 21:38:40,272 - INFO - CUSUM (both): 87597 eventos. Trigger IID será aplicado dentro de cada janela CUSUM.
2026-03-21 21:38:41,685 - INFO - Barras geradas: 277993 | Ilhas: 1
2026-03-21 21:38:51,718 - INFO - 💾 Memory Optimization: Dropping 801 raw book columns.
2026-03-21 21:38:51,736 - INFO - 📊 [Drop Success] 2026-03-04_BTCUSDT_ob200.data: Columns discarded | SYSTEM RAM: 59.37 GB (7.9%)
2026-03-21 21:38:51,736 - INFO - --- Validating 2026-03-04_BTCUSDT_ob200.data ---
2026-03-21 21:38:51,749 - INFO - ✅ ARCHITECTURE INTEGRITY: 30/30 features present. Audit Scope: 46 columns (30 Features + 15 Raw/Price).
2026-03-21 21:38:51,760 - INFO - No NaNs found.
2026-03-21 21:38:51,768 - INFO - No Infinite values found.
2026-03-21 21:38:51,769 - INFO - Chronological order verified.
2026-03-21 21:38:51,776 - WARNING - ⚠️ STALE DATA ALERT: Possible feed lock detected in 2026-03-04_BTCUSDT_ob200.data
2026-03-21 21:38:51,789 - WARNING - ☢️ CRITICAL OUTLIER: [DNN_INPUT] pressure_ratio max (5.0988e+03) is > 15x P99. Clipping might have failed!
2026-03-21 21:38:51,792 - WARNING - ☢️ CRITICAL OUTLIER: [DNN_INPUT] lower_wick max (1.7219e-03) is > 15x P99. Clipping might have failed!
2026-03-21 21:38:51,794 - WARNING - ☢️ CRITICAL OUTLIER: [DNN_INPUT] upper_wick max (1.7828e-03) is > 15x P99. Clipping might have failed!
2026-03-21 21:38:51,798 - WARNING - ☢️ CRITICAL OUTLIER: [DNN_INPUT] max_spread max (2.0300e+01) is > 15x P99. Clipping might have failed!
2026-03-21 21:38:51,912 - WARNING - ⚠️ HIGH TAIL INTENSITY: [RAW_DATA] bar_usd_volume has 148 points with Z-Score > 12.
2026-03-21 21:38:51,912 - WARNING - ⚠️ HIGH TAIL INTENSITY: [RAW_DATA] bar_btc_volume has 149 points with Z-Score > 12.
2026-03-21 21:38:51,912 - WARNING - ⚠️ HIGH TAIL INTENSITY: [DNN_INPUT] max_spread has 398 points with Z-Score > 12.
2026-03-21 21:38:51,912 - WARNING - ⚠️ HIGH TAIL INTENSITY: [DNN_INPUT] volatility has 259 points with Z-Score > 12.
2026-03-21 21:38:51,912 - WARNING - ⚠️ HIGH TAIL INTENSITY: [DNN_INPUT] micro_price_momentum has 272 points with Z-Score > 12.
2026-03-21 21:38:51,913 - WARNING - ⚠️ HIGH TAIL INTENSITY: [DNN_INPUT] bid_rdi has 249 points with Z-Score > 12.
2026-03-21 21:38:51,913 - WARNING - ⚠️ HIGH TAIL INTENSITY: [DNN_INPUT] ask_rdi has 27 points with Z-Score > 12.
2026-03-21 21:38:51,913 - WARNING - ⚠️ HIGH TAIL INTENSITY: [DNN_INPUT] pressure_ratio has 213 points with Z-Score > 12.
2026-03-21 21:38:51,913 - WARNING - ⚠️ HIGH TAIL INTENSITY: [DNN_INPUT] body has 113 points with Z-Score > 12.
2026-03-21 21:38:51,913 - WARNING - ⚠️ HIGH TAIL INTENSITY: [DNN_INPUT] upper_wick has 220 points with Z-Score > 12.
2026-03-21 21:38:51,913 - WARNING - ⚠️ HIGH TAIL INTENSITY: [DNN_INPUT] lower_wick has 268 points with Z-Score > 12.
2026-03-21 21:38:51,913 - WARNING - ⚠️ HIGH TAIL INTENSITY: [DNN_INPUT] log_ret_close has 103 points with Z-Score > 12.
2026-03-21 21:38:51,913 - WARNING - ⚠️ HIGH TAIL INTENSITY: [DNN_INPUT] bid_rdi_delta_5 has 191 points with Z-Score > 12.
2026-03-21 21:38:51,913 - WARNING - ⚠️ HIGH TAIL INTENSITY: [DNN_INPUT] ask_rdi_delta_5 has 56 points with Z-Score > 12.
2026-03-21 21:38:51,913 - WARNING - ⚠️ HIGH TAIL INTENSITY: [DNN_INPUT] micro_price_delta_5 has 2 points with Z-Score > 12.
2026-03-21 21:38:51,913 - WARNING - ⚠️ HIGH TAIL INTENSITY: [DNN_INPUT] bid_rdi_delta_30 has 370 points with Z-Score > 12.
2026-03-21 21:38:51,913 - WARNING - ⚠️ HIGH TAIL INTENSITY: [DNN_INPUT] ask_rdi_delta_30 has 42 points with Z-Score > 12.
2026-03-21 21:38:51,913 - WARNING - ⚠️ HIGH TAIL INTENSITY: [DNN_INPUT] spread_zscore_60 has 410 points with Z-Score > 12.
2026-03-21 21:38:51,914 - WARNING - ⚠️ HIGH TAIL INTENSITY: [DNN_INPUT] kyle_lambda has 111 points with Z-Score > 12.
2026-03-21 21:38:51,914 - WARNING - ⚠️ HIGH TAIL INTENSITY: [DNN_INPUT] bid_deep_ratio has 143 points with Z-Score > 12.
2026-03-21 21:38:51,914 - WARNING - ⚠️ HIGH TAIL INTENSITY: [DNN_INPUT] ask_deep_ratio has 147 points with Z-Score > 12.
2026-03-21 21:38:52,019 - INFO - ✅ Protocol Island Split: 1/1 islands survived. Total rows: 277993
2026-03-21 21:38:52,020 - INFO - 🏆 Gold Validation complete for 2026-03-04_BTCUSDT_ob200.data. Status: VALID
2026-03-21 21:38:52,172 - INFO - Successfully saved 277993 rows to data/L2/pre_processed/2026-03-04_BTCUSDT_ob200.data.parquet
2026-03-21 21:38:52,173 - INFO - ✅ Saved event-driven dataset: 2026-03-04_BTCUSDT_ob200.data.parquet
2026-03-21 21:38:52,174 - INFO - 📊 [Memory] 2026-03-04_BTCUSDT_ob200.data: 0.0MB -> 21495.9MB
2026-03-21 21:38:55,559 - INFO - 📥 DOWNLOAD FILE: BTCUSDT2026-03-06.csv.gz
2026-03-21 21:39:09,679 - INFO - 📥 DOWNLOAD: 2026-03-06_BTCUSDT_ob200.data.zip
2026-03-21 21:39:15,165 - INFO - 🗑️ CLEANUP: Deleting processed zip: 2026-03-05_BTCUSDT_ob200.data.zip
2026-03-21 21:39:19,782 - INFO - 📊 [Peak Load] 2026-03-05_BTCUSDT_ob200.data: Raw data in RAM | SYSTEM RAM: 77.30 GB (10.2%)
2026-03-21 21:39:19,797 - INFO - EventSampler iniciado. Modo: 'both' | Dollar=500000.0 | Tick=5000 | Info=100.0 | Time=300000ms
2026-03-21 21:39:24,711 - INFO - CUSUM (both): 76525 eventos. Trigger IID será aplicado dentro de cada janela CUSUM.
2026-03-21 21:39:25,746 - INFO - Barras geradas: 248688 | Ilhas: 1
2026-03-21 21:39:34,102 - INFO - 💾 Memory Optimization: Dropping 801 raw book columns.
2026-03-21 21:39:34,117 - INFO - 📊 [Drop Success] 2026-03-05_BTCUSDT_ob200.data: Columns discarded | SYSTEM RAM: 58.74 GB (7.8%)
2026-03-21 21:39:34,117 - INFO - --- Validating 2026-03-05_BTCUSDT_ob200.data ---
2026-03-21 21:39:34,131 - INFO - ✅ ARCHITECTURE INTEGRITY: 30/30 features present. Audit Scope: 46 columns (30 Features + 15 Raw/Price).
2026-03-21 21:39:34,139 - INFO - No NaNs found.
2026-03-21 21:39:34,146 - INFO - No Infinite values found.
2026-03-21 21:39:34,147 - INFO - Chronological order verified.
2026-03-21 21:39:34,153 - WARNING - ⚠️ STALE DATA ALERT: Possible feed lock detected in 2026-03-05_BTCUSDT_ob200.data
2026-03-21 21:39:34,158 - WARNING - ☢️ CRITICAL OUTLIER: [DNN_INPUT] kyle_lambda max (2.3191e+01) is > 15x P99. Clipping might have failed!
2026-03-21 21:39:34,164 - WARNING - ☢️ CRITICAL OUTLIER: [DNN_INPUT] pressure_ratio max (4.2417e+03) is > 15x P99. Clipping might have failed!
2026-03-21 21:39:34,166 - WARNING - ☢️ CRITICAL OUTLIER: [DNN_INPUT] lower_wick max (3.7540e-03) is > 15x P99. Clipping might have failed!
2026-03-21 21:39:34,168 - WARNING - ☢️ CRITICAL OUTLIER: [DNN_INPUT] upper_wick max (4.3386e-03) is > 15x P99. Clipping might have failed!
2026-03-21 21:39:34,169 - WARNING - ☢️ CRITICAL OUTLIER: [DNN_INPUT] body max (2.8535e-03) is > 15x P99. Clipping might have failed!
2026-03-21 21:39:34,171 - WARNING - ☢️ CRITICAL OUTLIER: [DNN_INPUT] max_spread max (2.5500e+01) is > 15x P99. Clipping might have failed!
2026-03-21 21:39:34,265 - WARNING - ⚠️ HIGH TAIL INTENSITY: [RAW_DATA] bar_usd_volume has 123 points with Z-Score > 12.
2026-03-21 21:39:34,265 - WARNING - ⚠️ HIGH TAIL INTENSITY: [RAW_DATA] bar_btc_volume has 122 points with Z-Score > 12.
2026-03-21 21:39:34,265 - WARNING - ⚠️ HIGH TAIL INTENSITY: [DNN_INPUT] max_spread has 195 points with Z-Score > 12.
2026-03-21 21:39:34,265 - WARNING - ⚠️ HIGH TAIL INTENSITY: [DNN_INPUT] volatility has 212 points with Z-Score > 12.
2026-03-21 21:39:34,265 - WARNING - ⚠️ HIGH TAIL INTENSITY: [DNN_INPUT] micro_price_momentum has 230 points with Z-Score > 12.
2026-03-21 21:39:34,266 - WARNING - ⚠️ HIGH TAIL INTENSITY: [DNN_INPUT] bid_rdi has 227 points with Z-Score > 12.
2026-03-21 21:39:34,266 - WARNING - ⚠️ HIGH TAIL INTENSITY: [DNN_INPUT] ask_rdi has 246 points with Z-Score > 12.
2026-03-21 21:39:34,266 - WARNING - ⚠️ HIGH TAIL INTENSITY: [DNN_INPUT] pressure_ratio has 140 points with Z-Score > 12.
2026-03-21 21:39:34,266 - WARNING - ⚠️ HIGH TAIL INTENSITY: [DNN_INPUT] body has 108 points with Z-Score > 12.
2026-03-21 21:39:34,266 - WARNING - ⚠️ HIGH TAIL INTENSITY: [DNN_INPUT] upper_wick has 120 points with Z-Score > 12.
2026-03-21 21:39:34,266 - WARNING - ⚠️ HIGH TAIL INTENSITY: [DNN_INPUT] lower_wick has 111 points with Z-Score > 12.
2026-03-21 21:39:34,266 - WARNING - ⚠️ HIGH TAIL INTENSITY: [DNN_INPUT] log_ret_close has 104 points with Z-Score > 12.
2026-03-21 21:39:34,266 - WARNING - ⚠️ HIGH TAIL INTENSITY: [DNN_INPUT] bid_rdi_delta_5 has 156 points with Z-Score > 12.
2026-03-21 21:39:34,266 - WARNING - ⚠️ HIGH TAIL INTENSITY: [DNN_INPUT] ask_rdi_delta_5 has 208 points with Z-Score > 12.
2026-03-21 21:39:34,266 - WARNING - ⚠️ HIGH TAIL INTENSITY: [DNN_INPUT] micro_price_delta_5 has 42 points with Z-Score > 12.
2026-03-21 21:39:34,266 - WARNING - ⚠️ HIGH TAIL INTENSITY: [DNN_INPUT] bid_rdi_delta_30 has 100 points with Z-Score > 12.
2026-03-21 21:39:34,267 - WARNING - ⚠️ HIGH TAIL INTENSITY: [DNN_INPUT] ask_rdi_delta_30 has 263 points with Z-Score > 12.
2026-03-21 21:39:34,267 - WARNING - ⚠️ HIGH TAIL INTENSITY: [DNN_INPUT] spread_zscore_60 has 485 points with Z-Score > 12.
2026-03-21 21:39:34,267 - WARNING - ⚠️ HIGH TAIL INTENSITY: [DNN_INPUT] kyle_lambda has 99 points with Z-Score > 12.
2026-03-21 21:39:34,267 - WARNING - ⚠️ HIGH TAIL INTENSITY: [DNN_INPUT] bid_deep_ratio has 168 points with Z-Score > 12.
2026-03-21 21:39:34,267 - WARNING - ⚠️ HIGH TAIL INTENSITY: [DNN_INPUT] ask_deep_ratio has 78 points with Z-Score > 12.
2026-03-21 21:39:34,363 - INFO - ✅ Protocol Island Split: 1/1 islands survived. Total rows: 248688
2026-03-21 21:39:34,363 - INFO - 🏆 Gold Validation complete for 2026-03-05_BTCUSDT_ob200.data. Status: VALID
2026-03-21 21:39:34,495 - INFO - Successfully saved 248688 rows to data/L2/pre_processed/2026-03-05_BTCUSDT_ob200.data.parquet
2026-03-21 21:39:34,495 - INFO - ✅ Saved event-driven dataset: 2026-03-05_BTCUSDT_ob200.data.parquet
2026-03-21 21:39:34,497 - INFO - 📊 [Memory] 2026-03-05_BTCUSDT_ob200.data: 0.0MB -> 20853.6MB
2026-03-21 21:39:37,246 - INFO - 📥 DOWNLOAD FILE: BTCUSDT2026-03-07.csv.gz
2026-03-21 21:39:44,825 - INFO - 📥 DOWNLOAD: 2026-03-07_BTCUSDT_ob200.data.zip
2026-03-21 21:39:52,550 - INFO - 📂 STREAMING: 2026-03-07_BTCUSDT_ob200.data
2026-03-21 21:39:52,888 - INFO - 📂 STREAMING: 2026-03-06_BTCUSDT_ob200.data
2026-03-21 21:40:48,178 - INFO - 🗑️ CLEANUP: Deleting processed zip: 2026-03-07_BTCUSDT_ob200.data.zip
2026-03-21 21:40:51,145 - INFO - 📊 [Peak Load] 2026-03-07_BTCUSDT_ob200.data: Raw data in RAM | SYSTEM RAM: 58.83 GB (7.8%)
2026-03-21 21:40:51,151 - INFO - EventSampler iniciado. Modo: 'both' | Dollar=500000.0 | Tick=5000 | Info=100.0 | Time=300000ms
2026-03-21 21:40:52,699 - INFO - CUSUM (both): 30203 eventos. Trigger IID será aplicado dentro de cada janela CUSUM.
2026-03-21 21:40:53,022 - INFO - Barras geradas: 70224 | Ilhas: 1
2026-03-21 21:40:55,016 - INFO - 💾 Memory Optimization: Dropping 801 raw book columns.
2026-03-21 21:40:55,029 - INFO - 📊 [Drop Success] 2026-03-07_BTCUSDT_ob200.data: Columns discarded | SYSTEM RAM: 58.62 GB (7.8%)
2026-03-21 21:40:55,029 - INFO - --- Validating 2026-03-07_BTCUSDT_ob200.data ---
2026-03-21 21:40:55,035 - INFO - ✅ ARCHITECTURE INTEGRITY: 30/30 features present. Audit Scope: 46 columns (30 Features + 15 Raw/Price).
2026-03-21 21:40:55,038 - INFO - No NaNs found.
2026-03-21 21:40:55,040 - INFO - No Infinite values found.
2026-03-21 21:40:55,041 - INFO - Chronological order verified.
2026-03-21 21:40:55,043 - WARNING - ⚠️ STALE DATA ALERT: Possible feed lock detected in 2026-03-07_BTCUSDT_ob200.data
2026-03-21 21:40:55,048 - WARNING - ☢️ CRITICAL OUTLIER: [DNN_INPUT] pressure_ratio max (2.4535e+03) is > 15x P99. Clipping might have failed!
2026-03-21 21:40:55,049 - WARNING - ☢️ CRITICAL OUTLIER: [DNN_INPUT] lower_wick max (1.6538e-03) is > 15x P99. Clipping might have failed!
2026-03-21 21:40:55,050 - WARNING - ☢️ CRITICAL OUTLIER: [DNN_INPUT] upper_wick max (1.7347e-03) is > 15x P99. Clipping might have failed!
2026-03-21 21:40:55,052 - WARNING - ☢️ CRITICAL OUTLIER: [DNN_INPUT] max_spread max (2.7700e+01) is > 15x P99. Clipping might have failed!
2026-03-21 21:40:55,079 - WARNING - ⚠️ HIGH TAIL INTENSITY: [RAW_DATA] bar_usd_volume has 30 points with Z-Score > 12.
2026-03-21 21:40:55,079 - WARNING - ⚠️ HIGH TAIL INTENSITY: [RAW_DATA] bar_btc_volume has 30 points with Z-Score > 12.
2026-03-21 21:40:55,079 - WARNING - ⚠️ HIGH TAIL INTENSITY: [DNN_INPUT] max_spread has 201 points with Z-Score > 12.
2026-03-21 21:40:55,079 - WARNING - ⚠️ HIGH TAIL INTENSITY: [DNN_INPUT] volatility has 23 points with Z-Score > 12.
2026-03-21 21:40:55,079 - WARNING - ⚠️ HIGH TAIL INTENSITY: [DNN_INPUT] micro_price_momentum has 57 points with Z-Score > 12.
2026-03-21 21:40:55,079 - WARNING - ⚠️ HIGH TAIL INTENSITY: [DNN_INPUT] bid_rdi has 27 points with Z-Score > 12.
2026-03-21 21:40:55,079 - WARNING - ⚠️ HIGH TAIL INTENSITY: [DNN_INPUT] ask_rdi has 48 points with Z-Score > 12.
2026-03-21 21:40:55,080 - WARNING - ⚠️ HIGH TAIL INTENSITY: [DNN_INPUT] pressure_ratio has 63 points with Z-Score > 12.
2026-03-21 21:40:55,080 - WARNING - ⚠️ HIGH TAIL INTENSITY: [DNN_INPUT] body has 19 points with Z-Score > 12.
2026-03-21 21:40:55,080 - WARNING - ⚠️ HIGH TAIL INTENSITY: [DNN_INPUT] upper_wick has 89 points with Z-Score > 12.
2026-03-21 21:40:55,080 - WARNING - ⚠️ HIGH TAIL INTENSITY: [DNN_INPUT] lower_wick has 48 points with Z-Score > 12.
2026-03-21 21:40:55,080 - WARNING - ⚠️ HIGH TAIL INTENSITY: [DNN_INPUT] log_ret_close has 22 points with Z-Score > 12.
2026-03-21 21:40:55,080 - WARNING - ⚠️ HIGH TAIL INTENSITY: [DNN_INPUT] bid_rdi_delta_5 has 40 points with Z-Score > 12.
2026-03-21 21:40:55,080 - WARNING - ⚠️ HIGH TAIL INTENSITY: [DNN_INPUT] ask_rdi_delta_5 has 40 points with Z-Score > 12.
2026-03-21 21:40:55,080 - WARNING - ⚠️ HIGH TAIL INTENSITY: [DNN_INPUT] micro_price_delta_5 has 8 points with Z-Score > 12.
2026-03-21 21:40:55,080 - WARNING - ⚠️ HIGH TAIL INTENSITY: [DNN_INPUT] bid_rdi_delta_30 has 54 points with Z-Score > 12.
2026-03-21 21:40:55,080 - WARNING - ⚠️ HIGH TAIL INTENSITY: [DNN_INPUT] ask_rdi_delta_30 has 30 points with Z-Score > 12.
2026-03-21 21:40:55,080 - WARNING - ⚠️ HIGH TAIL INTENSITY: [DNN_INPUT] spread_zscore_60 has 140 points with Z-Score > 12.
2026-03-21 21:40:55,080 - WARNING - ⚠️ HIGH TAIL INTENSITY: [DNN_INPUT] kyle_lambda has 36 points with Z-Score > 12.
2026-03-21 21:40:55,080 - WARNING - ⚠️ HIGH TAIL INTENSITY: [DNN_INPUT] bid_deep_ratio has 30 points with Z-Score > 12.
2026-03-21 21:40:55,080 - WARNING - ⚠️ HIGH TAIL INTENSITY: [DNN_INPUT] ask_deep_ratio has 14 points with Z-Score > 12.
2026-03-21 21:40:55,103 - INFO - ✅ Protocol Island Split: 1/1 islands survived. Total rows: 70224
2026-03-21 21:40:55,103 - INFO - 🏆 Gold Validation complete for 2026-03-07_BTCUSDT_ob200.data. Status: VALID
2026-03-21 21:40:55,160 - INFO - Successfully saved 70224 rows to data/L2/pre_processed/2026-03-07_BTCUSDT_ob200.data.parquet
2026-03-21 21:40:55,161 - INFO - ✅ Saved event-driven dataset: 2026-03-07_BTCUSDT_ob200.data.parquet
2026-03-21 21:40:55,162 - INFO - 📊 [Memory] 2026-03-07_BTCUSDT_ob200.data: 0.0MB -> 26276.9MB
2026-03-21 21:40:57,277 - INFO - 📥 DOWNLOAD FILE: BTCUSDT2026-03-08.csv.gz
2026-03-21 21:41:06,463 - INFO - 📥 DOWNLOAD: 2026-03-08_BTCUSDT_ob200.data.zip
2026-03-21 21:41:11,311 - INFO - 🗑️ CLEANUP: Deleting processed zip: 2026-03-06_BTCUSDT_ob200.data.zip
2026-03-21 21:41:15,553 - INFO - 📊 [Peak Load] 2026-03-06_BTCUSDT_ob200.data: Raw data in RAM | SYSTEM RAM: 75.68 GB (10.0%)
2026-03-21 21:41:15,567 - INFO - EventSampler iniciado. Modo: 'both' | Dollar=500000.0 | Tick=5000 | Info=100.0 | Time=300000ms
2026-03-21 21:41:17,157 - INFO - 📂 STREAMING: 2026-03-08_BTCUSDT_ob200.data
2026-03-21 21:41:20,111 - INFO - CUSUM (both): 70345 eventos. Trigger IID será aplicado dentro de cada janela CUSUM.
2026-03-21 21:41:21,088 - INFO - Barras geradas: 224201 | Ilhas: 1
2026-03-21 21:41:28,790 - INFO - 💾 Memory Optimization: Dropping 801 raw book columns.
2026-03-21 21:41:28,808 - INFO - 📊 [Drop Success] 2026-03-06_BTCUSDT_ob200.data: Columns discarded | SYSTEM RAM: 59.64 GB (7.9%)
2026-03-21 21:41:28,808 - INFO - --- Validating 2026-03-06_BTCUSDT_ob200.data ---
2026-03-21 21:41:28,822 - INFO - ✅ ARCHITECTURE INTEGRITY: 30/30 features present. Audit Scope: 46 columns (30 Features + 15 Raw/Price).
2026-03-21 21:41:28,829 - INFO - No NaNs found.
2026-03-21 21:41:28,836 - INFO - No Infinite values found.
2026-03-21 21:41:28,837 - INFO - Chronological order verified.
2026-03-21 21:41:28,843 - WARNING - ⚠️ STALE DATA ALERT: Possible feed lock detected in 2026-03-06_BTCUSDT_ob200.data
2026-03-21 21:41:28,849 - WARNING - ☢️ CRITICAL OUTLIER: [DNN_INPUT] kyle_lambda max (3.3289e+01) is > 15x P99. Clipping might have failed!
2026-03-21 21:41:28,854 - WARNING - ☢️ CRITICAL OUTLIER: [DNN_INPUT] pressure_ratio max (2.3268e+03) is > 15x P99. Clipping might have failed!
2026-03-21 21:41:28,856 - WARNING - ☢️ CRITICAL OUTLIER: [DNN_INPUT] lower_wick max (2.1330e-03) is > 15x P99. Clipping might have failed!
2026-03-21 21:41:28,858 - WARNING - ☢️ CRITICAL OUTLIER: [DNN_INPUT] upper_wick max (3.3073e-03) is > 15x P99. Clipping might have failed!
2026-03-21 21:41:28,861 - WARNING - ☢️ CRITICAL OUTLIER: [DNN_INPUT] body max (3.3450e-03) is > 15x P99. Clipping might have failed!
2026-03-21 21:41:28,862 - WARNING - ☢️ CRITICAL OUTLIER: [DNN_INPUT] max_spread max (2.9100e+01) is > 15x P99. Clipping might have failed!
2026-03-21 21:41:28,950 - WARNING - ⚠️ HIGH TAIL INTENSITY: [RAW_DATA] bar_usd_volume has 126 points with Z-Score > 12.
2026-03-21 21:41:28,950 - WARNING - ⚠️ HIGH TAIL INTENSITY: [RAW_DATA] bar_btc_volume has 127 points with Z-Score > 12.
2026-03-21 21:41:28,950 - WARNING - ⚠️ HIGH TAIL INTENSITY: [DNN_INPUT] max_spread has 989 points with Z-Score > 12.
2026-03-21 21:41:28,950 - WARNING - ⚠️ HIGH TAIL INTENSITY: [DNN_INPUT] volatility has 196 points with Z-Score > 12.
2026-03-21 21:41:28,950 - WARNING - ⚠️ HIGH TAIL INTENSITY: [DNN_INPUT] micro_price_momentum has 116 points with Z-Score > 12.
2026-03-21 21:41:28,951 - WARNING - ⚠️ HIGH TAIL INTENSITY: [DNN_INPUT] bid_rdi has 149 points with Z-Score > 12.
2026-03-21 21:41:28,951 - WARNING - ⚠️ HIGH TAIL INTENSITY: [DNN_INPUT] ask_rdi has 158 points with Z-Score > 12.
2026-03-21 21:41:28,951 - WARNING - ⚠️ HIGH TAIL INTENSITY: [DNN_INPUT] pressure_ratio has 146 points with Z-Score > 12.
2026-03-21 21:41:28,951 - WARNING - ⚠️ HIGH TAIL INTENSITY: [DNN_INPUT] body has 95 points with Z-Score > 12.
2026-03-21 21:41:28,951 - WARNING - ⚠️ HIGH TAIL INTENSITY: [DNN_INPUT] upper_wick has 199 points with Z-Score > 12.
2026-03-21 21:41:28,951 - WARNING - ⚠️ HIGH TAIL INTENSITY: [DNN_INPUT] lower_wick has 120 points with Z-Score > 12.
2026-03-21 21:41:28,951 - WARNING - ⚠️ HIGH TAIL INTENSITY: [DNN_INPUT] log_ret_close has 96 points with Z-Score > 12.
2026-03-21 21:41:28,951 - WARNING - ⚠️ HIGH TAIL INTENSITY: [DNN_INPUT] bid_rdi_delta_5 has 123 points with Z-Score > 12.
2026-03-21 21:41:28,951 - WARNING - ⚠️ HIGH TAIL INTENSITY: [DNN_INPUT] ask_rdi_delta_5 has 189 points with Z-Score > 12.
2026-03-21 21:41:28,951 - WARNING - ⚠️ HIGH TAIL INTENSITY: [DNN_INPUT] micro_price_delta_5 has 54 points with Z-Score > 12.
2026-03-21 21:41:28,951 - WARNING - ⚠️ HIGH TAIL INTENSITY: [DNN_INPUT] bid_rdi_delta_30 has 212 points with Z-Score > 12.
2026-03-21 21:41:28,952 - WARNING - ⚠️ HIGH TAIL INTENSITY: [DNN_INPUT] ask_rdi_delta_30 has 196 points with Z-Score > 12.
2026-03-21 21:41:28,952 - WARNING - ⚠️ HIGH TAIL INTENSITY: [DNN_INPUT] spread_zscore_60 has 480 points with Z-Score > 12.
2026-03-21 21:41:28,952 - WARNING - ⚠️ HIGH TAIL INTENSITY: [DNN_INPUT] kyle_lambda has 128 points with Z-Score > 12.
2026-03-21 21:41:28,952 - WARNING - ⚠️ HIGH TAIL INTENSITY: [DNN_INPUT] bid_deep_ratio has 126 points with Z-Score > 12.
2026-03-21 21:41:28,952 - WARNING - ⚠️ HIGH TAIL INTENSITY: [DNN_INPUT] ask_deep_ratio has 63 points with Z-Score > 12.
2026-03-21 21:41:29,038 - INFO - ✅ Protocol Island Split: 1/1 islands survived. Total rows: 224201
2026-03-21 21:41:29,039 - INFO - 🏆 Gold Validation complete for 2026-03-06_BTCUSDT_ob200.data. Status: VALID
2026-03-21 21:41:29,156 - INFO - Successfully saved 224201 rows to data/L2/pre_processed/2026-03-06_BTCUSDT_ob200.data.parquet
2026-03-21 21:41:29,157 - INFO - ✅ Saved event-driven dataset: 2026-03-06_BTCUSDT_ob200.data.parquet
2026-03-21 21:41:29,159 - INFO - 📊 [Memory] 2026-03-06_BTCUSDT_ob200.data: 0.0MB -> 21414.9MB
2026-03-21 21:41:32,712 - INFO - 📥 DOWNLOAD FILE: BTCUSDT2026-03-09.csv.gz
2026-03-21 21:41:39,468 - INFO - 📥 DOWNLOAD: 2026-03-09_BTCUSDT_ob200.data.zip
2026-03-21 21:41:48,077 - INFO - 📂 STREAMING: 2026-03-09_BTCUSDT_ob200.data
2026-03-21 21:42:24,426 - INFO - 🗑️ CLEANUP: Deleting processed zip: 2026-03-08_BTCUSDT_ob200.data.zip
2026-03-21 21:42:28,482 - INFO - 📊 [Peak Load] 2026-03-08_BTCUSDT_ob200.data: Raw data in RAM | SYSTEM RAM: 68.98 GB (9.1%)
2026-03-21 21:42:28,492 - INFO - EventSampler iniciado. Modo: 'both' | Dollar=500000.0 | Tick=5000 | Info=100.0 | Time=300000ms
2026-03-21 21:42:31,248 - INFO - CUSUM (both): 46344 eventos. Trigger IID será aplicado dentro de cada janela CUSUM.
2026-03-21 21:42:31,853 - INFO - Barras geradas: 126390 | Ilhas: 1
2026-03-21 21:42:36,385 - INFO - 💾 Memory Optimization: Dropping 801 raw book columns.
2026-03-21 21:42:36,391 - INFO - 📊 [Drop Success] 2026-03-08_BTCUSDT_ob200.data: Columns discarded | SYSTEM RAM: 59.10 GB (7.8%)
2026-03-21 21:42:36,391 - INFO - --- Validating 2026-03-08_BTCUSDT_ob200.data ---
2026-03-21 21:42:36,405 - INFO - ✅ ARCHITECTURE INTEGRITY: 30/30 features present. Audit Scope: 46 columns (30 Features + 15 Raw/Price).
2026-03-21 21:42:36,409 - INFO - No NaNs found.
2026-03-21 21:42:36,413 - INFO - No Infinite values found.
2026-03-21 21:42:36,413 - INFO - Chronological order verified.
2026-03-21 21:42:36,418 - WARNING - ⚠️ STALE DATA ALERT: Possible feed lock detected in 2026-03-08_BTCUSDT_ob200.data
2026-03-21 21:42:36,424 - WARNING - ☢️ CRITICAL OUTLIER: [DNN_INPUT] pressure_ratio max (1.8069e+03) is > 15x P99. Clipping might have failed!
2026-03-21 21:42:36,425 - WARNING - ☢️ CRITICAL OUTLIER: [DNN_INPUT] lower_wick max (9.7974e-04) is > 15x P99. Clipping might have failed!
2026-03-21 21:42:36,426 - WARNING - ☢️ CRITICAL OUTLIER: [DNN_INPUT] upper_wick max (1.5998e-03) is > 15x P99. Clipping might have failed!
2026-03-21 21:42:36,472 - WARNING - ⚠️ HIGH TAIL INTENSITY: [RAW_DATA] bar_usd_volume has 56 points with Z-Score > 12.
2026-03-21 21:42:36,472 - WARNING - ⚠️ HIGH TAIL INTENSITY: [RAW_DATA] bar_btc_volume has 56 points with Z-Score > 12.
2026-03-21 21:42:36,472 - WARNING - ⚠️ HIGH TAIL INTENSITY: [DNN_INPUT] max_spread has 675 points with Z-Score > 12.
2026-03-21 21:42:36,473 - WARNING - ⚠️ HIGH TAIL INTENSITY: [DNN_INPUT] volatility has 71 points with Z-Score > 12.
2026-03-21 21:42:36,473 - WARNING - ⚠️ HIGH TAIL INTENSITY: [DNN_INPUT] micro_price_momentum has 102 points with Z-Score > 12.
2026-03-21 21:42:36,473 - WARNING - ⚠️ HIGH TAIL INTENSITY: [DNN_INPUT] bid_rdi has 77 points with Z-Score > 12.
2026-03-21 21:42:36,473 - WARNING - ⚠️ HIGH TAIL INTENSITY: [DNN_INPUT] ask_rdi has 76 points with Z-Score > 12.
2026-03-21 21:42:36,473 - WARNING - ⚠️ HIGH TAIL INTENSITY: [DNN_INPUT] pressure_ratio has 86 points with Z-Score > 12.
2026-03-21 21:42:36,473 - WARNING - ⚠️ HIGH TAIL INTENSITY: [DNN_INPUT] body has 57 points with Z-Score > 12.
2026-03-21 21:42:36,473 - WARNING - ⚠️ HIGH TAIL INTENSITY: [DNN_INPUT] upper_wick has 154 points with Z-Score > 12.
2026-03-21 21:42:36,473 - WARNING - ⚠️ HIGH TAIL INTENSITY: [DNN_INPUT] lower_wick has 123 points with Z-Score > 12.
2026-03-21 21:42:36,473 - WARNING - ⚠️ HIGH TAIL INTENSITY: [DNN_INPUT] log_ret_close has 67 points with Z-Score > 12.
2026-03-21 21:42:36,474 - WARNING - ⚠️ HIGH TAIL INTENSITY: [DNN_INPUT] bid_rdi_delta_5 has 78 points with Z-Score > 12.
2026-03-21 21:42:36,474 - WARNING - ⚠️ HIGH TAIL INTENSITY: [DNN_INPUT] ask_rdi_delta_5 has 80 points with Z-Score > 12.
2026-03-21 21:42:36,474 - WARNING - ⚠️ HIGH TAIL INTENSITY: [DNN_INPUT] micro_price_delta_5 has 1 points with Z-Score > 12.
2026-03-21 21:42:36,474 - WARNING - ⚠️ HIGH TAIL INTENSITY: [DNN_INPUT] bid_rdi_delta_30 has 108 points with Z-Score > 12.
2026-03-21 21:42:36,474 - WARNING - ⚠️ HIGH TAIL INTENSITY: [DNN_INPUT] ask_rdi_delta_30 has 136 points with Z-Score > 12.
2026-03-21 21:42:36,474 - WARNING - ⚠️ HIGH TAIL INTENSITY: [DNN_INPUT] spread_zscore_60 has 262 points with Z-Score > 12.
2026-03-21 21:42:36,474 - WARNING - ⚠️ HIGH TAIL INTENSITY: [DNN_INPUT] kyle_lambda has 56 points with Z-Score > 12.
2026-03-21 21:42:36,474 - WARNING - ⚠️ HIGH TAIL INTENSITY: [DNN_INPUT] bid_deep_ratio has 17 points with Z-Score > 12.
2026-03-21 21:42:36,474 - WARNING - ⚠️ HIGH TAIL INTENSITY: [DNN_INPUT] ask_deep_ratio has 23 points with Z-Score > 12.
2026-03-21 21:42:36,518 - INFO - ✅ Protocol Island Split: 1/1 islands survived. Total rows: 126390
2026-03-21 21:42:36,518 - INFO - 🏆 Gold Validation complete for 2026-03-08_BTCUSDT_ob200.data. Status: VALID
2026-03-21 21:42:36,616 - INFO - Successfully saved 126390 rows to data/L2/pre_processed/2026-03-08_BTCUSDT_ob200.data.parquet
2026-03-21 21:42:36,616 - INFO - ✅ Saved event-driven dataset: 2026-03-08_BTCUSDT_ob200.data.parquet
2026-03-21 21:42:36,618 - INFO - 📊 [Memory] 2026-03-08_BTCUSDT_ob200.data: 0.0MB -> 26414.0MB
2026-03-21 21:42:38,973 - INFO - 📥 DOWNLOAD FILE: BTCUSDT2026-03-10.csv.gz
2026-03-21 21:42:46,734 - INFO - 📥 DOWNLOAD: 2026-03-10_BTCUSDT_ob200.data.zip
2026-03-21 21:42:55,677 - INFO - 📂 STREAMING: 2026-03-10_BTCUSDT_ob200.data
2026-03-21 21:43:14,718 - INFO - 🗑️ CLEANUP: Deleting processed zip: 2026-03-09_BTCUSDT_ob200.data.zip
2026-03-21 21:43:19,052 - INFO - 📊 [Peak Load] 2026-03-09_BTCUSDT_ob200.data: Raw data in RAM | SYSTEM RAM: 76.45 GB (10.1%)
2026-03-21 21:43:19,073 - INFO - EventSampler iniciado. Modo: 'both' | Dollar=500000.0 | Tick=5000 | Info=100.0 | Time=300000ms
2026-03-21 21:43:23,861 - INFO - CUSUM (both): 77234 eventos. Trigger IID será aplicado dentro de cada janela CUSUM.
2026-03-21 21:43:24,838 - INFO - Barras geradas: 241876 | Ilhas: 1
2026-03-21 21:43:32,901 - INFO - 💾 Memory Optimization: Dropping 801 raw book columns.
2026-03-21 21:43:32,928 - INFO - 📊 [Drop Success] 2026-03-09_BTCUSDT_ob200.data: Columns discarded | SYSTEM RAM: 59.36 GB (7.9%)
2026-03-21 21:43:32,929 - INFO - --- Validating 2026-03-09_BTCUSDT_ob200.data ---
2026-03-21 21:43:32,943 - INFO - ✅ ARCHITECTURE INTEGRITY: 30/30 features present. Audit Scope: 46 columns (30 Features + 15 Raw/Price).
2026-03-21 21:43:32,951 - INFO - No NaNs found.
2026-03-21 21:43:32,958 - INFO - No Infinite values found.
2026-03-21 21:43:32,959 - INFO - Chronological order verified.
2026-03-21 21:43:32,965 - WARNING - ⚠️ STALE DATA ALERT: Possible feed lock detected in 2026-03-09_BTCUSDT_ob200.data
2026-03-21 21:43:32,977 - WARNING - ☢️ CRITICAL OUTLIER: [DNN_INPUT] pressure_ratio max (2.4435e+03) is > 15x P99. Clipping might have failed!
2026-03-21 21:43:32,979 - WARNING - ☢️ CRITICAL OUTLIER: [DNN_INPUT] lower_wick max (1.0389e-03) is > 15x P99. Clipping might have failed!
2026-03-21 21:43:32,980 - WARNING - ☢️ CRITICAL OUTLIER: [DNN_INPUT] upper_wick max (8.6571e-04) is > 15x P99. Clipping might have failed!
2026-03-21 21:43:32,985 - WARNING - ☢️ CRITICAL OUTLIER: [DNN_INPUT] max_spread max (2.2800e+01) is > 15x P99. Clipping might have failed!
2026-03-21 21:43:33,074 - WARNING - ⚠️ HIGH TAIL INTENSITY: [RAW_DATA] bar_usd_volume has 88 points with Z-Score > 12.
2026-03-21 21:43:33,074 - WARNING - ⚠️ HIGH TAIL INTENSITY: [RAW_DATA] bar_btc_volume has 88 points with Z-Score > 12.
2026-03-21 21:43:33,075 - WARNING - ⚠️ HIGH TAIL INTENSITY: [DNN_INPUT] max_spread has 256 points with Z-Score > 12.
2026-03-21 21:43:33,075 - WARNING - ⚠️ HIGH TAIL INTENSITY: [DNN_INPUT] volatility has 189 points with Z-Score > 12.
2026-03-21 21:43:33,075 - WARNING - ⚠️ HIGH TAIL INTENSITY: [DNN_INPUT] micro_price_momentum has 203 points with Z-Score > 12.
2026-03-21 21:43:33,075 - WARNING - ⚠️ HIGH TAIL INTENSITY: [DNN_INPUT] bid_rdi has 323 points with Z-Score > 12.
2026-03-21 21:43:33,075 - WARNING - ⚠️ HIGH TAIL INTENSITY: [DNN_INPUT] ask_rdi has 167 points with Z-Score > 12.
2026-03-21 21:43:33,075 - WARNING - ⚠️ HIGH TAIL INTENSITY: [DNN_INPUT] pressure_ratio has 226 points with Z-Score > 12.
2026-03-21 21:43:33,075 - WARNING - ⚠️ HIGH TAIL INTENSITY: [DNN_INPUT] body has 29 points with Z-Score > 12.
2026-03-21 21:43:33,076 - WARNING - ⚠️ HIGH TAIL INTENSITY: [DNN_INPUT] upper_wick has 263 points with Z-Score > 12.
2026-03-21 21:43:33,076 - WARNING - ⚠️ HIGH TAIL INTENSITY: [DNN_INPUT] lower_wick has 226 points with Z-Score > 12.
2026-03-21 21:43:33,076 - WARNING - ⚠️ HIGH TAIL INTENSITY: [DNN_INPUT] log_ret_close has 22 points with Z-Score > 12.
2026-03-21 21:43:33,076 - WARNING - ⚠️ HIGH TAIL INTENSITY: [DNN_INPUT] bid_rdi_delta_5 has 238 points with Z-Score > 12.
2026-03-21 21:43:33,076 - WARNING - ⚠️ HIGH TAIL INTENSITY: [DNN_INPUT] ask_rdi_delta_5 has 188 points with Z-Score > 12.
2026-03-21 21:43:33,076 - WARNING - ⚠️ HIGH TAIL INTENSITY: [DNN_INPUT] bid_rdi_delta_30 has 490 points with Z-Score > 12.
2026-03-21 21:43:33,076 - WARNING - ⚠️ HIGH TAIL INTENSITY: [DNN_INPUT] ask_rdi_delta_30 has 222 points with Z-Score > 12.
2026-03-21 21:43:33,076 - WARNING - ⚠️ HIGH TAIL INTENSITY: [DNN_INPUT] spread_zscore_60 has 515 points with Z-Score > 12.
2026-03-21 21:43:33,076 - WARNING - ⚠️ HIGH TAIL INTENSITY: [DNN_INPUT] kyle_lambda has 62 points with Z-Score > 12.
2026-03-21 21:43:33,076 - WARNING - ⚠️ HIGH TAIL INTENSITY: [DNN_INPUT] bid_deep_ratio has 10 points with Z-Score > 12.
2026-03-21 21:43:33,076 - WARNING - ⚠️ HIGH TAIL INTENSITY: [DNN_INPUT] ask_deep_ratio has 35 points with Z-Score > 12.
2026-03-21 21:43:33,166 - INFO - ✅ Protocol Island Split: 1/1 islands survived. Total rows: 241876
2026-03-21 21:43:33,167 - INFO - 🏆 Gold Validation complete for 2026-03-09_BTCUSDT_ob200.data. Status: VALID
2026-03-21 21:43:33,291 - INFO - Successfully saved 241876 rows to data/L2/pre_processed/2026-03-09_BTCUSDT_ob200.data.parquet
2026-03-21 21:43:33,291 - INFO - ✅ Saved event-driven dataset: 2026-03-09_BTCUSDT_ob200.data.parquet
2026-03-21 21:43:33,293 - INFO - 📊 [Memory] 2026-03-09_BTCUSDT_ob200.data: 0.0MB -> 21521.6MB
2026-03-21 21:43:36,213 - INFO - 📥 DOWNLOAD FILE: BTCUSDT2026-03-11.csv.gz
2026-03-21 21:43:48,094 - INFO - 📥 DOWNLOAD: 2026-03-11_BTCUSDT_ob200.data.zip
2026-03-21 21:43:57,739 - INFO - 📂 STREAMING: 2026-03-11_BTCUSDT_ob200.data
2026-03-21 21:44:18,312 - INFO - 🗑️ CLEANUP: Deleting processed zip: 2026-03-10_BTCUSDT_ob200.data.zip
2026-03-21 21:44:22,981 - INFO - 📊 [Peak Load] 2026-03-10_BTCUSDT_ob200.data: Raw data in RAM | SYSTEM RAM: 79.19 GB (10.5%)
2026-03-21 21:44:22,996 - INFO - EventSampler iniciado. Modo: 'both' | Dollar=500000.0 | Tick=5000 | Info=100.0 | Time=300000ms
2026-03-21 21:44:28,610 - INFO - CUSUM (both): 74099 eventos. Trigger IID será aplicado dentro de cada janela CUSUM.
2026-03-21 21:44:29,801 - INFO - Barras geradas: 289938 | Ilhas: 1
2026-03-21 21:44:39,924 - INFO - 💾 Memory Optimization: Dropping 801 raw book columns.
2026-03-21 21:44:39,958 - INFO - 📊 [Drop Success] 2026-03-10_BTCUSDT_ob200.data: Columns discarded | SYSTEM RAM: 58.93 GB (7.8%)
2026-03-21 21:44:39,958 - INFO - --- Validating 2026-03-10_BTCUSDT_ob200.data ---
2026-03-21 21:44:39,976 - INFO - ✅ ARCHITECTURE INTEGRITY: 30/30 features present. Audit Scope: 46 columns (30 Features + 15 Raw/Price).
2026-03-21 21:44:39,984 - INFO - No NaNs found.
2026-03-21 21:44:39,993 - INFO - No Infinite values found.
2026-03-21 21:44:39,994 - INFO - Chronological order verified.
2026-03-21 21:44:40,001 - WARNING - ⚠️ STALE DATA ALERT: Possible feed lock detected in 2026-03-10_BTCUSDT_ob200.data
2026-03-21 21:44:40,012 - WARNING - ☢️ CRITICAL OUTLIER: [DNN_INPUT] pressure_ratio max (4.2538e+03) is > 15x P99. Clipping might have failed!
2026-03-21 21:44:40,014 - WARNING - ☢️ CRITICAL OUTLIER: [DNN_INPUT] lower_wick max (1.2640e-03) is > 15x P99. Clipping might have failed!
2026-03-21 21:44:40,016 - WARNING - ☢️ CRITICAL OUTLIER: [DNN_INPUT] upper_wick max (1.1047e-03) is > 15x P99. Clipping might have failed!
2026-03-21 21:44:40,020 - WARNING - ☢️ CRITICAL OUTLIER: [DNN_INPUT] max_spread max (3.5500e+01) is > 15x P99. Clipping might have failed!
2026-03-21 21:44:40,126 - WARNING - ⚠️ HIGH TAIL INTENSITY: [RAW_DATA] bar_usd_volume has 131 points with Z-Score > 12.
2026-03-21 21:44:40,127 - WARNING - ⚠️ HIGH TAIL INTENSITY: [RAW_DATA] bar_btc_volume has 132 points with Z-Score > 12.
2026-03-21 21:44:40,127 - WARNING - ⚠️ HIGH TAIL INTENSITY: [DNN_INPUT] max_spread has 172 points with Z-Score > 12.
2026-03-21 21:44:40,127 - WARNING - ⚠️ HIGH TAIL INTENSITY: [DNN_INPUT] volatility has 397 points with Z-Score > 12.
2026-03-21 21:44:40,127 - WARNING - ⚠️ HIGH TAIL INTENSITY: [DNN_INPUT] micro_price_momentum has 251 points with Z-Score > 12.
2026-03-21 21:44:40,127 - WARNING - ⚠️ HIGH TAIL INTENSITY: [DNN_INPUT] bid_rdi has 381 points with Z-Score > 12.
2026-03-21 21:44:40,127 - WARNING - ⚠️ HIGH TAIL INTENSITY: [DNN_INPUT] ask_rdi has 172 points with Z-Score > 12.
2026-03-21 21:44:40,127 - WARNING - ⚠️ HIGH TAIL INTENSITY: [DNN_INPUT] pressure_ratio has 274 points with Z-Score > 12.
2026-03-21 21:44:40,128 - WARNING - ⚠️ HIGH TAIL INTENSITY: [DNN_INPUT] body has 147 points with Z-Score > 12.
2026-03-21 21:44:40,128 - WARNING - ⚠️ HIGH TAIL INTENSITY: [DNN_INPUT] upper_wick has 240 points with Z-Score > 12.
2026-03-21 21:44:40,128 - WARNING - ⚠️ HIGH TAIL INTENSITY: [DNN_INPUT] lower_wick has 293 points with Z-Score > 12.
2026-03-21 21:44:40,128 - WARNING - ⚠️ HIGH TAIL INTENSITY: [DNN_INPUT] log_ret_close has 160 points with Z-Score > 12.
2026-03-21 21:44:40,128 - WARNING - ⚠️ HIGH TAIL INTENSITY: [DNN_INPUT] bid_rdi_delta_5 has 282 points with Z-Score > 12.
2026-03-21 21:44:40,128 - WARNING - ⚠️ HIGH TAIL INTENSITY: [DNN_INPUT] ask_rdi_delta_5 has 137 points with Z-Score > 12.
2026-03-21 21:44:40,128 - WARNING - ⚠️ HIGH TAIL INTENSITY: [DNN_INPUT] bid_rdi_delta_30 has 432 points with Z-Score > 12.
2026-03-21 21:44:40,128 - WARNING - ⚠️ HIGH TAIL INTENSITY: [DNN_INPUT] ask_rdi_delta_30 has 234 points with Z-Score > 12.
2026-03-21 21:44:40,128 - WARNING - ⚠️ HIGH TAIL INTENSITY: [DNN_INPUT] spread_zscore_60 has 539 points with Z-Score > 12.
2026-03-21 21:44:40,128 - WARNING - ⚠️ HIGH TAIL INTENSITY: [DNN_INPUT] kyle_lambda has 93 points with Z-Score > 12.
2026-03-21 21:44:40,128 - WARNING - ⚠️ HIGH TAIL INTENSITY: [DNN_INPUT] bid_deep_ratio has 12 points with Z-Score > 12.
2026-03-21 21:44:40,129 - WARNING - ⚠️ HIGH TAIL INTENSITY: [DNN_INPUT] ask_deep_ratio has 75 points with Z-Score > 12.
2026-03-21 21:44:40,238 - INFO - ✅ Protocol Island Split: 1/1 islands survived. Total rows: 289938
2026-03-21 21:44:40,239 - INFO - 🏆 Gold Validation complete for 2026-03-10_BTCUSDT_ob200.data. Status: VALID
2026-03-21 21:44:40,397 - INFO - Successfully saved 289938 rows to data/L2/pre_processed/2026-03-10_BTCUSDT_ob200.data.parquet
2026-03-21 21:44:40,398 - INFO - ✅ Saved event-driven dataset: 2026-03-10_BTCUSDT_ob200.data.parquet
2026-03-21 21:44:40,399 - INFO - 📊 [Memory] 2026-03-10_BTCUSDT_ob200.data: 0.0MB -> 26669.8MB
2026-03-21 21:44:43,112 - INFO - 📥 DOWNLOAD FILE: BTCUSDT2026-03-12.csv.gz
2026-03-21 21:44:55,291 - INFO - 📥 DOWNLOAD: 2026-03-12_BTCUSDT_ob200.data.zip
2026-03-21 21:45:06,360 - INFO - 📂 STREAMING: 2026-03-12_BTCUSDT_ob200.data
2026-03-21 21:45:13,422 - INFO - 🗑️ CLEANUP: Deleting processed zip: 2026-03-11_BTCUSDT_ob200.data.zip
2026-03-21 21:45:43,148 - INFO - 📊 [Peak Load] 2026-03-11_BTCUSDT_ob200.data: Raw data in RAM | SYSTEM RAM: 74.35 GB (9.8%)
2026-03-21 21:45:43,162 - INFO - EventSampler iniciado. Modo: 'both' | Dollar=500000.0 | Tick=5000 | Info=100.0 | Time=300000ms
2026-03-21 21:45:47,138 - INFO - CUSUM (both): 61798 eventos. Trigger IID será aplicado dentro de cada janela CUSUM.
2026-03-21 21:45:47,929 - INFO - Barras geradas: 217666 | Ilhas: 1
2026-03-21 21:45:55,041 - INFO - 💾 Memory Optimization: Dropping 801 raw book columns.
2026-03-21 21:45:55,057 - INFO - 📊 [Drop Success] 2026-03-11_BTCUSDT_ob200.data: Columns discarded | SYSTEM RAM: 59.18 GB (7.8%)
2026-03-21 21:45:55,057 - INFO - --- Validating 2026-03-11_BTCUSDT_ob200.data ---
2026-03-21 21:45:55,069 - INFO - ✅ ARCHITECTURE INTEGRITY: 30/30 features present. Audit Scope: 46 columns (30 Features + 15 Raw/Price).
2026-03-21 21:45:55,076 - INFO - No NaNs found.
2026-03-21 21:45:55,082 - INFO - No Infinite values found.
2026-03-21 21:45:55,083 - INFO - Chronological order verified.
2026-03-21 21:45:55,089 - WARNING - ⚠️ STALE DATA ALERT: Possible feed lock detected in 2026-03-11_BTCUSDT_ob200.data
2026-03-21 21:45:55,098 - WARNING - ☢️ CRITICAL OUTLIER: [DNN_INPUT] pressure_ratio max (4.5991e+03) is > 15x P99. Clipping might have failed!
2026-03-21 21:45:55,100 - WARNING - ☢️ CRITICAL OUTLIER: [DNN_INPUT] lower_wick max (9.2967e-04) is > 15x P99. Clipping might have failed!
2026-03-21 21:45:55,102 - WARNING - ☢️ CRITICAL OUTLIER: [DNN_INPUT] upper_wick max (9.6700e-04) is > 15x P99. Clipping might have failed!
2026-03-21 21:45:55,106 - WARNING - ☢️ CRITICAL OUTLIER: [DNN_INPUT] max_spread max (2.0700e+01) is > 15x P99. Clipping might have failed!
2026-03-21 21:45:55,188 - WARNING - ⚠️ HIGH TAIL INTENSITY: [RAW_DATA] bar_usd_volume has 108 points with Z-Score > 12.
2026-03-21 21:45:55,189 - WARNING - ⚠️ HIGH TAIL INTENSITY: [RAW_DATA] bar_btc_volume has 106 points with Z-Score > 12.
2026-03-21 21:45:55,189 - WARNING - ⚠️ HIGH TAIL INTENSITY: [DNN_INPUT] max_spread has 304 points with Z-Score > 12.
2026-03-21 21:45:55,189 - WARNING - ⚠️ HIGH TAIL INTENSITY: [DNN_INPUT] volatility has 221 points with Z-Score > 12.
2026-03-21 21:45:55,189 - WARNING - ⚠️ HIGH TAIL INTENSITY: [DNN_INPUT] micro_price_momentum has 237 points with Z-Score > 12.
2026-03-21 21:45:55,189 - WARNING - ⚠️ HIGH TAIL INTENSITY: [DNN_INPUT] bid_rdi has 118 points with Z-Score > 12.
2026-03-21 21:45:55,189 - WARNING - ⚠️ HIGH TAIL INTENSITY: [DNN_INPUT] ask_rdi has 92 points with Z-Score > 12.
2026-03-21 21:45:55,189 - WARNING - ⚠️ HIGH TAIL INTENSITY: [DNN_INPUT] pressure_ratio has 218 points with Z-Score > 12.
2026-03-21 21:45:55,189 - WARNING - ⚠️ HIGH TAIL INTENSITY: [DNN_INPUT] body has 59 points with Z-Score > 12.
2026-03-21 21:45:55,189 - WARNING - ⚠️ HIGH TAIL INTENSITY: [DNN_INPUT] upper_wick has 213 points with Z-Score > 12.
2026-03-21 21:45:55,190 - WARNING - ⚠️ HIGH TAIL INTENSITY: [DNN_INPUT] lower_wick has 209 points with Z-Score > 12.
2026-03-21 21:45:55,190 - WARNING - ⚠️ HIGH TAIL INTENSITY: [DNN_INPUT] log_ret_close has 65 points with Z-Score > 12.
2026-03-21 21:45:55,190 - WARNING - ⚠️ HIGH TAIL INTENSITY: [DNN_INPUT] bid_rdi_delta_5 has 100 points with Z-Score > 12.
2026-03-21 21:45:55,190 - WARNING - ⚠️ HIGH TAIL INTENSITY: [DNN_INPUT] ask_rdi_delta_5 has 107 points with Z-Score > 12.
2026-03-21 21:45:55,190 - WARNING - ⚠️ HIGH TAIL INTENSITY: [DNN_INPUT] bid_rdi_delta_30 has 160 points with Z-Score > 12.
2026-03-21 21:45:55,190 - WARNING - ⚠️ HIGH TAIL INTENSITY: [DNN_INPUT] ask_rdi_delta_30 has 168 points with Z-Score > 12.
2026-03-21 21:45:55,190 - WARNING - ⚠️ HIGH TAIL INTENSITY: [DNN_INPUT] spread_zscore_60 has 411 points with Z-Score > 12.
2026-03-21 21:45:55,190 - WARNING - ⚠️ HIGH TAIL INTENSITY: [DNN_INPUT] kyle_lambda has 60 points with Z-Score > 12.
2026-03-21 21:45:55,190 - WARNING - ⚠️ HIGH TAIL INTENSITY: [DNN_INPUT] bid_deep_ratio has 87 points with Z-Score > 12.
2026-03-21 21:45:55,190 - WARNING - ⚠️ HIGH TAIL INTENSITY: [DNN_INPUT] ask_deep_ratio has 254 points with Z-Score > 12.
2026-03-21 21:45:55,273 - INFO - ✅ Protocol Island Split: 1/1 islands survived. Total rows: 217666
2026-03-21 21:45:55,273 - INFO - 🏆 Gold Validation complete for 2026-03-11_BTCUSDT_ob200.data. Status: VALID
2026-03-21 21:45:55,550 - INFO - Successfully saved 217666 rows to data/L2/pre_processed/2026-03-11_BTCUSDT_ob200.data.parquet
2026-03-21 21:45:55,550 - INFO - ✅ Saved event-driven dataset: 2026-03-11_BTCUSDT_ob200.data.parquet
2026-03-21 21:45:55,552 - INFO - 📊 [Memory] 2026-03-11_BTCUSDT_ob200.data: 0.0MB -> 21408.7MB
2026-03-21 21:45:58,187 - INFO - 📥 DOWNLOAD FILE: BTCUSDT2026-03-13.csv.gz
2026-03-21 21:46:05,362 - INFO - 📥 DOWNLOAD: 2026-03-13_BTCUSDT_ob200.data.zip
2026-03-21 21:46:14,616 - INFO - 📂 STREAMING: 2026-03-13_BTCUSDT_ob200.data
2026-03-21 21:46:21,678 - INFO - 🗑️ CLEANUP: Deleting processed zip: 2026-03-12_BTCUSDT_ob200.data.zip
2026-03-21 21:46:48,791 - INFO - 📊 [Peak Load] 2026-03-12_BTCUSDT_ob200.data: Raw data in RAM | SYSTEM RAM: 73.05 GB (9.7%)
2026-03-21 21:46:48,803 - INFO - EventSampler iniciado. Modo: 'both' | Dollar=500000.0 | Tick=5000 | Info=100.0 | Time=300000ms
2026-03-21 21:46:52,481 - INFO - CUSUM (both): 61176 eventos. Trigger IID será aplicado dentro de cada janela CUSUM.
2026-03-21 21:46:53,266 - INFO - Barras geradas: 196824 | Ilhas: 1
2026-03-21 21:46:59,869 - INFO - 💾 Memory Optimization: Dropping 801 raw book columns.
2026-03-21 21:46:59,887 - INFO - 📊 [Drop Success] 2026-03-12_BTCUSDT_ob200.data: Columns discarded | SYSTEM RAM: 59.34 GB (7.9%)
2026-03-21 21:46:59,888 - INFO - --- Validating 2026-03-12_BTCUSDT_ob200.data ---
2026-03-21 21:46:59,899 - INFO - ✅ ARCHITECTURE INTEGRITY: 30/30 features present. Audit Scope: 46 columns (30 Features + 15 Raw/Price).
2026-03-21 21:46:59,905 - INFO - No NaNs found.
2026-03-21 21:46:59,911 - INFO - No Infinite values found.
2026-03-21 21:46:59,911 - INFO - Chronological order verified.
2026-03-21 21:46:59,917 - WARNING - ⚠️ STALE DATA ALERT: Possible feed lock detected in 2026-03-12_BTCUSDT_ob200.data
2026-03-21 21:46:59,926 - WARNING - ☢️ CRITICAL OUTLIER: [DNN_INPUT] pressure_ratio max (4.3656e+03) is > 15x P99. Clipping might have failed!
2026-03-21 21:46:59,928 - WARNING - ☢️ CRITICAL OUTLIER: [DNN_INPUT] lower_wick max (6.3885e-04) is > 15x P99. Clipping might have failed!
2026-03-21 21:46:59,930 - WARNING - ☢️ CRITICAL OUTLIER: [DNN_INPUT] upper_wick max (1.3849e-03) is > 15x P99. Clipping might have failed!
2026-03-21 21:46:59,933 - WARNING - ☢️ CRITICAL OUTLIER: [DNN_INPUT] max_spread max (1.2000e+01) is > 15x P99. Clipping might have failed!
2026-03-21 21:47:00,012 - WARNING - ⚠️ HIGH TAIL INTENSITY: [RAW_DATA] bar_usd_volume has 120 points with Z-Score > 12.
2026-03-21 21:47:00,012 - WARNING - ⚠️ HIGH TAIL INTENSITY: [RAW_DATA] bar_btc_volume has 121 points with Z-Score > 12.
2026-03-21 21:47:00,012 - WARNING - ⚠️ HIGH TAIL INTENSITY: [DNN_INPUT] max_spread has 258 points with Z-Score > 12.
2026-03-21 21:47:00,013 - WARNING - ⚠️ HIGH TAIL INTENSITY: [DNN_INPUT] volatility has 165 points with Z-Score > 12.
2026-03-21 21:47:00,013 - WARNING - ⚠️ HIGH TAIL INTENSITY: [DNN_INPUT] micro_price_momentum has 174 points with Z-Score > 12.
2026-03-21 21:47:00,013 - WARNING - ⚠️ HIGH TAIL INTENSITY: [DNN_INPUT] bid_rdi has 82 points with Z-Score > 12.
2026-03-21 21:47:00,013 - WARNING - ⚠️ HIGH TAIL INTENSITY: [DNN_INPUT] ask_rdi has 110 points with Z-Score > 12.
2026-03-21 21:47:00,013 - WARNING - ⚠️ HIGH TAIL INTENSITY: [DNN_INPUT] pressure_ratio has 195 points with Z-Score > 12.
2026-03-21 21:47:00,013 - WARNING - ⚠️ HIGH TAIL INTENSITY: [DNN_INPUT] body has 21 points with Z-Score > 12.
2026-03-21 21:47:00,013 - WARNING - ⚠️ HIGH TAIL INTENSITY: [DNN_INPUT] upper_wick has 191 points with Z-Score > 12.
2026-03-21 21:47:00,014 - WARNING - ⚠️ HIGH TAIL INTENSITY: [DNN_INPUT] lower_wick has 216 points with Z-Score > 12.
2026-03-21 21:47:00,014 - WARNING - ⚠️ HIGH TAIL INTENSITY: [DNN_INPUT] log_ret_close has 20 points with Z-Score > 12.
2026-03-21 21:47:00,014 - WARNING - ⚠️ HIGH TAIL INTENSITY: [DNN_INPUT] bid_rdi_delta_5 has 92 points with Z-Score > 12.
2026-03-21 21:47:00,014 - WARNING - ⚠️ HIGH TAIL INTENSITY: [DNN_INPUT] ask_rdi_delta_5 has 115 points with Z-Score > 12.
2026-03-21 21:47:00,014 - WARNING - ⚠️ HIGH TAIL INTENSITY: [DNN_INPUT] micro_price_delta_5 has 2 points with Z-Score > 12.
2026-03-21 21:47:00,014 - WARNING - ⚠️ HIGH TAIL INTENSITY: [DNN_INPUT] bid_rdi_delta_30 has 104 points with Z-Score > 12.
2026-03-21 21:47:00,014 - WARNING - ⚠️ HIGH TAIL INTENSITY: [DNN_INPUT] ask_rdi_delta_30 has 196 points with Z-Score > 12.
2026-03-21 21:47:00,014 - WARNING - ⚠️ HIGH TAIL INTENSITY: [DNN_INPUT] spread_zscore_60 has 421 points with Z-Score > 12.
2026-03-21 21:47:00,014 - WARNING - ⚠️ HIGH TAIL INTENSITY: [DNN_INPUT] kyle_lambda has 23 points with Z-Score > 12.
2026-03-21 21:47:00,014 - WARNING - ⚠️ HIGH TAIL INTENSITY: [DNN_INPUT] bid_deep_ratio has 20 points with Z-Score > 12.
2026-03-21 21:47:00,014 - WARNING - ⚠️ HIGH TAIL INTENSITY: [DNN_INPUT] ask_deep_ratio has 111 points with Z-Score > 12.
2026-03-21 21:47:00,089 - INFO - ✅ Protocol Island Split: 1/1 islands survived. Total rows: 196824
2026-03-21 21:47:00,089 - INFO - 🏆 Gold Validation complete for 2026-03-12_BTCUSDT_ob200.data. Status: VALID
2026-03-21 21:47:00,372 - INFO - Successfully saved 196824 rows to data/L2/pre_processed/2026-03-12_BTCUSDT_ob200.data.parquet
2026-03-21 21:47:00,372 - INFO - ✅ Saved event-driven dataset: 2026-03-12_BTCUSDT_ob200.data.parquet
2026-03-21 21:47:00,374 - INFO - 📊 [Memory] 2026-03-12_BTCUSDT_ob200.data: 0.0MB -> 26619.3MB
2026-03-21 21:47:30,320 - INFO - 🗑️ CLEANUP: Deleting processed zip: 2026-03-13_BTCUSDT_ob200.data.zip
2026-03-21 21:48:04,399 - INFO - 📊 [Peak Load] 2026-03-13_BTCUSDT_ob200.data: Raw data in RAM | SYSTEM RAM: 76.74 GB (10.2%)
2026-03-21 21:48:04,424 - INFO - EventSampler iniciado. Modo: 'both' | Dollar=500000.0 | Tick=5000 | Info=100.0 | Time=300000ms
2026-03-21 21:48:09,010 - INFO - CUSUM (both): 67100 eventos. Trigger IID será aplicado dentro de cada janela CUSUM.
2026-03-21 21:48:09,990 - INFO - Barras geradas: 286842 | Ilhas: 1
2026-03-21 21:48:19,373 - INFO - 💾 Memory Optimization: Dropping 801 raw book columns.
2026-03-21 21:48:19,398 - INFO - 📊 [Drop Success] 2026-03-13_BTCUSDT_ob200.data: Columns discarded | SYSTEM RAM: 59.15 GB (7.8%)
2026-03-21 21:48:19,398 - INFO - --- Validating 2026-03-13_BTCUSDT_ob200.data ---
2026-03-21 21:48:19,416 - INFO - ✅ ARCHITECTURE INTEGRITY: 30/30 features present. Audit Scope: 46 columns (30 Features + 15 Raw/Price).
2026-03-21 21:48:19,425 - INFO - No NaNs found.
2026-03-21 21:48:19,433 - INFO - No Infinite values found.
2026-03-21 21:48:19,434 - INFO - Chronological order verified.
2026-03-21 21:48:19,443 - WARNING - ⚠️ STALE DATA ALERT: Possible feed lock detected in 2026-03-13_BTCUSDT_ob200.data
2026-03-21 21:48:19,455 - WARNING - ☢️ CRITICAL OUTLIER: [DNN_INPUT] pressure_ratio max (3.5590e+03) is > 15x P99. Clipping might have failed!
2026-03-21 21:48:19,457 - WARNING - ☢️ CRITICAL OUTLIER: [DNN_INPUT] lower_wick max (1.5151e-03) is > 15x P99. Clipping might have failed!
2026-03-21 21:48:19,459 - WARNING - ☢️ CRITICAL OUTLIER: [DNN_INPUT] upper_wick max (1.2839e-03) is > 15x P99. Clipping might have failed!
2026-03-21 21:48:19,577 - WARNING - ⚠️ HIGH TAIL INTENSITY: [RAW_DATA] bar_usd_volume has 106 points with Z-Score > 12.
2026-03-21 21:48:19,577 - WARNING - ⚠️ HIGH TAIL INTENSITY: [RAW_DATA] bar_btc_volume has 107 points with Z-Score > 12.
2026-03-21 21:48:19,577 - WARNING - ⚠️ HIGH TAIL INTENSITY: [DNN_INPUT] max_spread has 695 points with Z-Score > 12.
2026-03-21 21:48:19,577 - WARNING - ⚠️ HIGH TAIL INTENSITY: [DNN_INPUT] volatility has 372 points with Z-Score > 12.
2026-03-21 21:48:19,578 - WARNING - ⚠️ HIGH TAIL INTENSITY: [DNN_INPUT] micro_price_momentum has 313 points with Z-Score > 12.
2026-03-21 21:48:19,578 - WARNING - ⚠️ HIGH TAIL INTENSITY: [DNN_INPUT] bid_rdi has 177 points with Z-Score > 12.
2026-03-21 21:48:19,578 - WARNING - ⚠️ HIGH TAIL INTENSITY: [DNN_INPUT] ask_rdi has 297 points with Z-Score > 12.
2026-03-21 21:48:19,578 - WARNING - ⚠️ HIGH TAIL INTENSITY: [DNN_INPUT] pressure_ratio has 159 points with Z-Score > 12.
2026-03-21 21:48:19,578 - WARNING - ⚠️ HIGH TAIL INTENSITY: [DNN_INPUT] body has 138 points with Z-Score > 12.
2026-03-21 21:48:19,578 - WARNING - ⚠️ HIGH TAIL INTENSITY: [DNN_INPUT] upper_wick has 225 points with Z-Score > 12.
2026-03-21 21:48:19,578 - WARNING - ⚠️ HIGH TAIL INTENSITY: [DNN_INPUT] lower_wick has 265 points with Z-Score > 12.
2026-03-21 21:48:19,578 - WARNING - ⚠️ HIGH TAIL INTENSITY: [DNN_INPUT] log_ret_close has 140 points with Z-Score > 12.
2026-03-21 21:48:19,578 - WARNING - ⚠️ HIGH TAIL INTENSITY: [DNN_INPUT] bid_rdi_delta_5 has 163 points with Z-Score > 12.
2026-03-21 21:48:19,578 - WARNING - ⚠️ HIGH TAIL INTENSITY: [DNN_INPUT] ask_rdi_delta_5 has 252 points with Z-Score > 12.
2026-03-21 21:48:19,578 - WARNING - ⚠️ HIGH TAIL INTENSITY: [DNN_INPUT] micro_price_delta_5 has 19 points with Z-Score > 12.
2026-03-21 21:48:19,579 - WARNING - ⚠️ HIGH TAIL INTENSITY: [DNN_INPUT] bid_rdi_delta_30 has 261 points with Z-Score > 12.
2026-03-21 21:48:19,579 - WARNING - ⚠️ HIGH TAIL INTENSITY: [DNN_INPUT] ask_rdi_delta_30 has 294 points with Z-Score > 12.
2026-03-21 21:48:19,579 - WARNING - ⚠️ HIGH TAIL INTENSITY: [DNN_INPUT] spread_zscore_60 has 582 points with Z-Score > 12.
2026-03-21 21:48:19,579 - WARNING - ⚠️ HIGH TAIL INTENSITY: [DNN_INPUT] kyle_lambda has 92 points with Z-Score > 12.
2026-03-21 21:48:19,579 - WARNING - ⚠️ HIGH TAIL INTENSITY: [DNN_INPUT] bid_deep_ratio has 109 points with Z-Score > 12.
2026-03-21 21:48:19,579 - WARNING - ⚠️ HIGH TAIL INTENSITY: [DNN_INPUT] ask_deep_ratio has 37 points with Z-Score > 12.
2026-03-21 21:48:19,687 - INFO - ✅ Protocol Island Split: 1/1 islands survived. Total rows: 286842
2026-03-21 21:48:19,687 - INFO - 🏆 Gold Validation complete for 2026-03-13_BTCUSDT_ob200.data. Status: VALID
2026-03-21 21:48:19,851 - INFO - Successfully saved 286842 rows to data/L2/pre_processed/2026-03-13_BTCUSDT_ob200.data.parquet
2026-03-21 21:48:19,852 - INFO - ✅ Saved event-driven dataset: 2026-03-13_BTCUSDT_ob200.data.parquet
2026-03-21 21:48:19,853 - INFO - 📊 [Memory] 2026-03-13_BTCUSDT_ob200.data: 0.0MB -> 21516.1MB
2026-03-21 21:48:25,562 - INFO - 📊 [GOLD] Executive Audit Summary saved to docs/reports/audit_summary.csv
2026-03-21 21:48:25,621 - INFO - 📊 Saved enriched data quality report to docs/reports/data_quality_report.json
2026-03-21 21:48:25,622 - INFO - Pipeline execution finished.
2026-03-21 21:48:25,622 - INFO - Total processed files: 72
2026-03-21 21:48:25,622 - INFO - CPUs used: 2 / 32
2026-03-21 21:48:25,622 - INFO - 📊 SYSTEM RAM (Current): Used 56.78 GB / 755.58 GB (7.5%) | Free: 698.79 GB
2026-03-21 21:48:25,622 - INFO - 🚀 O MAXIMO DE MEMORIA RAM USADO FOI DE 191.20 GB
2026-03-21 21:48:25,623 - INFO - 🧪 Starting Automated Data Integrity Tests...
2026-03-21 21:48:35,027 - INFO - ✅ INTEGRITY CERTIFICATION: All integrity tests passed!
2026-03-21 21:48:35,029 - INFO - 🚀 Starting automated export to Drive: drive:PROJETOS/RESULTADOS_PT_065_SL_033_lookahead_15min_DT_5000000_TT_5000_IT_1000_VT_144_CUSUM_22/2026_03_21/PRE_PROCESSED...
2026-03-21 21:49:04,501 - INFO - ✅ Export completed successfully: drive:PROJETOS/RESULTADOS_PT_065_SL_033_lookahead_15min_DT_5000000_TT_5000_IT_1000_VT_144_CUSUM_22/2026_03_21/PRE_PROCESSED
2026-03-21 21:49:04,509 - INFO - 📤 [AUDIT UPLOAD] Stage=ETL → drive:PROJETOS/RESULTADOS_PT_065_SL_033_lookahead_15min_DT_5000000_TT_5000_IT_1000_VT_144_CUSUM_22/2026_03_21/AUDITORIA/ETL
