2026-02-25 19:27:26,106 - INFO - 📝 LOGGING INITIALIZED (UTF-8-SIG): logs/optimization/optimization_20260225_192726.log
2026-02-25 19:27:26,115 - INFO - 📁 DYNAMIC DATA PATHS: Train=data/L2/splits_labelled_SELL_0003_BUY_0003_15min/train | Val=data/L2/splits_labelled_SELL_0003_BUY_0003_15min/val
2026-02-25 19:27:26,115 - INFO - Loading data for optimization...
2026-02-25 19:27:59,725 - INFO - Loaded 218,600 rows from data/L2/splits_labelled_SELL_0003_BUY_0003_15min/train
2026-02-25 19:28:07,977 - INFO - Loaded 62,454 rows from data/L2/splits_labelled_SELL_0003_BUY_0003_15min/val
2026-02-25 19:28:15,481 - INFO - Starting 40 trials | Metric: f1_macro | Timeout: 72000s
2026-02-25 19:28:16,086 - INFO - Trial 0 START | tcn=64, lstm=64, layers=4, batch=1024, seq=48, drop=0.386, lr=0.000023, wd=0.000123
2026-02-25 19:28:51,973 - INFO - Trial 0 | Epoch 1 | Batch 100/214 (46.7%) | Loss: 0.8301
2026-02-25 19:28:54,288 - INFO - Trial 0 | Epoch 1 | Batch 200/214 (93.5%) | Loss: 0.8947
2026-02-25 19:28:56,330 - INFO - Trial 0, Epoch 1/50 | Train Loss: 0.8964 | Val Loss: 0.7001 | F1 Macro: 0.1748 | F1 Dir: 0.1558 | F1 [SELL/NEU/BUY]: [0.232/0.213/0.079] | LR: 0.000023
2026-02-25 19:28:56,391 - INFO - 🥇 [MACRO]  Trial 0 | Global F1 Macro record: 0.1748 (prev: 0.0000) → saved best_tcn_lstm.pt
2026-02-25 19:28:56,538 - INFO - 🏆 [DIR]    Trial 0 | Global F1 Dir record: 0.1558 (prev: 0.0000) → saved best_tcn_lstm_dir.pt
2026-02-25 19:28:59,726 - INFO - Trial 0 | Epoch 2 | Batch 100/214 (46.7%) | Loss: 0.8006
2026-02-25 19:29:02,051 - INFO - Trial 0 | Epoch 2 | Batch 200/214 (93.5%) | Loss: 0.8017
2026-02-25 19:29:03,995 - INFO - Trial 0, Epoch 2/50 | Train Loss: 0.8235 | Val Loss: 0.6618 | F1 Macro: 0.1852 | F1 Dir: 0.1036 | F1 [SELL/NEU/BUY]: [0.162/0.348/0.046] | LR: 0.000023
2026-02-25 19:29:04,019 - INFO - 🥇 [MACRO]  Trial 0 | Global F1 Macro record: 0.1852 (prev: 0.1748) → saved best_tcn_lstm.pt
2026-02-25 19:29:07,011 - INFO - Trial 0 | Epoch 3 | Batch 100/214 (46.7%) | Loss: 0.7900
2026-02-25 19:29:09,692 - INFO - Trial 0 | Epoch 3 | Batch 200/214 (93.5%) | Loss: 0.8581
2026-02-25 19:29:11,658 - INFO - Trial 0, Epoch 3/50 | Train Loss: 0.8009 | Val Loss: 0.6532 | F1 Macro: 0.1762 | F1 Dir: 0.1173 | F1 [SELL/NEU/BUY]: [0.188/0.294/0.046] | LR: 0.000023
2026-02-25 19:29:14,679 - INFO - Trial 0 | Epoch 4 | Batch 100/214 (46.7%) | Loss: 0.8161
2026-02-25 19:29:17,094 - INFO - Trial 0 | Epoch 4 | Batch 200/214 (93.5%) | Loss: 0.7344
2026-02-25 19:29:18,963 - INFO - Trial 0, Epoch 4/50 | Train Loss: 0.7959 | Val Loss: 0.6499 | F1 Macro: 0.2084 | F1 Dir: 0.1181 | F1 [SELL/NEU/BUY]: [0.189/0.389/0.047] | LR: 0.000023
2026-02-25 19:29:18,979 - INFO - 🥇 [MACRO]  Trial 0 | Global F1 Macro record: 0.2084 (prev: 0.1852) → saved best_tcn_lstm.pt
2026-02-25 19:29:22,308 - INFO - Trial 0 | Epoch 5 | Batch 100/214 (46.7%) | Loss: 0.7621
2026-02-25 19:29:24,727 - INFO - Trial 0 | Epoch 5 | Batch 200/214 (93.5%) | Loss: 0.7305
2026-02-25 19:29:26,638 - INFO - Trial 0, Epoch 5/50 | Train Loss: 0.7925 | Val Loss: 0.6480 | F1 Macro: 0.2376 | F1 Dir: 0.1257 | F1 [SELL/NEU/BUY]: [0.199/0.462/0.053] | LR: 0.000022
2026-02-25 19:29:26,654 - INFO - 🥇 [MACRO]  Trial 0 | Global F1 Macro record: 0.2376 (prev: 0.2084) → saved best_tcn_lstm.pt
2026-02-25 19:29:29,708 - INFO - Trial 0 | Epoch 6 | Batch 100/214 (46.7%) | Loss: 0.8052
2026-02-25 19:29:32,122 - INFO - Trial 0 | Epoch 6 | Batch 200/214 (93.5%) | Loss: 0.8018
2026-02-25 19:29:34,606 - INFO - Trial 0, Epoch 6/50 | Train Loss: 0.7894 | Val Loss: 0.6479 | F1 Macro: 0.2465 | F1 Dir: 0.1247 | F1 [SELL/NEU/BUY]: [0.197/0.490/0.052] | LR: 0.000022
2026-02-25 19:29:34,624 - INFO - 🥇 [MACRO]  Trial 0 | Global F1 Macro record: 0.2465 (prev: 0.2376) → saved best_tcn_lstm.pt
2026-02-25 19:29:37,662 - INFO - Trial 0 | Epoch 7 | Batch 100/214 (46.7%) | Loss: 0.8066
2026-02-25 19:29:39,984 - INFO - Trial 0 | Epoch 7 | Batch 200/214 (93.5%) | Loss: 0.8106
2026-02-25 19:29:42,187 - INFO - Trial 0, Epoch 7/50 | Train Loss: 0.7892 | Val Loss: 0.6452 | F1 Macro: 0.2676 | F1 Dir: 0.1330 | F1 [SELL/NEU/BUY]: [0.209/0.537/0.057] | LR: 0.000022
2026-02-25 19:29:42,208 - INFO - 🥇 [MACRO]  Trial 0 | Global F1 Macro record: 0.2676 (prev: 0.2465) → saved best_tcn_lstm.pt
2026-02-25 19:29:45,414 - INFO - Trial 0 | Epoch 8 | Batch 100/214 (46.7%) | Loss: 0.7342
2026-02-25 19:29:47,762 - INFO - Trial 0 | Epoch 8 | Batch 200/214 (93.5%) | Loss: 0.7477
2026-02-25 19:29:49,911 - INFO - Trial 0, Epoch 8/50 | Train Loss: 0.7877 | Val Loss: 0.6448 | F1 Macro: 0.2707 | F1 Dir: 0.1313 | F1 [SELL/NEU/BUY]: [0.173/0.549/0.090] | LR: 0.000022
2026-02-25 19:29:49,925 - INFO - 🥇 [MACRO]  Trial 0 | Global F1 Macro record: 0.2707 (prev: 0.2676) → saved best_tcn_lstm.pt
2026-02-25 19:29:53,097 - INFO - Trial 0 | Epoch 9 | Batch 100/214 (46.7%) | Loss: 0.7271
2026-02-25 19:29:55,502 - INFO - Trial 0 | Epoch 9 | Batch 200/214 (93.5%) | Loss: 0.8462
2026-02-25 19:29:57,501 - INFO - Trial 0, Epoch 9/50 | Train Loss: 0.7863 | Val Loss: 0.6438 | F1 Macro: 0.2830 | F1 Dir: 0.1367 | F1 [SELL/NEU/BUY]: [0.168/0.576/0.105] | LR: 0.000021
2026-02-25 19:29:57,528 - INFO - 🥇 [MACRO]  Trial 0 | Global F1 Macro record: 0.2830 (prev: 0.2707) → saved best_tcn_lstm.pt
2026-02-25 19:30:00,853 - INFO - Trial 0 | Epoch 10 | Batch 100/214 (46.7%) | Loss: 0.8023
2026-02-25 19:30:03,194 - INFO - Trial 0 | Epoch 10 | Batch 200/214 (93.5%) | Loss: 0.8194
2026-02-25 19:30:05,189 - INFO - Trial 0, Epoch 10/50 | Train Loss: 0.7853 | Val Loss: 0.6432 | F1 Macro: 0.2776 | F1 Dir: 0.1359 | F1 [SELL/NEU/BUY]: [0.167/0.561/0.105] | LR: 0.000021
2026-02-25 19:30:08,347 - INFO - Trial 0 | Epoch 11 | Batch 100/214 (46.7%) | Loss: 0.8540
2026-02-25 19:30:10,792 - INFO - Trial 0 | Epoch 11 | Batch 200/214 (93.5%) | Loss: 0.7457
2026-02-25 19:30:12,757 - INFO - Trial 0, Epoch 11/50 | Train Loss: 0.7850 | Val Loss: 0.6427 | F1 Macro: 0.2870 | F1 Dir: 0.1360 | F1 [SELL/NEU/BUY]: [0.159/0.589/0.113] | LR: 0.000020
2026-02-25 19:30:12,773 - INFO - 🥇 [MACRO]  Trial 0 | Global F1 Macro record: 0.2870 (prev: 0.2830) → saved best_tcn_lstm.pt
2026-02-25 19:30:16,045 - INFO - Trial 0 | Epoch 12 | Batch 100/214 (46.7%) | Loss: 0.7578
2026-02-25 19:30:18,589 - INFO - Trial 0 | Epoch 12 | Batch 200/214 (93.5%) | Loss: 0.7699
2026-02-25 19:30:20,448 - INFO - Trial 0, Epoch 12/50 | Train Loss: 0.7840 | Val Loss: 0.6420 | F1 Macro: 0.2864 | F1 Dir: 0.1344 | F1 [SELL/NEU/BUY]: [0.162/0.590/0.107] | LR: 0.000020
2026-02-25 19:30:23,562 - INFO - Trial 0 | Epoch 13 | Batch 100/214 (46.7%) | Loss: 0.7518
2026-02-25 19:30:25,877 - INFO - Trial 0 | Epoch 13 | Batch 200/214 (93.5%) | Loss: 0.7612
2026-02-25 19:30:27,809 - INFO - Trial 0, Epoch 13/50 | Train Loss: 0.7837 | Val Loss: 0.6414 | F1 Macro: 0.2870 | F1 Dir: 0.1339 | F1 [SELL/NEU/BUY]: [0.164/0.593/0.104] | LR: 0.000019
2026-02-25 19:30:30,876 - INFO - Trial 0 | Epoch 14 | Batch 100/214 (46.7%) | Loss: 0.8501
2026-02-25 19:30:33,179 - INFO - Trial 0 | Epoch 14 | Batch 200/214 (93.5%) | Loss: 0.8109
2026-02-25 19:30:35,132 - INFO - Trial 0, Epoch 14/50 | Train Loss: 0.7835 | Val Loss: 0.6410 | F1 Macro: 0.2953 | F1 Dir: 0.1364 | F1 [SELL/NEU/BUY]: [0.165/0.613/0.108] | LR: 0.000019
2026-02-25 19:30:35,149 - INFO - 🥇 [MACRO]  Trial 0 | Global F1 Macro record: 0.2953 (prev: 0.2870) → saved best_tcn_lstm.pt
2026-02-25 19:30:38,371 - INFO - Trial 0 | Epoch 15 | Batch 100/214 (46.7%) | Loss: 0.7836
2026-02-25 19:30:40,880 - INFO - Trial 0 | Epoch 15 | Batch 200/214 (93.5%) | Loss: 0.7356
2026-02-25 19:30:42,905 - INFO - Trial 0, Epoch 15/50 | Train Loss: 0.7827 | Val Loss: 0.6406 | F1 Macro: 0.3024 | F1 Dir: 0.1390 | F1 [SELL/NEU/BUY]: [0.161/0.629/0.117] | LR: 0.000018
2026-02-25 19:30:42,924 - INFO - 🥇 [MACRO]  Trial 0 | Global F1 Macro record: 0.3024 (prev: 0.2953) → saved best_tcn_lstm.pt
2026-02-25 19:30:45,986 - INFO - Trial 0 | Epoch 16 | Batch 100/214 (46.7%) | Loss: 0.8038
2026-02-25 19:30:48,413 - INFO - Trial 0 | Epoch 16 | Batch 200/214 (93.5%) | Loss: 0.7688
2026-02-25 19:30:50,565 - INFO - Trial 0, Epoch 16/50 | Train Loss: 0.7822 | Val Loss: 0.6407 | F1 Macro: 0.2912 | F1 Dir: 0.1353 | F1 [SELL/NEU/BUY]: [0.153/0.603/0.118] | LR: 0.000018
2026-02-25 19:30:53,621 - INFO - Trial 0 | Epoch 17 | Batch 100/214 (46.7%) | Loss: 0.8137
2026-02-25 19:30:55,993 - INFO - Trial 0 | Epoch 17 | Batch 200/214 (93.5%) | Loss: 0.7145
2026-02-25 19:30:58,178 - INFO - Trial 0, Epoch 17/50 | Train Loss: 0.7818 | Val Loss: 0.6403 | F1 Macro: 0.2955 | F1 Dir: 0.1365 | F1 [SELL/NEU/BUY]: [0.152/0.613/0.121] | LR: 0.000017
2026-02-25 19:31:01,202 - INFO - Trial 0 | Epoch 18 | Batch 100/214 (46.7%) | Loss: 0.8194
2026-02-25 19:31:03,600 - INFO - Trial 0 | Epoch 18 | Batch 200/214 (93.5%) | Loss: 0.7780
2026-02-25 19:31:05,776 - INFO - Trial 0, Epoch 18/50 | Train Loss: 0.7819 | Val Loss: 0.6400 | F1 Macro: 0.2922 | F1 Dir: 0.1353 | F1 [SELL/NEU/BUY]: [0.154/0.606/0.116] | LR: 0.000016
2026-02-25 19:31:09,034 - INFO - Trial 0 | Epoch 19 | Batch 100/214 (46.7%) | Loss: 0.7887
2026-02-25 19:31:11,394 - INFO - Trial 0 | Epoch 19 | Batch 200/214 (93.5%) | Loss: 0.6917
2026-02-25 19:31:13,352 - INFO - Trial 0, Epoch 19/50 | Train Loss: 0.7813 | Val Loss: 0.6401 | F1 Macro: 0.2990 | F1 Dir: 0.1379 | F1 [SELL/NEU/BUY]: [0.147/0.621/0.129] | LR: 0.000016
2026-02-25 19:31:16,477 - INFO - Trial 0 | Epoch 20 | Batch 100/214 (46.7%) | Loss: 0.8240
2026-02-25 19:31:18,881 - INFO - Trial 0 | Epoch 20 | Batch 200/214 (93.5%) | Loss: 0.7377
2026-02-25 19:31:21,085 - INFO - Trial 0, Epoch 20/50 | Train Loss: 0.7807 | Val Loss: 0.6398 | F1 Macro: 0.2966 | F1 Dir: 0.1369 | F1 [SELL/NEU/BUY]: [0.152/0.616/0.122] | LR: 0.000015
2026-02-25 19:31:24,337 - INFO - Trial 0 | Epoch 21 | Batch 100/214 (46.7%) | Loss: 0.8090
2026-02-25 19:31:26,725 - INFO - Trial 0 | Epoch 21 | Batch 200/214 (93.5%) | Loss: 0.7871
2026-02-25 19:31:28,981 - INFO - Trial 0, Epoch 21/50 | Train Loss: 0.7805 | Val Loss: 0.6396 | F1 Macro: 0.3000 | F1 Dir: 0.1376 | F1 [SELL/NEU/BUY]: [0.148/0.625/0.127] | LR: 0.000014
2026-02-25 19:31:32,102 - INFO - Trial 0 | Epoch 22 | Batch 100/214 (46.7%) | Loss: 0.7595
2026-02-25 19:31:34,422 - INFO - Trial 0 | Epoch 22 | Batch 200/214 (93.5%) | Loss: 0.7683
2026-02-25 19:31:36,417 - INFO - Trial 0, Epoch 22/50 | Train Loss: 0.7803 | Val Loss: 0.6394 | F1 Macro: 0.2986 | F1 Dir: 0.1367 | F1 [SELL/NEU/BUY]: [0.151/0.622/0.122] | LR: 0.000014
2026-02-25 19:31:39,588 - INFO - Trial 0 | Epoch 23 | Batch 100/214 (46.7%) | Loss: 0.8391
2026-02-25 19:31:42,025 - INFO - Trial 0 | Epoch 23 | Batch 200/214 (93.5%) | Loss: 0.8367
2026-02-25 19:31:44,009 - INFO - Trial 0, Epoch 23/50 | Train Loss: 0.7800 | Val Loss: 0.6393 | F1 Macro: 0.3066 | F1 Dir: 0.1401 | F1 [SELL/NEU/BUY]: [0.149/0.639/0.131] | LR: 0.000013
2026-02-25 19:31:44,024 - INFO - 🥇 [MACRO]  Trial 0 | Global F1 Macro record: 0.3066 (prev: 0.3024) → saved best_tcn_lstm.pt
2026-02-25 19:31:47,240 - INFO - Trial 0 | Epoch 24 | Batch 100/214 (46.7%) | Loss: 0.7532
2026-02-25 19:31:49,585 - INFO - Trial 0 | Epoch 24 | Batch 200/214 (93.5%) | Loss: 0.7703
2026-02-25 19:31:51,483 - INFO - Trial 0, Epoch 24/50 | Train Loss: 0.7800 | Val Loss: 0.6392 | F1 Macro: 0.3034 | F1 Dir: 0.1394 | F1 [SELL/NEU/BUY]: [0.149/0.631/0.130] | LR: 0.000012
2026-02-25 19:31:54,766 - INFO - Trial 0 | Epoch 25 | Batch 100/214 (46.7%) | Loss: 0.7709
2026-02-25 19:31:57,215 - INFO - Trial 0 | Epoch 25 | Batch 200/214 (93.5%) | Loss: 0.8757
2026-02-25 19:31:59,231 - INFO - Trial 0, Epoch 25/50 | Train Loss: 0.7797 | Val Loss: 0.6392 | F1 Macro: 0.3039 | F1 Dir: 0.1393 | F1 [SELL/NEU/BUY]: [0.148/0.633/0.130] | LR: 0.000011
2026-02-25 19:32:02,469 - INFO - Trial 0 | Epoch 26 | Batch 100/214 (46.7%) | Loss: 0.7953
2026-02-25 19:32:04,812 - INFO - Trial 0 | Epoch 26 | Batch 200/214 (93.5%) | Loss: 0.7293
2026-02-25 19:32:06,781 - INFO - Trial 0, Epoch 26/50 | Train Loss: 0.7794 | Val Loss: 0.6389 | F1 Macro: 0.3077 | F1 Dir: 0.1410 | F1 [SELL/NEU/BUY]: [0.151/0.641/0.131] | LR: 0.000011
2026-02-25 19:32:06,920 - INFO - 🥇 [MACRO]  Trial 0 | Global F1 Macro record: 0.3077 (prev: 0.3066) → saved best_tcn_lstm.pt
2026-02-25 19:32:10,085 - INFO - Trial 0 | Epoch 27 | Batch 100/214 (46.7%) | Loss: 0.7897
2026-02-25 19:32:12,426 - INFO - Trial 0 | Epoch 27 | Batch 200/214 (93.5%) | Loss: 0.7844
2026-02-25 19:32:14,367 - INFO - Trial 0, Epoch 27/50 | Train Loss: 0.7791 | Val Loss: 0.6391 | F1 Macro: 0.3073 | F1 Dir: 0.1411 | F1 [SELL/NEU/BUY]: [0.148/0.640/0.135] | LR: 0.000010
2026-02-25 19:32:17,497 - INFO - Trial 0 | Epoch 28 | Batch 100/214 (46.7%) | Loss: 0.8234
2026-02-25 19:32:19,945 - INFO - Trial 0 | Epoch 28 | Batch 200/214 (93.5%) | Loss: 0.7643
2026-02-25 19:32:21,917 - INFO - Trial 0, Epoch 28/50 | Train Loss: 0.7795 | Val Loss: 0.6387 | F1 Macro: 0.3090 | F1 Dir: 0.1414 | F1 [SELL/NEU/BUY]: [0.155/0.644/0.128] | LR: 0.000009
2026-02-25 19:32:21,961 - INFO - 🥇 [MACRO]  Trial 0 | Global F1 Macro record: 0.3090 (prev: 0.3077) → saved best_tcn_lstm.pt
2026-02-25 19:32:25,073 - INFO - Trial 0 | Epoch 29 | Batch 100/214 (46.7%) | Loss: 0.7274
2026-02-25 19:32:27,450 - INFO - Trial 0 | Epoch 29 | Batch 200/214 (93.5%) | Loss: 0.8578
2026-02-25 19:32:29,439 - INFO - Trial 0, Epoch 29/50 | Train Loss: 0.7787 | Val Loss: 0.6390 | F1 Macro: 0.3014 | F1 Dir: 0.1381 | F1 [SELL/NEU/BUY]: [0.148/0.628/0.129] | LR: 0.000009
2026-02-25 19:32:32,473 - INFO - Trial 0 | Epoch 30 | Batch 100/214 (46.7%) | Loss: 0.7864
2026-02-25 19:32:34,825 - INFO - Trial 0 | Epoch 30 | Batch 200/214 (93.5%) | Loss: 0.8159
2026-02-25 19:32:36,559 - INFO - Trial 0, Epoch 30/50 | Train Loss: 0.7789 | Val Loss: 0.6390 | F1 Macro: 0.3046 | F1 Dir: 0.1396 | F1 [SELL/NEU/BUY]: [0.147/0.635/0.133] | LR: 0.000008
2026-02-25 19:32:39,595 - INFO - Trial 0 | Epoch 31 | Batch 100/214 (46.7%) | Loss: 0.7612
2026-02-25 19:32:42,072 - INFO - Trial 0 | Epoch 31 | Batch 200/214 (93.5%) | Loss: 0.7568
2026-02-25 19:32:43,697 - INFO - Trial 0, Epoch 31/50 | Train Loss: 0.7786 | Val Loss: 0.6389 | F1 Macro: 0.3008 | F1 Dir: 0.1377 | F1 [SELL/NEU/BUY]: [0.148/0.627/0.128] | LR: 0.000007
2026-02-25 19:32:43,748 - INFO - Trial 0 stopped early due to patience (3 epochs without improvement)
2026-02-25 19:32:44,608 - INFO - Trial 1 START | tcn=128, lstm=128, layers=5, batch=512, seq=96, drop=0.338, lr=0.000013, wd=0.003283
2026-02-25 19:32:47,992 - INFO - Trial 1 | Epoch 1 | Batch 100/427 (23.4%) | Loss: 0.7836
2026-02-25 19:32:50,891 - INFO - Trial 1 | Epoch 1 | Batch 200/427 (46.8%) | Loss: 0.9699
2026-02-25 19:32:53,820 - INFO - Trial 1 | Epoch 1 | Batch 300/427 (70.3%) | Loss: 0.8123
2026-02-25 19:32:56,693 - INFO - Trial 1 | Epoch 1 | Batch 400/427 (93.7%) | Loss: 0.7602
2026-02-25 19:32:59,499 - INFO - Trial 1, Epoch 1/50 | Train Loss: 0.8400 | Val Loss: 0.6628 | F1 Macro: 0.0799 | F1 Dir: 0.1198 | F1 [SELL/NEU/BUY]: [0.192/0.000/0.048] | LR: 0.000013
2026-02-25 19:33:03,056 - INFO - Trial 1 | Epoch 2 | Batch 100/427 (23.4%) | Loss: 0.8140
2026-02-25 19:33:05,984 - INFO - Trial 1 | Epoch 2 | Batch 200/427 (46.8%) | Loss: 0.6933
2026-02-25 19:33:08,899 - INFO - Trial 1 | Epoch 2 | Batch 300/427 (70.3%) | Loss: 0.7711
2026-02-25 19:33:11,807 - INFO - Trial 1 | Epoch 2 | Batch 400/427 (93.7%) | Loss: 0.7336
2026-02-25 19:33:14,431 - INFO - Trial 1, Epoch 2/50 | Train Loss: 0.7938 | Val Loss: 0.6539 | F1 Macro: 0.0891 | F1 Dir: 0.1336 | F1 [SELL/NEU/BUY]: [0.218/0.000/0.049] | LR: 0.000013
2026-02-25 19:33:18,059 - INFO - Trial 1 | Epoch 3 | Batch 100/427 (23.4%) | Loss: 0.8197
2026-02-25 19:33:20,937 - INFO - Trial 1 | Epoch 3 | Batch 200/427 (46.8%) | Loss: 0.8392
2026-02-25 19:33:23,790 - INFO - Trial 1 | Epoch 3 | Batch 300/427 (70.3%) | Loss: 0.7058
2026-02-25 19:33:26,731 - INFO - Trial 1 | Epoch 3 | Batch 400/427 (93.7%) | Loss: 0.8081
2026-02-25 19:33:29,285 - INFO - Trial 1, Epoch 3/50 | Train Loss: 0.7891 | Val Loss: 0.6505 | F1 Macro: 0.2063 | F1 Dir: 0.1288 | F1 [SELL/NEU/BUY]: [0.157/0.361/0.101] | LR: 0.000013
2026-02-25 19:33:32,680 - INFO - Trial 1 | Epoch 4 | Batch 100/427 (23.4%) | Loss: 0.7672
2026-02-25 19:33:35,731 - INFO - Trial 1 | Epoch 4 | Batch 200/427 (46.8%) | Loss: 0.7497
2026-02-25 19:33:38,701 - INFO - Trial 1 | Epoch 4 | Batch 300/427 (70.3%) | Loss: 0.7588
2026-02-25 19:33:41,647 - INFO - Trial 1 | Epoch 4 | Batch 400/427 (93.7%) | Loss: 0.8277
2026-02-25 19:33:44,372 - INFO - Trial 1, Epoch 4/50 | Train Loss: 0.7865 | Val Loss: 0.6484 | F1 Macro: 0.2514 | F1 Dir: 0.1288 | F1 [SELL/NEU/BUY]: [0.148/0.496/0.109] | LR: 0.000013
2026-02-25 19:33:47,808 - INFO - Trial 1 | Epoch 5 | Batch 100/427 (23.4%) | Loss: 0.8274
2026-02-25 19:33:50,758 - INFO - Trial 1 | Epoch 5 | Batch 200/427 (46.8%) | Loss: 0.8064
2026-02-25 19:33:53,704 - INFO - Trial 1 | Epoch 5 | Batch 300/427 (70.3%) | Loss: 0.7676
2026-02-25 19:33:56,738 - INFO - Trial 1 | Epoch 5 | Batch 400/427 (93.7%) | Loss: 0.7601
2026-02-25 19:33:59,543 - INFO - Trial 1, Epoch 5/50 | Train Loss: 0.7845 | Val Loss: 0.6462 | F1 Macro: 0.2723 | F1 Dir: 0.1286 | F1 [SELL/NEU/BUY]: [0.154/0.560/0.103] | LR: 0.000012
2026-02-25 19:34:03,188 - INFO - Trial 1 | Epoch 6 | Batch 100/427 (23.4%) | Loss: 0.8985
2026-02-25 19:34:06,179 - INFO - Trial 1 | Epoch 6 | Batch 200/427 (46.8%) | Loss: 0.8109
2026-02-25 19:34:09,091 - INFO - Trial 1 | Epoch 6 | Batch 300/427 (70.3%) | Loss: 0.8288
2026-02-25 19:34:11,643 - INFO - Trial 1 | Epoch 6 | Batch 400/427 (93.7%) | Loss: 0.7607
2026-02-25 19:34:14,199 - INFO - Trial 1, Epoch 6/50 | Train Loss: 0.7834 | Val Loss: 0.6451 | F1 Macro: 0.2700 | F1 Dir: 0.1289 | F1 [SELL/NEU/BUY]: [0.145/0.552/0.113] | LR: 0.000012
2026-02-25 19:34:17,714 - INFO - Trial 1 | Epoch 7 | Batch 100/427 (23.4%) | Loss: 0.7823
2026-02-25 19:34:20,554 - INFO - Trial 1 | Epoch 7 | Batch 200/427 (46.8%) | Loss: 0.7841
2026-02-25 19:34:23,330 - INFO - Trial 1 | Epoch 7 | Batch 300/427 (70.3%) | Loss: 0.9237
2026-02-25 19:34:26,176 - INFO - Trial 1 | Epoch 7 | Batch 400/427 (93.7%) | Loss: 0.6705
2026-02-25 19:34:28,704 - INFO - Trial 1, Epoch 7/50 | Train Loss: 0.7823 | Val Loss: 0.6444 | F1 Macro: 0.2853 | F1 Dir: 0.1333 | F1 [SELL/NEU/BUY]: [0.144/0.589/0.122] | LR: 0.000012
2026-02-25 19:34:31,995 - INFO - Trial 1 | Epoch 8 | Batch 100/427 (23.4%) | Loss: 0.7230
2026-02-25 19:34:34,957 - INFO - Trial 1 | Epoch 8 | Batch 200/427 (46.8%) | Loss: 0.8243
2026-02-25 19:34:37,915 - INFO - Trial 1 | Epoch 8 | Batch 300/427 (70.3%) | Loss: 0.7993
2026-02-25 19:34:40,817 - INFO - Trial 1 | Epoch 8 | Batch 400/427 (93.7%) | Loss: 0.8134
2026-02-25 19:34:43,222 - INFO - Trial 1, Epoch 8/50 | Train Loss: 0.7810 | Val Loss: 0.6432 | F1 Macro: 0.2864 | F1 Dir: 0.1328 | F1 [SELL/NEU/BUY]: [0.148/0.594/0.118] | LR: 0.000012
2026-02-25 19:34:46,309 - INFO - Trial 1 | Epoch 9 | Batch 100/427 (23.4%) | Loss: 0.7503
2026-02-25 19:34:49,298 - INFO - Trial 1 | Epoch 9 | Batch 200/427 (46.8%) | Loss: 0.7650
2026-02-25 19:34:52,292 - INFO - Trial 1 | Epoch 9 | Batch 300/427 (70.3%) | Loss: 0.8121
2026-02-25 19:34:55,307 - INFO - Trial 1 | Epoch 9 | Batch 400/427 (93.7%) | Loss: 0.7583
2026-02-25 19:34:57,890 - INFO - Trial 1, Epoch 9/50 | Train Loss: 0.7802 | Val Loss: 0.6432 | F1 Macro: 0.2799 | F1 Dir: 0.1311 | F1 [SELL/NEU/BUY]: [0.143/0.577/0.119] | LR: 0.000012
2026-02-25 19:35:01,269 - INFO - Trial 1 | Epoch 10 | Batch 100/427 (23.4%) | Loss: 0.8950
2026-02-25 19:35:04,171 - INFO - Trial 1 | Epoch 10 | Batch 200/427 (46.8%) | Loss: 0.7993
2026-02-25 19:35:07,116 - INFO - Trial 1 | Epoch 10 | Batch 300/427 (70.3%) | Loss: 0.8413
2026-02-25 19:35:10,107 - INFO - Trial 1 | Epoch 10 | Batch 400/427 (93.7%) | Loss: 0.7666
2026-02-25 19:35:12,768 - INFO - Trial 1, Epoch 10/50 | Train Loss: 0.7799 | Val Loss: 0.6421 | F1 Macro: 0.2729 | F1 Dir: 0.1262 | F1 [SELL/NEU/BUY]: [0.153/0.566/0.099] | LR: 0.000012
2026-02-25 19:35:16,288 - INFO - Trial 1 | Epoch 11 | Batch 100/427 (23.4%) | Loss: 0.7589
2026-02-25 19:35:19,265 - INFO - Trial 1 | Epoch 11 | Batch 200/427 (46.8%) | Loss: 0.7315
2026-02-25 19:35:22,263 - INFO - Trial 1 | Epoch 11 | Batch 300/427 (70.3%) | Loss: 0.7677
2026-02-25 19:35:25,283 - INFO - Trial 1 | Epoch 11 | Batch 400/427 (93.7%) | Loss: 0.8110
2026-02-25 19:35:27,935 - INFO - Trial 1, Epoch 11/50 | Train Loss: 0.7791 | Val Loss: 0.6418 | F1 Macro: 0.2877 | F1 Dir: 0.1319 | F1 [SELL/NEU/BUY]: [0.149/0.599/0.115] | LR: 0.000011
2026-02-25 19:35:31,367 - INFO - Trial 1 | Epoch 12 | Batch 100/427 (23.4%) | Loss: 0.7665
2026-02-25 19:35:34,328 - INFO - Trial 1 | Epoch 12 | Batch 200/427 (46.8%) | Loss: 0.7823
2026-02-25 19:35:37,314 - INFO - Trial 1 | Epoch 12 | Batch 300/427 (70.3%) | Loss: 0.7562
2026-02-25 19:35:40,217 - INFO - Trial 1 | Epoch 12 | Batch 400/427 (93.7%) | Loss: 0.8877
2026-02-25 19:35:43,144 - INFO - Trial 1, Epoch 12/50 | Train Loss: 0.7785 | Val Loss: 0.6416 | F1 Macro: 0.2866 | F1 Dir: 0.1313 | F1 [SELL/NEU/BUY]: [0.149/0.597/0.114] | LR: 0.000011
2026-02-25 19:35:46,771 - INFO - Trial 1 | Epoch 13 | Batch 100/427 (23.4%) | Loss: 0.8033
2026-02-25 19:35:49,536 - INFO - Trial 1 | Epoch 13 | Batch 200/427 (46.8%) | Loss: 0.7848
2026-02-25 19:35:52,287 - INFO - Trial 1 | Epoch 13 | Batch 300/427 (70.3%) | Loss: 0.8703
2026-02-25 19:35:55,255 - INFO - Trial 1 | Epoch 13 | Batch 400/427 (93.7%) | Loss: 0.7665
2026-02-25 19:35:57,934 - INFO - Trial 1, Epoch 13/50 | Train Loss: 0.7780 | Val Loss: 0.6412 | F1 Macro: 0.2892 | F1 Dir: 0.1336 | F1 [SELL/NEU/BUY]: [0.153/0.600/0.114] | LR: 0.000011
2026-02-25 19:36:01,418 - INFO - Trial 1 | Epoch 14 | Batch 100/427 (23.4%) | Loss: 0.8319
2026-02-25 19:36:04,404 - INFO - Trial 1 | Epoch 14 | Batch 200/427 (46.8%) | Loss: 0.7528
2026-02-25 19:36:07,427 - INFO - Trial 1 | Epoch 14 | Batch 300/427 (70.3%) | Loss: 0.7374
2026-02-25 19:36:10,501 - INFO - Trial 1 | Epoch 14 | Batch 400/427 (93.7%) | Loss: 0.9001
2026-02-25 19:36:13,188 - INFO - Trial 1, Epoch 14/50 | Train Loss: 0.7777 | Val Loss: 0.6414 | F1 Macro: 0.2912 | F1 Dir: 0.1350 | F1 [SELL/NEU/BUY]: [0.143/0.604/0.127] | LR: 0.000010
2026-02-25 19:36:16,658 - INFO - Trial 1 | Epoch 15 | Batch 100/427 (23.4%) | Loss: 0.8773
2026-02-25 19:36:19,679 - INFO - Trial 1 | Epoch 15 | Batch 200/427 (46.8%) | Loss: 0.7798
2026-02-25 19:36:22,668 - INFO - Trial 1 | Epoch 15 | Batch 300/427 (70.3%) | Loss: 0.8699
2026-02-25 19:36:25,654 - INFO - Trial 1 | Epoch 15 | Batch 400/427 (93.7%) | Loss: 0.8411
2026-02-25 19:36:28,250 - INFO - Trial 1, Epoch 15/50 | Train Loss: 0.7772 | Val Loss: 0.6412 | F1 Macro: 0.2984 | F1 Dir: 0.1364 | F1 [SELL/NEU/BUY]: [0.145/0.622/0.127] | LR: 0.000010
2026-02-25 19:36:31,682 - INFO - Trial 1 | Epoch 16 | Batch 100/427 (23.4%) | Loss: 0.8035
2026-02-25 19:36:34,657 - INFO - Trial 1 | Epoch 16 | Batch 200/427 (46.8%) | Loss: 0.8033
2026-02-25 19:36:37,653 - INFO - Trial 1 | Epoch 16 | Batch 300/427 (70.3%) | Loss: 0.6807
2026-02-25 19:36:40,582 - INFO - Trial 1 | Epoch 16 | Batch 400/427 (93.7%) | Loss: 0.7538
2026-02-25 19:36:43,168 - INFO - Trial 1, Epoch 16/50 | Train Loss: 0.7768 | Val Loss: 0.6405 | F1 Macro: 0.3039 | F1 Dir: 0.1375 | F1 [SELL/NEU/BUY]: [0.156/0.637/0.119] | LR: 0.000010
2026-02-25 19:36:46,585 - INFO - Trial 1 | Epoch 17 | Batch 100/427 (23.4%) | Loss: 0.6324
2026-02-25 19:36:49,455 - INFO - Trial 1 | Epoch 17 | Batch 200/427 (46.8%) | Loss: 0.7648
2026-02-25 19:36:52,255 - INFO - Trial 1 | Epoch 17 | Batch 300/427 (70.3%) | Loss: 0.7961
2026-02-25 19:36:54,709 - INFO - Trial 1 | Epoch 17 | Batch 400/427 (93.7%) | Loss: 0.6979
2026-02-25 19:36:57,468 - INFO - Trial 1, Epoch 17/50 | Train Loss: 0.7762 | Val Loss: 0.6405 | F1 Macro: 0.3106 | F1 Dir: 0.1413 | F1 [SELL/NEU/BUY]: [0.154/0.649/0.128] | LR: 0.000009
2026-02-25 19:36:57,492 - INFO - 🥇 [MACRO]  Trial 1 | Global F1 Macro record: 0.3106 (prev: 0.3090) → saved best_tcn_lstm.pt
2026-02-25 19:37:00,954 - INFO - Trial 1 | Epoch 18 | Batch 100/427 (23.4%) | Loss: 0.8059
2026-02-25 19:37:03,897 - INFO - Trial 1 | Epoch 18 | Batch 200/427 (46.8%) | Loss: 0.7029
2026-02-25 19:37:06,880 - INFO - Trial 1 | Epoch 18 | Batch 300/427 (70.3%) | Loss: 0.8053
2026-02-25 19:37:09,829 - INFO - Trial 1 | Epoch 18 | Batch 400/427 (93.7%) | Loss: 0.9405
2026-02-25 19:37:12,448 - INFO - Trial 1, Epoch 18/50 | Train Loss: 0.7757 | Val Loss: 0.6417 | F1 Macro: 0.2893 | F1 Dir: 0.1333 | F1 [SELL/NEU/BUY]: [0.143/0.601/0.124] | LR: 0.000009
2026-02-25 19:37:15,855 - INFO - Trial 1 | Epoch 19 | Batch 100/427 (23.4%) | Loss: 0.7520
2026-02-25 19:37:18,828 - INFO - Trial 1 | Epoch 19 | Batch 200/427 (46.8%) | Loss: 0.8141
2026-02-25 19:37:21,838 - INFO - Trial 1 | Epoch 19 | Batch 300/427 (70.3%) | Loss: 0.7349
2026-02-25 19:37:24,866 - INFO - Trial 1 | Epoch 19 | Batch 400/427 (93.7%) | Loss: 0.8096
2026-02-25 19:37:27,499 - INFO - Trial 1, Epoch 19/50 | Train Loss: 0.7759 | Val Loss: 0.6405 | F1 Macro: 0.2942 | F1 Dir: 0.1343 | F1 [SELL/NEU/BUY]: [0.150/0.614/0.118] | LR: 0.000009
2026-02-25 19:37:27,557 - INFO - Trial 1 stopped early due to patience (3 epochs without improvement)
2026-02-25 19:37:28,523 - INFO - Trial 2 START | tcn=256, lstm=64, layers=2, batch=2048, seq=96, drop=0.494, lr=0.000015, wd=0.000174
2026-02-25 19:37:37,825 - INFO - Trial 2 | Epoch 1 | Batch 100/107 (93.5%) | Loss: 0.8487
2026-02-25 19:37:39,975 - INFO - Trial 2, Epoch 1/50 | Train Loss: 0.8622 | Val Loss: 0.6976 | F1 Macro: 0.0334 | F1 Dir: 0.0501 | F1 [SELL/NEU/BUY]: [0.100/0.000/0.000] | LR: 0.000015
2026-02-25 19:37:49,171 - INFO - Trial 2 | Epoch 2 | Batch 100/107 (93.5%) | Loss: 0.8364
2026-02-25 19:37:51,358 - INFO - Trial 2, Epoch 2/50 | Train Loss: 0.8415 | Val Loss: 0.6802 | F1 Macro: 0.0334 | F1 Dir: 0.0501 | F1 [SELL/NEU/BUY]: [0.100/0.000/0.000] | LR: 0.000015
2026-02-25 19:38:00,304 - INFO - Trial 2 | Epoch 3 | Batch 100/107 (93.5%) | Loss: 0.8742
2026-02-25 19:38:02,526 - INFO - Trial 2, Epoch 3/50 | Train Loss: 0.8171 | Val Loss: 0.6667 | F1 Macro: 0.0681 | F1 Dir: 0.0523 | F1 [SELL/NEU/BUY]: [0.105/0.100/0.000] | LR: 0.000015
2026-02-25 19:38:11,649 - INFO - Trial 2 | Epoch 4 | Batch 100/107 (93.5%) | Loss: 0.7770
2026-02-25 19:38:13,794 - INFO - Trial 2, Epoch 4/50 | Train Loss: 0.8004 | Val Loss: 0.6608 | F1 Macro: 0.1742 | F1 Dir: 0.0632 | F1 [SELL/NEU/BUY]: [0.124/0.396/0.002] | LR: 0.000015
2026-02-25 19:38:22,844 - INFO - Trial 2 | Epoch 5 | Batch 100/107 (93.5%) | Loss: 0.7709
2026-02-25 19:38:25,014 - INFO - Trial 2, Epoch 5/50 | Train Loss: 0.7934 | Val Loss: 0.6562 | F1 Macro: 0.2395 | F1 Dir: 0.1085 | F1 [SELL/NEU/BUY]: [0.131/0.501/0.086] | LR: 0.000015
2026-02-25 19:38:34,030 - INFO - Trial 2 | Epoch 6 | Batch 100/107 (93.5%) | Loss: 0.7612
2026-02-25 19:38:36,178 - INFO - Trial 2, Epoch 6/50 | Train Loss: 0.7898 | Val Loss: 0.6534 | F1 Macro: 0.2220 | F1 Dir: 0.0773 | F1 [SELL/NEU/BUY]: [0.136/0.511/0.018] | LR: 0.000015
2026-02-25 19:38:45,193 - INFO - Trial 2 | Epoch 7 | Batch 100/107 (93.5%) | Loss: 0.7841
2026-02-25 19:38:47,350 - INFO - Trial 2, Epoch 7/50 | Train Loss: 0.7872 | Val Loss: 0.6511 | F1 Macro: 0.2600 | F1 Dir: 0.1202 | F1 [SELL/NEU/BUY]: [0.135/0.539/0.105] | LR: 0.000015
2026-02-25 19:38:56,573 - INFO - Trial 2 | Epoch 8 | Batch 100/107 (93.5%) | Loss: 0.7648
2026-02-25 19:38:58,736 - INFO - Trial 2, Epoch 8/50 | Train Loss: 0.7860 | Val Loss: 0.6497 | F1 Macro: 0.2845 | F1 Dir: 0.1462 | F1 [SELL/NEU/BUY]: [0.131/0.561/0.161] | LR: 0.000014
2026-02-25 19:39:07,954 - INFO - Trial 2 | Epoch 9 | Batch 100/107 (93.5%) | Loss: 0.7919
2026-02-25 19:39:10,116 - INFO - Trial 2, Epoch 9/50 | Train Loss: 0.7844 | Val Loss: 0.6485 | F1 Macro: 0.2958 | F1 Dir: 0.1574 | F1 [SELL/NEU/BUY]: [0.127/0.573/0.188] | LR: 0.000014
2026-02-25 19:39:10,140 - INFO - 🏆 [DIR]    Trial 2 | Global F1 Dir record: 0.1574 (prev: 0.1558) → saved best_tcn_lstm_dir.pt
2026-02-25 19:39:19,246 - INFO - Trial 2 | Epoch 10 | Batch 100/107 (93.5%) | Loss: 0.7837
2026-02-25 19:39:21,453 - INFO - Trial 2, Epoch 10/50 | Train Loss: 0.7830 | Val Loss: 0.6481 | F1 Macro: 0.2972 | F1 Dir: 0.1555 | F1 [SELL/NEU/BUY]: [0.126/0.581/0.185] | LR: 0.000014
2026-02-25 19:39:30,332 - INFO - Trial 2 | Epoch 11 | Batch 100/107 (93.5%) | Loss: 0.7917
2026-02-25 19:39:32,545 - INFO - Trial 2, Epoch 11/50 | Train Loss: 0.7822 | Val Loss: 0.6474 | F1 Macro: 0.2993 | F1 Dir: 0.1512 | F1 [SELL/NEU/BUY]: [0.131/0.596/0.172] | LR: 0.000014
2026-02-25 19:39:41,677 - INFO - Trial 2 | Epoch 12 | Batch 100/107 (93.5%) | Loss: 0.7720
2026-02-25 19:39:43,856 - INFO - Trial 2, Epoch 12/50 | Train Loss: 0.7821 | Val Loss: 0.6465 | F1 Macro: 0.3002 | F1 Dir: 0.1497 | F1 [SELL/NEU/BUY]: [0.133/0.601/0.166] | LR: 0.000013
2026-02-25 19:39:52,924 - INFO - Trial 2 | Epoch 13 | Batch 100/107 (93.5%) | Loss: 0.7505
2026-02-25 19:39:55,129 - INFO - Trial 2, Epoch 13/50 | Train Loss: 0.7808 | Val Loss: 0.6463 | F1 Macro: 0.2997 | F1 Dir: 0.1470 | F1 [SELL/NEU/BUY]: [0.136/0.605/0.158] | LR: 0.000013
2026-02-25 19:40:04,054 - INFO - Trial 2 | Epoch 14 | Batch 100/107 (93.5%) | Loss: 0.7531
2026-02-25 19:40:06,224 - INFO - Trial 2, Epoch 14/50 | Train Loss: 0.7805 | Val Loss: 0.6465 | F1 Macro: 0.2922 | F1 Dir: 0.1433 | F1 [SELL/NEU/BUY]: [0.135/0.590/0.151] | LR: 0.000013
2026-02-25 19:40:15,205 - INFO - Trial 2 | Epoch 15 | Batch 100/107 (93.5%) | Loss: 0.7978
2026-02-25 19:40:17,314 - INFO - Trial 2, Epoch 15/50 | Train Loss: 0.7801 | Val Loss: 0.6459 | F1 Macro: 0.3010 | F1 Dir: 0.1465 | F1 [SELL/NEU/BUY]: [0.138/0.610/0.155] | LR: 0.000012
2026-02-25 19:40:26,295 - INFO - Trial 2 | Epoch 16 | Batch 100/107 (93.5%) | Loss: 0.8234
2026-02-25 19:40:28,520 - INFO - Trial 2, Epoch 16/50 | Train Loss: 0.7788 | Val Loss: 0.6453 | F1 Macro: 0.2992 | F1 Dir: 0.1448 | F1 [SELL/NEU/BUY]: [0.139/0.608/0.150] | LR: 0.000012
2026-02-25 19:40:37,511 - INFO - Trial 2 | Epoch 17 | Batch 100/107 (93.5%) | Loss: 0.7453
2026-02-25 19:40:39,703 - INFO - Trial 2, Epoch 17/50 | Train Loss: 0.7785 | Val Loss: 0.6450 | F1 Macro: 0.3001 | F1 Dir: 0.1438 | F1 [SELL/NEU/BUY]: [0.142/0.613/0.146] | LR: 0.000011
2026-02-25 19:40:48,806 - INFO - Trial 2 | Epoch 18 | Batch 100/107 (93.5%) | Loss: 0.7770
2026-02-25 19:40:50,962 - INFO - Trial 2, Epoch 18/50 | Train Loss: 0.7783 | Val Loss: 0.6450 | F1 Macro: 0.2978 | F1 Dir: 0.1433 | F1 [SELL/NEU/BUY]: [0.141/0.607/0.146] | LR: 0.000011
2026-02-25 19:41:00,095 - INFO - Trial 2 | Epoch 19 | Batch 100/107 (93.5%) | Loss: 0.7796
2026-02-25 19:41:02,199 - INFO - Trial 2, Epoch 19/50 | Train Loss: 0.7773 | Val Loss: 0.6448 | F1 Macro: 0.3023 | F1 Dir: 0.1453 | F1 [SELL/NEU/BUY]: [0.142/0.616/0.148] | LR: 0.000011
2026-02-25 19:41:11,199 - INFO - Trial 2 | Epoch 20 | Batch 100/107 (93.5%) | Loss: 0.7705
2026-02-25 19:41:13,350 - INFO - Trial 2, Epoch 20/50 | Train Loss: 0.7773 | Val Loss: 0.6447 | F1 Macro: 0.2949 | F1 Dir: 0.1410 | F1 [SELL/NEU/BUY]: [0.144/0.603/0.138] | LR: 0.000010
2026-02-25 19:41:22,270 - INFO - Trial 2 | Epoch 21 | Batch 100/107 (93.5%) | Loss: 0.7759
2026-02-25 19:41:24,487 - INFO - Trial 2, Epoch 21/50 | Train Loss: 0.7768 | Val Loss: 0.6448 | F1 Macro: 0.2969 | F1 Dir: 0.1431 | F1 [SELL/NEU/BUY]: [0.140/0.604/0.147] | LR: 0.000010
2026-02-25 19:41:33,552 - INFO - Trial 2 | Epoch 22 | Batch 100/107 (93.5%) | Loss: 0.7565
2026-02-25 19:41:35,756 - INFO - Trial 2, Epoch 22/50 | Train Loss: 0.7766 | Val Loss: 0.6445 | F1 Macro: 0.2975 | F1 Dir: 0.1421 | F1 [SELL/NEU/BUY]: [0.143/0.608/0.141] | LR: 0.000009
2026-02-25 19:41:44,973 - INFO - Trial 2 | Epoch 23 | Batch 100/107 (93.5%) | Loss: 0.7694
2026-02-25 19:41:47,116 - INFO - Trial 2, Epoch 23/50 | Train Loss: 0.7761 | Val Loss: 0.6443 | F1 Macro: 0.2982 | F1 Dir: 0.1427 | F1 [SELL/NEU/BUY]: [0.144/0.609/0.142] | LR: 0.000009
2026-02-25 19:41:56,121 - INFO - Trial 2 | Epoch 24 | Batch 100/107 (93.5%) | Loss: 0.7206
2026-02-25 19:41:58,215 - INFO - Trial 2, Epoch 24/50 | Train Loss: 0.7756 | Val Loss: 0.6448 | F1 Macro: 0.2934 | F1 Dir: 0.1413 | F1 [SELL/NEU/BUY]: [0.141/0.598/0.141] | LR: 0.000008
2026-02-25 19:42:07,347 - INFO - Trial 2 | Epoch 25 | Batch 100/107 (93.5%) | Loss: 0.7717
2026-02-25 19:42:09,506 - INFO - Trial 2, Epoch 25/50 | Train Loss: 0.7756 | Val Loss: 0.6446 | F1 Macro: 0.2963 | F1 Dir: 0.1421 | F1 [SELL/NEU/BUY]: [0.143/0.605/0.142] | LR: 0.000008
2026-02-25 19:42:18,623 - INFO - Trial 2 | Epoch 26 | Batch 100/107 (93.5%) | Loss: 0.7948
2026-02-25 19:42:20,772 - INFO - Trial 2, Epoch 26/50 | Train Loss: 0.7754 | Val Loss: 0.6445 | F1 Macro: 0.2945 | F1 Dir: 0.1397 | F1 [SELL/NEU/BUY]: [0.144/0.604/0.135] | LR: 0.000007
2026-02-25 19:42:20,836 - INFO - Trial 2 stopped early due to patience (3 epochs without improvement)
2026-02-25 19:42:21,541 - INFO - Trial 3 START | tcn=128, lstm=64, layers=3, batch=1024, seq=24, drop=0.444, lr=0.000018, wd=0.000577
2026-02-25 19:42:24,060 - INFO - Trial 3 | Epoch 1 | Batch 100/214 (46.7%) | Loss: 0.8737
2026-02-25 19:42:25,950 - INFO - Trial 3 | Epoch 1 | Batch 200/214 (93.5%) | Loss: 0.8467
2026-02-25 19:42:27,423 - INFO - Trial 3, Epoch 1/50 | Train Loss: 0.8794 | Val Loss: 0.6955 | F1 Macro: 0.0342 | F1 Dir: 0.0502 | F1 [SELL/NEU/BUY]: [0.100/0.002/0.000] | LR: 0.000018
2026-02-25 19:42:29,847 - INFO - Trial 3 | Epoch 2 | Batch 100/214 (46.7%) | Loss: 0.8020
2026-02-25 19:42:31,753 - INFO - Trial 3 | Epoch 2 | Batch 200/214 (93.5%) | Loss: 0.8622
2026-02-25 19:42:33,192 - INFO - Trial 3, Epoch 2/50 | Train Loss: 0.8242 | Val Loss: 0.6584 | F1 Macro: 0.1523 | F1 Dir: 0.0598 | F1 [SELL/NEU/BUY]: [0.120/0.337/0.000] | LR: 0.000018
2026-02-25 19:42:35,680 - INFO - Trial 3 | Epoch 3 | Batch 100/214 (46.7%) | Loss: 0.8545
2026-02-25 19:42:37,612 - INFO - Trial 3 | Epoch 3 | Batch 200/214 (93.5%) | Loss: 0.8082
2026-02-25 19:42:39,089 - INFO - Trial 3, Epoch 3/50 | Train Loss: 0.7967 | Val Loss: 0.6494 | F1 Macro: 0.1580 | F1 Dir: 0.0606 | F1 [SELL/NEU/BUY]: [0.121/0.353/0.000] | LR: 0.000018
2026-02-25 19:42:41,542 - INFO - Trial 3 | Epoch 4 | Batch 100/214 (46.7%) | Loss: 0.8255
2026-02-25 19:42:43,495 - INFO - Trial 3 | Epoch 4 | Batch 200/214 (93.5%) | Loss: 0.7584
2026-02-25 19:42:44,976 - INFO - Trial 3, Epoch 4/50 | Train Loss: 0.7923 | Val Loss: 0.6476 | F1 Macro: 0.1822 | F1 Dir: 0.0637 | F1 [SELL/NEU/BUY]: [0.127/0.419/0.000] | LR: 0.000018
2026-02-25 19:42:47,584 - INFO - Trial 3 | Epoch 5 | Batch 100/214 (46.7%) | Loss: 0.8539
2026-02-25 19:42:49,484 - INFO - Trial 3 | Epoch 5 | Batch 200/214 (93.5%) | Loss: 0.8381
2026-02-25 19:42:51,047 - INFO - Trial 3, Epoch 5/50 | Train Loss: 0.7901 | Val Loss: 0.6469 | F1 Macro: 0.1986 | F1 Dir: 0.0658 | F1 [SELL/NEU/BUY]: [0.132/0.464/0.000] | LR: 0.000018
2026-02-25 19:42:53,561 - INFO - Trial 3 | Epoch 6 | Batch 100/214 (46.7%) | Loss: 0.7393
2026-02-25 19:42:55,606 - INFO - Trial 3 | Epoch 6 | Batch 200/214 (93.5%) | Loss: 0.7394
2026-02-25 19:42:57,051 - INFO - Trial 3, Epoch 6/50 | Train Loss: 0.7882 | Val Loss: 0.6451 | F1 Macro: 0.2156 | F1 Dir: 0.0683 | F1 [SELL/NEU/BUY]: [0.137/0.510/0.000] | LR: 0.000018
2026-02-25 19:42:59,482 - INFO - Trial 3 | Epoch 7 | Batch 100/214 (46.7%) | Loss: 0.7706
2026-02-25 19:43:01,387 - INFO - Trial 3 | Epoch 7 | Batch 200/214 (93.5%) | Loss: 0.8090
2026-02-25 19:43:02,829 - INFO - Trial 3, Epoch 7/50 | Train Loss: 0.7873 | Val Loss: 0.6444 | F1 Macro: 0.2228 | F1 Dir: 0.0696 | F1 [SELL/NEU/BUY]: [0.139/0.529/0.000] | LR: 0.000018
2026-02-25 19:43:05,263 - INFO - Trial 3 | Epoch 8 | Batch 100/214 (46.7%) | Loss: 0.7230
2026-02-25 19:43:07,236 - INFO - Trial 3 | Epoch 8 | Batch 200/214 (93.5%) | Loss: 0.8419
2026-02-25 19:43:08,697 - INFO - Trial 3, Epoch 8/50 | Train Loss: 0.7853 | Val Loss: 0.6442 | F1 Macro: 0.2643 | F1 Dir: 0.1272 | F1 [SELL/NEU/BUY]: [0.130/0.538/0.124] | LR: 0.000017
2026-02-25 19:43:11,153 - INFO - Trial 3 | Epoch 9 | Batch 100/214 (46.7%) | Loss: 0.7982
2026-02-25 19:43:13,051 - INFO - Trial 3 | Epoch 9 | Batch 200/214 (93.5%) | Loss: 0.7866
2026-02-25 19:43:14,497 - INFO - Trial 3, Epoch 9/50 | Train Loss: 0.7849 | Val Loss: 0.6430 | F1 Macro: 0.2900 | F1 Dir: 0.1574 | F1 [SELL/NEU/BUY]: [0.127/0.555/0.188] | LR: 0.000017
2026-02-25 19:43:14,517 - INFO - 🏆 [DIR]    Trial 3 | Global F1 Dir record: 0.1574 (prev: 0.1574) → saved best_tcn_lstm_dir.pt
2026-02-25 19:43:16,950 - INFO - Trial 3 | Epoch 10 | Batch 100/214 (46.7%) | Loss: 0.7736
2026-02-25 19:43:18,853 - INFO - Trial 3 | Epoch 10 | Batch 200/214 (93.5%) | Loss: 0.8331
2026-02-25 19:43:20,296 - INFO - Trial 3, Epoch 10/50 | Train Loss: 0.7843 | Val Loss: 0.6426 | F1 Macro: 0.2732 | F1 Dir: 0.1339 | F1 [SELL/NEU/BUY]: [0.132/0.552/0.136] | LR: 0.000017
2026-02-25 19:43:22,704 - INFO - Trial 3 | Epoch 11 | Batch 100/214 (46.7%) | Loss: 0.7601
2026-02-25 19:43:24,600 - INFO - Trial 3 | Epoch 11 | Batch 200/214 (93.5%) | Loss: 0.6957
2026-02-25 19:43:26,099 - INFO - Trial 3, Epoch 11/50 | Train Loss: 0.7835 | Val Loss: 0.6416 | F1 Macro: 0.2989 | F1 Dir: 0.1546 | F1 [SELL/NEU/BUY]: [0.132/0.587/0.177] | LR: 0.000016
2026-02-25 19:43:28,727 - INFO - Trial 3 | Epoch 12 | Batch 100/214 (46.7%) | Loss: 0.7749
2026-02-25 19:43:30,672 - INFO - Trial 3 | Epoch 12 | Batch 200/214 (93.5%) | Loss: 0.8286
2026-02-25 19:43:32,103 - INFO - Trial 3, Epoch 12/50 | Train Loss: 0.7830 | Val Loss: 0.6416 | F1 Macro: 0.3114 | F1 Dir: 0.1689 | F1 [SELL/NEU/BUY]: [0.128/0.597/0.210] | LR: 0.000016
2026-02-25 19:43:32,121 - INFO - 🥇 [MACRO]  Trial 3 | Global F1 Macro record: 0.3114 (prev: 0.3106) → saved best_tcn_lstm.pt
2026-02-25 19:43:32,153 - INFO - 🏆 [DIR]    Trial 3 | Global F1 Dir record: 0.1689 (prev: 0.1574) → saved best_tcn_lstm_dir.pt
2026-02-25 19:43:34,659 - INFO - Trial 3 | Epoch 13 | Batch 100/214 (46.7%) | Loss: 0.7773
2026-02-25 19:43:36,566 - INFO - Trial 3 | Epoch 13 | Batch 200/214 (93.5%) | Loss: 0.8613
2026-02-25 19:43:37,987 - INFO - Trial 3, Epoch 13/50 | Train Loss: 0.7826 | Val Loss: 0.6412 | F1 Macro: 0.3054 | F1 Dir: 0.1701 | F1 [SELL/NEU/BUY]: [0.123/0.576/0.217] | LR: 0.000015
2026-02-25 19:43:38,092 - INFO - 🏆 [DIR]    Trial 3 | Global F1 Dir record: 0.1701 (prev: 0.1689) → saved best_tcn_lstm_dir.pt
2026-02-25 19:43:40,599 - INFO - Trial 3 | Epoch 14 | Batch 100/214 (46.7%) | Loss: 0.7166
2026-02-25 19:43:42,520 - INFO - Trial 3 | Epoch 14 | Batch 200/214 (93.5%) | Loss: 0.8443
2026-02-25 19:43:44,012 - INFO - Trial 3, Epoch 14/50 | Train Loss: 0.7816 | Val Loss: 0.6408 | F1 Macro: 0.3119 | F1 Dir: 0.1711 | F1 [SELL/NEU/BUY]: [0.122/0.594/0.220] | LR: 0.000015
2026-02-25 19:43:44,033 - INFO - 🥇 [MACRO]  Trial 3 | Global F1 Macro record: 0.3119 (prev: 0.3114) → saved best_tcn_lstm.pt
2026-02-25 19:43:44,069 - INFO - 🏆 [DIR]    Trial 3 | Global F1 Dir record: 0.1711 (prev: 0.1701) → saved best_tcn_lstm_dir.pt
2026-02-25 19:43:46,561 - INFO - Trial 3 | Epoch 15 | Batch 100/214 (46.7%) | Loss: 0.8195
2026-02-25 19:43:48,495 - INFO - Trial 3 | Epoch 15 | Batch 200/214 (93.5%) | Loss: 0.7566
2026-02-25 19:43:49,958 - INFO - Trial 3, Epoch 15/50 | Train Loss: 0.7811 | Val Loss: 0.6406 | F1 Macro: 0.3168 | F1 Dir: 0.1717 | F1 [SELL/NEU/BUY]: [0.127/0.607/0.217] | LR: 0.000015
2026-02-25 19:43:50,105 - INFO - 🥇 [MACRO]  Trial 3 | Global F1 Macro record: 0.3168 (prev: 0.3119) → saved best_tcn_lstm.pt
2026-02-25 19:43:50,127 - INFO - 🏆 [DIR]    Trial 3 | Global F1 Dir record: 0.1717 (prev: 0.1711) → saved best_tcn_lstm_dir.pt
2026-02-25 19:43:52,734 - INFO - Trial 3 | Epoch 16 | Batch 100/214 (46.7%) | Loss: 0.7824
2026-02-25 19:43:54,650 - INFO - Trial 3 | Epoch 16 | Batch 200/214 (93.5%) | Loss: 0.7732
2026-02-25 19:43:56,080 - INFO - Trial 3, Epoch 16/50 | Train Loss: 0.7810 | Val Loss: 0.6401 | F1 Macro: 0.3221 | F1 Dir: 0.1724 | F1 [SELL/NEU/BUY]: [0.128/0.622/0.217] | LR: 0.000014
2026-02-25 19:43:56,095 - INFO - 🥇 [MACRO]  Trial 3 | Global F1 Macro record: 0.3221 (prev: 0.3168) → saved best_tcn_lstm.pt
2026-02-25 19:43:56,195 - INFO - 🏆 [DIR]    Trial 3 | Global F1 Dir record: 0.1724 (prev: 0.1717) → saved best_tcn_lstm_dir.pt
2026-02-25 19:43:58,591 - INFO - Trial 3 | Epoch 17 | Batch 100/214 (46.7%) | Loss: 0.7942
2026-02-25 19:44:00,466 - INFO - Trial 3 | Epoch 17 | Batch 200/214 (93.5%) | Loss: 0.7407
2026-02-25 19:44:02,060 - INFO - Trial 3, Epoch 17/50 | Train Loss: 0.7799 | Val Loss: 0.6399 | F1 Macro: 0.3161 | F1 Dir: 0.1681 | F1 [SELL/NEU/BUY]: [0.128/0.612/0.208] | LR: 0.000014
2026-02-25 19:44:04,494 - INFO - Trial 3 | Epoch 18 | Batch 100/214 (46.7%) | Loss: 0.7643
2026-02-25 19:44:06,423 - INFO - Trial 3 | Epoch 18 | Batch 200/214 (93.5%) | Loss: 0.7575
2026-02-25 19:44:07,887 - INFO - Trial 3, Epoch 18/50 | Train Loss: 0.7800 | Val Loss: 0.6400 | F1 Macro: 0.3208 | F1 Dir: 0.1682 | F1 [SELL/NEU/BUY]: [0.126/0.626/0.210] | LR: 0.000013
2026-02-25 19:44:10,307 - INFO - Trial 3 | Epoch 19 | Batch 100/214 (46.7%) | Loss: 0.7388
2026-02-25 19:44:12,219 - INFO - Trial 3 | Epoch 19 | Batch 200/214 (93.5%) | Loss: 0.7616
2026-02-25 19:44:13,712 - INFO - Trial 3, Epoch 19/50 | Train Loss: 0.7803 | Val Loss: 0.6399 | F1 Macro: 0.3131 | F1 Dir: 0.1635 | F1 [SELL/NEU/BUY]: [0.128/0.612/0.198] | LR: 0.000013
2026-02-25 19:44:16,157 - INFO - Trial 3 | Epoch 20 | Batch 100/214 (46.7%) | Loss: 0.7929
2026-02-25 19:44:18,059 - INFO - Trial 3 | Epoch 20 | Batch 200/214 (93.5%) | Loss: 0.7906
2026-02-25 19:44:19,541 - INFO - Trial 3, Epoch 20/50 | Train Loss: 0.7798 | Val Loss: 0.6394 | F1 Macro: 0.3163 | F1 Dir: 0.1606 | F1 [SELL/NEU/BUY]: [0.132/0.628/0.189] | LR: 0.000012
2026-02-25 19:44:21,951 - INFO - Trial 3 | Epoch 21 | Batch 100/214 (46.7%) | Loss: 0.7548
2026-02-25 19:44:23,862 - INFO - Trial 3 | Epoch 21 | Batch 200/214 (93.5%) | Loss: 0.7350
2026-02-25 19:44:25,304 - INFO - Trial 3, Epoch 21/50 | Train Loss: 0.7797 | Val Loss: 0.6400 | F1 Macro: 0.3071 | F1 Dir: 0.1566 | F1 [SELL/NEU/BUY]: [0.126/0.608/0.187] | LR: 0.000011
2026-02-25 19:44:27,727 - INFO - Trial 3 | Epoch 22 | Batch 100/214 (46.7%) | Loss: 0.7551
2026-02-25 19:44:29,638 - INFO - Trial 3 | Epoch 22 | Batch 200/214 (93.5%) | Loss: 0.7601
2026-02-25 19:44:31,112 - INFO - Trial 3, Epoch 22/50 | Train Loss: 0.7793 | Val Loss: 0.6395 | F1 Macro: 0.3144 | F1 Dir: 0.1575 | F1 [SELL/NEU/BUY]: [0.129/0.628/0.186] | LR: 0.000011
2026-02-25 19:44:33,504 - INFO - Trial 3 | Epoch 23 | Batch 100/214 (46.7%) | Loss: 0.7581
2026-02-25 19:44:35,656 - INFO - Trial 3 | Epoch 23 | Batch 200/214 (93.5%) | Loss: 0.7614
2026-02-25 19:44:37,135 - INFO - Trial 3, Epoch 23/50 | Train Loss: 0.7790 | Val Loss: 0.6388 | F1 Macro: 0.3152 | F1 Dir: 0.1564 | F1 [SELL/NEU/BUY]: [0.130/0.633/0.183] | LR: 0.000010
2026-02-25 19:44:39,546 - INFO - Trial 3 | Epoch 24 | Batch 100/214 (46.7%) | Loss: 0.8003
2026-02-25 19:44:41,401 - INFO - Trial 3 | Epoch 24 | Batch 200/214 (93.5%) | Loss: 0.7907
2026-02-25 19:44:42,871 - INFO - Trial 3, Epoch 24/50 | Train Loss: 0.7781 | Val Loss: 0.6393 | F1 Macro: 0.3103 | F1 Dir: 0.1546 | F1 [SELL/NEU/BUY]: [0.127/0.622/0.182] | LR: 0.000010
2026-02-25 19:44:45,233 - INFO - Trial 3 | Epoch 25 | Batch 100/214 (46.7%) | Loss: 0.7728
2026-02-25 19:44:47,146 - INFO - Trial 3 | Epoch 25 | Batch 200/214 (93.5%) | Loss: 0.7613
2026-02-25 19:44:48,589 - INFO - Trial 3, Epoch 25/50 | Train Loss: 0.7778 | Val Loss: 0.6393 | F1 Macro: 0.3139 | F1 Dir: 0.1551 | F1 [SELL/NEU/BUY]: [0.129/0.632/0.181] | LR: 0.000009
2026-02-25 19:44:50,948 - INFO - Trial 3 | Epoch 26 | Batch 100/214 (46.7%) | Loss: 0.8498
2026-02-25 19:44:52,838 - INFO - Trial 3 | Epoch 26 | Batch 200/214 (93.5%) | Loss: 0.6921
2026-02-25 19:44:54,275 - INFO - Trial 3, Epoch 26/50 | Train Loss: 0.7783 | Val Loss: 0.6393 | F1 Macro: 0.3097 | F1 Dir: 0.1521 | F1 [SELL/NEU/BUY]: [0.130/0.625/0.174] | LR: 0.000009
2026-02-25 19:44:54,331 - INFO - Trial 3 stopped early due to patience (3 epochs without improvement)
2026-02-25 19:44:55,242 - INFO - Trial 4 START | tcn=64, lstm=128, layers=2, batch=512, seq=24, drop=0.329, lr=0.000018, wd=0.000282
2026-02-25 19:44:57,380 - INFO - Trial 4 | Epoch 1 | Batch 100/427 (23.4%) | Loss: 0.8027
2026-02-25 19:44:59,118 - INFO - Trial 4 | Epoch 1 | Batch 200/427 (46.8%) | Loss: 0.7967
2026-02-25 19:45:00,849 - INFO - Trial 4 | Epoch 1 | Batch 300/427 (70.3%) | Loss: 0.7348
2026-02-25 19:45:02,583 - INFO - Trial 4 | Epoch 1 | Batch 400/427 (93.7%) | Loss: 0.7643
2026-02-25 19:45:04,483 - INFO - Trial 4, Epoch 1/50 | Train Loss: 0.8301 | Val Loss: 0.6544 | F1 Macro: 0.1630 | F1 Dir: 0.1211 | F1 [SELL/NEU/BUY]: [0.161/0.247/0.082] | LR: 0.000018
2026-02-25 19:45:06,880 - INFO - Trial 4 | Epoch 2 | Batch 100/427 (23.4%) | Loss: 0.7791
2026-02-25 19:45:08,793 - INFO - Trial 4 | Epoch 2 | Batch 200/427 (46.8%) | Loss: 0.7935
2026-02-25 19:45:10,531 - INFO - Trial 4 | Epoch 2 | Batch 300/427 (70.3%) | Loss: 0.7455
2026-02-25 19:45:12,266 - INFO - Trial 4 | Epoch 2 | Batch 400/427 (93.7%) | Loss: 0.7993
2026-02-25 19:45:14,136 - INFO - Trial 4, Epoch 2/50 | Train Loss: 0.7874 | Val Loss: 0.6469 | F1 Macro: 0.2268 | F1 Dir: 0.1188 | F1 [SELL/NEU/BUY]: [0.146/0.443/0.092] | LR: 0.000018
2026-02-25 19:45:16,648 - INFO - Trial 4 | Epoch 3 | Batch 100/427 (23.4%) | Loss: 0.8165
2026-02-25 19:45:18,392 - INFO - Trial 4 | Epoch 3 | Batch 200/427 (46.8%) | Loss: 0.8760
2026-02-25 19:45:20,141 - INFO - Trial 4 | Epoch 3 | Batch 300/427 (70.3%) | Loss: 0.8032
2026-02-25 19:45:21,867 - INFO - Trial 4 | Epoch 3 | Batch 400/427 (93.7%) | Loss: 0.8442
2026-02-25 19:45:23,636 - INFO - Trial 4, Epoch 3/50 | Train Loss: 0.7837 | Val Loss: 0.6429 | F1 Macro: 0.2610 | F1 Dir: 0.1237 | F1 [SELL/NEU/BUY]: [0.140/0.536/0.108] | LR: 0.000018
2026-02-25 19:45:26,026 - INFO - Trial 4 | Epoch 4 | Batch 100/427 (23.4%) | Loss: 0.7307
2026-02-25 19:45:27,751 - INFO - Trial 4 | Epoch 4 | Batch 200/427 (46.8%) | Loss: 0.8383
2026-02-25 19:45:29,488 - INFO - Trial 4 | Epoch 4 | Batch 300/427 (70.3%) | Loss: 0.7768
2026-02-25 19:45:31,214 - INFO - Trial 4 | Epoch 4 | Batch 400/427 (93.7%) | Loss: 0.7100
2026-02-25 19:45:33,059 - INFO - Trial 4, Epoch 4/50 | Train Loss: 0.7810 | Val Loss: 0.6415 | F1 Macro: 0.2850 | F1 Dir: 0.1361 | F1 [SELL/NEU/BUY]: [0.126/0.583/0.146] | LR: 0.000017
2026-02-25 19:45:35,296 - INFO - Trial 4 | Epoch 5 | Batch 100/427 (23.4%) | Loss: 0.8204
2026-02-25 19:45:37,043 - INFO - Trial 4 | Epoch 5 | Batch 200/427 (46.8%) | Loss: 0.9597
2026-02-25 19:45:38,791 - INFO - Trial 4 | Epoch 5 | Batch 300/427 (70.3%) | Loss: 0.7017
2026-02-25 19:45:40,467 - INFO - Trial 4 | Epoch 5 | Batch 400/427 (93.7%) | Loss: 0.8219
2026-02-25 19:45:42,427 - INFO - Trial 4, Epoch 5/50 | Train Loss: 0.7794 | Val Loss: 0.6415 | F1 Macro: 0.2827 | F1 Dir: 0.1354 | F1 [SELL/NEU/BUY]: [0.118/0.578/0.153] | LR: 0.000017
2026-02-25 19:45:44,576 - INFO - Trial 4 | Epoch 6 | Batch 100/427 (23.4%) | Loss: 0.8637
2026-02-25 19:45:46,324 - INFO - Trial 4 | Epoch 6 | Batch 200/427 (46.8%) | Loss: 0.7381
2026-02-25 19:45:48,133 - INFO - Trial 4 | Epoch 6 | Batch 300/427 (70.3%) | Loss: 0.8042
2026-02-25 19:45:49,926 - INFO - Trial 4 | Epoch 6 | Batch 400/427 (93.7%) | Loss: 0.7385
2026-02-25 19:45:51,788 - INFO - Trial 4, Epoch 6/50 | Train Loss: 0.7783 | Val Loss: 0.6412 | F1 Macro: 0.2743 | F1 Dir: 0.1328 | F1 [SELL/NEU/BUY]: [0.126/0.557/0.140] | LR: 0.000017
2026-02-25 19:45:53,995 - INFO - Trial 4 | Epoch 7 | Batch 100/427 (23.4%) | Loss: 0.7997
2026-02-25 19:45:55,723 - INFO - Trial 4 | Epoch 7 | Batch 200/427 (46.8%) | Loss: 0.7327
2026-02-25 19:45:57,508 - INFO - Trial 4 | Epoch 7 | Batch 300/427 (70.3%) | Loss: 0.6819
2026-02-25 19:45:59,322 - INFO - Trial 4 | Epoch 7 | Batch 400/427 (93.7%) | Loss: 0.7097
2026-02-25 19:46:01,192 - INFO - Trial 4, Epoch 7/50 | Train Loss: 0.7780 | Val Loss: 0.6396 | F1 Macro: 0.2801 | F1 Dir: 0.1310 | F1 [SELL/NEU/BUY]: [0.143/0.578/0.119] | LR: 0.000017
2026-02-25 19:46:03,480 - INFO - Trial 4 | Epoch 8 | Batch 100/427 (23.4%) | Loss: 0.7668
2026-02-25 19:46:05,238 - INFO - Trial 4 | Epoch 8 | Batch 200/427 (46.8%) | Loss: 0.8061
2026-02-25 19:46:06,994 - INFO - Trial 4 | Epoch 8 | Batch 300/427 (70.3%) | Loss: 0.7926
2026-02-25 19:46:08,764 - INFO - Trial 4 | Epoch 8 | Batch 400/427 (93.7%) | Loss: 0.7924
2026-02-25 19:46:10,591 - INFO - Trial 4, Epoch 8/50 | Train Loss: 0.7773 | Val Loss: 0.6396 | F1 Macro: 0.2792 | F1 Dir: 0.1306 | F1 [SELL/NEU/BUY]: [0.145/0.577/0.116] | LR: 0.000017
2026-02-25 19:46:12,907 - INFO - Trial 4 | Epoch 9 | Batch 100/427 (23.4%) | Loss: 0.7721
2026-02-25 19:46:14,831 - INFO - Trial 4 | Epoch 9 | Batch 200/427 (46.8%) | Loss: 0.7323
2026-02-25 19:46:16,594 - INFO - Trial 4 | Epoch 9 | Batch 300/427 (70.3%) | Loss: 0.7479
2026-02-25 19:46:18,355 - INFO - Trial 4 | Epoch 9 | Batch 400/427 (93.7%) | Loss: 0.7530
2026-02-25 19:46:20,200 - INFO - Trial 4, Epoch 9/50 | Train Loss: 0.7767 | Val Loss: 0.6392 | F1 Macro: 0.2881 | F1 Dir: 0.1367 | F1 [SELL/NEU/BUY]: [0.137/0.591/0.136] | LR: 0.000016
2026-02-25 19:46:22,467 - INFO - Trial 4 | Epoch 10 | Batch 100/427 (23.4%) | Loss: 0.8925
2026-02-25 19:46:24,209 - INFO - Trial 4 | Epoch 10 | Batch 200/427 (46.8%) | Loss: 0.8085
2026-02-25 19:46:25,969 - INFO - Trial 4 | Epoch 10 | Batch 300/427 (70.3%) | Loss: 0.8666
2026-02-25 19:46:27,807 - INFO - Trial 4 | Epoch 10 | Batch 400/427 (93.7%) | Loss: 0.7938
2026-02-25 19:46:29,497 - INFO - Trial 4, Epoch 10/50 | Train Loss: 0.7758 | Val Loss: 0.6394 | F1 Macro: 0.2877 | F1 Dir: 0.1367 | F1 [SELL/NEU/BUY]: [0.141/0.590/0.132] | LR: 0.000016
2026-02-25 19:46:31,724 - INFO - Trial 4 | Epoch 11 | Batch 100/427 (23.4%) | Loss: 0.8282
2026-02-25 19:46:33,460 - INFO - Trial 4 | Epoch 11 | Batch 200/427 (46.8%) | Loss: 0.7871
2026-02-25 19:46:35,193 - INFO - Trial 4 | Epoch 11 | Batch 300/427 (70.3%) | Loss: 0.6945
2026-02-25 19:46:36,930 - INFO - Trial 4 | Epoch 11 | Batch 400/427 (93.7%) | Loss: 0.7771
2026-02-25 19:46:38,749 - INFO - Trial 4, Epoch 11/50 | Train Loss: 0.7752 | Val Loss: 0.6388 | F1 Macro: 0.2867 | F1 Dir: 0.1344 | F1 [SELL/NEU/BUY]: [0.147/0.591/0.122] | LR: 0.000016
2026-02-25 19:46:40,964 - INFO - Trial 4 | Epoch 12 | Batch 100/427 (23.4%) | Loss: 0.7730
2026-02-25 19:46:42,702 - INFO - Trial 4 | Epoch 12 | Batch 200/427 (46.8%) | Loss: 0.7686
2026-02-25 19:46:44,434 - INFO - Trial 4 | Epoch 12 | Batch 300/427 (70.3%) | Loss: 0.7906
2026-02-25 19:46:46,175 - INFO - Trial 4 | Epoch 12 | Batch 400/427 (93.7%) | Loss: 0.7288
2026-02-25 19:46:48,117 - INFO - Trial 4, Epoch 12/50 | Train Loss: 0.7748 | Val Loss: 0.6391 | F1 Macro: 0.2884 | F1 Dir: 0.1357 | F1 [SELL/NEU/BUY]: [0.145/0.594/0.126] | LR: 0.000015
2026-02-25 19:46:50,297 - INFO - Trial 4 | Epoch 13 | Batch 100/427 (23.4%) | Loss: 0.7303
2026-02-25 19:46:52,045 - INFO - Trial 4 | Epoch 13 | Batch 200/427 (46.8%) | Loss: 0.8031
2026-02-25 19:46:53,768 - INFO - Trial 4 | Epoch 13 | Batch 300/427 (70.3%) | Loss: 0.8351
2026-02-25 19:46:55,502 - INFO - Trial 4 | Epoch 13 | Batch 400/427 (93.7%) | Loss: 0.7356
2026-02-25 19:46:57,357 - INFO - Trial 4, Epoch 13/50 | Train Loss: 0.7745 | Val Loss: 0.6390 | F1 Macro: 0.2822 | F1 Dir: 0.1330 | F1 [SELL/NEU/BUY]: [0.147/0.581/0.119] | LR: 0.000015
2026-02-25 19:46:59,551 - INFO - Trial 4 | Epoch 14 | Batch 100/427 (23.4%) | Loss: 0.8129
2026-02-25 19:47:01,279 - INFO - Trial 4 | Epoch 14 | Batch 200/427 (46.8%) | Loss: 0.7250
2026-02-25 19:47:03,005 - INFO - Trial 4 | Epoch 14 | Batch 300/427 (70.3%) | Loss: 0.7559
2026-02-25 19:47:04,742 - INFO - Trial 4 | Epoch 14 | Batch 400/427 (93.7%) | Loss: 0.7379
2026-02-25 19:47:06,591 - INFO - Trial 4, Epoch 14/50 | Train Loss: 0.7741 | Val Loss: 0.6384 | F1 Macro: 0.2922 | F1 Dir: 0.1386 | F1 [SELL/NEU/BUY]: [0.149/0.599/0.128] | LR: 0.000015
2026-02-25 19:47:08,836 - INFO - Trial 4 | Epoch 15 | Batch 100/427 (23.4%) | Loss: 0.7259
2026-02-25 19:47:10,560 - INFO - Trial 4 | Epoch 15 | Batch 200/427 (46.8%) | Loss: 0.7524
2026-02-25 19:47:12,192 - INFO - Trial 4 | Epoch 15 | Batch 300/427 (70.3%) | Loss: 0.8081
2026-02-25 19:47:13,890 - INFO - Trial 4 | Epoch 15 | Batch 400/427 (93.7%) | Loss: 0.9345
2026-02-25 19:47:15,772 - INFO - Trial 4, Epoch 15/50 | Train Loss: 0.7734 | Val Loss: 0.6387 | F1 Macro: 0.2916 | F1 Dir: 0.1398 | F1 [SELL/NEU/BUY]: [0.149/0.595/0.131] | LR: 0.000014
2026-02-25 19:47:17,934 - INFO - Trial 4 | Epoch 16 | Batch 100/427 (23.4%) | Loss: 0.8272
2026-02-25 19:47:19,594 - INFO - Trial 4 | Epoch 16 | Batch 200/427 (46.8%) | Loss: 0.7898
2026-02-25 19:47:21,427 - INFO - Trial 4 | Epoch 16 | Batch 300/427 (70.3%) | Loss: 0.7875
2026-02-25 19:47:23,072 - INFO - Trial 4 | Epoch 16 | Batch 400/427 (93.7%) | Loss: 0.7516
2026-02-25 19:47:24,932 - INFO - Trial 4, Epoch 16/50 | Train Loss: 0.7724 | Val Loss: 0.6394 | F1 Macro: 0.2836 | F1 Dir: 0.1378 | F1 [SELL/NEU/BUY]: [0.143/0.575/0.133] | LR: 0.000014
2026-02-25 19:47:27,013 - INFO - Trial 4 | Epoch 17 | Batch 100/427 (23.4%) | Loss: 0.7450
2026-02-25 19:47:28,659 - INFO - Trial 4 | Epoch 17 | Batch 200/427 (46.8%) | Loss: 0.8012
2026-02-25 19:47:30,315 - INFO - Trial 4 | Epoch 17 | Batch 300/427 (70.3%) | Loss: 0.8175
2026-02-25 19:47:31,994 - INFO - Trial 4 | Epoch 17 | Batch 400/427 (93.7%) | Loss: 0.7229
2026-02-25 19:47:33,752 - INFO - Trial 4, Epoch 17/50 | Train Loss: 0.7724 | Val Loss: 0.6390 | F1 Macro: 0.2876 | F1 Dir: 0.1388 | F1 [SELL/NEU/BUY]: [0.146/0.585/0.132] | LR: 0.000013
2026-02-25 19:47:33,811 - INFO - Trial 4 stopped early due to patience (3 epochs without improvement)
2026-02-25 19:47:34,489 - INFO - Trial 5 START | tcn=64, lstm=256, layers=4, batch=512, seq=24, drop=0.462, lr=0.000021, wd=0.001538
2026-02-25 19:47:37,284 - INFO - Trial 5 | Epoch 1 | Batch 100/427 (23.4%) | Loss: 0.7964
2026-02-25 19:47:39,801 - INFO - Trial 5 | Epoch 1 | Batch 200/427 (46.8%) | Loss: 0.8744
2026-02-25 19:47:42,350 - INFO - Trial 5 | Epoch 1 | Batch 300/427 (70.3%) | Loss: 0.7705
2026-02-25 19:47:44,854 - INFO - Trial 5 | Epoch 1 | Batch 400/427 (93.7%) | Loss: 0.8248
2026-02-25 19:47:47,021 - INFO - Trial 5, Epoch 1/50 | Train Loss: 0.8086 | Val Loss: 0.6555 | F1 Macro: 0.0932 | F1 Dir: 0.1011 | F1 [SELL/NEU/BUY]: [0.113/0.077/0.089] | LR: 0.000021
2026-02-25 19:47:50,135 - INFO - Trial 5 | Epoch 2 | Batch 100/427 (23.4%) | Loss: 0.7520
2026-02-25 19:47:52,702 - INFO - Trial 5 | Epoch 2 | Batch 200/427 (46.8%) | Loss: 0.7540
2026-02-25 19:47:55,501 - INFO - Trial 5 | Epoch 2 | Batch 300/427 (70.3%) | Loss: 0.8078
2026-02-25 19:47:58,045 - INFO - Trial 5 | Epoch 2 | Batch 400/427 (93.7%) | Loss: 0.7661
2026-02-25 19:48:00,249 - INFO - Trial 5, Epoch 2/50 | Train Loss: 0.7857 | Val Loss: 0.6486 | F1 Macro: 0.2485 | F1 Dir: 0.1211 | F1 [SELL/NEU/BUY]: [0.137/0.503/0.106] | LR: 0.000021
2026-02-25 19:48:03,115 - INFO - Trial 5 | Epoch 3 | Batch 100/427 (23.4%) | Loss: 0.7495
2026-02-25 19:48:05,244 - INFO - Trial 5 | Epoch 3 | Batch 200/427 (46.8%) | Loss: 0.6438
2026-02-25 19:48:07,461 - INFO - Trial 5 | Epoch 3 | Batch 300/427 (70.3%) | Loss: 0.7359
2026-02-25 19:48:09,809 - INFO - Trial 5 | Epoch 3 | Batch 400/427 (93.7%) | Loss: 0.7955
2026-02-25 19:48:11,989 - INFO - Trial 5, Epoch 3/50 | Train Loss: 0.7823 | Val Loss: 0.6436 | F1 Macro: 0.2654 | F1 Dir: 0.1146 | F1 [SELL/NEU/BUY]: [0.146/0.567/0.083] | LR: 0.000021
2026-02-25 19:48:15,094 - INFO - Trial 5 | Epoch 4 | Batch 100/427 (23.4%) | Loss: 0.7749
2026-02-25 19:48:17,481 - INFO - Trial 5 | Epoch 4 | Batch 200/427 (46.8%) | Loss: 0.7625
2026-02-25 19:48:19,981 - INFO - Trial 5 | Epoch 4 | Batch 300/427 (70.3%) | Loss: 0.7641
2026-02-25 19:48:22,545 - INFO - Trial 5 | Epoch 4 | Batch 400/427 (93.7%) | Loss: 0.7299
2026-02-25 19:48:24,747 - INFO - Trial 5, Epoch 4/50 | Train Loss: 0.7805 | Val Loss: 0.6428 | F1 Macro: 0.2786 | F1 Dir: 0.1358 | F1 [SELL/NEU/BUY]: [0.115/0.564/0.157] | LR: 0.000021
2026-02-25 19:48:28,238 - INFO - Trial 5 | Epoch 5 | Batch 100/427 (23.4%) | Loss: 0.7948
2026-02-25 19:48:30,811 - INFO - Trial 5 | Epoch 5 | Batch 200/427 (46.8%) | Loss: 0.8436
2026-02-25 19:48:33,389 - INFO - Trial 5 | Epoch 5 | Batch 300/427 (70.3%) | Loss: 0.7034
2026-02-25 19:48:35,974 - INFO - Trial 5 | Epoch 5 | Batch 400/427 (93.7%) | Loss: 0.7384
2026-02-25 19:48:38,181 - INFO - Trial 5, Epoch 5/50 | Train Loss: 0.7794 | Val Loss: 0.6421 | F1 Macro: 0.2796 | F1 Dir: 0.1379 | F1 [SELL/NEU/BUY]: [0.114/0.563/0.162] | LR: 0.000021
2026-02-25 19:48:41,314 - INFO - Trial 5 | Epoch 6 | Batch 100/427 (23.4%) | Loss: 0.7829
2026-02-25 19:48:43,895 - INFO - Trial 5 | Epoch 6 | Batch 200/427 (46.8%) | Loss: 0.8286
2026-02-25 19:48:46,461 - INFO - Trial 5 | Epoch 6 | Batch 300/427 (70.3%) | Loss: 0.7881
2026-02-25 19:48:49,035 - INFO - Trial 5 | Epoch 6 | Batch 400/427 (93.7%) | Loss: 0.8908
2026-02-25 19:48:51,189 - INFO - Trial 5, Epoch 6/50 | Train Loss: 0.7784 | Val Loss: 0.6401 | F1 Macro: 0.2874 | F1 Dir: 0.1351 | F1 [SELL/NEU/BUY]: [0.137/0.592/0.133] | LR: 0.000020
2026-02-25 19:48:54,258 - INFO - Trial 5 | Epoch 7 | Batch 100/427 (23.4%) | Loss: 0.7397
2026-02-25 19:48:56,692 - INFO - Trial 5 | Epoch 7 | Batch 200/427 (46.8%) | Loss: 0.8270
2026-02-25 19:48:59,248 - INFO - Trial 5 | Epoch 7 | Batch 300/427 (70.3%) | Loss: 0.7299
2026-02-25 19:49:02,029 - INFO - Trial 5 | Epoch 7 | Batch 400/427 (93.7%) | Loss: 0.7834
2026-02-25 19:49:04,193 - INFO - Trial 5, Epoch 7/50 | Train Loss: 0.7774 | Val Loss: 0.6405 | F1 Macro: 0.2875 | F1 Dir: 0.1395 | F1 [SELL/NEU/BUY]: [0.125/0.583/0.154] | LR: 0.000020
2026-02-25 19:49:07,265 - INFO - Trial 5 | Epoch 8 | Batch 100/427 (23.4%) | Loss: 0.8256
2026-02-25 19:49:09,809 - INFO - Trial 5 | Epoch 8 | Batch 200/427 (46.8%) | Loss: 0.7487
2026-02-25 19:49:12,395 - INFO - Trial 5 | Epoch 8 | Batch 300/427 (70.3%) | Loss: 0.7127
2026-02-25 19:49:14,975 - INFO - Trial 5 | Epoch 8 | Batch 400/427 (93.7%) | Loss: 0.8040
2026-02-25 19:49:17,175 - INFO - Trial 5, Epoch 8/50 | Train Loss: 0.7769 | Val Loss: 0.6414 | F1 Macro: 0.2826 | F1 Dir: 0.1367 | F1 [SELL/NEU/BUY]: [0.113/0.574/0.160] | LR: 0.000020
2026-02-25 19:49:20,185 - INFO - Trial 5 | Epoch 9 | Batch 100/427 (23.4%) | Loss: 0.7615
2026-02-25 19:49:22,738 - INFO - Trial 5 | Epoch 9 | Batch 200/427 (46.8%) | Loss: 0.7998
2026-02-25 19:49:25,291 - INFO - Trial 5 | Epoch 9 | Batch 300/427 (70.3%) | Loss: 0.7349
2026-02-25 19:49:27,885 - INFO - Trial 5 | Epoch 9 | Batch 400/427 (93.7%) | Loss: 0.7916
2026-02-25 19:49:30,070 - INFO - Trial 5, Epoch 9/50 | Train Loss: 0.7764 | Val Loss: 0.6407 | F1 Macro: 0.2815 | F1 Dir: 0.1339 | F1 [SELL/NEU/BUY]: [0.133/0.577/0.135] | LR: 0.000020
2026-02-25 19:49:30,132 - INFO - Trial 5 stopped early due to patience (3 epochs without improvement)
2026-02-25 19:49:31,174 - INFO - Trial 6 START | tcn=128, lstm=64, layers=6, batch=512, seq=24, drop=0.497, lr=0.000017, wd=0.000290
2026-02-25 19:49:33,935 - INFO - Trial 6 | Epoch 1 | Batch 100/427 (23.4%) | Loss: 0.8814
2026-02-25 19:49:36,533 - INFO - Trial 6 | Epoch 1 | Batch 200/427 (46.8%) | Loss: 0.8246
2026-02-25 19:49:38,991 - INFO - Trial 6 | Epoch 1 | Batch 300/427 (70.3%) | Loss: 0.8358
2026-02-25 19:49:41,421 - INFO - Trial 6 | Epoch 1 | Batch 400/427 (93.7%) | Loss: 0.6273
2026-02-25 19:49:43,471 - INFO - Trial 6, Epoch 1/50 | Train Loss: 0.8634 | Val Loss: 0.6742 | F1 Macro: 0.0514 | F1 Dir: 0.0771 | F1 [SELL/NEU/BUY]: [0.115/0.000/0.040] | LR: 0.000017
2026-02-25 19:49:46,477 - INFO - Trial 6 | Epoch 2 | Batch 100/427 (23.4%) | Loss: 0.7345
2026-02-25 19:49:48,806 - INFO - Trial 6 | Epoch 2 | Batch 200/427 (46.8%) | Loss: 0.8439
2026-02-25 19:49:51,133 - INFO - Trial 6 | Epoch 2 | Batch 300/427 (70.3%) | Loss: 0.7877
2026-02-25 19:49:53,500 - INFO - Trial 6 | Epoch 2 | Batch 400/427 (93.7%) | Loss: 0.6882
2026-02-25 19:49:55,529 - INFO - Trial 6, Epoch 2/50 | Train Loss: 0.8052 | Val Loss: 0.6604 | F1 Macro: 0.0589 | F1 Dir: 0.0883 | F1 [SELL/NEU/BUY]: [0.105/0.000/0.071] | LR: 0.000017
2026-02-25 19:49:58,389 - INFO - Trial 6 | Epoch 3 | Batch 100/427 (23.4%) | Loss: 0.8648
2026-02-25 19:50:00,763 - INFO - Trial 6 | Epoch 3 | Batch 200/427 (46.8%) | Loss: 0.8110
2026-02-25 19:50:03,139 - INFO - Trial 6 | Epoch 3 | Batch 300/427 (70.3%) | Loss: 0.9676
2026-02-25 19:50:05,470 - INFO - Trial 6 | Epoch 3 | Batch 400/427 (93.7%) | Loss: 0.7889
2026-02-25 19:50:07,580 - INFO - Trial 6, Epoch 3/50 | Train Loss: 0.7971 | Val Loss: 0.6551 | F1 Macro: 0.0924 | F1 Dir: 0.0963 | F1 [SELL/NEU/BUY]: [0.109/0.085/0.083] | LR: 0.000016
2026-02-25 19:50:07,750 - INFO - Trial 6 pruned by Optuna at epoch 3
2026-02-25 19:50:08,490 - INFO - Trial 7 START | tcn=128, lstm=128, layers=6, batch=1024, seq=96, drop=0.385, lr=0.000059, wd=0.004641
2026-02-25 19:50:13,764 - INFO - Trial 7 | Epoch 1 | Batch 100/214 (46.7%) | Loss: 0.8198
2026-02-25 19:50:18,272 - INFO - Trial 7 | Epoch 1 | Batch 200/214 (93.5%) | Loss: 0.7940
2026-02-25 19:50:20,606 - INFO - Trial 7, Epoch 1/50 | Train Loss: 0.8178 | Val Loss: 0.6504 | F1 Macro: 0.1710 | F1 Dir: 0.0619 | F1 [SELL/NEU/BUY]: [0.124/0.389/0.000] | LR: 0.000059
2026-02-25 19:50:25,928 - INFO - Trial 7 | Epoch 2 | Batch 100/214 (46.7%) | Loss: 0.8105
2026-02-25 19:50:30,496 - INFO - Trial 7 | Epoch 2 | Batch 200/214 (93.5%) | Loss: 0.7920
2026-02-25 19:50:32,870 - INFO - Trial 7, Epoch 2/50 | Train Loss: 0.7872 | Val Loss: 0.6495 | F1 Macro: 0.2833 | F1 Dir: 0.1631 | F1 [SELL/NEU/BUY]: [0.084/0.524/0.243] | LR: 0.000059
2026-02-25 19:50:38,319 - INFO - Trial 7 | Epoch 3 | Batch 100/214 (46.7%) | Loss: 0.7762
2026-02-25 19:50:42,934 - INFO - Trial 7 | Epoch 3 | Batch 200/214 (93.5%) | Loss: 0.7422
2026-02-25 19:50:45,261 - INFO - Trial 7, Epoch 3/50 | Train Loss: 0.7829 | Val Loss: 0.6431 | F1 Macro: 0.3106 | F1 Dir: 0.1586 | F1 [SELL/NEU/BUY]: [0.092/0.615/0.226] | LR: 0.000059
2026-02-25 19:50:50,536 - INFO - Trial 7 | Epoch 4 | Batch 100/214 (46.7%) | Loss: 0.7196
2026-02-25 19:50:55,142 - INFO - Trial 7 | Epoch 4 | Batch 200/214 (93.5%) | Loss: 0.7852
2026-02-25 19:50:57,415 - INFO - Trial 7, Epoch 4/50 | Train Loss: 0.7800 | Val Loss: 0.6415 | F1 Macro: 0.3127 | F1 Dir: 0.1530 | F1 [SELL/NEU/BUY]: [0.113/0.632/0.193] | LR: 0.000059
2026-02-25 19:51:02,757 - INFO - Trial 7 | Epoch 5 | Batch 100/214 (46.7%) | Loss: 0.7745
2026-02-25 19:51:07,305 - INFO - Trial 7 | Epoch 5 | Batch 200/214 (93.5%) | Loss: 0.6862
2026-02-25 19:51:09,583 - INFO - Trial 7, Epoch 5/50 | Train Loss: 0.7783 | Val Loss: 0.6398 | F1 Macro: 0.3015 | F1 Dir: 0.1419 | F1 [SELL/NEU/BUY]: [0.136/0.621/0.148] | LR: 0.000058
2026-02-25 19:51:15,093 - INFO - Trial 7 | Epoch 6 | Batch 100/214 (46.7%) | Loss: 0.8946
2026-02-25 19:51:19,666 - INFO - Trial 7 | Epoch 6 | Batch 200/214 (93.5%) | Loss: 0.7481
2026-02-25 19:51:21,909 - INFO - Trial 7, Epoch 6/50 | Train Loss: 0.7770 | Val Loss: 0.6426 | F1 Macro: 0.2944 | F1 Dir: 0.1425 | F1 [SELL/NEU/BUY]: [0.105/0.598/0.180] | LR: 0.000057
2026-02-25 19:51:27,158 - INFO - Trial 7 | Epoch 7 | Batch 100/214 (46.7%) | Loss: 0.8198
2026-02-25 19:51:31,720 - INFO - Trial 7 | Epoch 7 | Batch 200/214 (93.5%) | Loss: 0.7806
2026-02-25 19:51:33,980 - INFO - Trial 7, Epoch 7/50 | Train Loss: 0.7763 | Val Loss: 0.6394 | F1 Macro: 0.3009 | F1 Dir: 0.1434 | F1 [SELL/NEU/BUY]: [0.127/0.616/0.159] | LR: 0.000057
2026-02-25 19:51:39,271 - INFO - Trial 7 | Epoch 8 | Batch 100/214 (46.7%) | Loss: 0.6968
2026-02-25 19:51:43,794 - INFO - Trial 7 | Epoch 8 | Batch 200/214 (93.5%) | Loss: 0.7742
2026-02-25 19:51:46,067 - INFO - Trial 7, Epoch 8/50 | Train Loss: 0.7752 | Val Loss: 0.6389 | F1 Macro: 0.3065 | F1 Dir: 0.1414 | F1 [SELL/NEU/BUY]: [0.140/0.637/0.142] | LR: 0.000056
2026-02-25 19:51:51,291 - INFO - Trial 7 | Epoch 9 | Batch 100/214 (46.7%) | Loss: 0.7884
2026-02-25 19:51:55,914 - INFO - Trial 7 | Epoch 9 | Batch 200/214 (93.5%) | Loss: 0.8316
2026-02-25 19:51:58,297 - INFO - Trial 7, Epoch 9/50 | Train Loss: 0.7733 | Val Loss: 0.6387 | F1 Macro: 0.3056 | F1 Dir: 0.1400 | F1 [SELL/NEU/BUY]: [0.145/0.637/0.135] | LR: 0.000055
2026-02-25 19:52:03,662 - INFO - Trial 7 | Epoch 10 | Batch 100/214 (46.7%) | Loss: 0.8196
2026-02-25 19:52:08,235 - INFO - Trial 7 | Epoch 10 | Batch 200/214 (93.5%) | Loss: 0.6769
2026-02-25 19:52:10,585 - INFO - Trial 7, Epoch 10/50 | Train Loss: 0.7725 | Val Loss: 0.6391 | F1 Macro: 0.3164 | F1 Dir: 0.1476 | F1 [SELL/NEU/BUY]: [0.138/0.654/0.157] | LR: 0.000054
2026-02-25 19:52:15,869 - INFO - Trial 7 | Epoch 11 | Batch 100/214 (46.7%) | Loss: 0.8436
2026-02-25 19:52:20,463 - INFO - Trial 7 | Epoch 11 | Batch 200/214 (93.5%) | Loss: 0.7986
2026-02-25 19:52:22,755 - INFO - Trial 7, Epoch 11/50 | Train Loss: 0.7719 | Val Loss: 0.6389 | F1 Macro: 0.3158 | F1 Dir: 0.1447 | F1 [SELL/NEU/BUY]: [0.145/0.658/0.144] | LR: 0.000053
2026-02-25 19:52:28,189 - INFO - Trial 7 | Epoch 12 | Batch 100/214 (46.7%) | Loss: 0.7642
2026-02-25 19:52:32,783 - INFO - Trial 7 | Epoch 12 | Batch 200/214 (93.5%) | Loss: 0.7777
2026-02-25 19:52:35,121 - INFO - Trial 7, Epoch 12/50 | Train Loss: 0.7714 | Val Loss: 0.6392 | F1 Macro: 0.3023 | F1 Dir: 0.1386 | F1 [SELL/NEU/BUY]: [0.147/0.630/0.130] | LR: 0.000051
2026-02-25 19:52:35,170 - INFO - Trial 7 stopped early due to patience (3 epochs without improvement)
2026-02-25 19:52:36,021 - INFO - Trial 8 START | tcn=128, lstm=128, layers=6, batch=2048, seq=96, drop=0.498, lr=0.000037, wd=0.001310
2026-02-25 19:52:46,003 - INFO - Trial 8 | Epoch 1 | Batch 100/107 (93.5%) | Loss: 0.8195
2026-02-25 19:52:48,204 - INFO - Trial 8, Epoch 1/50 | Train Loss: 0.8466 | Val Loss: 0.6912 | F1 Macro: 0.0537 | F1 Dir: 0.0805 | F1 [SELL/NEU/BUY]: [0.134/0.000/0.027] | LR: 0.000037
2026-02-25 19:52:58,105 - INFO - Trial 8 | Epoch 2 | Batch 100/107 (93.5%) | Loss: 0.7950
2026-02-25 19:53:00,328 - INFO - Trial 8, Epoch 2/50 | Train Loss: 0.8015 | Val Loss: 0.6636 | F1 Macro: 0.0785 | F1 Dir: 0.1177 | F1 [SELL/NEU/BUY]: [0.192/0.000/0.043] | LR: 0.000037
2026-02-25 19:53:10,398 - INFO - Trial 8 | Epoch 3 | Batch 100/107 (93.5%) | Loss: 0.7711
2026-02-25 19:53:12,518 - INFO - Trial 8, Epoch 3/50 | Train Loss: 0.7912 | Val Loss: 0.6576 | F1 Macro: 0.2086 | F1 Dir: 0.1189 | F1 [SELL/NEU/BUY]: [0.141/0.388/0.096] | LR: 0.000037
2026-02-25 19:53:22,730 - INFO - Trial 8 | Epoch 4 | Batch 100/107 (93.5%) | Loss: 0.7977
2026-02-25 19:53:24,932 - INFO - Trial 8, Epoch 4/50 | Train Loss: 0.7873 | Val Loss: 0.6529 | F1 Macro: 0.2537 | F1 Dir: 0.1143 | F1 [SELL/NEU/BUY]: [0.183/0.532/0.046] | LR: 0.000036
2026-02-25 19:53:35,022 - INFO - Trial 8 | Epoch 5 | Batch 100/107 (93.5%) | Loss: 0.7814
2026-02-25 19:53:37,238 - INFO - Trial 8, Epoch 5/50 | Train Loss: 0.7851 | Val Loss: 0.6522 | F1 Macro: 0.2498 | F1 Dir: 0.1203 | F1 [SELL/NEU/BUY]: [0.152/0.509/0.088] | LR: 0.000036
2026-02-25 19:53:37,439 - INFO - Trial 8 pruned by Optuna at epoch 5
2026-02-25 19:53:38,189 - INFO - Trial 9 START | tcn=64, lstm=64, layers=4, batch=512, seq=96, drop=0.497, lr=0.000017, wd=0.000164
2026-02-25 19:53:40,960 - INFO - Trial 9 | Epoch 1 | Batch 100/427 (23.4%) | Loss: 0.7984
2026-02-25 19:53:43,325 - INFO - Trial 9 | Epoch 1 | Batch 200/427 (46.8%) | Loss: 0.9486
2026-02-25 19:53:45,701 - INFO - Trial 9 | Epoch 1 | Batch 300/427 (70.3%) | Loss: 0.9024
2026-02-25 19:53:48,061 - INFO - Trial 9 | Epoch 1 | Batch 400/427 (93.7%) | Loss: 0.9106
2026-02-25 19:53:50,632 - INFO - Trial 9, Epoch 1/50 | Train Loss: 0.8586 | Val Loss: 0.6731 | F1 Macro: 0.0334 | F1 Dir: 0.0501 | F1 [SELL/NEU/BUY]: [0.100/0.000/0.000] | LR: 0.000017
2026-02-25 19:53:53,460 - INFO - Trial 9 | Epoch 2 | Batch 100/427 (23.4%) | Loss: 0.7886
2026-02-25 19:53:55,792 - INFO - Trial 9 | Epoch 2 | Batch 200/427 (46.8%) | Loss: 0.9041
2026-02-25 19:53:58,121 - INFO - Trial 9 | Epoch 2 | Batch 300/427 (70.3%) | Loss: 0.8532
2026-02-25 19:54:00,716 - INFO - Trial 9 | Epoch 2 | Batch 400/427 (93.7%) | Loss: 0.7491
2026-02-25 19:54:03,320 - INFO - Trial 9, Epoch 2/50 | Train Loss: 0.8019 | Val Loss: 0.6607 | F1 Macro: 0.0686 | F1 Dir: 0.1029 | F1 [SELL/NEU/BUY]: [0.174/0.000/0.032] | LR: 0.000016
2026-02-25 19:54:06,155 - INFO - Trial 9 | Epoch 3 | Batch 100/427 (23.4%) | Loss: 0.8855
2026-02-25 19:54:08,483 - INFO - Trial 9 | Epoch 3 | Batch 200/427 (46.8%) | Loss: 0.7336
2026-02-25 19:54:10,807 - INFO - Trial 9 | Epoch 3 | Batch 300/427 (70.3%) | Loss: 0.7979
2026-02-25 19:54:13,136 - INFO - Trial 9 | Epoch 3 | Batch 400/427 (93.7%) | Loss: 0.7876
2026-02-25 19:54:15,757 - INFO - Trial 9, Epoch 3/50 | Train Loss: 0.7946 | Val Loss: 0.6560 | F1 Macro: 0.1265 | F1 Dir: 0.1132 | F1 [SELL/NEU/BUY]: [0.187/0.153/0.040] | LR: 0.000016
2026-02-25 19:54:16,026 - INFO - Trial 9 pruned by Optuna at epoch 3
2026-02-25 19:54:17,320 - INFO - Trial 10 START | tcn=256, lstm=256, layers=3, batch=1024, seq=48, drop=0.434, lr=0.000010, wd=0.000616
2026-02-25 19:54:21,666 - INFO - Trial 10 | Epoch 1 | Batch 100/214 (46.7%) | Loss: 0.8366
2026-02-25 19:54:25,526 - INFO - Trial 10 | Epoch 1 | Batch 200/214 (93.5%) | Loss: 0.8262
2026-02-25 19:54:27,578 - INFO - Trial 10, Epoch 1/50 | Train Loss: 0.8382 | Val Loss: 0.6623 | F1 Macro: 0.1278 | F1 Dir: 0.1023 | F1 [SELL/NEU/BUY]: [0.166/0.179/0.039] | LR: 0.000010
2026-02-25 19:54:32,023 - INFO - Trial 10 | Epoch 2 | Batch 100/214 (46.7%) | Loss: 0.7189
2026-02-25 19:54:36,124 - INFO - Trial 10 | Epoch 2 | Batch 200/214 (93.5%) | Loss: 0.7699
2026-02-25 19:54:38,154 - INFO - Trial 10, Epoch 2/50 | Train Loss: 0.7882 | Val Loss: 0.6503 | F1 Macro: 0.1909 | F1 Dir: 0.1227 | F1 [SELL/NEU/BUY]: [0.197/0.327/0.049] | LR: 0.000010
2026-02-25 19:54:42,625 - INFO - Trial 10 | Epoch 3 | Batch 100/214 (46.7%) | Loss: 0.8198
2026-02-25 19:54:46,337 - INFO - Trial 10 | Epoch 3 | Batch 200/214 (93.5%) | Loss: 0.7719
2026-02-25 19:54:48,382 - INFO - Trial 10, Epoch 3/50 | Train Loss: 0.7843 | Val Loss: 0.6478 | F1 Macro: 0.2396 | F1 Dir: 0.1237 | F1 [SELL/NEU/BUY]: [0.145/0.471/0.103] | LR: 0.000010
2026-02-25 19:54:53,007 - INFO - Trial 10 | Epoch 4 | Batch 100/214 (46.7%) | Loss: 0.7822
2026-02-25 19:54:56,924 - INFO - Trial 10 | Epoch 4 | Batch 200/214 (93.5%) | Loss: 0.7751
2026-02-25 19:54:58,948 - INFO - Trial 10, Epoch 4/50 | Train Loss: 0.7818 | Val Loss: 0.6445 | F1 Macro: 0.2550 | F1 Dir: 0.1250 | F1 [SELL/NEU/BUY]: [0.124/0.515/0.126] | LR: 0.000010
2026-02-25 19:55:03,420 - INFO - Trial 10 | Epoch 5 | Batch 100/214 (46.7%) | Loss: 0.7666
2026-02-25 19:55:07,440 - INFO - Trial 10 | Epoch 5 | Batch 200/214 (93.5%) | Loss: 0.7815
2026-02-25 19:55:09,480 - INFO - Trial 10, Epoch 5/50 | Train Loss: 0.7800 | Val Loss: 0.6425 | F1 Macro: 0.2712 | F1 Dir: 0.1273 | F1 [SELL/NEU/BUY]: [0.138/0.559/0.117] | LR: 0.000010
2026-02-25 19:55:09,652 - INFO - Trial 10 pruned by Optuna at epoch 5
2026-02-25 19:55:10,513 - INFO - Trial 11 START | tcn=128, lstm=128, layers=3, batch=1024, seq=24, drop=0.391, lr=0.000053, wd=0.009501
2026-02-25 19:55:12,820 - INFO - Trial 11 | Epoch 1 | Batch 100/214 (46.7%) | Loss: 0.7337
2026-02-25 19:55:14,711 - INFO - Trial 11 | Epoch 1 | Batch 200/214 (93.5%) | Loss: 0.7763
2026-02-25 19:55:16,207 - INFO - Trial 11, Epoch 1/50 | Train Loss: 0.8182 | Val Loss: 0.6476 | F1 Macro: 0.2420 | F1 Dir: 0.1500 | F1 [SELL/NEU/BUY]: [0.234/0.426/0.066] | LR: 0.000052
2026-02-25 19:55:18,728 - INFO - Trial 11 | Epoch 2 | Batch 100/214 (46.7%) | Loss: 0.7925
2026-02-25 19:55:20,637 - INFO - Trial 11 | Epoch 2 | Batch 200/214 (93.5%) | Loss: 0.7950
2026-02-25 19:55:22,143 - INFO - Trial 11, Epoch 2/50 | Train Loss: 0.7839 | Val Loss: 0.6417 | F1 Macro: 0.2541 | F1 Dir: 0.1080 | F1 [SELL/NEU/BUY]: [0.176/0.546/0.040] | LR: 0.000052
2026-02-25 19:55:24,543 - INFO - Trial 11 | Epoch 3 | Batch 100/214 (46.7%) | Loss: 0.7972
2026-02-25 19:55:26,431 - INFO - Trial 11 | Epoch 3 | Batch 200/214 (93.5%) | Loss: 0.7780
2026-02-25 19:55:27,927 - INFO - Trial 11, Epoch 3/50 | Train Loss: 0.7796 | Val Loss: 0.6394 | F1 Macro: 0.2940 | F1 Dir: 0.1377 | F1 [SELL/NEU/BUY]: [0.144/0.607/0.131] | LR: 0.000052
2026-02-25 19:55:30,341 - INFO - Trial 11 | Epoch 4 | Batch 100/214 (46.7%) | Loss: 0.8064
2026-02-25 19:55:32,277 - INFO - Trial 11 | Epoch 4 | Batch 200/214 (93.5%) | Loss: 0.8267
2026-02-25 19:55:33,716 - INFO - Trial 11, Epoch 4/50 | Train Loss: 0.7787 | Val Loss: 0.6403 | F1 Macro: 0.2890 | F1 Dir: 0.1366 | F1 [SELL/NEU/BUY]: [0.130/0.594/0.143] | LR: 0.000052
2026-02-25 19:55:36,110 - INFO - Trial 11 | Epoch 5 | Batch 100/214 (46.7%) | Loss: 0.8013
2026-02-25 19:55:38,055 - INFO - Trial 11 | Epoch 5 | Batch 200/214 (93.5%) | Loss: 0.8044
2026-02-25 19:55:39,536 - INFO - Trial 11, Epoch 5/50 | Train Loss: 0.7769 | Val Loss: 0.6394 | F1 Macro: 0.2883 | F1 Dir: 0.1309 | F1 [SELL/NEU/BUY]: [0.148/0.603/0.113] | LR: 0.000051
2026-02-25 19:55:42,280 - INFO - Trial 11 | Epoch 6 | Batch 100/214 (46.7%) | Loss: 0.8224
2026-02-25 19:55:44,336 - INFO - Trial 11 | Epoch 6 | Batch 200/214 (93.5%) | Loss: 0.8151
2026-02-25 19:55:45,767 - INFO - Trial 11, Epoch 6/50 | Train Loss: 0.7762 | Val Loss: 0.6382 | F1 Macro: 0.2992 | F1 Dir: 0.1398 | F1 [SELL/NEU/BUY]: [0.145/0.618/0.135] | LR: 0.000051
2026-02-25 19:55:48,278 - INFO - Trial 11 | Epoch 7 | Batch 100/214 (46.7%) | Loss: 0.7567
2026-02-25 19:55:50,234 - INFO - Trial 11 | Epoch 7 | Batch 200/214 (93.5%) | Loss: 0.7683
2026-02-25 19:55:51,715 - INFO - Trial 11, Epoch 7/50 | Train Loss: 0.7742 | Val Loss: 0.6388 | F1 Macro: 0.3130 | F1 Dir: 0.1461 | F1 [SELL/NEU/BUY]: [0.137/0.647/0.155] | LR: 0.000050
2026-02-25 19:55:53,799 - INFO - Trial 11 | Epoch 8 | Batch 100/214 (46.7%) | Loss: 0.8426
2026-02-25 19:55:55,568 - INFO - Trial 11 | Epoch 8 | Batch 200/214 (93.5%) | Loss: 0.7202
2026-02-25 19:55:56,999 - INFO - Trial 11, Epoch 8/50 | Train Loss: 0.7735 | Val Loss: 0.6381 | F1 Macro: 0.3207 | F1 Dir: 0.1497 | F1 [SELL/NEU/BUY]: [0.148/0.663/0.151] | LR: 0.000049
2026-02-25 19:55:59,253 - INFO - Trial 11 | Epoch 9 | Batch 100/214 (46.7%) | Loss: 0.7457
2026-02-25 19:56:01,113 - INFO - Trial 11 | Epoch 9 | Batch 200/214 (93.5%) | Loss: 0.7437
2026-02-25 19:56:02,559 - INFO - Trial 11, Epoch 9/50 | Train Loss: 0.7724 | Val Loss: 0.6399 | F1 Macro: 0.3068 | F1 Dir: 0.1458 | F1 [SELL/NEU/BUY]: [0.143/0.629/0.148] | LR: 0.000048
2026-02-25 19:56:05,025 - INFO - Trial 11 | Epoch 10 | Batch 100/214 (46.7%) | Loss: 0.7103
2026-02-25 19:56:06,954 - INFO - Trial 11 | Epoch 10 | Batch 200/214 (93.5%) | Loss: 0.7771
2026-02-25 19:56:08,419 - INFO - Trial 11, Epoch 10/50 | Train Loss: 0.7709 | Val Loss: 0.6383 | F1 Macro: 0.3077 | F1 Dir: 0.1421 | F1 [SELL/NEU/BUY]: [0.153/0.639/0.132] | LR: 0.000048
2026-02-25 19:56:10,869 - INFO - Trial 11 | Epoch 11 | Batch 100/214 (46.7%) | Loss: 0.7226
2026-02-25 19:56:12,772 - INFO - Trial 11 | Epoch 11 | Batch 200/214 (93.5%) | Loss: 0.7581
2026-02-25 19:56:14,368 - INFO - Trial 11, Epoch 11/50 | Train Loss: 0.7692 | Val Loss: 0.6398 | F1 Macro: 0.2835 | F1 Dir: 0.1370 | F1 [SELL/NEU/BUY]: [0.142/0.577/0.132] | LR: 0.000046
2026-02-25 19:56:14,468 - INFO - Trial 11 stopped early due to patience (3 epochs without improvement)
2026-02-25 19:56:15,192 - INFO - Trial 12 START | tcn=128, lstm=128, layers=3, batch=1024, seq=24, drop=0.423, lr=0.000038, wd=0.007512
2026-02-25 19:56:17,500 - INFO - Trial 12 | Epoch 1 | Batch 100/214 (46.7%) | Loss: 0.8306
2026-02-25 19:56:19,417 - INFO - Trial 12 | Epoch 1 | Batch 200/214 (93.5%) | Loss: 0.8602
2026-02-25 19:56:20,902 - INFO - Trial 12, Epoch 1/50 | Train Loss: 0.8226 | Val Loss: 0.6518 | F1 Macro: 0.1142 | F1 Dir: 0.1493 | F1 [SELL/NEU/BUY]: [0.240/0.044/0.059] | LR: 0.000038
2026-02-25 19:56:23,354 - INFO - Trial 12 | Epoch 2 | Batch 100/214 (46.7%) | Loss: 0.7698
2026-02-25 19:56:25,256 - INFO - Trial 12 | Epoch 2 | Batch 200/214 (93.5%) | Loss: 0.7830
2026-02-25 19:56:26,730 - INFO - Trial 12, Epoch 2/50 | Train Loss: 0.7862 | Val Loss: 0.6458 | F1 Macro: 0.2347 | F1 Dir: 0.1279 | F1 [SELL/NEU/BUY]: [0.136/0.448/0.120] | LR: 0.000038
2026-02-25 19:56:29,099 - INFO - Trial 12 | Epoch 3 | Batch 100/214 (46.7%) | Loss: 0.7413
2026-02-25 19:56:30,970 - INFO - Trial 12 | Epoch 3 | Batch 200/214 (93.5%) | Loss: 0.7427
2026-02-25 19:56:32,465 - INFO - Trial 12, Epoch 3/50 | Train Loss: 0.7817 | Val Loss: 0.6416 | F1 Macro: 0.2724 | F1 Dir: 0.1368 | F1 [SELL/NEU/BUY]: [0.180/0.544/0.093] | LR: 0.000038
2026-02-25 19:56:34,867 - INFO - Trial 12 | Epoch 4 | Batch 100/214 (46.7%) | Loss: 0.8100
2026-02-25 19:56:36,766 - INFO - Trial 12 | Epoch 4 | Batch 200/214 (93.5%) | Loss: 0.7134
2026-02-25 19:56:38,213 - INFO - Trial 12, Epoch 4/50 | Train Loss: 0.7797 | Val Loss: 0.6407 | F1 Macro: 0.2850 | F1 Dir: 0.1338 | F1 [SELL/NEU/BUY]: [0.154/0.588/0.113] | LR: 0.000038
2026-02-25 19:56:40,640 - INFO - Trial 12 | Epoch 5 | Batch 100/214 (46.7%) | Loss: 0.7845
2026-02-25 19:56:42,559 - INFO - Trial 12 | Epoch 5 | Batch 200/214 (93.5%) | Loss: 0.7814
2026-02-25 19:56:44,035 - INFO - Trial 12, Epoch 5/50 | Train Loss: 0.7784 | Val Loss: 0.6406 | F1 Macro: 0.2824 | F1 Dir: 0.1319 | F1 [SELL/NEU/BUY]: [0.142/0.583/0.122] | LR: 0.000037
2026-02-25 19:56:46,600 - INFO - Trial 12 | Epoch 6 | Batch 100/214 (46.7%) | Loss: 0.7860
2026-02-25 19:56:48,684 - INFO - Trial 12 | Epoch 6 | Batch 200/214 (93.5%) | Loss: 0.7454
2026-02-25 19:56:50,188 - INFO - Trial 12, Epoch 6/50 | Train Loss: 0.7771 | Val Loss: 0.6390 | F1 Macro: 0.2869 | F1 Dir: 0.1318 | F1 [SELL/NEU/BUY]: [0.157/0.597/0.107] | LR: 0.000037
2026-02-25 19:56:52,624 - INFO - Trial 12 | Epoch 7 | Batch 100/214 (46.7%) | Loss: 0.8044
2026-02-25 19:56:54,673 - INFO - Trial 12 | Epoch 7 | Batch 200/214 (93.5%) | Loss: 0.7279
2026-02-25 19:56:56,084 - INFO - Trial 12, Epoch 7/50 | Train Loss: 0.7764 | Val Loss: 0.6386 | F1 Macro: 0.3003 | F1 Dir: 0.1387 | F1 [SELL/NEU/BUY]: [0.152/0.623/0.125] | LR: 0.000036
2026-02-25 19:56:58,557 - INFO - Trial 12 | Epoch 8 | Batch 100/214 (46.7%) | Loss: 0.6954
2026-02-25 19:57:00,558 - INFO - Trial 12 | Epoch 8 | Batch 200/214 (93.5%) | Loss: 0.8382
2026-02-25 19:57:02,010 - INFO - Trial 12, Epoch 8/50 | Train Loss: 0.7749 | Val Loss: 0.6381 | F1 Macro: 0.3043 | F1 Dir: 0.1381 | F1 [SELL/NEU/BUY]: [0.155/0.637/0.122] | LR: 0.000036
2026-02-25 19:57:04,345 - INFO - Trial 12 | Epoch 9 | Batch 100/214 (46.7%) | Loss: 0.7996
2026-02-25 19:57:06,251 - INFO - Trial 12 | Epoch 9 | Batch 200/214 (93.5%) | Loss: 0.8078
2026-02-25 19:57:07,719 - INFO - Trial 12, Epoch 9/50 | Train Loss: 0.7738 | Val Loss: 0.6388 | F1 Macro: 0.3031 | F1 Dir: 0.1408 | F1 [SELL/NEU/BUY]: [0.148/0.628/0.133] | LR: 0.000035
2026-02-25 19:57:10,113 - INFO - Trial 12 | Epoch 10 | Batch 100/214 (46.7%) | Loss: 0.7288
2026-02-25 19:57:12,003 - INFO - Trial 12 | Epoch 10 | Batch 200/214 (93.5%) | Loss: 0.8177
2026-02-25 19:57:13,484 - INFO - Trial 12, Epoch 10/50 | Train Loss: 0.7732 | Val Loss: 0.6384 | F1 Macro: 0.3007 | F1 Dir: 0.1379 | F1 [SELL/NEU/BUY]: [0.151/0.626/0.125] | LR: 0.000035
2026-02-25 19:57:15,887 - INFO - Trial 12 | Epoch 11 | Batch 100/214 (46.7%) | Loss: 0.8333
2026-02-25 19:57:17,780 - INFO - Trial 12 | Epoch 11 | Batch 200/214 (93.5%) | Loss: 0.7781
2026-02-25 19:57:19,223 - INFO - Trial 12, Epoch 11/50 | Train Loss: 0.7715 | Val Loss: 0.6389 | F1 Macro: 0.3061 | F1 Dir: 0.1451 | F1 [SELL/NEU/BUY]: [0.143/0.628/0.147] | LR: 0.000034
2026-02-25 19:57:19,271 - INFO - Trial 12 stopped early due to patience (3 epochs without improvement)
2026-02-25 19:57:19,932 - INFO - Trial 13 START | tcn=128, lstm=64, layers=3, batch=1024, seq=24, drop=0.361, lr=0.000031, wd=0.000625
2026-02-25 19:57:22,269 - INFO - Trial 13 | Epoch 1 | Batch 100/214 (46.7%) | Loss: 0.8160
2026-02-25 19:57:24,156 - INFO - Trial 13 | Epoch 1 | Batch 200/214 (93.5%) | Loss: 0.8015
2026-02-25 19:57:25,597 - INFO - Trial 13, Epoch 1/50 | Train Loss: 0.8627 | Val Loss: 0.6616 | F1 Macro: 0.1563 | F1 Dir: 0.0598 | F1 [SELL/NEU/BUY]: [0.000/0.349/0.120] | LR: 0.000031
2026-02-25 19:57:28,057 - INFO - Trial 13 | Epoch 2 | Batch 100/214 (46.7%) | Loss: 0.7744
2026-02-25 19:57:29,985 - INFO - Trial 13 | Epoch 2 | Batch 200/214 (93.5%) | Loss: 0.7483
2026-02-25 19:57:31,312 - INFO - Trial 13, Epoch 2/50 | Train Loss: 0.7984 | Val Loss: 0.6490 | F1 Macro: 0.2256 | F1 Dir: 0.1420 | F1 [SELL/NEU/BUY]: [0.222/0.393/0.062] | LR: 0.000031
2026-02-25 19:57:33,734 - INFO - Trial 13 | Epoch 3 | Batch 100/214 (46.7%) | Loss: 0.8146
2026-02-25 19:57:35,625 - INFO - Trial 13 | Epoch 3 | Batch 200/214 (93.5%) | Loss: 0.6895
2026-02-25 19:57:37,131 - INFO - Trial 13, Epoch 3/50 | Train Loss: 0.7916 | Val Loss: 0.6448 | F1 Macro: 0.2527 | F1 Dir: 0.1424 | F1 [SELL/NEU/BUY]: [0.221/0.473/0.064] | LR: 0.000031
2026-02-25 19:57:37,260 - INFO - Trial 13 pruned by Optuna at epoch 3
2026-02-25 19:57:37,879 - INFO - Trial 14 START | tcn=128, lstm=256, layers=3, batch=1024, seq=24, drop=0.301, lr=0.000060, wd=0.002010
2026-02-25 19:57:40,671 - INFO - Trial 14 | Epoch 1 | Batch 100/214 (46.7%) | Loss: 0.8312
2026-02-25 19:57:43,035 - INFO - Trial 14 | Epoch 1 | Batch 200/214 (93.5%) | Loss: 0.8296
2026-02-25 19:57:44,542 - INFO - Trial 14, Epoch 1/50 | Train Loss: 0.7970 | Val Loss: 0.6432 | F1 Macro: 0.2736 | F1 Dir: 0.1379 | F1 [SELL/NEU/BUY]: [0.168/0.545/0.108] | LR: 0.000060
2026-02-25 19:57:47,390 - INFO - Trial 14 | Epoch 2 | Batch 100/214 (46.7%) | Loss: 0.7821
2026-02-25 19:57:49,600 - INFO - Trial 14 | Epoch 2 | Batch 200/214 (93.5%) | Loss: 0.7713
2026-02-25 19:57:51,091 - INFO - Trial 14, Epoch 2/50 | Train Loss: 0.7785 | Val Loss: 0.6396 | F1 Macro: 0.2826 | F1 Dir: 0.1328 | F1 [SELL/NEU/BUY]: [0.135/0.582/0.131] | LR: 0.000060
2026-02-25 19:57:54,349 - INFO - Trial 14 | Epoch 3 | Batch 100/214 (46.7%) | Loss: 0.7660
2026-02-25 19:57:56,654 - INFO - Trial 14 | Epoch 3 | Batch 200/214 (93.5%) | Loss: 0.7570
2026-02-25 19:57:58,181 - INFO - Trial 14, Epoch 3/50 | Train Loss: 0.7760 | Val Loss: 0.6381 | F1 Macro: 0.2850 | F1 Dir: 0.1311 | F1 [SELL/NEU/BUY]: [0.154/0.593/0.108] | LR: 0.000059
2026-02-25 19:58:00,964 - INFO - Trial 14 | Epoch 4 | Batch 100/214 (46.7%) | Loss: 0.7650
2026-02-25 19:58:03,249 - INFO - Trial 14 | Epoch 4 | Batch 200/214 (93.5%) | Loss: 0.8150
2026-02-25 19:58:04,815 - INFO - Trial 14, Epoch 4/50 | Train Loss: 0.7736 | Val Loss: 0.6394 | F1 Macro: 0.2962 | F1 Dir: 0.1419 | F1 [SELL/NEU/BUY]: [0.144/0.605/0.139] | LR: 0.000059
2026-02-25 19:58:07,739 - INFO - Trial 14 | Epoch 5 | Batch 100/214 (46.7%) | Loss: 0.8294
2026-02-25 19:58:10,045 - INFO - Trial 14 | Epoch 5 | Batch 200/214 (93.5%) | Loss: 0.7998
2026-02-25 19:58:11,599 - INFO - Trial 14, Epoch 5/50 | Train Loss: 0.7709 | Val Loss: 0.6378 | F1 Macro: 0.2871 | F1 Dir: 0.1382 | F1 [SELL/NEU/BUY]: [0.148/0.585/0.128] | LR: 0.000058
2026-02-25 19:58:14,468 - INFO - Trial 14 | Epoch 6 | Batch 100/214 (46.7%) | Loss: 0.7730
2026-02-25 19:58:16,836 - INFO - Trial 14 | Epoch 6 | Batch 200/214 (93.5%) | Loss: 0.7911
2026-02-25 19:58:18,389 - INFO - Trial 14, Epoch 6/50 | Train Loss: 0.7680 | Val Loss: 0.6398 | F1 Macro: 0.2884 | F1 Dir: 0.1370 | F1 [SELL/NEU/BUY]: [0.147/0.591/0.127] | LR: 0.000058
2026-02-25 19:58:21,183 - INFO - Trial 14 | Epoch 7 | Batch 100/214 (46.7%) | Loss: 0.7421
2026-02-25 19:58:23,491 - INFO - Trial 14 | Epoch 7 | Batch 200/214 (93.5%) | Loss: 0.8018
2026-02-25 19:58:24,985 - INFO - Trial 14, Epoch 7/50 | Train Loss: 0.7655 | Val Loss: 0.6407 | F1 Macro: 0.2908 | F1 Dir: 0.1328 | F1 [SELL/NEU/BUY]: [0.156/0.607/0.110] | LR: 0.000057
2026-02-25 19:58:28,192 - INFO - Trial 14 | Epoch 8 | Batch 100/214 (46.7%) | Loss: 0.7345
2026-02-25 19:58:30,550 - INFO - Trial 14 | Epoch 8 | Batch 200/214 (93.5%) | Loss: 0.7949
2026-02-25 19:58:32,047 - INFO - Trial 14, Epoch 8/50 | Train Loss: 0.7618 | Val Loss: 0.6425 | F1 Macro: 0.2868 | F1 Dir: 0.1416 | F1 [SELL/NEU/BUY]: [0.115/0.577/0.168] | LR: 0.000056
2026-02-25 19:58:32,113 - INFO - Trial 14 stopped early due to patience (3 epochs without improvement)
2026-02-25 19:58:32,963 - INFO - Trial 15 START | tcn=128, lstm=128, layers=2, batch=1024, seq=24, drop=0.428, lr=0.000029, wd=0.000684
2026-02-25 19:58:35,147 - INFO - Trial 15 | Epoch 1 | Batch 100/214 (46.7%) | Loss: 0.8867
2026-02-25 19:58:36,930 - INFO - Trial 15 | Epoch 1 | Batch 200/214 (93.5%) | Loss: 0.7719
2026-02-25 19:58:38,446 - INFO - Trial 15, Epoch 1/50 | Train Loss: 0.8313 | Val Loss: 0.6549 | F1 Macro: 0.1946 | F1 Dir: 0.1234 | F1 [SELL/NEU/BUY]: [0.195/0.337/0.052] | LR: 0.000028
2026-02-25 19:58:40,828 - INFO - Trial 15 | Epoch 2 | Batch 100/214 (46.7%) | Loss: 0.7623
2026-02-25 19:58:42,615 - INFO - Trial 15 | Epoch 2 | Batch 200/214 (93.5%) | Loss: 0.8153
2026-02-25 19:58:44,079 - INFO - Trial 15, Epoch 2/50 | Train Loss: 0.7886 | Val Loss: 0.6450 | F1 Macro: 0.2820 | F1 Dir: 0.1696 | F1 [SELL/NEU/BUY]: [0.251/0.507/0.088] | LR: 0.000028
2026-02-25 19:58:46,360 - INFO - Trial 15 | Epoch 3 | Batch 100/214 (46.7%) | Loss: 0.7976
2026-02-25 19:58:48,124 - INFO - Trial 15 | Epoch 3 | Batch 200/214 (93.5%) | Loss: 0.7967
2026-02-25 19:58:49,612 - INFO - Trial 15, Epoch 3/50 | Train Loss: 0.7827 | Val Loss: 0.6420 | F1 Macro: 0.2681 | F1 Dir: 0.1270 | F1 [SELL/NEU/BUY]: [0.199/0.550/0.055] | LR: 0.000028
2026-02-25 19:58:51,906 - INFO - Trial 15 | Epoch 4 | Batch 100/214 (46.7%) | Loss: 0.7751
2026-02-25 19:58:53,692 - INFO - Trial 15 | Epoch 4 | Batch 200/214 (93.5%) | Loss: 0.7923
2026-02-25 19:58:55,191 - INFO - Trial 15, Epoch 4/50 | Train Loss: 0.7803 | Val Loss: 0.6400 | F1 Macro: 0.2697 | F1 Dir: 0.1137 | F1 [SELL/NEU/BUY]: [0.174/0.582/0.053] | LR: 0.000028
2026-02-25 19:58:57,506 - INFO - Trial 15 | Epoch 5 | Batch 100/214 (46.7%) | Loss: 0.7995
2026-02-25 19:58:59,293 - INFO - Trial 15 | Epoch 5 | Batch 200/214 (93.5%) | Loss: 0.7585
2026-02-25 19:59:00,760 - INFO - Trial 15, Epoch 5/50 | Train Loss: 0.7789 | Val Loss: 0.6399 | F1 Macro: 0.2764 | F1 Dir: 0.1284 | F1 [SELL/NEU/BUY]: [0.151/0.572/0.106] | LR: 0.000028
2026-02-25 19:59:03,223 - INFO - Trial 15 | Epoch 6 | Batch 100/214 (46.7%) | Loss: 0.6898
2026-02-25 19:59:05,037 - INFO - Trial 15 | Epoch 6 | Batch 200/214 (93.5%) | Loss: 0.7758
2026-02-25 19:59:06,466 - INFO - Trial 15, Epoch 6/50 | Train Loss: 0.7780 | Val Loss: 0.6393 | F1 Macro: 0.2854 | F1 Dir: 0.1360 | F1 [SELL/NEU/BUY]: [0.134/0.584/0.138] | LR: 0.000028
2026-02-25 19:59:08,777 - INFO - Trial 15 | Epoch 7 | Batch 100/214 (46.7%) | Loss: 0.7514
2026-02-25 19:59:10,593 - INFO - Trial 15 | Epoch 7 | Batch 200/214 (93.5%) | Loss: 0.7737
2026-02-25 19:59:12,107 - INFO - Trial 15, Epoch 7/50 | Train Loss: 0.7769 | Val Loss: 0.6392 | F1 Macro: 0.2909 | F1 Dir: 0.1389 | F1 [SELL/NEU/BUY]: [0.139/0.595/0.139] | LR: 0.000027
2026-02-25 19:59:14,393 - INFO - Trial 15 | Epoch 8 | Batch 100/214 (46.7%) | Loss: 0.8850
2026-02-25 19:59:16,170 - INFO - Trial 15 | Epoch 8 | Batch 200/214 (93.5%) | Loss: 0.8689
2026-02-25 19:59:17,624 - INFO - Trial 15, Epoch 8/50 | Train Loss: 0.7756 | Val Loss: 0.6391 | F1 Macro: 0.2957 | F1 Dir: 0.1411 | F1 [SELL/NEU/BUY]: [0.135/0.605/0.147] | LR: 0.000027
2026-02-25 19:59:19,889 - INFO - Trial 15 | Epoch 9 | Batch 100/214 (46.7%) | Loss: 0.7440
2026-02-25 19:59:21,676 - INFO - Trial 15 | Epoch 9 | Batch 200/214 (93.5%) | Loss: 0.7405
2026-02-25 19:59:23,165 - INFO - Trial 15, Epoch 9/50 | Train Loss: 0.7748 | Val Loss: 0.6383 | F1 Macro: 0.2912 | F1 Dir: 0.1362 | F1 [SELL/NEU/BUY]: [0.148/0.601/0.124] | LR: 0.000026
2026-02-25 19:59:25,477 - INFO - Trial 15 | Epoch 10 | Batch 100/214 (46.7%) | Loss: 0.7375
2026-02-25 19:59:27,229 - INFO - Trial 15 | Epoch 10 | Batch 200/214 (93.5%) | Loss: 0.6826
2026-02-25 19:59:28,717 - INFO - Trial 15, Epoch 10/50 | Train Loss: 0.7738 | Val Loss: 0.6375 | F1 Macro: 0.3030 | F1 Dir: 0.1404 | F1 [SELL/NEU/BUY]: [0.151/0.628/0.129] | LR: 0.000026
2026-02-25 19:59:31,026 - INFO - Trial 15 | Epoch 11 | Batch 100/214 (46.7%) | Loss: 0.7476
2026-02-25 19:59:32,921 - INFO - Trial 15 | Epoch 11 | Batch 200/214 (93.5%) | Loss: 0.7255
2026-02-25 19:59:34,451 - INFO - Trial 15, Epoch 11/50 | Train Loss: 0.7732 | Val Loss: 0.6379 | F1 Macro: 0.2931 | F1 Dir: 0.1386 | F1 [SELL/NEU/BUY]: [0.146/0.602/0.131] | LR: 0.000025
2026-02-25 19:59:36,751 - INFO - Trial 15 | Epoch 12 | Batch 100/214 (46.7%) | Loss: 0.7653
2026-02-25 19:59:38,571 - INFO - Trial 15 | Epoch 12 | Batch 200/214 (93.5%) | Loss: 0.8126
2026-02-25 19:59:40,091 - INFO - Trial 15, Epoch 12/50 | Train Loss: 0.7724 | Val Loss: 0.6384 | F1 Macro: 0.2935 | F1 Dir: 0.1418 | F1 [SELL/NEU/BUY]: [0.135/0.597/0.149] | LR: 0.000025
2026-02-25 19:59:42,434 - INFO - Trial 15 | Epoch 13 | Batch 100/214 (46.7%) | Loss: 0.7505
2026-02-25 19:59:44,230 - INFO - Trial 15 | Epoch 13 | Batch 200/214 (93.5%) | Loss: 0.7865
2026-02-25 19:59:45,734 - INFO - Trial 15, Epoch 13/50 | Train Loss: 0.7715 | Val Loss: 0.6378 | F1 Macro: 0.3012 | F1 Dir: 0.1443 | F1 [SELL/NEU/BUY]: [0.143/0.615/0.146] | LR: 0.000024
2026-02-25 19:59:45,784 - INFO - Trial 15 stopped early due to patience (3 epochs without improvement)
2026-02-25 19:59:46,459 - INFO - Trial 16 START | tcn=256, lstm=64, layers=5, batch=1024, seq=24, drop=0.458, lr=0.000042, wd=0.008394
2026-02-25 19:59:49,258 - INFO - Trial 16 | Epoch 1 | Batch 100/214 (46.7%) | Loss: 0.7853
2026-02-25 19:59:51,608 - INFO - Trial 16 | Epoch 1 | Batch 200/214 (93.5%) | Loss: 0.7884
2026-02-25 19:59:53,236 - INFO - Trial 16, Epoch 1/50 | Train Loss: 0.8357 | Val Loss: 0.6604 | F1 Macro: 0.0465 | F1 Dir: 0.0697 | F1 [SELL/NEU/BUY]: [0.038/0.000/0.101] | LR: 0.000042
2026-02-25 19:59:56,092 - INFO - Trial 16 | Epoch 2 | Batch 100/214 (46.7%) | Loss: 0.8429
2026-02-25 19:59:58,428 - INFO - Trial 16 | Epoch 2 | Batch 200/214 (93.5%) | Loss: 0.8033
2026-02-25 19:59:59,978 - INFO - Trial 16, Epoch 2/50 | Train Loss: 0.7938 | Val Loss: 0.6517 | F1 Macro: 0.0985 | F1 Dir: 0.1014 | F1 [SELL/NEU/BUY]: [0.113/0.093/0.090] | LR: 0.000042
2026-02-25 20:00:02,822 - INFO - Trial 16 | Epoch 3 | Batch 100/214 (46.7%) | Loss: 0.8165
2026-02-25 20:00:05,155 - INFO - Trial 16 | Epoch 3 | Batch 200/214 (93.5%) | Loss: 0.7458
2026-02-25 20:00:06,769 - INFO - Trial 16, Epoch 3/50 | Train Loss: 0.7876 | Val Loss: 0.6469 | F1 Macro: 0.2689 | F1 Dir: 0.1287 | F1 [SELL/NEU/BUY]: [0.131/0.549/0.127] | LR: 0.000042
2026-02-25 20:00:09,681 - INFO - Trial 16 | Epoch 4 | Batch 100/214 (46.7%) | Loss: 0.7337
2026-02-25 20:00:12,023 - INFO - Trial 16 | Epoch 4 | Batch 200/214 (93.5%) | Loss: 0.8363
2026-02-25 20:00:13,556 - INFO - Trial 16, Epoch 4/50 | Train Loss: 0.7840 | Val Loss: 0.6437 | F1 Macro: 0.2854 | F1 Dir: 0.1350 | F1 [SELL/NEU/BUY]: [0.140/0.586/0.130] | LR: 0.000042
2026-02-25 20:00:16,497 - INFO - Trial 16 | Epoch 5 | Batch 100/214 (46.7%) | Loss: 0.7657
2026-02-25 20:00:18,853 - INFO - Trial 16 | Epoch 5 | Batch 200/214 (93.5%) | Loss: 0.6906
2026-02-25 20:00:20,384 - INFO - Trial 16, Epoch 5/50 | Train Loss: 0.7822 | Val Loss: 0.6440 | F1 Macro: 0.2893 | F1 Dir: 0.1362 | F1 [SELL/NEU/BUY]: [0.131/0.596/0.141] | LR: 0.000041
2026-02-25 20:00:23,304 - INFO - Trial 16 | Epoch 6 | Batch 100/214 (46.7%) | Loss: 0.7401
2026-02-25 20:00:25,640 - INFO - Trial 16 | Epoch 6 | Batch 200/214 (93.5%) | Loss: 0.7561
2026-02-25 20:00:27,170 - INFO - Trial 16, Epoch 6/50 | Train Loss: 0.7808 | Val Loss: 0.6437 | F1 Macro: 0.3057 | F1 Dir: 0.1414 | F1 [SELL/NEU/BUY]: [0.130/0.634/0.153] | LR: 0.000041
2026-02-25 20:00:30,122 - INFO - Trial 16 | Epoch 7 | Batch 100/214 (46.7%) | Loss: 0.7984
2026-02-25 20:00:32,488 - INFO - Trial 16 | Epoch 7 | Batch 200/214 (93.5%) | Loss: 0.7641
2026-02-25 20:00:34,026 - INFO - Trial 16, Epoch 7/50 | Train Loss: 0.7802 | Val Loss: 0.6419 | F1 Macro: 0.2958 | F1 Dir: 0.1367 | F1 [SELL/NEU/BUY]: [0.142/0.614/0.131] | LR: 0.000040
2026-02-25 20:00:36,919 - INFO - Trial 16 | Epoch 8 | Batch 100/214 (46.7%) | Loss: 0.7754
2026-02-25 20:00:39,306 - INFO - Trial 16 | Epoch 8 | Batch 200/214 (93.5%) | Loss: 0.7663
2026-02-25 20:00:40,959 - INFO - Trial 16, Epoch 8/50 | Train Loss: 0.7784 | Val Loss: 0.6416 | F1 Macro: 0.3104 | F1 Dir: 0.1411 | F1 [SELL/NEU/BUY]: [0.146/0.649/0.137] | LR: 0.000040
2026-02-25 20:00:43,840 - INFO - Trial 16 | Epoch 9 | Batch 100/214 (46.7%) | Loss: 0.7576
2026-02-25 20:00:46,207 - INFO - Trial 16 | Epoch 9 | Batch 200/214 (93.5%) | Loss: 0.7750
2026-02-25 20:00:47,695 - INFO - Trial 16, Epoch 9/50 | Train Loss: 0.7777 | Val Loss: 0.6415 | F1 Macro: 0.2934 | F1 Dir: 0.1342 | F1 [SELL/NEU/BUY]: [0.146/0.612/0.122] | LR: 0.000039
2026-02-25 20:00:50,614 - INFO - Trial 16 | Epoch 10 | Batch 100/214 (46.7%) | Loss: 0.7779
2026-02-25 20:00:52,915 - INFO - Trial 16 | Epoch 10 | Batch 200/214 (93.5%) | Loss: 0.7778
2026-02-25 20:00:54,414 - INFO - Trial 16, Epoch 10/50 | Train Loss: 0.7765 | Val Loss: 0.6414 | F1 Macro: 0.3178 | F1 Dir: 0.1434 | F1 [SELL/NEU/BUY]: [0.153/0.667/0.134] | LR: 0.000038
2026-02-25 20:00:57,369 - INFO - Trial 16 | Epoch 11 | Batch 100/214 (46.7%) | Loss: 0.7994
2026-02-25 20:00:59,721 - INFO - Trial 16 | Epoch 11 | Batch 200/214 (93.5%) | Loss: 0.7492
2026-02-25 20:01:01,329 - INFO - Trial 16, Epoch 11/50 | Train Loss: 0.7761 | Val Loss: 0.6416 | F1 Macro: 0.3139 | F1 Dir: 0.1436 | F1 [SELL/NEU/BUY]: [0.144/0.655/0.144] | LR: 0.000037
2026-02-25 20:01:04,240 - INFO - Trial 16 | Epoch 12 | Batch 100/214 (46.7%) | Loss: 0.7255
2026-02-25 20:01:06,297 - INFO - Trial 16 | Epoch 12 | Batch 200/214 (93.5%) | Loss: 0.8009
2026-02-25 20:01:07,940 - INFO - Trial 16, Epoch 12/50 | Train Loss: 0.7751 | Val Loss: 0.6415 | F1 Macro: 0.3076 | F1 Dir: 0.1392 | F1 [SELL/NEU/BUY]: [0.148/0.644/0.131] | LR: 0.000037
2026-02-25 20:01:10,782 - INFO - Trial 16 | Epoch 13 | Batch 100/214 (46.7%) | Loss: 0.8256
2026-02-25 20:01:13,362 - INFO - Trial 16 | Epoch 13 | Batch 200/214 (93.5%) | Loss: 0.7960
2026-02-25 20:01:14,949 - INFO - Trial 16, Epoch 13/50 | Train Loss: 0.7740 | Val Loss: 0.6416 | F1 Macro: 0.3324 | F1 Dir: 0.1503 | F1 [SELL/NEU/BUY]: [0.154/0.697/0.146] | LR: 0.000036
2026-02-25 20:01:14,972 - INFO - 🥇 [MACRO]  Trial 16 | Global F1 Macro record: 0.3324 (prev: 0.3221) → saved best_tcn_lstm.pt
2026-02-25 20:01:15,067 - INFO - Trial 16 stopped early due to patience (3 epochs without improvement)
2026-02-25 20:01:15,938 - INFO - Trial 17 START | tcn=256, lstm=64, layers=5, batch=2048, seq=48, drop=0.462, lr=0.000043, wd=0.003240
2026-02-25 20:01:21,137 - INFO - Trial 17 | Epoch 1 | Batch 100/107 (93.5%) | Loss: 0.8521
2026-02-25 20:01:22,790 - INFO - Trial 17, Epoch 1/50 | Train Loss: 0.8511 | Val Loss: 0.6941 | F1 Macro: 0.0334 | F1 Dir: 0.0501 | F1 [SELL/NEU/BUY]: [0.100/0.000/0.000] | LR: 0.000043
2026-02-25 20:01:28,159 - INFO - Trial 17 | Epoch 2 | Batch 100/107 (93.5%) | Loss: 0.7966
2026-02-25 20:01:29,812 - INFO - Trial 17, Epoch 2/50 | Train Loss: 0.8160 | Val Loss: 0.6656 | F1 Macro: 0.0334 | F1 Dir: 0.0501 | F1 [SELL/NEU/BUY]: [0.100/0.000/0.000] | LR: 0.000043
2026-02-25 20:01:35,172 - INFO - Trial 17 | Epoch 3 | Batch 100/107 (93.5%) | Loss: 0.7866
2026-02-25 20:01:36,829 - INFO - Trial 17, Epoch 3/50 | Train Loss: 0.7945 | Val Loss: 0.6580 | F1 Macro: 0.1064 | F1 Dir: 0.1596 | F1 [SELL/NEU/BUY]: [0.076/0.000/0.243] | LR: 0.000042
2026-02-25 20:01:37,255 - INFO - Trial 17 pruned by Optuna at epoch 3
2026-02-25 20:01:37,915 - INFO - Trial 18 START | tcn=256, lstm=64, layers=5, batch=1024, seq=24, drop=0.459, lr=0.000027, wd=0.000390
2026-02-25 20:01:40,600 - INFO - Trial 18 | Epoch 1 | Batch 100/214 (46.7%) | Loss: 0.8475
2026-02-25 20:01:42,972 - INFO - Trial 18 | Epoch 1 | Batch 200/214 (93.5%) | Loss: 0.8473
2026-02-25 20:01:44,563 - INFO - Trial 18, Epoch 1/50 | Train Loss: 0.8521 | Val Loss: 0.6716 | F1 Macro: 0.0334 | F1 Dir: 0.0501 | F1 [SELL/NEU/BUY]: [0.100/0.000/0.000] | LR: 0.000027
2026-02-25 20:01:47,748 - INFO - Trial 18 | Epoch 2 | Batch 100/214 (46.7%) | Loss: 0.8097
2026-02-25 20:01:50,066 - INFO - Trial 18 | Epoch 2 | Batch 200/214 (93.5%) | Loss: 0.8446
2026-02-25 20:01:51,570 - INFO - Trial 18, Epoch 2/50 | Train Loss: 0.8004 | Val Loss: 0.6552 | F1 Macro: 0.0725 | F1 Dir: 0.1088 | F1 [SELL/NEU/BUY]: [0.179/0.000/0.039] | LR: 0.000027
2026-02-25 20:01:54,473 - INFO - Trial 18 | Epoch 3 | Batch 100/214 (46.7%) | Loss: 0.7648
2026-02-25 20:01:56,793 - INFO - Trial 18 | Epoch 3 | Batch 200/214 (93.5%) | Loss: 0.7681
2026-02-25 20:01:58,401 - INFO - Trial 18, Epoch 3/50 | Train Loss: 0.7920 | Val Loss: 0.6509 | F1 Macro: 0.1963 | F1 Dir: 0.1313 | F1 [SELL/NEU/BUY]: [0.195/0.326/0.067] | LR: 0.000027
2026-02-25 20:01:58,565 - INFO - Trial 18 pruned by Optuna at epoch 3
2026-02-25 20:01:59,641 - INFO - Trial 19 START | tcn=256, lstm=64, layers=5, batch=1024, seq=24, drop=0.445, lr=0.000021, wd=0.000883
2026-02-25 20:02:02,418 - INFO - Trial 19 | Epoch 1 | Batch 100/214 (46.7%) | Loss: 0.9195
2026-02-25 20:02:04,789 - INFO - Trial 19 | Epoch 1 | Batch 200/214 (93.5%) | Loss: 0.8132
2026-02-25 20:02:06,347 - INFO - Trial 19, Epoch 1/50 | Train Loss: 0.8492 | Val Loss: 0.6898 | F1 Macro: 0.0334 | F1 Dir: 0.0501 | F1 [SELL/NEU/BUY]: [0.100/0.000/0.000] | LR: 0.000021
2026-02-25 20:02:09,250 - INFO - Trial 19 | Epoch 2 | Batch 100/214 (46.7%) | Loss: 0.8436
2026-02-25 20:02:11,600 - INFO - Trial 19 | Epoch 2 | Batch 200/214 (93.5%) | Loss: 0.8226
2026-02-25 20:02:13,060 - INFO - Trial 19, Epoch 2/50 | Train Loss: 0.8189 | Val Loss: 0.6625 | F1 Macro: 0.0334 | F1 Dir: 0.0501 | F1 [SELL/NEU/BUY]: [0.100/0.000/0.000] | LR: 0.000020
2026-02-25 20:02:15,908 - INFO - Trial 19 | Epoch 3 | Batch 100/214 (46.7%) | Loss: 0.7970
2026-02-25 20:02:18,284 - INFO - Trial 19 | Epoch 3 | Batch 200/214 (93.5%) | Loss: 0.7657
2026-02-25 20:02:19,990 - INFO - Trial 19, Epoch 3/50 | Train Loss: 0.7992 | Val Loss: 0.6562 | F1 Macro: 0.0334 | F1 Dir: 0.0501 | F1 [SELL/NEU/BUY]: [0.100/0.000/0.000] | LR: 0.000020
2026-02-25 20:02:20,088 - INFO - Trial 19 pruned by Optuna at epoch 3
2026-02-25 20:02:20,957 - INFO - Trial 20 START | tcn=256, lstm=64, layers=4, batch=2048, seq=48, drop=0.412, lr=0.000047, wd=0.002033
2026-02-25 20:02:25,971 - INFO - Trial 20 | Epoch 1 | Batch 100/107 (93.5%) | Loss: 0.7762
2026-02-25 20:02:27,605 - INFO - Trial 20, Epoch 1/50 | Train Loss: 0.8656 | Val Loss: 0.6916 | F1 Macro: 0.0335 | F1 Dir: 0.0503 | F1 [SELL/NEU/BUY]: [0.000/0.000/0.101] | LR: 0.000047
2026-02-25 20:02:32,749 - INFO - Trial 20 | Epoch 2 | Batch 100/107 (93.5%) | Loss: 0.8119
2026-02-25 20:02:34,325 - INFO - Trial 20, Epoch 2/50 | Train Loss: 0.8091 | Val Loss: 0.6622 | F1 Macro: 0.0919 | F1 Dir: 0.1379 | F1 [SELL/NEU/BUY]: [0.224/0.000/0.052] | LR: 0.000046
2026-02-25 20:02:39,538 - INFO - Trial 20 | Epoch 3 | Batch 100/107 (93.5%) | Loss: 0.7916
2026-02-25 20:02:41,194 - INFO - Trial 20, Epoch 3/50 | Train Loss: 0.7936 | Val Loss: 0.6590 | F1 Macro: 0.1009 | F1 Dir: 0.1514 | F1 [SELL/NEU/BUY]: [0.245/0.000/0.058] | LR: 0.000046
2026-02-25 20:02:41,447 - INFO - Trial 20 pruned by Optuna at epoch 3
2026-02-25 20:02:42,158 - INFO - Trial 21 START | tcn=128, lstm=64, layers=3, batch=1024, seq=24, drop=0.395, lr=0.000048, wd=0.009162
2026-02-25 20:02:44,457 - INFO - Trial 21 | Epoch 1 | Batch 100/214 (46.7%) | Loss: 0.9593
2026-02-25 20:02:46,374 - INFO - Trial 21 | Epoch 1 | Batch 200/214 (93.5%) | Loss: 0.7808
2026-02-25 20:02:47,826 - INFO - Trial 21, Epoch 1/50 | Train Loss: 0.8282 | Val Loss: 0.6562 | F1 Macro: 0.0807 | F1 Dir: 0.1211 | F1 [SELL/NEU/BUY]: [0.041/0.000/0.201] | LR: 0.000048
2026-02-25 20:02:50,264 - INFO - Trial 21 | Epoch 2 | Batch 100/214 (46.7%) | Loss: 0.7527
2026-02-25 20:02:52,270 - INFO - Trial 21 | Epoch 2 | Batch 200/214 (93.5%) | Loss: 0.8261
2026-02-25 20:02:53,897 - INFO - Trial 21, Epoch 2/50 | Train Loss: 0.7898 | Val Loss: 0.6463 | F1 Macro: 0.2433 | F1 Dir: 0.1514 | F1 [SELL/NEU/BUY]: [0.083/0.427/0.219] | LR: 0.000047
2026-02-25 20:02:56,435 - INFO - Trial 21 | Epoch 3 | Batch 100/214 (46.7%) | Loss: 0.7797
2026-02-25 20:02:58,393 - INFO - Trial 21 | Epoch 3 | Batch 200/214 (93.5%) | Loss: 0.8164
2026-02-25 20:02:59,855 - INFO - Trial 21, Epoch 3/50 | Train Loss: 0.7853 | Val Loss: 0.6424 | F1 Macro: 0.3073 | F1 Dir: 0.1731 | F1 [SELL/NEU/BUY]: [0.116/0.576/0.230] | LR: 0.000047
2026-02-25 20:02:59,883 - INFO - 🏆 [DIR]    Trial 21 | Global F1 Dir record: 0.1731 (prev: 0.1724) → saved best_tcn_lstm_dir.pt
2026-02-25 20:03:02,361 - INFO - Trial 21 | Epoch 4 | Batch 100/214 (46.7%) | Loss: 0.7596
2026-02-25 20:03:04,254 - INFO - Trial 21 | Epoch 4 | Batch 200/214 (93.5%) | Loss: 0.7483
2026-02-25 20:03:05,746 - INFO - Trial 21, Epoch 4/50 | Train Loss: 0.7814 | Val Loss: 0.6405 | F1 Macro: 0.3088 | F1 Dir: 0.1657 | F1 [SELL/NEU/BUY]: [0.128/0.595/0.203] | LR: 0.000047
2026-02-25 20:03:08,130 - INFO - Trial 21 | Epoch 5 | Batch 100/214 (46.7%) | Loss: 0.7701
2026-02-25 20:03:10,041 - INFO - Trial 21 | Epoch 5 | Batch 200/214 (93.5%) | Loss: 0.7910
2026-02-25 20:03:11,471 - INFO - Trial 21, Epoch 5/50 | Train Loss: 0.7799 | Val Loss: 0.6394 | F1 Macro: 0.3193 | F1 Dir: 0.1816 | F1 [SELL/NEU/BUY]: [0.114/0.595/0.249] | LR: 0.000046
2026-02-25 20:03:11,502 - INFO - 🏆 [DIR]    Trial 21 | Global F1 Dir record: 0.1816 (prev: 0.1731) → saved best_tcn_lstm_dir.pt
2026-02-25 20:03:13,967 - INFO - Trial 21 | Epoch 6 | Batch 100/214 (46.7%) | Loss: 0.6801
2026-02-25 20:03:15,867 - INFO - Trial 21 | Epoch 6 | Batch 200/214 (93.5%) | Loss: 0.8267
2026-02-25 20:03:17,366 - INFO - Trial 21, Epoch 6/50 | Train Loss: 0.7788 | Val Loss: 0.6385 | F1 Macro: 0.3339 | F1 Dir: 0.1770 | F1 [SELL/NEU/BUY]: [0.127/0.648/0.227] | LR: 0.000046
2026-02-25 20:03:17,387 - INFO - 🥇 [MACRO]  Trial 21 | Global F1 Macro record: 0.3339 (prev: 0.3324) → saved best_tcn_lstm.pt
2026-02-25 20:03:19,786 - INFO - Trial 21 | Epoch 7 | Batch 100/214 (46.7%) | Loss: 0.7774
2026-02-25 20:03:21,719 - INFO - Trial 21 | Epoch 7 | Batch 200/214 (93.5%) | Loss: 0.7972
2026-02-25 20:03:23,210 - INFO - Trial 21, Epoch 7/50 | Train Loss: 0.7773 | Val Loss: 0.6388 | F1 Macro: 0.3172 | F1 Dir: 0.1733 | F1 [SELL/NEU/BUY]: [0.116/0.605/0.231] | LR: 0.000045
2026-02-25 20:03:25,657 - INFO - Trial 21 | Epoch 8 | Batch 100/214 (46.7%) | Loss: 0.7170
2026-02-25 20:03:27,843 - INFO - Trial 21 | Epoch 8 | Batch 200/214 (93.5%) | Loss: 0.7427
2026-02-25 20:03:29,319 - INFO - Trial 21, Epoch 8/50 | Train Loss: 0.7761 | Val Loss: 0.6388 | F1 Macro: 0.3236 | F1 Dir: 0.1726 | F1 [SELL/NEU/BUY]: [0.114/0.626/0.231] | LR: 0.000045
2026-02-25 20:03:31,819 - INFO - Trial 21 | Epoch 9 | Batch 100/214 (46.7%) | Loss: 0.7521
2026-02-25 20:03:33,734 - INFO - Trial 21 | Epoch 9 | Batch 200/214 (93.5%) | Loss: 0.7639
2026-02-25 20:03:35,209 - INFO - Trial 21, Epoch 9/50 | Train Loss: 0.7758 | Val Loss: 0.6384 | F1 Macro: 0.3263 | F1 Dir: 0.1649 | F1 [SELL/NEU/BUY]: [0.125/0.649/0.205] | LR: 0.000044
2026-02-25 20:03:37,650 - INFO - Trial 21 | Epoch 10 | Batch 100/214 (46.7%) | Loss: 0.7707
2026-02-25 20:03:39,585 - INFO - Trial 21 | Epoch 10 | Batch 200/214 (93.5%) | Loss: 0.8152
2026-02-25 20:03:41,099 - INFO - Trial 21, Epoch 10/50 | Train Loss: 0.7749 | Val Loss: 0.6388 | F1 Macro: 0.3116 | F1 Dir: 0.1565 | F1 [SELL/NEU/BUY]: [0.122/0.622/0.191] | LR: 0.000043
2026-02-25 20:03:43,530 - INFO - Trial 21 | Epoch 11 | Batch 100/214 (46.7%) | Loss: 0.7838
2026-02-25 20:03:45,454 - INFO - Trial 21 | Epoch 11 | Batch 200/214 (93.5%) | Loss: 0.6986
2026-02-25 20:03:46,945 - INFO - Trial 21, Epoch 11/50 | Train Loss: 0.7743 | Val Loss: 0.6388 | F1 Macro: 0.3194 | F1 Dir: 0.1565 | F1 [SELL/NEU/BUY]: [0.122/0.645/0.191] | LR: 0.000042
2026-02-25 20:03:49,371 - INFO - Trial 21 | Epoch 12 | Batch 100/214 (46.7%) | Loss: 0.7307
2026-02-25 20:03:51,289 - INFO - Trial 21 | Epoch 12 | Batch 200/214 (93.5%) | Loss: 0.7678
2026-02-25 20:03:52,819 - INFO - Trial 21, Epoch 12/50 | Train Loss: 0.7743 | Val Loss: 0.6384 | F1 Macro: 0.3145 | F1 Dir: 0.1522 | F1 [SELL/NEU/BUY]: [0.131/0.639/0.173] | LR: 0.000041
2026-02-25 20:03:55,204 - INFO - Trial 21 | Epoch 13 | Batch 100/214 (46.7%) | Loss: 0.8005
2026-02-25 20:03:57,128 - INFO - Trial 21 | Epoch 13 | Batch 200/214 (93.5%) | Loss: 0.7797
2026-02-25 20:03:58,575 - INFO - Trial 21, Epoch 13/50 | Train Loss: 0.7730 | Val Loss: 0.6387 | F1 Macro: 0.3173 | F1 Dir: 0.1524 | F1 [SELL/NEU/BUY]: [0.133/0.647/0.172] | LR: 0.000040
2026-02-25 20:04:01,204 - INFO - Trial 21 | Epoch 14 | Batch 100/214 (46.7%) | Loss: 0.8033
2026-02-25 20:04:03,117 - INFO - Trial 21 | Epoch 14 | Batch 200/214 (93.5%) | Loss: 0.7740
2026-02-25 20:04:04,619 - INFO - Trial 21, Epoch 14/50 | Train Loss: 0.7727 | Val Loss: 0.6380 | F1 Macro: 0.3196 | F1 Dir: 0.1496 | F1 [SELL/NEU/BUY]: [0.146/0.659/0.153] | LR: 0.000039
2026-02-25 20:04:06,775 - INFO - Trial 21 | Epoch 15 | Batch 100/214 (46.7%) | Loss: 0.8313
2026-02-25 20:04:08,634 - INFO - Trial 21 | Epoch 15 | Batch 200/214 (93.5%) | Loss: 0.7700
2026-02-25 20:04:10,088 - INFO - Trial 21, Epoch 15/50 | Train Loss: 0.7722 | Val Loss: 0.6384 | F1 Macro: 0.3173 | F1 Dir: 0.1500 | F1 [SELL/NEU/BUY]: [0.139/0.652/0.161] | LR: 0.000038
2026-02-25 20:04:12,570 - INFO - Trial 21 | Epoch 16 | Batch 100/214 (46.7%) | Loss: 0.8105
2026-02-25 20:04:14,453 - INFO - Trial 21 | Epoch 16 | Batch 200/214 (93.5%) | Loss: 0.7303
2026-02-25 20:04:15,913 - INFO - Trial 21, Epoch 16/50 | Train Loss: 0.7712 | Val Loss: 0.6386 | F1 Macro: 0.3206 | F1 Dir: 0.1506 | F1 [SELL/NEU/BUY]: [0.144/0.661/0.157] | LR: 0.000037
2026-02-25 20:04:18,319 - INFO - Trial 21 | Epoch 17 | Batch 100/214 (46.7%) | Loss: 0.7414
2026-02-25 20:04:20,282 - INFO - Trial 21 | Epoch 17 | Batch 200/214 (93.5%) | Loss: 0.7611
2026-02-25 20:04:21,773 - INFO - Trial 21, Epoch 17/50 | Train Loss: 0.7703 | Val Loss: 0.6391 | F1 Macro: 0.3111 | F1 Dir: 0.1491 | F1 [SELL/NEU/BUY]: [0.137/0.635/0.161] | LR: 0.000035
2026-02-25 20:04:21,828 - INFO - Trial 21 stopped early due to patience (3 epochs without improvement)
2026-02-25 20:04:22,755 - INFO - Trial 22 START | tcn=128, lstm=64, layers=4, batch=1024, seq=24, drop=0.407, lr=0.000034, wd=0.006310
2026-02-25 20:04:25,327 - INFO - Trial 22 | Epoch 1 | Batch 100/214 (46.7%) | Loss: 0.9164
2026-02-25 20:04:27,511 - INFO - Trial 22 | Epoch 1 | Batch 200/214 (93.5%) | Loss: 0.7884
2026-02-25 20:04:29,075 - INFO - Trial 22, Epoch 1/50 | Train Loss: 0.8446 | Val Loss: 0.6682 | F1 Macro: 0.0530 | F1 Dir: 0.0795 | F1 [SELL/NEU/BUY]: [0.137/0.000/0.022] | LR: 0.000034
2026-02-25 20:04:31,834 - INFO - Trial 22 | Epoch 2 | Batch 100/214 (46.7%) | Loss: 0.7795
2026-02-25 20:04:34,314 - INFO - Trial 22 | Epoch 2 | Batch 200/214 (93.5%) | Loss: 0.8337
2026-02-25 20:04:35,823 - INFO - Trial 22, Epoch 2/50 | Train Loss: 0.7987 | Val Loss: 0.6525 | F1 Macro: 0.0825 | F1 Dir: 0.1150 | F1 [SELL/NEU/BUY]: [0.192/0.018/0.038] | LR: 0.000034
2026-02-25 20:04:38,563 - INFO - Trial 22 | Epoch 3 | Batch 100/214 (46.7%) | Loss: 0.7938
2026-02-25 20:04:40,662 - INFO - Trial 22 | Epoch 3 | Batch 200/214 (93.5%) | Loss: 0.8157
2026-02-25 20:04:42,168 - INFO - Trial 22, Epoch 3/50 | Train Loss: 0.7902 | Val Loss: 0.6478 | F1 Macro: 0.2492 | F1 Dir: 0.1417 | F1 [SELL/NEU/BUY]: [0.220/0.464/0.063] | LR: 0.000034
2026-02-25 20:04:42,337 - INFO - Trial 22 pruned by Optuna at epoch 3
2026-02-25 20:04:42,957 - INFO - Trial 23 START | tcn=256, lstm=64, layers=3, batch=1024, seq=24, drop=0.472, lr=0.000046, wd=0.009926
2026-02-25 20:04:45,381 - INFO - Trial 23 | Epoch 1 | Batch 100/214 (46.7%) | Loss: 0.8264
2026-02-25 20:04:47,387 - INFO - Trial 23 | Epoch 1 | Batch 200/214 (93.5%) | Loss: 0.8007
2026-02-25 20:04:48,902 - INFO - Trial 23, Epoch 1/50 | Train Loss: 0.8339 | Val Loss: 0.6543 | F1 Macro: 0.1019 | F1 Dir: 0.1528 | F1 [SELL/NEU/BUY]: [0.063/0.000/0.243] | LR: 0.000046
2026-02-25 20:04:51,449 - INFO - Trial 23 | Epoch 2 | Batch 100/214 (46.7%) | Loss: 0.7989
2026-02-25 20:04:53,407 - INFO - Trial 23 | Epoch 2 | Batch 200/214 (93.5%) | Loss: 0.7283
2026-02-25 20:04:54,887 - INFO - Trial 23, Epoch 2/50 | Train Loss: 0.7911 | Val Loss: 0.6447 | F1 Macro: 0.2803 | F1 Dir: 0.1767 | F1 [SELL/NEU/BUY]: [0.108/0.488/0.245] | LR: 0.000046
2026-02-25 20:04:57,583 - INFO - Trial 23 | Epoch 3 | Batch 100/214 (46.7%) | Loss: 0.7352
2026-02-25 20:04:59,705 - INFO - Trial 23 | Epoch 3 | Batch 200/214 (93.5%) | Loss: 0.7717
2026-02-25 20:05:01,175 - INFO - Trial 23, Epoch 3/50 | Train Loss: 0.7847 | Val Loss: 0.6424 | F1 Macro: 0.2872 | F1 Dir: 0.1347 | F1 [SELL/NEU/BUY]: [0.140/0.592/0.129] | LR: 0.000046
2026-02-25 20:05:03,754 - INFO - Trial 23 | Epoch 4 | Batch 100/214 (46.7%) | Loss: 0.7337
2026-02-25 20:05:05,909 - INFO - Trial 23 | Epoch 4 | Batch 200/214 (93.5%) | Loss: 0.7688
2026-02-25 20:05:07,500 - INFO - Trial 23, Epoch 4/50 | Train Loss: 0.7819 | Val Loss: 0.6401 | F1 Macro: 0.3089 | F1 Dir: 0.1481 | F1 [SELL/NEU/BUY]: [0.134/0.631/0.163] | LR: 0.000045
2026-02-25 20:05:09,779 - INFO - Trial 23 | Epoch 5 | Batch 100/214 (46.7%) | Loss: 0.7725
2026-02-25 20:05:11,409 - INFO - Trial 23 | Epoch 5 | Batch 200/214 (93.5%) | Loss: 0.7669
2026-02-25 20:05:12,768 - INFO - Trial 23, Epoch 5/50 | Train Loss: 0.7786 | Val Loss: 0.6393 | F1 Macro: 0.3051 | F1 Dir: 0.1486 | F1 [SELL/NEU/BUY]: [0.133/0.618/0.164] | LR: 0.000045
2026-02-25 20:05:15,245 - INFO - Trial 23 | Epoch 6 | Batch 100/214 (46.7%) | Loss: 0.8173
2026-02-25 20:05:17,223 - INFO - Trial 23 | Epoch 6 | Batch 200/214 (93.5%) | Loss: 0.6998
2026-02-25 20:05:18,702 - INFO - Trial 23, Epoch 6/50 | Train Loss: 0.7779 | Val Loss: 0.6382 | F1 Macro: 0.3073 | F1 Dir: 0.1492 | F1 [SELL/NEU/BUY]: [0.132/0.623/0.167] | LR: 0.000045
2026-02-25 20:05:21,175 - INFO - Trial 23 | Epoch 7 | Batch 100/214 (46.7%) | Loss: 0.8124
2026-02-25 20:05:23,128 - INFO - Trial 23 | Epoch 7 | Batch 200/214 (93.5%) | Loss: 0.7810
2026-02-25 20:05:24,624 - INFO - Trial 23, Epoch 7/50 | Train Loss: 0.7758 | Val Loss: 0.6395 | F1 Macro: 0.3057 | F1 Dir: 0.1495 | F1 [SELL/NEU/BUY]: [0.130/0.618/0.169] | LR: 0.000044
2026-02-25 20:05:27,058 - INFO - Trial 23 | Epoch 8 | Batch 100/214 (46.7%) | Loss: 0.8723
2026-02-25 20:05:29,015 - INFO - Trial 23 | Epoch 8 | Batch 200/214 (93.5%) | Loss: 0.7334
2026-02-25 20:05:30,526 - INFO - Trial 23, Epoch 8/50 | Train Loss: 0.7743 | Val Loss: 0.6388 | F1 Macro: 0.3037 | F1 Dir: 0.1445 | F1 [SELL/NEU/BUY]: [0.143/0.622/0.146] | LR: 0.000043
2026-02-25 20:05:33,080 - INFO - Trial 23 | Epoch 9 | Batch 100/214 (46.7%) | Loss: 0.7646
2026-02-25 20:05:35,122 - INFO - Trial 23 | Epoch 9 | Batch 200/214 (93.5%) | Loss: 0.7418
2026-02-25 20:05:36,576 - INFO - Trial 23, Epoch 9/50 | Train Loss: 0.7725 | Val Loss: 0.6388 | F1 Macro: 0.3032 | F1 Dir: 0.1456 | F1 [SELL/NEU/BUY]: [0.142/0.618/0.149] | LR: 0.000043
2026-02-25 20:05:36,627 - INFO - Trial 23 stopped early due to patience (3 epochs without improvement)
2026-02-25 20:05:37,382 - INFO - Trial 24 START | tcn=128, lstm=64, layers=2, batch=1024, seq=24, drop=0.363, lr=0.000025, wd=0.004442
2026-02-25 20:05:39,805 - INFO - Trial 24 | Epoch 1 | Batch 100/214 (46.7%) | Loss: 0.8772
2026-02-25 20:05:41,583 - INFO - Trial 24 | Epoch 1 | Batch 200/214 (93.5%) | Loss: 0.8939
2026-02-25 20:05:43,069 - INFO - Trial 24, Epoch 1/50 | Train Loss: 0.8557 | Val Loss: 0.6702 | F1 Macro: 0.0335 | F1 Dir: 0.0503 | F1 [SELL/NEU/BUY]: [0.000/0.000/0.101] | LR: 0.000025
2026-02-25 20:05:45,540 - INFO - Trial 24 | Epoch 2 | Batch 100/214 (46.7%) | Loss: 0.8240
2026-02-25 20:05:47,457 - INFO - Trial 24 | Epoch 2 | Batch 200/214 (93.5%) | Loss: 0.8283
2026-02-25 20:05:48,900 - INFO - Trial 24, Epoch 2/50 | Train Loss: 0.7997 | Val Loss: 0.6538 | F1 Macro: 0.0999 | F1 Dir: 0.1491 | F1 [SELL/NEU/BUY]: [0.241/0.001/0.057] | LR: 0.000025
2026-02-25 20:05:51,516 - INFO - Trial 24 | Epoch 3 | Batch 100/214 (46.7%) | Loss: 0.7265
2026-02-25 20:05:53,331 - INFO - Trial 24 | Epoch 3 | Batch 200/214 (93.5%) | Loss: 0.8472
2026-02-25 20:05:54,808 - INFO - Trial 24, Epoch 3/50 | Train Loss: 0.7910 | Val Loss: 0.6487 | F1 Macro: 0.1725 | F1 Dir: 0.1608 | F1 [SELL/NEU/BUY]: [0.257/0.196/0.065] | LR: 0.000025
2026-02-25 20:05:54,950 - INFO - Trial 24 pruned by Optuna at epoch 3
2026-02-25 20:05:55,646 - INFO - Trial 25 START | tcn=256, lstm=64, layers=5, batch=1024, seq=24, drop=0.444, lr=0.000014, wd=0.006271
2026-02-25 20:05:58,402 - INFO - Trial 25 | Epoch 1 | Batch 100/214 (46.7%) | Loss: 0.9053
2026-02-25 20:06:00,727 - INFO - Trial 25 | Epoch 1 | Batch 200/214 (93.5%) | Loss: 0.8818
2026-02-25 20:06:02,307 - INFO - Trial 25, Epoch 1/50 | Train Loss: 0.8401 | Val Loss: 0.6899 | F1 Macro: 0.0335 | F1 Dir: 0.0503 | F1 [SELL/NEU/BUY]: [0.000/0.000/0.101] | LR: 0.000014
2026-02-25 20:06:05,435 - INFO - Trial 25 | Epoch 2 | Batch 100/214 (46.7%) | Loss: 0.7474
2026-02-25 20:06:07,833 - INFO - Trial 25 | Epoch 2 | Batch 200/214 (93.5%) | Loss: 0.8096
2026-02-25 20:06:09,433 - INFO - Trial 25, Epoch 2/50 | Train Loss: 0.8266 | Val Loss: 0.6732 | F1 Macro: 0.0715 | F1 Dir: 0.1073 | F1 [SELL/NEU/BUY]: [0.176/0.000/0.038] | LR: 0.000014
2026-02-25 20:06:12,537 - INFO - Trial 25 | Epoch 3 | Batch 100/214 (46.7%) | Loss: 0.8308
2026-02-25 20:06:15,051 - INFO - Trial 25 | Epoch 3 | Batch 200/214 (93.5%) | Loss: 0.7841
2026-02-25 20:06:16,571 - INFO - Trial 25, Epoch 3/50 | Train Loss: 0.8035 | Val Loss: 0.6626 | F1 Macro: 0.0880 | F1 Dir: 0.1319 | F1 [SELL/NEU/BUY]: [0.215/0.000/0.049] | LR: 0.000014
2026-02-25 20:06:16,730 - INFO - Trial 25 pruned by Optuna at epoch 3
2026-02-25 20:06:17,758 - INFO - Trial 26 START | tcn=128, lstm=256, layers=3, batch=1024, seq=24, drop=0.370, lr=0.000041, wd=0.002744
2026-02-25 20:06:20,443 - INFO - Trial 26 | Epoch 1 | Batch 100/214 (46.7%) | Loss: 0.7741
2026-02-25 20:06:22,723 - INFO - Trial 26 | Epoch 1 | Batch 200/214 (93.5%) | Loss: 0.7834
2026-02-25 20:06:24,189 - INFO - Trial 26, Epoch 1/50 | Train Loss: 0.8078 | Val Loss: 0.6458 | F1 Macro: 0.2607 | F1 Dir: 0.1341 | F1 [SELL/NEU/BUY]: [0.190/0.514/0.079] | LR: 0.000041
2026-02-25 20:06:27,424 - INFO - Trial 26 | Epoch 2 | Batch 100/214 (46.7%) | Loss: 0.7913
2026-02-25 20:06:29,707 - INFO - Trial 26 | Epoch 2 | Batch 200/214 (93.5%) | Loss: 0.8173
2026-02-25 20:06:31,219 - INFO - Trial 26, Epoch 2/50 | Train Loss: 0.7812 | Val Loss: 0.6421 | F1 Macro: 0.2773 | F1 Dir: 0.1271 | F1 [SELL/NEU/BUY]: [0.106/0.578/0.148] | LR: 0.000041
2026-02-25 20:06:34,224 - INFO - Trial 26 | Epoch 3 | Batch 100/214 (46.7%) | Loss: 0.7302
2026-02-25 20:06:36,617 - INFO - Trial 26 | Epoch 3 | Batch 200/214 (93.5%) | Loss: 0.8175
2026-02-25 20:06:38,171 - INFO - Trial 26, Epoch 3/50 | Train Loss: 0.7783 | Val Loss: 0.6397 | F1 Macro: 0.2862 | F1 Dir: 0.1322 | F1 [SELL/NEU/BUY]: [0.143/0.594/0.122] | LR: 0.000041
2026-02-25 20:06:40,968 - INFO - Trial 26 | Epoch 4 | Batch 100/214 (46.7%) | Loss: 0.8234
2026-02-25 20:06:43,224 - INFO - Trial 26 | Epoch 4 | Batch 200/214 (93.5%) | Loss: 0.7894
2026-02-25 20:06:44,812 - INFO - Trial 26, Epoch 4/50 | Train Loss: 0.7763 | Val Loss: 0.6393 | F1 Macro: 0.2899 | F1 Dir: 0.1298 | F1 [SELL/NEU/BUY]: [0.149/0.610/0.111] | LR: 0.000040
2026-02-25 20:06:47,921 - INFO - Trial 26 | Epoch 5 | Batch 100/214 (46.7%) | Loss: 0.7608
2026-02-25 20:06:50,263 - INFO - Trial 26 | Epoch 5 | Batch 200/214 (93.5%) | Loss: 0.7835
2026-02-25 20:06:51,739 - INFO - Trial 26, Epoch 5/50 | Train Loss: 0.7746 | Val Loss: 0.6389 | F1 Macro: 0.2875 | F1 Dir: 0.1319 | F1 [SELL/NEU/BUY]: [0.143/0.599/0.121] | LR: 0.000040
2026-02-25 20:06:54,566 - INFO - Trial 26 | Epoch 6 | Batch 100/214 (46.7%) | Loss: 0.7867
2026-02-25 20:06:56,972 - INFO - Trial 26 | Epoch 6 | Batch 200/214 (93.5%) | Loss: 0.7365
2026-02-25 20:06:58,527 - INFO - Trial 26, Epoch 6/50 | Train Loss: 0.7737 | Val Loss: 0.6380 | F1 Macro: 0.3058 | F1 Dir: 0.1438 | F1 [SELL/NEU/BUY]: [0.149/0.630/0.139] | LR: 0.000040
2026-02-25 20:07:01,380 - INFO - Trial 26 | Epoch 7 | Batch 100/214 (46.7%) | Loss: 0.7101
2026-02-25 20:07:03,707 - INFO - Trial 26 | Epoch 7 | Batch 200/214 (93.5%) | Loss: 0.8145
2026-02-25 20:07:05,217 - INFO - Trial 26, Epoch 7/50 | Train Loss: 0.7719 | Val Loss: 0.6376 | F1 Macro: 0.3126 | F1 Dir: 0.1425 | F1 [SELL/NEU/BUY]: [0.157/0.653/0.128] | LR: 0.000039
2026-02-25 20:07:08,268 - INFO - Trial 26 | Epoch 8 | Batch 100/214 (46.7%) | Loss: 0.7193
2026-02-25 20:07:10,592 - INFO - Trial 26 | Epoch 8 | Batch 200/214 (93.5%) | Loss: 0.7864
2026-02-25 20:07:12,153 - INFO - Trial 26, Epoch 8/50 | Train Loss: 0.7705 | Val Loss: 0.6390 | F1 Macro: 0.2990 | F1 Dir: 0.1454 | F1 [SELL/NEU/BUY]: [0.139/0.606/0.152] | LR: 0.000039
2026-02-25 20:07:15,062 - INFO - Trial 26 | Epoch 9 | Batch 100/214 (46.7%) | Loss: 0.7073
2026-02-25 20:07:17,419 - INFO - Trial 26 | Epoch 9 | Batch 200/214 (93.5%) | Loss: 0.7698
2026-02-25 20:07:19,009 - INFO - Trial 26, Epoch 9/50 | Train Loss: 0.7693 | Val Loss: 0.6395 | F1 Macro: 0.2965 | F1 Dir: 0.1448 | F1 [SELL/NEU/BUY]: [0.140/0.600/0.150] | LR: 0.000038
2026-02-25 20:07:21,801 - INFO - Trial 26 | Epoch 10 | Batch 100/214 (46.7%) | Loss: 0.7168
2026-02-25 20:07:24,043 - INFO - Trial 26 | Epoch 10 | Batch 200/214 (93.5%) | Loss: 0.7441
2026-02-25 20:07:25,569 - INFO - Trial 26, Epoch 10/50 | Train Loss: 0.7669 | Val Loss: 0.6406 | F1 Macro: 0.2946 | F1 Dir: 0.1430 | F1 [SELL/NEU/BUY]: [0.146/0.598/0.139] | LR: 0.000037
2026-02-25 20:07:25,625 - INFO - Trial 26 stopped early due to patience (3 epochs without improvement)
2026-02-25 20:07:26,521 - INFO - Trial 27 START | tcn=128, lstm=64, layers=4, batch=1024, seq=24, drop=0.478, lr=0.000052, wd=0.004811
2026-02-25 20:07:29,044 - INFO - Trial 27 | Epoch 1 | Batch 100/214 (46.7%) | Loss: 0.8599
2026-02-25 20:07:31,215 - INFO - Trial 27 | Epoch 1 | Batch 200/214 (93.5%) | Loss: 0.8059
2026-02-25 20:07:32,692 - INFO - Trial 27, Epoch 1/50 | Train Loss: 0.8366 | Val Loss: 0.6588 | F1 Macro: 0.0881 | F1 Dir: 0.1321 | F1 [SELL/NEU/BUY]: [0.214/0.000/0.051] | LR: 0.000052
2026-02-25 20:07:35,433 - INFO - Trial 27 | Epoch 2 | Batch 100/214 (46.7%) | Loss: 0.8094
2026-02-25 20:07:37,574 - INFO - Trial 27 | Epoch 2 | Batch 200/214 (93.5%) | Loss: 0.7401
2026-02-25 20:07:39,084 - INFO - Trial 27, Epoch 2/50 | Train Loss: 0.7930 | Val Loss: 0.6497 | F1 Macro: 0.1032 | F1 Dir: 0.0666 | F1 [SELL/NEU/BUY]: [0.025/0.176/0.108] | LR: 0.000052
2026-02-25 20:07:41,755 - INFO - Trial 27 | Epoch 3 | Batch 100/214 (46.7%) | Loss: 0.6854
2026-02-25 20:07:43,901 - INFO - Trial 27 | Epoch 3 | Batch 200/214 (93.5%) | Loss: 0.8184
2026-02-25 20:07:45,337 - INFO - Trial 27, Epoch 3/50 | Train Loss: 0.7877 | Val Loss: 0.6460 | F1 Macro: 0.2582 | F1 Dir: 0.1360 | F1 [SELL/NEU/BUY]: [0.155/0.503/0.117] | LR: 0.000052
2026-02-25 20:07:45,591 - INFO - Trial 27 pruned by Optuna at epoch 3
2026-02-25 20:07:46,419 - INFO - Trial 28 START | tcn=64, lstm=64, layers=2, batch=2048, seq=24, drop=0.417, lr=0.000019, wd=0.000383
2026-02-25 20:07:49,337 - INFO - Trial 28 | Epoch 1 | Batch 100/107 (93.5%) | Loss: 0.7940
2026-02-25 20:07:50,601 - INFO - Trial 28, Epoch 1/50 | Train Loss: 0.8637 | Val Loss: 0.7046 | F1 Macro: 0.0563 | F1 Dir: 0.0844 | F1 [SELL/NEU/BUY]: [0.128/0.000/0.041] | LR: 0.000019
2026-02-25 20:07:53,682 - INFO - Trial 28 | Epoch 2 | Batch 100/107 (93.5%) | Loss: 0.8437
2026-02-25 20:07:54,900 - INFO - Trial 28, Epoch 2/50 | Train Loss: 0.8523 | Val Loss: 0.6938 | F1 Macro: 0.0374 | F1 Dir: 0.0561 | F1 [SELL/NEU/BUY]: [0.104/0.000/0.008] | LR: 0.000019
2026-02-25 20:07:57,746 - INFO - Trial 28 | Epoch 3 | Batch 100/107 (93.5%) | Loss: 0.8552
2026-02-25 20:07:58,986 - INFO - Trial 28, Epoch 3/50 | Train Loss: 0.8331 | Val Loss: 0.6774 | F1 Macro: 0.0409 | F1 Dir: 0.0614 | F1 [SELL/NEU/BUY]: [0.111/0.000/0.012] | LR: 0.000019
2026-02-25 20:07:59,125 - INFO - Trial 28 pruned by Optuna at epoch 3
2026-02-25 20:07:59,907 - INFO - Trial 29 START | tcn=256, lstm=64, layers=4, batch=1024, seq=48, drop=0.446, lr=0.000026, wd=0.000103
2026-02-25 20:08:03,112 - INFO - Trial 29 | Epoch 1 | Batch 100/214 (46.7%) | Loss: 0.8876
2026-02-25 20:08:05,865 - INFO - Trial 29 | Epoch 1 | Batch 200/214 (93.5%) | Loss: 0.8507
2026-02-25 20:08:07,709 - INFO - Trial 29, Epoch 1/50 | Train Loss: 0.8515 | Val Loss: 0.6807 | F1 Macro: 0.0335 | F1 Dir: 0.0503 | F1 [SELL/NEU/BUY]: [0.000/0.000/0.101] | LR: 0.000026
2026-02-25 20:08:10,989 - INFO - Trial 29 | Epoch 2 | Batch 100/214 (46.7%) | Loss: 0.7878
2026-02-25 20:08:13,755 - INFO - Trial 29 | Epoch 2 | Batch 200/214 (93.5%) | Loss: 0.8196
2026-02-25 20:08:15,591 - INFO - Trial 29, Epoch 2/50 | Train Loss: 0.8072 | Val Loss: 0.6569 | F1 Macro: 0.0335 | F1 Dir: 0.0503 | F1 [SELL/NEU/BUY]: [0.000/0.000/0.101] | LR: 0.000026
2026-02-25 20:08:18,908 - INFO - Trial 29 | Epoch 3 | Batch 100/214 (46.7%) | Loss: 0.7431
2026-02-25 20:08:21,753 - INFO - Trial 29 | Epoch 3 | Batch 200/214 (93.5%) | Loss: 0.7621
2026-02-25 20:08:23,427 - INFO - Trial 29, Epoch 3/50 | Train Loss: 0.7946 | Val Loss: 0.6524 | F1 Macro: 0.0796 | F1 Dir: 0.1195 | F1 [SELL/NEU/BUY]: [0.199/0.000/0.040] | LR: 0.000026
2026-02-25 20:08:23,575 - INFO - Trial 29 pruned by Optuna at epoch 3
2026-02-25 20:08:24,611 - INFO - Trial 30 START | tcn=64, lstm=64, layers=4, batch=1024, seq=48, drop=0.393, lr=0.000031, wd=0.001032
2026-02-25 20:08:27,699 - INFO - Trial 30 | Epoch 1 | Batch 100/214 (46.7%) | Loss: 0.8312
2026-02-25 20:08:30,169 - INFO - Trial 30 | Epoch 1 | Batch 200/214 (93.5%) | Loss: 0.7547
2026-02-25 20:08:31,919 - INFO - Trial 30, Epoch 1/50 | Train Loss: 0.8588 | Val Loss: 0.6759 | F1 Macro: 0.0334 | F1 Dir: 0.0501 | F1 [SELL/NEU/BUY]: [0.100/0.000/0.000] | LR: 0.000031
2026-02-25 20:08:34,835 - INFO - Trial 30 | Epoch 2 | Batch 100/214 (46.7%) | Loss: 0.8482
2026-02-25 20:08:37,180 - INFO - Trial 30 | Epoch 2 | Batch 200/214 (93.5%) | Loss: 0.7815
2026-02-25 20:08:38,896 - INFO - Trial 30, Epoch 2/50 | Train Loss: 0.8020 | Val Loss: 0.6567 | F1 Macro: 0.1027 | F1 Dir: 0.1540 | F1 [SELL/NEU/BUY]: [0.069/0.000/0.239] | LR: 0.000031
2026-02-25 20:08:42,000 - INFO - Trial 30 | Epoch 3 | Batch 100/214 (46.7%) | Loss: 0.7918
2026-02-25 20:08:44,428 - INFO - Trial 30 | Epoch 3 | Batch 200/214 (93.5%) | Loss: 0.8050
2026-02-25 20:08:46,253 - INFO - Trial 30, Epoch 3/50 | Train Loss: 0.7944 | Val Loss: 0.6520 | F1 Macro: 0.1082 | F1 Dir: 0.1623 | F1 [SELL/NEU/BUY]: [0.075/0.000/0.250] | LR: 0.000031
2026-02-25 20:08:46,413 - INFO - Trial 30 pruned by Optuna at epoch 3
2026-02-25 20:08:47,387 - INFO - Trial 31 START | tcn=128, lstm=128, layers=3, batch=1024, seq=24, drop=0.397, lr=0.000049, wd=0.009819
2026-02-25 20:08:49,707 - INFO - Trial 31 | Epoch 1 | Batch 100/214 (46.7%) | Loss: 0.8811
2026-02-25 20:08:51,623 - INFO - Trial 31 | Epoch 1 | Batch 200/214 (93.5%) | Loss: 0.6671
2026-02-25 20:08:53,139 - INFO - Trial 31, Epoch 1/50 | Train Loss: 0.8185 | Val Loss: 0.6488 | F1 Macro: 0.1544 | F1 Dir: 0.1217 | F1 [SELL/NEU/BUY]: [0.103/0.220/0.140] | LR: 0.000049
2026-02-25 20:08:55,627 - INFO - Trial 31 | Epoch 2 | Batch 100/214 (46.7%) | Loss: 0.7873
2026-02-25 20:08:57,553 - INFO - Trial 31 | Epoch 2 | Batch 200/214 (93.5%) | Loss: 0.7344
2026-02-25 20:08:59,090 - INFO - Trial 31, Epoch 2/50 | Train Loss: 0.7848 | Val Loss: 0.6421 | F1 Macro: 0.3096 | F1 Dir: 0.1751 | F1 [SELL/NEU/BUY]: [0.092/0.579/0.258] | LR: 0.000049
2026-02-25 20:09:01,558 - INFO - Trial 31 | Epoch 3 | Batch 100/214 (46.7%) | Loss: 0.7999
2026-02-25 20:09:03,457 - INFO - Trial 31 | Epoch 3 | Batch 200/214 (93.5%) | Loss: 0.8499
2026-02-25 20:09:05,056 - INFO - Trial 31, Epoch 3/50 | Train Loss: 0.7805 | Val Loss: 0.6396 | F1 Macro: 0.2904 | F1 Dir: 0.1335 | F1 [SELL/NEU/BUY]: [0.140/0.604/0.127] | LR: 0.000049
2026-02-25 20:09:07,675 - INFO - Trial 31 | Epoch 4 | Batch 100/214 (46.7%) | Loss: 0.7159
2026-02-25 20:09:09,604 - INFO - Trial 31 | Epoch 4 | Batch 200/214 (93.5%) | Loss: 0.7292
2026-02-25 20:09:11,217 - INFO - Trial 31, Epoch 4/50 | Train Loss: 0.7777 | Val Loss: 0.6392 | F1 Macro: 0.3129 | F1 Dir: 0.1640 | F1 [SELL/NEU/BUY]: [0.130/0.611/0.198] | LR: 0.000048
2026-02-25 20:09:13,616 - INFO - Trial 31 | Epoch 5 | Batch 100/214 (46.7%) | Loss: 0.7095
2026-02-25 20:09:15,553 - INFO - Trial 31 | Epoch 5 | Batch 200/214 (93.5%) | Loss: 0.7977
2026-02-25 20:09:17,177 - INFO - Trial 31, Epoch 5/50 | Train Loss: 0.7767 | Val Loss: 0.6380 | F1 Macro: 0.3143 | F1 Dir: 0.1468 | F1 [SELL/NEU/BUY]: [0.149/0.649/0.145] | LR: 0.000048
2026-02-25 20:09:19,604 - INFO - Trial 31 | Epoch 6 | Batch 100/214 (46.7%) | Loss: 0.7385
2026-02-25 20:09:21,512 - INFO - Trial 31 | Epoch 6 | Batch 200/214 (93.5%) | Loss: 0.7561
2026-02-25 20:09:23,021 - INFO - Trial 31, Epoch 6/50 | Train Loss: 0.7746 | Val Loss: 0.6383 | F1 Macro: 0.3130 | F1 Dir: 0.1463 | F1 [SELL/NEU/BUY]: [0.140/0.647/0.152] | LR: 0.000048
2026-02-25 20:09:25,460 - INFO - Trial 31 | Epoch 7 | Batch 100/214 (46.7%) | Loss: 0.7556
2026-02-25 20:09:27,455 - INFO - Trial 31 | Epoch 7 | Batch 200/214 (93.5%) | Loss: 0.8173
2026-02-25 20:09:28,939 - INFO - Trial 31, Epoch 7/50 | Train Loss: 0.7734 | Val Loss: 0.6396 | F1 Macro: 0.2918 | F1 Dir: 0.1385 | F1 [SELL/NEU/BUY]: [0.132/0.598/0.145] | LR: 0.000047
2026-02-25 20:09:31,255 - INFO - Trial 31 | Epoch 8 | Batch 100/214 (46.7%) | Loss: 0.7389
2026-02-25 20:09:33,256 - INFO - Trial 31 | Epoch 8 | Batch 200/214 (93.5%) | Loss: 0.7448
2026-02-25 20:09:34,693 - INFO - Trial 31, Epoch 8/50 | Train Loss: 0.7731 | Val Loss: 0.6395 | F1 Macro: 0.3143 | F1 Dir: 0.1469 | F1 [SELL/NEU/BUY]: [0.124/0.649/0.170] | LR: 0.000046
2026-02-25 20:09:34,750 - INFO - Trial 31 stopped early due to patience (3 epochs without improvement)
2026-02-25 20:09:35,533 - INFO - Trial 32 START | tcn=128, lstm=128, layers=3, batch=1024, seq=24, drop=0.381, lr=0.000055, wd=0.007171
2026-02-25 20:09:37,801 - INFO - Trial 32 | Epoch 1 | Batch 100/214 (46.7%) | Loss: 0.7793
2026-02-25 20:09:39,697 - INFO - Trial 32 | Epoch 1 | Batch 200/214 (93.5%) | Loss: 0.8089
2026-02-25 20:09:41,133 - INFO - Trial 32, Epoch 1/50 | Train Loss: 0.8125 | Val Loss: 0.6477 | F1 Macro: 0.2489 | F1 Dir: 0.1199 | F1 [SELL/NEU/BUY]: [0.192/0.507/0.047] | LR: 0.000055
2026-02-25 20:09:43,655 - INFO - Trial 32 | Epoch 2 | Batch 100/214 (46.7%) | Loss: 0.7944
2026-02-25 20:09:45,640 - INFO - Trial 32 | Epoch 2 | Batch 200/214 (93.5%) | Loss: 0.8057
2026-02-25 20:09:47,116 - INFO - Trial 32, Epoch 2/50 | Train Loss: 0.7823 | Val Loss: 0.6405 | F1 Macro: 0.2688 | F1 Dir: 0.0983 | F1 [SELL/NEU/BUY]: [0.165/0.610/0.031] | LR: 0.000054
2026-02-25 20:09:49,532 - INFO - Trial 32 | Epoch 3 | Batch 100/214 (46.7%) | Loss: 0.7410
2026-02-25 20:09:51,475 - INFO - Trial 32 | Epoch 3 | Batch 200/214 (93.5%) | Loss: 0.7904
2026-02-25 20:09:52,984 - INFO - Trial 32, Epoch 3/50 | Train Loss: 0.7794 | Val Loss: 0.6395 | F1 Macro: 0.3011 | F1 Dir: 0.1425 | F1 [SELL/NEU/BUY]: [0.121/0.618/0.164] | LR: 0.000054
2026-02-25 20:09:55,482 - INFO - Trial 32 | Epoch 4 | Batch 100/214 (46.7%) | Loss: 0.8132
2026-02-25 20:09:57,371 - INFO - Trial 32 | Epoch 4 | Batch 200/214 (93.5%) | Loss: 0.7209
2026-02-25 20:09:58,885 - INFO - Trial 32, Epoch 4/50 | Train Loss: 0.7775 | Val Loss: 0.6390 | F1 Macro: 0.2959 | F1 Dir: 0.1377 | F1 [SELL/NEU/BUY]: [0.140/0.612/0.136] | LR: 0.000054
2026-02-25 20:10:01,251 - INFO - Trial 32 | Epoch 5 | Batch 100/214 (46.7%) | Loss: 0.7944
2026-02-25 20:10:03,149 - INFO - Trial 32 | Epoch 5 | Batch 200/214 (93.5%) | Loss: 0.7584
2026-02-25 20:10:04,530 - INFO - Trial 32, Epoch 5/50 | Train Loss: 0.7762 | Val Loss: 0.6395 | F1 Macro: 0.3057 | F1 Dir: 0.1443 | F1 [SELL/NEU/BUY]: [0.122/0.629/0.167] | LR: 0.000053
2026-02-25 20:10:07,185 - INFO - Trial 32 | Epoch 6 | Batch 100/214 (46.7%) | Loss: 0.7726
2026-02-25 20:10:09,085 - INFO - Trial 32 | Epoch 6 | Batch 200/214 (93.5%) | Loss: 0.8066
2026-02-25 20:10:10,514 - INFO - Trial 32, Epoch 6/50 | Train Loss: 0.7753 | Val Loss: 0.6381 | F1 Macro: 0.3058 | F1 Dir: 0.1424 | F1 [SELL/NEU/BUY]: [0.139/0.632/0.146] | LR: 0.000053
2026-02-25 20:10:12,942 - INFO - Trial 32 | Epoch 7 | Batch 100/214 (46.7%) | Loss: 0.8177
2026-02-25 20:10:14,847 - INFO - Trial 32 | Epoch 7 | Batch 200/214 (93.5%) | Loss: 0.7534
2026-02-25 20:10:16,309 - INFO - Trial 32, Epoch 7/50 | Train Loss: 0.7739 | Val Loss: 0.6397 | F1 Macro: 0.3162 | F1 Dir: 0.1463 | F1 [SELL/NEU/BUY]: [0.138/0.656/0.155] | LR: 0.000052
2026-02-25 20:10:18,748 - INFO - Trial 32 | Epoch 8 | Batch 100/214 (46.7%) | Loss: 0.6923
2026-02-25 20:10:20,668 - INFO - Trial 32 | Epoch 8 | Batch 200/214 (93.5%) | Loss: 0.8048
2026-02-25 20:10:22,224 - INFO - Trial 32, Epoch 8/50 | Train Loss: 0.7727 | Val Loss: 0.6373 | F1 Macro: 0.3073 | F1 Dir: 0.1410 | F1 [SELL/NEU/BUY]: [0.154/0.640/0.128] | LR: 0.000051
2026-02-25 20:10:24,653 - INFO - Trial 32 | Epoch 9 | Batch 100/214 (46.7%) | Loss: 0.8026
2026-02-25 20:10:26,624 - INFO - Trial 32 | Epoch 9 | Batch 200/214 (93.5%) | Loss: 0.8354
2026-02-25 20:10:28,112 - INFO - Trial 32, Epoch 9/50 | Train Loss: 0.7713 | Val Loss: 0.6390 | F1 Macro: 0.2941 | F1 Dir: 0.1396 | F1 [SELL/NEU/BUY]: [0.142/0.603/0.137] | LR: 0.000050
2026-02-25 20:10:30,152 - INFO - Trial 32 | Epoch 10 | Batch 100/214 (46.7%) | Loss: 0.7555
2026-02-25 20:10:32,089 - INFO - Trial 32 | Epoch 10 | Batch 200/214 (93.5%) | Loss: 0.8488
2026-02-25 20:10:33,597 - INFO - Trial 32, Epoch 10/50 | Train Loss: 0.7702 | Val Loss: 0.6391 | F1 Macro: 0.2965 | F1 Dir: 0.1386 | F1 [SELL/NEU/BUY]: [0.145/0.612/0.132] | LR: 0.000049
2026-02-25 20:10:36,290 - INFO - Trial 32 | Epoch 11 | Batch 100/214 (46.7%) | Loss: 0.8117
2026-02-25 20:10:38,159 - INFO - Trial 32 | Epoch 11 | Batch 200/214 (93.5%) | Loss: 0.7654
2026-02-25 20:10:39,814 - INFO - Trial 32, Epoch 11/50 | Train Loss: 0.7679 | Val Loss: 0.6390 | F1 Macro: 0.2981 | F1 Dir: 0.1396 | F1 [SELL/NEU/BUY]: [0.152/0.615/0.128] | LR: 0.000048
2026-02-25 20:10:40,235 - INFO - Trial 32 stopped early due to patience (3 epochs without improvement)
2026-02-25 20:10:41,009 - INFO - Trial 33 START | tcn=128, lstm=128, layers=3, batch=1024, seq=24, drop=0.344, lr=0.000042, wd=0.009823
2026-02-25 20:10:43,293 - INFO - Trial 33 | Epoch 1 | Batch 100/214 (46.7%) | Loss: 0.7639
2026-02-25 20:10:45,177 - INFO - Trial 33 | Epoch 1 | Batch 200/214 (93.5%) | Loss: 0.8273
2026-02-25 20:10:46,748 - INFO - Trial 33, Epoch 1/50 | Train Loss: 0.8248 | Val Loss: 0.6510 | F1 Macro: 0.2231 | F1 Dir: 0.1299 | F1 [SELL/NEU/BUY]: [0.205/0.409/0.055] | LR: 0.000042
2026-02-25 20:10:49,118 - INFO - Trial 33 | Epoch 2 | Batch 100/214 (46.7%) | Loss: 0.7100
2026-02-25 20:10:51,046 - INFO - Trial 33 | Epoch 2 | Batch 200/214 (93.5%) | Loss: 0.7638
2026-02-25 20:10:52,527 - INFO - Trial 33, Epoch 2/50 | Train Loss: 0.7855 | Val Loss: 0.6436 | F1 Macro: 0.2795 | F1 Dir: 0.1317 | F1 [SELL/NEU/BUY]: [0.124/0.575/0.139] | LR: 0.000042
2026-02-25 20:10:54,963 - INFO - Trial 33 | Epoch 3 | Batch 100/214 (46.7%) | Loss: 0.7465
2026-02-25 20:10:56,891 - INFO - Trial 33 | Epoch 3 | Batch 200/214 (93.5%) | Loss: 0.8728
2026-02-25 20:10:58,385 - INFO - Trial 33, Epoch 3/50 | Train Loss: 0.7812 | Val Loss: 0.6418 | F1 Macro: 0.2798 | F1 Dir: 0.1356 | F1 [SELL/NEU/BUY]: [0.127/0.568/0.144] | LR: 0.000042
2026-02-25 20:11:00,868 - INFO - Trial 33 | Epoch 4 | Batch 100/214 (46.7%) | Loss: 0.8032
2026-02-25 20:11:02,839 - INFO - Trial 33 | Epoch 4 | Batch 200/214 (93.5%) | Loss: 0.7767
2026-02-25 20:11:04,384 - INFO - Trial 33, Epoch 4/50 | Train Loss: 0.7792 | Val Loss: 0.6396 | F1 Macro: 0.2995 | F1 Dir: 0.1438 | F1 [SELL/NEU/BUY]: [0.131/0.611/0.157] | LR: 0.000041
2026-02-25 20:11:06,846 - INFO - Trial 33 | Epoch 5 | Batch 100/214 (46.7%) | Loss: 0.8014
2026-02-25 20:11:08,772 - INFO - Trial 33 | Epoch 5 | Batch 200/214 (93.5%) | Loss: 0.8349
2026-02-25 20:11:10,335 - INFO - Trial 33, Epoch 5/50 | Train Loss: 0.7774 | Val Loss: 0.6385 | F1 Macro: 0.3009 | F1 Dir: 0.1394 | F1 [SELL/NEU/BUY]: [0.149/0.624/0.129] | LR: 0.000041
2026-02-25 20:11:13,032 - INFO - Trial 33 | Epoch 6 | Batch 100/214 (46.7%) | Loss: 0.7930
2026-02-25 20:11:14,956 - INFO - Trial 33 | Epoch 6 | Batch 200/214 (93.5%) | Loss: 0.8245
2026-02-25 20:11:16,463 - INFO - Trial 33, Epoch 6/50 | Train Loss: 0.7764 | Val Loss: 0.6381 | F1 Macro: 0.3190 | F1 Dir: 0.1474 | F1 [SELL/NEU/BUY]: [0.150/0.662/0.145] | LR: 0.000041
2026-02-25 20:11:18,941 - INFO - Trial 33 | Epoch 7 | Batch 100/214 (46.7%) | Loss: 0.8525
2026-02-25 20:11:20,816 - INFO - Trial 33 | Epoch 7 | Batch 200/214 (93.5%) | Loss: 0.8155
2026-02-25 20:11:22,437 - INFO - Trial 33, Epoch 7/50 | Train Loss: 0.7751 | Val Loss: 0.6387 | F1 Macro: 0.2984 | F1 Dir: 0.1430 | F1 [SELL/NEU/BUY]: [0.142/0.609/0.144] | LR: 0.000040
2026-02-25 20:11:24,837 - INFO - Trial 33 | Epoch 8 | Batch 100/214 (46.7%) | Loss: 0.7330
2026-02-25 20:11:26,720 - INFO - Trial 33 | Epoch 8 | Batch 200/214 (93.5%) | Loss: 0.8155
2026-02-25 20:11:28,203 - INFO - Trial 33, Epoch 8/50 | Train Loss: 0.7737 | Val Loss: 0.6384 | F1 Macro: 0.3005 | F1 Dir: 0.1417 | F1 [SELL/NEU/BUY]: [0.143/0.618/0.140] | LR: 0.000039
2026-02-25 20:11:30,631 - INFO - Trial 33 | Epoch 9 | Batch 100/214 (46.7%) | Loss: 0.7543
2026-02-25 20:11:32,543 - INFO - Trial 33 | Epoch 9 | Batch 200/214 (93.5%) | Loss: 0.7499
2026-02-25 20:11:33,983 - INFO - Trial 33, Epoch 9/50 | Train Loss: 0.7716 | Val Loss: 0.6379 | F1 Macro: 0.3166 | F1 Dir: 0.1498 | F1 [SELL/NEU/BUY]: [0.152/0.650/0.148] | LR: 0.000039
2026-02-25 20:11:36,485 - INFO - Trial 33 | Epoch 10 | Batch 100/214 (46.7%) | Loss: 0.7872
2026-02-25 20:11:38,457 - INFO - Trial 33 | Epoch 10 | Batch 200/214 (93.5%) | Loss: 0.7505
2026-02-25 20:11:39,941 - INFO - Trial 33, Epoch 10/50 | Train Loss: 0.7700 | Val Loss: 0.6396 | F1 Macro: 0.3026 | F1 Dir: 0.1472 | F1 [SELL/NEU/BUY]: [0.136/0.613/0.158] | LR: 0.000038
2026-02-25 20:11:42,343 - INFO - Trial 33 | Epoch 11 | Batch 100/214 (46.7%) | Loss: 0.7686
2026-02-25 20:11:44,244 - INFO - Trial 33 | Epoch 11 | Batch 200/214 (93.5%) | Loss: 0.7914
2026-02-25 20:11:45,907 - INFO - Trial 33, Epoch 11/50 | Train Loss: 0.7681 | Val Loss: 0.6405 | F1 Macro: 0.3064 | F1 Dir: 0.1411 | F1 [SELL/NEU/BUY]: [0.153/0.637/0.129] | LR: 0.000037
2026-02-25 20:11:48,293 - INFO - Trial 33 | Epoch 12 | Batch 100/214 (46.7%) | Loss: 0.7931
2026-02-25 20:11:50,192 - INFO - Trial 33 | Epoch 12 | Batch 200/214 (93.5%) | Loss: 0.7517
2026-02-25 20:11:51,805 - INFO - Trial 33, Epoch 12/50 | Train Loss: 0.7669 | Val Loss: 0.6395 | F1 Macro: 0.3111 | F1 Dir: 0.1482 | F1 [SELL/NEU/BUY]: [0.143/0.637/0.153] | LR: 0.000036
2026-02-25 20:11:51,851 - INFO - Trial 33 stopped early due to patience (3 epochs without improvement)
2026-02-25 20:11:52,606 - INFO - Trial 34 START | tcn=128, lstm=64, layers=2, batch=1024, seq=24, drop=0.405, lr=0.000053, wd=0.003940
2026-02-25 20:11:54,825 - INFO - Trial 34 | Epoch 1 | Batch 100/214 (46.7%) | Loss: 0.8342
2026-02-25 20:11:56,659 - INFO - Trial 34 | Epoch 1 | Batch 200/214 (93.5%) | Loss: 0.8125
2026-02-25 20:11:58,135 - INFO - Trial 34, Epoch 1/50 | Train Loss: 0.8165 | Val Loss: 0.6501 | F1 Macro: 0.1636 | F1 Dir: 0.1141 | F1 [SELL/NEU/BUY]: [0.106/0.263/0.122] | LR: 0.000053
2026-02-25 20:12:00,497 - INFO - Trial 34 | Epoch 2 | Batch 100/214 (46.7%) | Loss: 0.8026
2026-02-25 20:12:02,344 - INFO - Trial 34 | Epoch 2 | Batch 200/214 (93.5%) | Loss: 0.8224
2026-02-25 20:12:03,790 - INFO - Trial 34, Epoch 2/50 | Train Loss: 0.7866 | Val Loss: 0.6425 | F1 Macro: 0.2881 | F1 Dir: 0.1419 | F1 [SELL/NEU/BUY]: [0.131/0.580/0.153] | LR: 0.000053
2026-02-25 20:12:06,047 - INFO - Trial 34 | Epoch 3 | Batch 100/214 (46.7%) | Loss: 0.8221
2026-02-25 20:12:07,928 - INFO - Trial 34 | Epoch 3 | Batch 200/214 (93.5%) | Loss: 0.8135
2026-02-25 20:12:09,369 - INFO - Trial 34, Epoch 3/50 | Train Loss: 0.7812 | Val Loss: 0.6398 | F1 Macro: 0.2921 | F1 Dir: 0.1442 | F1 [SELL/NEU/BUY]: [0.127/0.588/0.161] | LR: 0.000053
2026-02-25 20:12:11,647 - INFO - Trial 34 | Epoch 4 | Batch 100/214 (46.7%) | Loss: 0.8662
2026-02-25 20:12:13,540 - INFO - Trial 34 | Epoch 4 | Batch 200/214 (93.5%) | Loss: 0.8002
2026-02-25 20:12:15,042 - INFO - Trial 34, Epoch 4/50 | Train Loss: 0.7788 | Val Loss: 0.6382 | F1 Macro: 0.3013 | F1 Dir: 0.1442 | F1 [SELL/NEU/BUY]: [0.139/0.615/0.150] | LR: 0.000053
2026-02-25 20:12:17,667 - INFO - Trial 34 | Epoch 5 | Batch 100/214 (46.7%) | Loss: 0.7206
2026-02-25 20:12:19,838 - INFO - Trial 34 | Epoch 5 | Batch 200/214 (93.5%) | Loss: 0.7886
2026-02-25 20:12:21,321 - INFO - Trial 34, Epoch 5/50 | Train Loss: 0.7775 | Val Loss: 0.6375 | F1 Macro: 0.2912 | F1 Dir: 0.1390 | F1 [SELL/NEU/BUY]: [0.141/0.596/0.137] | LR: 0.000052
2026-02-25 20:12:23,618 - INFO - Trial 34 | Epoch 6 | Batch 100/214 (46.7%) | Loss: 0.7611
2026-02-25 20:12:25,440 - INFO - Trial 34 | Epoch 6 | Batch 200/214 (93.5%) | Loss: 0.8180
2026-02-25 20:12:26,955 - INFO - Trial 34, Epoch 6/50 | Train Loss: 0.7756 | Val Loss: 0.6374 | F1 Macro: 0.2872 | F1 Dir: 0.1335 | F1 [SELL/NEU/BUY]: [0.145/0.595/0.122] | LR: 0.000052
2026-02-25 20:12:29,270 - INFO - Trial 34 | Epoch 7 | Batch 100/214 (46.7%) | Loss: 0.7390
2026-02-25 20:12:31,075 - INFO - Trial 34 | Epoch 7 | Batch 200/214 (93.5%) | Loss: 0.8075
2026-02-25 20:12:32,589 - INFO - Trial 34, Epoch 7/50 | Train Loss: 0.7747 | Val Loss: 0.6374 | F1 Macro: 0.2972 | F1 Dir: 0.1455 | F1 [SELL/NEU/BUY]: [0.143/0.601/0.148] | LR: 0.000051
2026-02-25 20:12:34,960 - INFO - Trial 34 | Epoch 8 | Batch 100/214 (46.7%) | Loss: 0.7557
2026-02-25 20:12:36,768 - INFO - Trial 34 | Epoch 8 | Batch 200/214 (93.5%) | Loss: 0.7254
2026-02-25 20:12:38,252 - INFO - Trial 34, Epoch 8/50 | Train Loss: 0.7725 | Val Loss: 0.6373 | F1 Macro: 0.3075 | F1 Dir: 0.1433 | F1 [SELL/NEU/BUY]: [0.152/0.636/0.135] | LR: 0.000050
2026-02-25 20:12:40,526 - INFO - Trial 34 | Epoch 9 | Batch 100/214 (46.7%) | Loss: 0.7617
2026-02-25 20:12:42,345 - INFO - Trial 34 | Epoch 9 | Batch 200/214 (93.5%) | Loss: 0.8558
2026-02-25 20:12:43,858 - INFO - Trial 34, Epoch 9/50 | Train Loss: 0.7712 | Val Loss: 0.6376 | F1 Macro: 0.3075 | F1 Dir: 0.1486 | F1 [SELL/NEU/BUY]: [0.144/0.625/0.153] | LR: 0.000049
2026-02-25 20:12:46,173 - INFO - Trial 34 | Epoch 10 | Batch 100/214 (46.7%) | Loss: 0.7565
2026-02-25 20:12:47,976 - INFO - Trial 34 | Epoch 10 | Batch 200/214 (93.5%) | Loss: 0.7843
2026-02-25 20:12:49,415 - INFO - Trial 34, Epoch 10/50 | Train Loss: 0.7695 | Val Loss: 0.6384 | F1 Macro: 0.2952 | F1 Dir: 0.1417 | F1 [SELL/NEU/BUY]: [0.143/0.602/0.140] | LR: 0.000048
2026-02-25 20:12:51,697 - INFO - Trial 34 | Epoch 11 | Batch 100/214 (46.7%) | Loss: 0.7725
2026-02-25 20:12:53,784 - INFO - Trial 34 | Epoch 11 | Batch 200/214 (93.5%) | Loss: 0.7414
2026-02-25 20:12:55,223 - INFO - Trial 34, Epoch 11/50 | Train Loss: 0.7687 | Val Loss: 0.6379 | F1 Macro: 0.3015 | F1 Dir: 0.1424 | F1 [SELL/NEU/BUY]: [0.151/0.620/0.134] | LR: 0.000047
2026-02-25 20:12:55,267 - INFO - Trial 34 stopped early due to patience (3 epochs without improvement)
2026-02-25 20:12:56,092 - INFO - Trial 35 START | tcn=128, lstm=256, layers=3, batch=512, seq=96, drop=0.377, lr=0.000022, wd=0.005832
2026-02-25 20:13:00,531 - INFO - Trial 35 | Epoch 1 | Batch 100/427 (23.4%) | Loss: 0.7415
2026-02-25 20:13:04,604 - INFO - Trial 35 | Epoch 1 | Batch 200/427 (46.8%) | Loss: 0.7866
2026-02-25 20:13:08,671 - INFO - Trial 35 | Epoch 1 | Batch 300/427 (70.3%) | Loss: 0.8608
2026-02-25 20:13:12,737 - INFO - Trial 35 | Epoch 1 | Batch 400/427 (93.7%) | Loss: 0.8522
2026-02-25 20:13:15,720 - INFO - Trial 35, Epoch 1/50 | Train Loss: 0.8015 | Val Loss: 0.6470 | F1 Macro: 0.1991 | F1 Dir: 0.0657 | F1 [SELL/NEU/BUY]: [0.131/0.466/0.000] | LR: 0.000022
2026-02-25 20:13:20,375 - INFO - Trial 35 | Epoch 2 | Batch 100/427 (23.4%) | Loss: 0.8886
2026-02-25 20:13:24,442 - INFO - Trial 35 | Epoch 2 | Batch 200/427 (46.8%) | Loss: 0.7870
2026-02-25 20:13:28,719 - INFO - Trial 35 | Epoch 2 | Batch 300/427 (70.3%) | Loss: 0.6115
2026-02-25 20:13:32,837 - INFO - Trial 35 | Epoch 2 | Batch 400/427 (93.7%) | Loss: 0.6784
2026-02-25 20:13:35,837 - INFO - Trial 35, Epoch 2/50 | Train Loss: 0.7807 | Val Loss: 0.6427 | F1 Macro: 0.3075 | F1 Dir: 0.1706 | F1 [SELL/NEU/BUY]: [0.122/0.581/0.220] | LR: 0.000022
2026-02-25 20:13:40,598 - INFO - Trial 35 | Epoch 3 | Batch 100/427 (23.4%) | Loss: 0.7063
2026-02-25 20:13:44,741 - INFO - Trial 35 | Epoch 3 | Batch 200/427 (46.8%) | Loss: 0.8564
2026-02-25 20:13:48,900 - INFO - Trial 35 | Epoch 3 | Batch 300/427 (70.3%) | Loss: 0.6966
2026-02-25 20:13:53,051 - INFO - Trial 35 | Epoch 3 | Batch 400/427 (93.7%) | Loss: 0.8134
2026-02-25 20:13:56,009 - INFO - Trial 35, Epoch 3/50 | Train Loss: 0.7781 | Val Loss: 0.6403 | F1 Macro: 0.3070 | F1 Dir: 0.1607 | F1 [SELL/NEU/BUY]: [0.120/0.600/0.201] | LR: 0.000022
2026-02-25 20:14:00,736 - INFO - Trial 35 | Epoch 4 | Batch 100/427 (23.4%) | Loss: 0.7993
2026-02-25 20:14:04,868 - INFO - Trial 35 | Epoch 4 | Batch 200/427 (46.8%) | Loss: 0.7385
2026-02-25 20:14:08,868 - INFO - Trial 35 | Epoch 4 | Batch 300/427 (70.3%) | Loss: 0.6747
2026-02-25 20:14:12,981 - INFO - Trial 35 | Epoch 4 | Batch 400/427 (93.7%) | Loss: 0.8528
2026-02-25 20:14:15,950 - INFO - Trial 35, Epoch 4/50 | Train Loss: 0.7763 | Val Loss: 0.6410 | F1 Macro: 0.2808 | F1 Dir: 0.1455 | F1 [SELL/NEU/BUY]: [0.118/0.552/0.173] | LR: 0.000022
2026-02-25 20:14:20,589 - INFO - Trial 35 | Epoch 5 | Batch 100/427 (23.4%) | Loss: 0.7479
2026-02-25 20:14:24,831 - INFO - Trial 35 | Epoch 5 | Batch 200/427 (46.8%) | Loss: 0.7898
2026-02-25 20:14:29,128 - INFO - Trial 35 | Epoch 5 | Batch 300/427 (70.3%) | Loss: 0.8042
2026-02-25 20:14:33,468 - INFO - Trial 35 | Epoch 5 | Batch 400/427 (93.7%) | Loss: 0.7474
2026-02-25 20:14:36,488 - INFO - Trial 35, Epoch 5/50 | Train Loss: 0.7752 | Val Loss: 0.6396 | F1 Macro: 0.2906 | F1 Dir: 0.1397 | F1 [SELL/NEU/BUY]: [0.131/0.592/0.149] | LR: 0.000021
2026-02-25 20:14:40,977 - INFO - Trial 35 | Epoch 6 | Batch 100/427 (23.4%) | Loss: 0.7875
2026-02-25 20:14:44,971 - INFO - Trial 35 | Epoch 6 | Batch 200/427 (46.8%) | Loss: 0.7320
2026-02-25 20:14:48,893 - INFO - Trial 35 | Epoch 6 | Batch 300/427 (70.3%) | Loss: 0.8006
2026-02-25 20:14:52,904 - INFO - Trial 35 | Epoch 6 | Batch 400/427 (93.7%) | Loss: 0.8731
2026-02-25 20:14:55,835 - INFO - Trial 35, Epoch 6/50 | Train Loss: 0.7744 | Val Loss: 0.6382 | F1 Macro: 0.2968 | F1 Dir: 0.1323 | F1 [SELL/NEU/BUY]: [0.156/0.626/0.109] | LR: 0.000021
2026-02-25 20:15:00,348 - INFO - Trial 35 | Epoch 7 | Batch 100/427 (23.4%) | Loss: 0.8123
2026-02-25 20:15:04,431 - INFO - Trial 35 | Epoch 7 | Batch 200/427 (46.8%) | Loss: 0.7932
2026-02-25 20:15:08,686 - INFO - Trial 35 | Epoch 7 | Batch 300/427 (70.3%) | Loss: 0.8357
2026-02-25 20:15:12,777 - INFO - Trial 35 | Epoch 7 | Batch 400/427 (93.7%) | Loss: 0.8966
2026-02-25 20:15:15,762 - INFO - Trial 35, Epoch 7/50 | Train Loss: 0.7730 | Val Loss: 0.6383 | F1 Macro: 0.2967 | F1 Dir: 0.1369 | F1 [SELL/NEU/BUY]: [0.164/0.616/0.109] | LR: 0.000021
2026-02-25 20:15:20,326 - INFO - Trial 35 | Epoch 8 | Batch 100/427 (23.4%) | Loss: 0.8281
2026-02-25 20:15:24,362 - INFO - Trial 35 | Epoch 8 | Batch 200/427 (46.8%) | Loss: 0.8192
2026-02-25 20:15:28,533 - INFO - Trial 35 | Epoch 8 | Batch 300/427 (70.3%) | Loss: 0.7852
2026-02-25 20:15:32,717 - INFO - Trial 35 | Epoch 8 | Batch 400/427 (93.7%) | Loss: 0.7236
2026-02-25 20:15:35,781 - INFO - Trial 35, Epoch 8/50 | Train Loss: 0.7718 | Val Loss: 0.6383 | F1 Macro: 0.3042 | F1 Dir: 0.1400 | F1 [SELL/NEU/BUY]: [0.157/0.633/0.123] | LR: 0.000021
2026-02-25 20:15:40,558 - INFO - Trial 35 | Epoch 9 | Batch 100/427 (23.4%) | Loss: 0.7287
2026-02-25 20:15:44,574 - INFO - Trial 35 | Epoch 9 | Batch 200/427 (46.8%) | Loss: 0.7037
2026-02-25 20:15:48,574 - INFO - Trial 35 | Epoch 9 | Batch 300/427 (70.3%) | Loss: 0.8268
2026-02-25 20:15:52,723 - INFO - Trial 35 | Epoch 9 | Batch 400/427 (93.7%) | Loss: 0.6742
2026-02-25 20:15:55,762 - INFO - Trial 35, Epoch 9/50 | Train Loss: 0.7703 | Val Loss: 0.6379 | F1 Macro: 0.3002 | F1 Dir: 0.1361 | F1 [SELL/NEU/BUY]: [0.161/0.629/0.111] | LR: 0.000020
2026-02-25 20:16:00,401 - INFO - Trial 35 | Epoch 10 | Batch 100/427 (23.4%) | Loss: 0.7776
2026-02-25 20:16:04,458 - INFO - Trial 35 | Epoch 10 | Batch 200/427 (46.8%) | Loss: 0.8011
2026-02-25 20:16:08,497 - INFO - Trial 35 | Epoch 10 | Batch 300/427 (70.3%) | Loss: 0.6841
2026-02-25 20:16:12,730 - INFO - Trial 35 | Epoch 10 | Batch 400/427 (93.7%) | Loss: 0.7427
2026-02-25 20:16:15,778 - INFO - Trial 35, Epoch 10/50 | Train Loss: 0.7692 | Val Loss: 0.6384 | F1 Macro: 0.2985 | F1 Dir: 0.1412 | F1 [SELL/NEU/BUY]: [0.152/0.613/0.131] | LR: 0.000020
2026-02-25 20:16:20,170 - INFO - Trial 35 | Epoch 11 | Batch 100/427 (23.4%) | Loss: 0.7074
2026-02-25 20:16:24,250 - INFO - Trial 35 | Epoch 11 | Batch 200/427 (46.8%) | Loss: 0.7378
2026-02-25 20:16:28,376 - INFO - Trial 35 | Epoch 11 | Batch 300/427 (70.3%) | Loss: 0.7074
2026-02-25 20:16:32,509 - INFO - Trial 35 | Epoch 11 | Batch 400/427 (93.7%) | Loss: 0.7532
2026-02-25 20:16:35,568 - INFO - Trial 35, Epoch 11/50 | Train Loss: 0.7679 | Val Loss: 0.6393 | F1 Macro: 0.3022 | F1 Dir: 0.1446 | F1 [SELL/NEU/BUY]: [0.149/0.617/0.140] | LR: 0.000019
2026-02-25 20:16:40,217 - INFO - Trial 35 | Epoch 12 | Batch 100/427 (23.4%) | Loss: 0.8723
2026-02-25 20:16:44,251 - INFO - Trial 35 | Epoch 12 | Batch 200/427 (46.8%) | Loss: 0.7407
2026-02-25 20:16:48,510 - INFO - Trial 35 | Epoch 12 | Batch 300/427 (70.3%) | Loss: 0.8048
2026-02-25 20:16:52,596 - INFO - Trial 35 | Epoch 12 | Batch 400/427 (93.7%) | Loss: 0.7933
2026-02-25 20:16:55,476 - INFO - Trial 35, Epoch 12/50 | Train Loss: 0.7669 | Val Loss: 0.6392 | F1 Macro: 0.3120 | F1 Dir: 0.1475 | F1 [SELL/NEU/BUY]: [0.150/0.641/0.145] | LR: 0.000019
2026-02-25 20:16:55,530 - INFO - Trial 35 stopped early due to patience (3 epochs without improvement)
2026-02-25 20:16:56,327 - INFO - Trial 36 START | tcn=128, lstm=128, layers=2, batch=1024, seq=24, drop=0.348, lr=0.000012, wd=0.007698
2026-02-25 20:16:58,514 - INFO - Trial 36 | Epoch 1 | Batch 100/214 (46.7%) | Loss: 0.8438
2026-02-25 20:17:00,460 - INFO - Trial 36 | Epoch 1 | Batch 200/214 (93.5%) | Loss: 0.8297
2026-02-25 20:17:01,935 - INFO - Trial 36, Epoch 1/50 | Train Loss: 0.8588 | Val Loss: 0.6712 | F1 Macro: 0.0912 | F1 Dir: 0.1367 | F1 [SELL/NEU/BUY]: [0.218/0.000/0.055] | LR: 0.000012
2026-02-25 20:17:04,209 - INFO - Trial 36 | Epoch 2 | Batch 100/214 (46.7%) | Loss: 0.8437
2026-02-25 20:17:06,005 - INFO - Trial 36 | Epoch 2 | Batch 200/214 (93.5%) | Loss: 0.7885
2026-02-25 20:17:07,452 - INFO - Trial 36, Epoch 2/50 | Train Loss: 0.7995 | Val Loss: 0.6536 | F1 Macro: 0.1765 | F1 Dir: 0.1157 | F1 [SELL/NEU/BUY]: [0.186/0.298/0.045] | LR: 0.000012
2026-02-25 20:17:09,741 - INFO - Trial 36 | Epoch 3 | Batch 100/214 (46.7%) | Loss: 0.7697
2026-02-25 20:17:11,523 - INFO - Trial 36 | Epoch 3 | Batch 200/214 (93.5%) | Loss: 0.8450
2026-02-25 20:17:13,036 - INFO - Trial 36, Epoch 3/50 | Train Loss: 0.7890 | Val Loss: 0.6494 | F1 Macro: 0.2107 | F1 Dir: 0.1242 | F1 [SELL/NEU/BUY]: [0.197/0.384/0.051] | LR: 0.000012
2026-02-25 20:17:13,165 - INFO - Trial 36 pruned by Optuna at epoch 3
2026-02-25 20:17:14,017 - INFO - Trial 37 START | tcn=64, lstm=64, layers=5, batch=512, seq=24, drop=0.436, lr=0.000036, wd=0.002496
2026-02-25 20:17:16,571 - INFO - Trial 37 | Epoch 1 | Batch 100/427 (23.4%) | Loss: 0.9783
2026-02-25 20:17:18,961 - INFO - Trial 37 | Epoch 1 | Batch 200/427 (46.8%) | Loss: 0.7485
2026-02-25 20:17:21,147 - INFO - Trial 37 | Epoch 1 | Batch 300/427 (70.3%) | Loss: 0.8790
2026-02-25 20:17:23,299 - INFO - Trial 37 | Epoch 1 | Batch 400/427 (93.7%) | Loss: 0.7454
2026-02-25 20:17:25,286 - INFO - Trial 37, Epoch 1/50 | Train Loss: 0.8343 | Val Loss: 0.6608 | F1 Macro: 0.0538 | F1 Dir: 0.0807 | F1 [SELL/NEU/BUY]: [0.063/0.000/0.098] | LR: 0.000036
2026-02-25 20:17:27,901 - INFO - Trial 37 | Epoch 2 | Batch 100/427 (23.4%) | Loss: 0.8638
2026-02-25 20:17:30,042 - INFO - Trial 37 | Epoch 2 | Batch 200/427 (46.8%) | Loss: 0.7650
2026-02-25 20:17:32,181 - INFO - Trial 37 | Epoch 2 | Batch 300/427 (70.3%) | Loss: 0.8643
2026-02-25 20:17:34,341 - INFO - Trial 37 | Epoch 2 | Batch 400/427 (93.7%) | Loss: 0.8097
2026-02-25 20:17:36,270 - INFO - Trial 37, Epoch 2/50 | Train Loss: 0.7948 | Val Loss: 0.6525 | F1 Macro: 0.0845 | F1 Dir: 0.1097 | F1 [SELL/NEU/BUY]: [0.132/0.034/0.087] | LR: 0.000036
2026-02-25 20:17:38,983 - INFO - Trial 37 | Epoch 3 | Batch 100/427 (23.4%) | Loss: 0.7891
2026-02-25 20:17:41,194 - INFO - Trial 37 | Epoch 3 | Batch 200/427 (46.8%) | Loss: 0.7448
2026-02-25 20:17:43,410 - INFO - Trial 37 | Epoch 3 | Batch 300/427 (70.3%) | Loss: 0.9000
2026-02-25 20:17:45,625 - INFO - Trial 37 | Epoch 3 | Batch 400/427 (93.7%) | Loss: 0.8288
2026-02-25 20:17:47,500 - INFO - Trial 37, Epoch 3/50 | Train Loss: 0.7894 | Val Loss: 0.6483 | F1 Macro: 0.2484 | F1 Dir: 0.1269 | F1 [SELL/NEU/BUY]: [0.137/0.491/0.117] | LR: 0.000036
2026-02-25 20:17:47,662 - INFO - Trial 37 pruned by Optuna at epoch 3
2026-02-25 20:17:48,531 - INFO - Trial 38 START | tcn=256, lstm=128, layers=6, batch=2048, seq=96, drop=0.472, lr=0.000020, wd=0.000418
2026-02-25 20:18:01,693 - INFO - Trial 38 | Epoch 1 | Batch 100/107 (93.5%) | Loss: 0.9102
2026-02-25 20:18:04,432 - INFO - Trial 38, Epoch 1/50 | Train Loss: 0.9079 | Val Loss: 0.7287 | F1 Macro: 0.3147 | F1 Dir: 0.0000 | F1 [SELL/NEU/BUY]: [0.000/0.944/0.000] | LR: 0.000020
2026-02-25 20:18:17,709 - INFO - Trial 38 | Epoch 2 | Batch 100/107 (93.5%) | Loss: 0.7899
2026-02-25 20:18:20,461 - INFO - Trial 38, Epoch 2/50 | Train Loss: 0.8371 | Val Loss: 0.6729 | F1 Macro: 0.2432 | F1 Dir: 0.1122 | F1 [SELL/NEU/BUY]: [0.165/0.505/0.060] | LR: 0.000020
2026-02-25 20:18:33,941 - INFO - Trial 38 | Epoch 3 | Batch 100/107 (93.5%) | Loss: 0.7942
2026-02-25 20:18:36,716 - INFO - Trial 38, Epoch 3/50 | Train Loss: 0.7999 | Val Loss: 0.6630 | F1 Macro: 0.1625 | F1 Dir: 0.1261 | F1 [SELL/NEU/BUY]: [0.198/0.235/0.054] | LR: 0.000020
2026-02-25 20:18:50,212 - INFO - Trial 38 | Epoch 4 | Batch 100/107 (93.5%) | Loss: 0.8170
2026-02-25 20:18:53,002 - INFO - Trial 38, Epoch 4/50 | Train Loss: 0.7936 | Val Loss: 0.6589 | F1 Macro: 0.2361 | F1 Dir: 0.1620 | F1 [SELL/NEU/BUY]: [0.243/0.384/0.081] | LR: 0.000019
2026-02-25 20:19:06,511 - INFO - Trial 38 | Epoch 5 | Batch 100/107 (93.5%) | Loss: 0.8035
2026-02-25 20:19:09,267 - INFO - Trial 38, Epoch 5/50 | Train Loss: 0.7907 | Val Loss: 0.6573 | F1 Macro: 0.2508 | F1 Dir: 0.1462 | F1 [SELL/NEU/BUY]: [0.223/0.460/0.069] | LR: 0.000019
2026-02-25 20:19:22,865 - INFO - Trial 38 | Epoch 6 | Batch 100/107 (93.5%) | Loss: 0.8157
2026-02-25 20:19:25,662 - INFO - Trial 38, Epoch 6/50 | Train Loss: 0.7893 | Val Loss: 0.6556 | F1 Macro: 0.2531 | F1 Dir: 0.1406 | F1 [SELL/NEU/BUY]: [0.216/0.478/0.065] | LR: 0.000019
2026-02-25 20:19:39,163 - INFO - Trial 38 | Epoch 7 | Batch 100/107 (93.5%) | Loss: 0.8018
2026-02-25 20:19:41,909 - INFO - Trial 38, Epoch 7/50 | Train Loss: 0.7880 | Val Loss: 0.6543 | F1 Macro: 0.2585 | F1 Dir: 0.1348 | F1 [SELL/NEU/BUY]: [0.207/0.506/0.063] | LR: 0.000019
2026-02-25 20:19:55,439 - INFO - Trial 38 | Epoch 8 | Batch 100/107 (93.5%) | Loss: 0.7778
2026-02-25 20:19:58,242 - INFO - Trial 38, Epoch 8/50 | Train Loss: 0.7868 | Val Loss: 0.6524 | F1 Macro: 0.2696 | F1 Dir: 0.1351 | F1 [SELL/NEU/BUY]: [0.193/0.539/0.077] | LR: 0.000019
2026-02-25 20:20:11,720 - INFO - Trial 38 | Epoch 9 | Batch 100/107 (93.5%) | Loss: 0.8040
2026-02-25 20:20:14,590 - INFO - Trial 38, Epoch 9/50 | Train Loss: 0.7858 | Val Loss: 0.6538 | F1 Macro: 0.2710 | F1 Dir: 0.1346 | F1 [SELL/NEU/BUY]: [0.153/0.544/0.116] | LR: 0.000018
2026-02-25 20:20:28,116 - INFO - Trial 38 | Epoch 10 | Batch 100/107 (93.5%) | Loss: 0.7933
2026-02-25 20:20:30,878 - INFO - Trial 38, Epoch 10/50 | Train Loss: 0.7845 | Val Loss: 0.6538 | F1 Macro: 0.2535 | F1 Dir: 0.1252 | F1 [SELL/NEU/BUY]: [0.153/0.510/0.098] | LR: 0.000018
2026-02-25 20:20:44,367 - INFO - Trial 38 | Epoch 11 | Batch 100/107 (93.5%) | Loss: 0.7974
2026-02-25 20:20:47,189 - INFO - Trial 38, Epoch 11/50 | Train Loss: 0.7842 | Val Loss: 0.6516 | F1 Macro: 0.2671 | F1 Dir: 0.1253 | F1 [SELL/NEU/BUY]: [0.161/0.551/0.089] | LR: 0.000018
2026-02-25 20:21:00,769 - INFO - Trial 38 | Epoch 12 | Batch 100/107 (93.5%) | Loss: 0.7629
2026-02-25 20:21:03,505 - INFO - Trial 38, Epoch 12/50 | Train Loss: 0.7827 | Val Loss: 0.6509 | F1 Macro: 0.2754 | F1 Dir: 0.1299 | F1 [SELL/NEU/BUY]: [0.157/0.566/0.102] | LR: 0.000017
2026-02-25 20:21:16,988 - INFO - Trial 38 | Epoch 13 | Batch 100/107 (93.5%) | Loss: 0.7291
2026-02-25 20:21:19,782 - INFO - Trial 38, Epoch 13/50 | Train Loss: 0.7826 | Val Loss: 0.6515 | F1 Macro: 0.2752 | F1 Dir: 0.1266 | F1 [SELL/NEU/BUY]: [0.158/0.573/0.096] | LR: 0.000017
2026-02-25 20:21:33,294 - INFO - Trial 38 | Epoch 14 | Batch 100/107 (93.5%) | Loss: 0.7595
2026-02-25 20:21:36,093 - INFO - Trial 38, Epoch 14/50 | Train Loss: 0.7816 | Val Loss: 0.6514 | F1 Macro: 0.2722 | F1 Dir: 0.1292 | F1 [SELL/NEU/BUY]: [0.148/0.558/0.110] | LR: 0.000016
2026-02-25 20:21:49,616 - INFO - Trial 38 | Epoch 15 | Batch 100/107 (93.5%) | Loss: 0.7629
2026-02-25 20:21:52,484 - INFO - Trial 38, Epoch 15/50 | Train Loss: 0.7811 | Val Loss: 0.6508 | F1 Macro: 0.2756 | F1 Dir: 0.1300 | F1 [SELL/NEU/BUY]: [0.146/0.567/0.114] | LR: 0.000016
2026-02-25 20:22:06,083 - INFO - Trial 38 | Epoch 16 | Batch 100/107 (93.5%) | Loss: 0.7417
2026-02-25 20:22:08,850 - INFO - Trial 38, Epoch 16/50 | Train Loss: 0.7805 | Val Loss: 0.6502 | F1 Macro: 0.2855 | F1 Dir: 0.1321 | F1 [SELL/NEU/BUY]: [0.149/0.592/0.116] | LR: 0.000015
2026-02-25 20:22:22,353 - INFO - Trial 38 | Epoch 17 | Batch 100/107 (93.5%) | Loss: 0.7773
2026-02-25 20:22:25,208 - INFO - Trial 38, Epoch 17/50 | Train Loss: 0.7799 | Val Loss: 0.6488 | F1 Macro: 0.3008 | F1 Dir: 0.1354 | F1 [SELL/NEU/BUY]: [0.166/0.632/0.105] | LR: 0.000015
2026-02-25 20:22:38,698 - INFO - Trial 38 | Epoch 18 | Batch 100/107 (93.5%) | Loss: 0.7883
2026-02-25 20:22:41,492 - INFO - Trial 38, Epoch 18/50 | Train Loss: 0.7804 | Val Loss: 0.6500 | F1 Macro: 0.2860 | F1 Dir: 0.1331 | F1 [SELL/NEU/BUY]: [0.143/0.592/0.123] | LR: 0.000014
2026-02-25 20:22:55,039 - INFO - Trial 38 | Epoch 19 | Batch 100/107 (93.5%) | Loss: 0.8313
2026-02-25 20:22:57,785 - INFO - Trial 38, Epoch 19/50 | Train Loss: 0.7788 | Val Loss: 0.6501 | F1 Macro: 0.2827 | F1 Dir: 0.1331 | F1 [SELL/NEU/BUY]: [0.140/0.582/0.126] | LR: 0.000014
2026-02-25 20:23:11,297 - INFO - Trial 38 | Epoch 20 | Batch 100/107 (93.5%) | Loss: 0.7762
2026-02-25 20:23:14,083 - INFO - Trial 38, Epoch 20/50 | Train Loss: 0.7785 | Val Loss: 0.6489 | F1 Macro: 0.2956 | F1 Dir: 0.1353 | F1 [SELL/NEU/BUY]: [0.152/0.616/0.118] | LR: 0.000013
2026-02-25 20:23:14,218 - INFO - Trial 38 stopped early due to patience (3 epochs without improvement)
2026-02-25 20:23:15,192 - INFO - Trial 39 START | tcn=128, lstm=64, layers=3, batch=1024, seq=24, drop=0.485, lr=0.000046, wd=0.000246
2026-02-25 20:23:17,501 - INFO - Trial 39 | Epoch 1 | Batch 100/214 (46.7%) | Loss: 0.8507
2026-02-25 20:23:19,409 - INFO - Trial 39 | Epoch 1 | Batch 200/214 (93.5%) | Loss: 0.7761
2026-02-25 20:23:20,896 - INFO - Trial 39, Epoch 1/50 | Train Loss: 0.8279 | Val Loss: 0.6587 | F1 Macro: 0.0744 | F1 Dir: 0.1116 | F1 [SELL/NEU/BUY]: [0.186/0.000/0.037] | LR: 0.000046
2026-02-25 20:23:23,373 - INFO - Trial 39 | Epoch 2 | Batch 100/214 (46.7%) | Loss: 0.7841
2026-02-25 20:23:25,457 - INFO - Trial 39 | Epoch 2 | Batch 200/214 (93.5%) | Loss: 0.8348
2026-02-25 20:23:26,914 - INFO - Trial 39, Epoch 2/50 | Train Loss: 0.7934 | Val Loss: 0.6485 | F1 Macro: 0.0853 | F1 Dir: 0.1279 | F1 [SELL/NEU/BUY]: [0.213/0.000/0.043] | LR: 0.000046
2026-02-25 20:23:29,467 - INFO - Trial 39 | Epoch 3 | Batch 100/214 (46.7%) | Loss: 0.7555
2026-02-25 20:23:31,385 - INFO - Trial 39 | Epoch 3 | Batch 200/214 (93.5%) | Loss: 0.7488
2026-02-25 20:23:32,865 - INFO - Trial 39, Epoch 3/50 | Train Loss: 0.7864 | Val Loss: 0.6437 | F1 Macro: 0.2764 | F1 Dir: 0.1276 | F1 [SELL/NEU/BUY]: [0.201/0.574/0.054] | LR: 0.000046
2026-02-25 20:23:32,979 - INFO - Trial 39 pruned by Optuna at epoch 3
2026-02-25 20:23:33,159 - INFO - ============================================================
2026-02-25 20:23:33,160 - INFO - --- OTIMIZACAO FINALIZADA ---
2026-02-25 20:23:33,160 - INFO - Motivo da Parada: MAXIMO DE TRIALS (40) ALCANCADOS
2026-02-25 20:23:33,160 - INFO - Tempo de Execucao da Sessao: 0.92 Horas
2026-02-25 20:23:33,160 - INFO - Trials Executados nesta Sessao: 40
2026-02-25 20:23:33,161 - INFO - ============================================================
2026-02-25 20:23:33,169 - INFO - Optimization complete | Melhor F1 Macro: 0.3339
2026-02-25 20:23:33,175 - INFO - Melhores Parametros Macro: {'tcn_channels': 128, 'lstm_hidden': 64, 'num_lstm_layers': 3, 'batch_size': 1024, 'dropout': 0.3953586397015436, 'seq_len': 24, 'lr': 4.7594376162049363e-05, 'weight_decay': 0.009161575204142677}
2026-02-25 20:23:33,207 - INFO - 🥇 [MACRO] Best params saved: src/cloud/base_model/otimizacao/best_params.json
2026-02-25 20:23:33,241 - INFO - 🔄 Updated src/cloud/base_model/treino/training_config.yaml with MACRO best params.
2026-02-25 20:23:33,263 - INFO - 🏆 [DIR]   Best trial: 21 | F1 Dir: 0.1816
2026-02-25 20:23:33,264 - INFO - 🏆 [DIR]   Best params: {'tcn_channels': 128, 'lstm_hidden': 64, 'num_lstm_layers': 3, 'batch_size': 1024, 'dropout': 0.3953586397015436, 'seq_len': 24, 'lr': 4.7594376162049363e-05, 'weight_decay': 0.009161575204142677}
2026-02-25 20:23:33,279 - INFO - 🏆 [DIR]   Best params saved: src/cloud/base_model/otimizacao/best_dir_params.json
2026-02-25 20:23:33,279 - INFO - ============================================================
2026-02-25 20:23:33,279 - INFO - --- INICIANDO TRANSFERENCIA BASE (FOUNDATION) ---
2026-02-25 20:23:33,280 - INFO - Log-ancora identificado para a transferencia: optimization.log
2026-02-25 20:23:33,280 - INFO - -> Analisando Feature Importance do Melhor Modelo do Optuna...
2026-02-25 20:24:39,026 - ERROR - ⚠️ Feature importance falhou (o pipeline continuara): Command '['/workspace/QuantGod_Cloud_TCNLSTM/venv/bin/python', 'src/cloud/base_model/treino/feature_importance.py', 'data/models/best_tcn_lstm.pt']' returned non-zero exit status 1.
