2026-02-25 21:50:39,372 - INFO - 📝 LOGGING INITIALIZED (UTF-8-SIG): logs/optimization/optimization_20260225_215039.log
2026-02-25 21:50:39,385 - INFO - 📁 DYNAMIC DATA PATHS: Train=data/L2/splits_labelled_SELL_0003_BUY_0003_15min/train | Val=data/L2/splits_labelled_SELL_0003_BUY_0003_15min/val
2026-02-25 21:50:39,385 - INFO - Loading data for optimization...
2026-02-25 21:51:21,271 - INFO - Loaded 218,600 rows from data/L2/splits_labelled_SELL_0003_BUY_0003_15min/train
2026-02-25 21:51:34,433 - INFO - Loaded 62,454 rows from data/L2/splits_labelled_SELL_0003_BUY_0003_15min/val
2026-02-25 21:51:34,887 - INFO - FocalLoss alpha (AUTO computed from foundation labels): [4.85680627822876, 0.3880096971988678, 4.611522674560547]
2026-02-25 21:51:45,937 - INFO - Starting 40 trials | Metric: f1_macro | Timeout: 72000s
2026-02-25 21:51:46,907 - INFO - Trial 0 START | tcn=128, lstm=64, layers=2, batch=512, seq=24, drop=0.321, lr=0.000038, wd=0.000150
2026-02-25 21:52:35,185 - INFO - Trial 0 | Epoch 1 | Batch 100/427 (23.4%) | Loss: 0.7914
2026-02-25 21:52:36,976 - INFO - Trial 0 | Epoch 1 | Batch 200/427 (46.8%) | Loss: 0.7575
2026-02-25 21:52:38,924 - INFO - Trial 0 | Epoch 1 | Batch 300/427 (70.3%) | Loss: 0.7223
2026-02-25 21:52:40,702 - INFO - Trial 0 | Epoch 1 | Batch 400/427 (93.7%) | Loss: 0.8341
2026-02-25 21:52:43,120 - INFO - Trial 0, Epoch 1/50 | Train Loss: 0.8059 | Val Loss: 0.6484 | F1 Macro: 0.2051 | F1 Dir: 0.1380 | F1 [SELL/NEU/BUY]: [0.214/0.339/0.062] | LR: 0.000038
2026-02-25 21:52:43,351 - INFO - 🥇 [MACRO]  Trial 0 | Global F1 Macro record: 0.2051 (prev: 0.0000) → saved best_tcn_lstm.pt
2026-02-25 21:52:43,367 - INFO - 🏆 [DIR]    Trial 0 | Global F1 Dir record: 0.1380 (prev: 0.0000) → saved best_tcn_lstm_dir.pt
2026-02-25 21:52:45,763 - INFO - Trial 0 | Epoch 2 | Batch 100/427 (23.4%) | Loss: 0.7215
2026-02-25 21:52:47,492 - INFO - Trial 0 | Epoch 2 | Batch 200/427 (46.8%) | Loss: 0.6880
2026-02-25 21:52:49,251 - INFO - Trial 0 | Epoch 2 | Batch 300/427 (70.3%) | Loss: 0.7211
2026-02-25 21:52:50,995 - INFO - Trial 0 | Epoch 2 | Batch 400/427 (93.7%) | Loss: 0.7799
2026-02-25 21:52:53,283 - INFO - Trial 0, Epoch 2/50 | Train Loss: 0.7834 | Val Loss: 0.6425 | F1 Macro: 0.2483 | F1 Dir: 0.1136 | F1 [SELL/NEU/BUY]: [0.177/0.518/0.051] | LR: 0.000038
2026-02-25 21:52:53,458 - INFO - 🥇 [MACRO]  Trial 0 | Global F1 Macro record: 0.2483 (prev: 0.2051) → saved best_tcn_lstm.pt
2026-02-25 21:52:55,869 - INFO - Trial 0 | Epoch 3 | Batch 100/427 (23.4%) | Loss: 0.7135
2026-02-25 21:52:57,561 - INFO - Trial 0 | Epoch 3 | Batch 200/427 (46.8%) | Loss: 0.7867
2026-02-25 21:52:59,305 - INFO - Trial 0 | Epoch 3 | Batch 300/427 (70.3%) | Loss: 0.8345
2026-02-25 21:53:01,040 - INFO - Trial 0 | Epoch 3 | Batch 400/427 (93.7%) | Loss: 0.8775
2026-02-25 21:53:03,134 - INFO - Trial 0, Epoch 3/50 | Train Loss: 0.7800 | Val Loss: 0.6402 | F1 Macro: 0.2763 | F1 Dir: 0.1370 | F1 [SELL/NEU/BUY]: [0.128/0.555/0.146] | LR: 0.000038
2026-02-25 21:53:03,153 - INFO - 🥇 [MACRO]  Trial 0 | Global F1 Macro record: 0.2763 (prev: 0.2483) → saved best_tcn_lstm.pt
2026-02-25 21:53:05,465 - INFO - Trial 0 | Epoch 4 | Batch 100/427 (23.4%) | Loss: 0.7786
2026-02-25 21:53:07,202 - INFO - Trial 0 | Epoch 4 | Batch 200/427 (46.8%) | Loss: 0.7924
2026-02-25 21:53:08,935 - INFO - Trial 0 | Epoch 4 | Batch 300/427 (70.3%) | Loss: 0.8185
2026-02-25 21:53:10,691 - INFO - Trial 0 | Epoch 4 | Batch 400/427 (93.7%) | Loss: 0.7333
2026-02-25 21:53:12,764 - INFO - Trial 0, Epoch 4/50 | Train Loss: 0.7782 | Val Loss: 0.6384 | F1 Macro: 0.2860 | F1 Dir: 0.1288 | F1 [SELL/NEU/BUY]: [0.163/0.600/0.094] | LR: 0.000037
2026-02-25 21:53:12,784 - INFO - 🥇 [MACRO]  Trial 0 | Global F1 Macro record: 0.2860 (prev: 0.2763) → saved best_tcn_lstm.pt
2026-02-25 21:53:15,097 - INFO - Trial 0 | Epoch 5 | Batch 100/427 (23.4%) | Loss: 0.7037
2026-02-25 21:53:16,821 - INFO - Trial 0 | Epoch 5 | Batch 200/427 (46.8%) | Loss: 0.7279
2026-02-25 21:53:18,549 - INFO - Trial 0 | Epoch 5 | Batch 300/427 (70.3%) | Loss: 0.8105
2026-02-25 21:53:20,237 - INFO - Trial 0 | Epoch 5 | Batch 400/427 (93.7%) | Loss: 0.8318
2026-02-25 21:53:22,275 - INFO - Trial 0, Epoch 5/50 | Train Loss: 0.7759 | Val Loss: 0.6380 | F1 Macro: 0.2889 | F1 Dir: 0.1354 | F1 [SELL/NEU/BUY]: [0.149/0.596/0.121] | LR: 0.000037
2026-02-25 21:53:22,308 - INFO - 🥇 [MACRO]  Trial 0 | Global F1 Macro record: 0.2889 (prev: 0.2860) → saved best_tcn_lstm.pt
2026-02-25 21:53:24,604 - INFO - Trial 0 | Epoch 6 | Batch 100/427 (23.4%) | Loss: 0.8292
2026-02-25 21:53:26,277 - INFO - Trial 0 | Epoch 6 | Batch 200/427 (46.8%) | Loss: 0.7770
2026-02-25 21:53:27,989 - INFO - Trial 0 | Epoch 6 | Batch 300/427 (70.3%) | Loss: 0.7080
2026-02-25 21:53:29,627 - INFO - Trial 0 | Epoch 6 | Batch 400/427 (93.7%) | Loss: 0.8183
2026-02-25 21:53:31,672 - INFO - Trial 0, Epoch 6/50 | Train Loss: 0.7745 | Val Loss: 0.6383 | F1 Macro: 0.2746 | F1 Dir: 0.1288 | F1 [SELL/NEU/BUY]: [0.150/0.566/0.107] | LR: 0.000037
2026-02-25 21:53:33,601 - INFO - Trial 0 | Epoch 7 | Batch 100/427 (23.4%) | Loss: 0.8781
2026-02-25 21:53:35,135 - INFO - Trial 0 | Epoch 7 | Batch 200/427 (46.8%) | Loss: 0.8193
2026-02-25 21:53:36,505 - INFO - Trial 0 | Epoch 7 | Batch 300/427 (70.3%) | Loss: 0.7295
2026-02-25 21:53:38,009 - INFO - Trial 0 | Epoch 7 | Batch 400/427 (93.7%) | Loss: 0.7642
2026-02-25 21:53:39,966 - INFO - Trial 0, Epoch 7/50 | Train Loss: 0.7724 | Val Loss: 0.6381 | F1 Macro: 0.2835 | F1 Dir: 0.1370 | F1 [SELL/NEU/BUY]: [0.142/0.576/0.132] | LR: 0.000036
2026-02-25 21:53:42,194 - INFO - Trial 0 | Epoch 8 | Batch 100/427 (23.4%) | Loss: 0.7258
2026-02-25 21:53:43,970 - INFO - Trial 0 | Epoch 8 | Batch 200/427 (46.8%) | Loss: 0.7788
2026-02-25 21:53:45,611 - INFO - Trial 0 | Epoch 8 | Batch 300/427 (70.3%) | Loss: 0.7163
2026-02-25 21:53:47,276 - INFO - Trial 0 | Epoch 8 | Batch 400/427 (93.7%) | Loss: 0.7324
2026-02-25 21:53:49,338 - INFO - Trial 0, Epoch 8/50 | Train Loss: 0.7704 | Val Loss: 0.6399 | F1 Macro: 0.2799 | F1 Dir: 0.1404 | F1 [SELL/NEU/BUY]: [0.131/0.559/0.150] | LR: 0.000036
2026-02-25 21:53:49,356 - INFO - 🏆 [DIR]    Trial 0 | Global F1 Dir record: 0.1404 (prev: 0.1380) → saved best_tcn_lstm_dir.pt
2026-02-25 21:53:49,459 - INFO - Trial 0 stopped early due to patience (3 epochs without improvement)
2026-02-25 21:53:50,405 - INFO - Trial 1 START | tcn=256, lstm=128, layers=3, batch=2048, seq=96, drop=0.397, lr=0.000024, wd=0.001649
2026-02-25 21:54:01,006 - INFO - Trial 1 | Epoch 1 | Batch 100/107 (93.5%) | Loss: 0.8237
2026-02-25 21:54:03,524 - INFO - Trial 1, Epoch 1/50 | Train Loss: 0.8572 | Val Loss: 0.6807 | F1 Macro: 0.0334 | F1 Dir: 0.0501 | F1 [SELL/NEU/BUY]: [0.100/0.000/0.000] | LR: 0.000024
2026-02-25 21:54:13,855 - INFO - Trial 1 | Epoch 2 | Batch 100/107 (93.5%) | Loss: 0.8256
2026-02-25 21:54:16,445 - INFO - Trial 1, Epoch 2/50 | Train Loss: 0.7991 | Val Loss: 0.6571 | F1 Macro: 0.0718 | F1 Dir: 0.0526 | F1 [SELL/NEU/BUY]: [0.105/0.110/0.000] | LR: 0.000024
2026-02-25 21:54:27,077 - INFO - Trial 1 | Epoch 3 | Batch 100/107 (93.5%) | Loss: 0.7954
2026-02-25 21:54:29,701 - INFO - Trial 1, Epoch 3/50 | Train Loss: 0.7873 | Val Loss: 0.6532 | F1 Macro: 0.2504 | F1 Dir: 0.1769 | F1 [SELL/NEU/BUY]: [0.093/0.397/0.261] | LR: 0.000023
2026-02-25 21:54:29,731 - INFO - 🏆 [DIR]    Trial 1 | Global F1 Dir record: 0.1769 (prev: 0.1404) → saved best_tcn_lstm_dir.pt
2026-02-25 21:54:40,299 - INFO - Trial 1 | Epoch 4 | Batch 100/107 (93.5%) | Loss: 0.7527
2026-02-25 21:54:42,829 - INFO - Trial 1, Epoch 4/50 | Train Loss: 0.7831 | Val Loss: 0.6494 | F1 Macro: 0.2970 | F1 Dir: 0.1809 | F1 [SELL/NEU/BUY]: [0.109/0.529/0.252] | LR: 0.000023
2026-02-25 21:54:42,855 - INFO - 🥇 [MACRO]  Trial 1 | Global F1 Macro record: 0.2970 (prev: 0.2889) → saved best_tcn_lstm.pt
2026-02-25 21:54:42,924 - INFO - 🏆 [DIR]    Trial 1 | Global F1 Dir record: 0.1809 (prev: 0.1769) → saved best_tcn_lstm_dir.pt
2026-02-25 21:54:53,699 - INFO - Trial 1 | Epoch 5 | Batch 100/107 (93.5%) | Loss: 0.7747
2026-02-25 21:54:56,254 - INFO - Trial 1, Epoch 5/50 | Train Loss: 0.7813 | Val Loss: 0.6481 | F1 Macro: 0.3087 | F1 Dir: 0.1748 | F1 [SELL/NEU/BUY]: [0.121/0.576/0.229] | LR: 0.000023
2026-02-25 21:54:56,279 - INFO - 🥇 [MACRO]  Trial 1 | Global F1 Macro record: 0.3087 (prev: 0.2970) → saved best_tcn_lstm.pt
2026-02-25 21:55:06,900 - INFO - Trial 1 | Epoch 6 | Batch 100/107 (93.5%) | Loss: 0.7712
2026-02-25 21:55:09,418 - INFO - Trial 1, Epoch 6/50 | Train Loss: 0.7796 | Val Loss: 0.6467 | F1 Macro: 0.3142 | F1 Dir: 0.1786 | F1 [SELL/NEU/BUY]: [0.118/0.586/0.239] | LR: 0.000023
2026-02-25 21:55:09,489 - INFO - 🥇 [MACRO]  Trial 1 | Global F1 Macro record: 0.3142 (prev: 0.3087) → saved best_tcn_lstm.pt
2026-02-25 21:55:20,080 - INFO - Trial 1 | Epoch 7 | Batch 100/107 (93.5%) | Loss: 0.7612
2026-02-25 21:55:22,386 - INFO - Trial 1, Epoch 7/50 | Train Loss: 0.7784 | Val Loss: 0.6453 | F1 Macro: 0.2996 | F1 Dir: 0.1425 | F1 [SELL/NEU/BUY]: [0.140/0.614/0.145] | LR: 0.000023
2026-02-25 21:55:32,815 - INFO - Trial 1 | Epoch 8 | Batch 100/107 (93.5%) | Loss: 0.7500
2026-02-25 21:55:35,182 - INFO - Trial 1, Epoch 8/50 | Train Loss: 0.7772 | Val Loss: 0.6456 | F1 Macro: 0.2981 | F1 Dir: 0.1470 | F1 [SELL/NEU/BUY]: [0.132/0.600/0.162] | LR: 0.000022
2026-02-25 21:55:45,692 - INFO - Trial 1 | Epoch 9 | Batch 100/107 (93.5%) | Loss: 0.7780
2026-02-25 21:55:48,085 - INFO - Trial 1, Epoch 9/50 | Train Loss: 0.7762 | Val Loss: 0.6450 | F1 Macro: 0.3062 | F1 Dir: 0.1458 | F1 [SELL/NEU/BUY]: [0.133/0.627/0.158] | LR: 0.000022
2026-02-25 21:55:58,624 - INFO - Trial 1 | Epoch 10 | Batch 100/107 (93.5%) | Loss: 0.7411
2026-02-25 21:56:00,895 - INFO - Trial 1, Epoch 10/50 | Train Loss: 0.7755 | Val Loss: 0.6447 | F1 Macro: 0.3092 | F1 Dir: 0.1455 | F1 [SELL/NEU/BUY]: [0.143/0.637/0.148] | LR: 0.000021
2026-02-25 21:56:11,410 - INFO - Trial 1 | Epoch 11 | Batch 100/107 (93.5%) | Loss: 0.7744
2026-02-25 21:56:13,760 - INFO - Trial 1, Epoch 11/50 | Train Loss: 0.7742 | Val Loss: 0.6443 | F1 Macro: 0.3027 | F1 Dir: 0.1377 | F1 [SELL/NEU/BUY]: [0.154/0.633/0.122] | LR: 0.000021
2026-02-25 21:56:24,220 - INFO - Trial 1 | Epoch 12 | Batch 100/107 (93.5%) | Loss: 0.7584
2026-02-25 21:56:26,560 - INFO - Trial 1, Epoch 12/50 | Train Loss: 0.7732 | Val Loss: 0.6438 | F1 Macro: 0.3000 | F1 Dir: 0.1358 | F1 [SELL/NEU/BUY]: [0.161/0.628/0.111] | LR: 0.000020
2026-02-25 21:56:36,970 - INFO - Trial 1 | Epoch 13 | Batch 100/107 (93.5%) | Loss: 0.7653
2026-02-25 21:56:39,355 - INFO - Trial 1, Epoch 13/50 | Train Loss: 0.7729 | Val Loss: 0.6438 | F1 Macro: 0.3076 | F1 Dir: 0.1405 | F1 [SELL/NEU/BUY]: [0.157/0.642/0.124] | LR: 0.000020
2026-02-25 21:56:50,004 - INFO - Trial 1 | Epoch 14 | Batch 100/107 (93.5%) | Loss: 0.8222
2026-02-25 21:56:52,307 - INFO - Trial 1, Epoch 14/50 | Train Loss: 0.7716 | Val Loss: 0.6454 | F1 Macro: 0.3011 | F1 Dir: 0.1437 | F1 [SELL/NEU/BUY]: [0.145/0.616/0.143] | LR: 0.000019
2026-02-25 21:57:02,764 - INFO - Trial 1 | Epoch 15 | Batch 100/107 (93.5%) | Loss: 0.7614
2026-02-25 21:57:05,139 - INFO - Trial 1, Epoch 15/50 | Train Loss: 0.7707 | Val Loss: 0.6443 | F1 Macro: 0.2966 | F1 Dir: 0.1395 | F1 [SELL/NEU/BUY]: [0.152/0.611/0.127] | LR: 0.000019
2026-02-25 21:57:05,197 - INFO - Trial 1 stopped early due to patience (3 epochs without improvement)
2026-02-25 21:57:05,990 - INFO - Trial 2 START | tcn=256, lstm=128, layers=2, batch=512, seq=96, drop=0.396, lr=0.000051, wd=0.000217
2026-02-25 21:57:09,084 - INFO - Trial 2 | Epoch 1 | Batch 100/427 (23.4%) | Loss: 0.6701
2026-02-25 21:57:11,726 - INFO - Trial 2 | Epoch 1 | Batch 200/427 (46.8%) | Loss: 0.9176
2026-02-25 21:57:14,379 - INFO - Trial 2 | Epoch 1 | Batch 300/427 (70.3%) | Loss: 0.8304
2026-02-25 21:57:17,038 - INFO - Trial 2 | Epoch 1 | Batch 400/427 (93.7%) | Loss: 0.7036
2026-02-25 21:57:19,640 - INFO - Trial 2, Epoch 1/50 | Train Loss: 0.7960 | Val Loss: 0.6408 | F1 Macro: 0.2951 | F1 Dir: 0.1369 | F1 [SELL/NEU/BUY]: [0.131/0.612/0.143] | LR: 0.000051
2026-02-25 21:57:22,857 - INFO - Trial 2 | Epoch 2 | Batch 100/427 (23.4%) | Loss: 0.7907
2026-02-25 21:57:25,574 - INFO - Trial 2 | Epoch 2 | Batch 200/427 (46.8%) | Loss: 0.7320
2026-02-25 21:57:28,190 - INFO - Trial 2 | Epoch 2 | Batch 300/427 (70.3%) | Loss: 0.7525
2026-02-25 21:57:30,901 - INFO - Trial 2 | Epoch 2 | Batch 400/427 (93.7%) | Loss: 0.8039
2026-02-25 21:57:33,525 - INFO - Trial 2, Epoch 2/50 | Train Loss: 0.7772 | Val Loss: 0.6387 | F1 Macro: 0.3079 | F1 Dir: 0.1506 | F1 [SELL/NEU/BUY]: [0.127/0.623/0.175] | LR: 0.000050
2026-02-25 21:57:36,865 - INFO - Trial 2 | Epoch 3 | Batch 100/427 (23.4%) | Loss: 0.7025
2026-02-25 21:57:39,603 - INFO - Trial 2 | Epoch 3 | Batch 200/427 (46.8%) | Loss: 0.6904
2026-02-25 21:57:42,320 - INFO - Trial 2 | Epoch 3 | Batch 300/427 (70.3%) | Loss: 0.7364
2026-02-25 21:57:45,068 - INFO - Trial 2 | Epoch 3 | Batch 400/427 (93.7%) | Loss: 0.8419
2026-02-25 21:57:47,769 - INFO - Trial 2, Epoch 3/50 | Train Loss: 0.7728 | Val Loss: 0.6380 | F1 Macro: 0.2978 | F1 Dir: 0.1397 | F1 [SELL/NEU/BUY]: [0.148/0.614/0.132] | LR: 0.000050
2026-02-25 21:57:51,018 - INFO - Trial 2 | Epoch 4 | Batch 100/427 (23.4%) | Loss: 0.7645
2026-02-25 21:57:53,826 - INFO - Trial 2 | Epoch 4 | Batch 200/427 (46.8%) | Loss: 0.7565
2026-02-25 21:57:56,581 - INFO - Trial 2 | Epoch 4 | Batch 300/427 (70.3%) | Loss: 0.7304
2026-02-25 21:57:59,348 - INFO - Trial 2 | Epoch 4 | Batch 400/427 (93.7%) | Loss: 0.8209
2026-02-25 21:58:01,889 - INFO - Trial 2, Epoch 4/50 | Train Loss: 0.7698 | Val Loss: 0.6381 | F1 Macro: 0.3017 | F1 Dir: 0.1471 | F1 [SELL/NEU/BUY]: [0.139/0.611/0.155] | LR: 0.000050
2026-02-25 21:58:05,017 - INFO - Trial 2 | Epoch 5 | Batch 100/427 (23.4%) | Loss: 0.8319
2026-02-25 21:58:07,471 - INFO - Trial 2 | Epoch 5 | Batch 200/427 (46.8%) | Loss: 0.8842
2026-02-25 21:58:10,210 - INFO - Trial 2 | Epoch 5 | Batch 300/427 (70.3%) | Loss: 0.8134
2026-02-25 21:58:12,827 - INFO - Trial 2 | Epoch 5 | Batch 400/427 (93.7%) | Loss: 0.7699
2026-02-25 21:58:15,316 - INFO - Trial 2, Epoch 5/50 | Train Loss: 0.7652 | Val Loss: 0.6417 | F1 Macro: 0.2847 | F1 Dir: 0.1457 | F1 [SELL/NEU/BUY]: [0.129/0.563/0.163] | LR: 0.000049
2026-02-25 21:58:18,252 - INFO - Trial 2 | Epoch 6 | Batch 100/427 (23.4%) | Loss: 0.6785
2026-02-25 21:58:20,516 - INFO - Trial 2 | Epoch 6 | Batch 200/427 (46.8%) | Loss: 0.8040
2026-02-25 21:58:22,825 - INFO - Trial 2 | Epoch 6 | Batch 300/427 (70.3%) | Loss: 0.7475
2026-02-25 21:58:25,117 - INFO - Trial 2 | Epoch 6 | Batch 400/427 (93.7%) | Loss: 0.7391
2026-02-25 21:58:27,667 - INFO - Trial 2, Epoch 6/50 | Train Loss: 0.7596 | Val Loss: 0.6450 | F1 Macro: 0.2974 | F1 Dir: 0.1427 | F1 [SELL/NEU/BUY]: [0.121/0.607/0.165] | LR: 0.000049
2026-02-25 21:58:27,733 - INFO - Trial 2 stopped early due to patience (3 epochs without improvement)
2026-02-25 21:58:28,859 - INFO - Trial 3 START | tcn=256, lstm=64, layers=5, batch=1024, seq=48, drop=0.327, lr=0.000011, wd=0.000485
2026-02-25 21:58:32,246 - INFO - Trial 3 | Epoch 1 | Batch 100/214 (46.7%) | Loss: 0.8282
2026-02-25 21:58:35,144 - INFO - Trial 3 | Epoch 1 | Batch 200/214 (93.5%) | Loss: 0.8530
2026-02-25 21:58:37,064 - INFO - Trial 3, Epoch 1/50 | Train Loss: 0.8479 | Val Loss: 0.6912 | F1 Macro: 0.0334 | F1 Dir: 0.0501 | F1 [SELL/NEU/BUY]: [0.100/0.000/0.000] | LR: 0.000011
2026-02-25 21:58:40,681 - INFO - Trial 3 | Epoch 2 | Batch 100/214 (46.7%) | Loss: 0.8449
2026-02-25 21:58:43,881 - INFO - Trial 3 | Epoch 2 | Batch 200/214 (93.5%) | Loss: 0.8929
2026-02-25 21:58:45,633 - INFO - Trial 3, Epoch 2/50 | Train Loss: 0.8308 | Val Loss: 0.6743 | F1 Macro: 0.0334 | F1 Dir: 0.0501 | F1 [SELL/NEU/BUY]: [0.100/0.000/0.000] | LR: 0.000011
2026-02-25 21:58:49,138 - INFO - Trial 3 | Epoch 3 | Batch 100/214 (46.7%) | Loss: 0.8402
2026-02-25 21:58:52,163 - INFO - Trial 3 | Epoch 3 | Batch 200/214 (93.5%) | Loss: 0.8163
2026-02-25 21:58:53,847 - INFO - Trial 3, Epoch 3/50 | Train Loss: 0.8052 | Val Loss: 0.6614 | F1 Macro: 0.0334 | F1 Dir: 0.0501 | F1 [SELL/NEU/BUY]: [0.100/0.000/0.000] | LR: 0.000011
2026-02-25 21:58:57,277 - INFO - Trial 3 | Epoch 4 | Batch 100/214 (46.7%) | Loss: 0.7183
2026-02-25 21:59:00,064 - INFO - Trial 3 | Epoch 4 | Batch 200/214 (93.5%) | Loss: 0.7661
2026-02-25 21:59:01,751 - INFO - Trial 3, Epoch 4/50 | Train Loss: 0.7972 | Val Loss: 0.6566 | F1 Macro: 0.0334 | F1 Dir: 0.0501 | F1 [SELL/NEU/BUY]: [0.100/0.000/0.000] | LR: 0.000011
2026-02-25 21:59:05,293 - INFO - Trial 3 | Epoch 5 | Batch 100/214 (46.7%) | Loss: 0.8163
2026-02-25 21:59:08,266 - INFO - Trial 3 | Epoch 5 | Batch 200/214 (93.5%) | Loss: 0.7861
2026-02-25 21:59:10,070 - INFO - Trial 3, Epoch 5/50 | Train Loss: 0.7931 | Val Loss: 0.6530 | F1 Macro: 0.0334 | F1 Dir: 0.0501 | F1 [SELL/NEU/BUY]: [0.100/0.000/0.000] | LR: 0.000011
2026-02-25 21:59:13,557 - INFO - Trial 3 | Epoch 6 | Batch 100/214 (46.7%) | Loss: 0.8004
2026-02-25 21:59:16,538 - INFO - Trial 3 | Epoch 6 | Batch 200/214 (93.5%) | Loss: 0.7805
2026-02-25 21:59:18,288 - INFO - Trial 3, Epoch 6/50 | Train Loss: 0.7907 | Val Loss: 0.6505 | F1 Macro: 0.0334 | F1 Dir: 0.0501 | F1 [SELL/NEU/BUY]: [0.100/0.000/0.000] | LR: 0.000011
2026-02-25 21:59:21,740 - INFO - Trial 3 | Epoch 7 | Batch 100/214 (46.7%) | Loss: 0.7162
2026-02-25 21:59:24,740 - INFO - Trial 3 | Epoch 7 | Batch 200/214 (93.5%) | Loss: 0.8256
2026-02-25 21:59:26,382 - INFO - Trial 3, Epoch 7/50 | Train Loss: 0.7882 | Val Loss: 0.6486 | F1 Macro: 0.1713 | F1 Dir: 0.0621 | F1 [SELL/NEU/BUY]: [0.124/0.390/0.000] | LR: 0.000011
2026-02-25 21:59:29,922 - INFO - Trial 3 | Epoch 8 | Batch 100/214 (46.7%) | Loss: 0.7782
2026-02-25 21:59:32,979 - INFO - Trial 3 | Epoch 8 | Batch 200/214 (93.5%) | Loss: 0.8041
2026-02-25 21:59:34,820 - INFO - Trial 3, Epoch 8/50 | Train Loss: 0.7873 | Val Loss: 0.6475 | F1 Macro: 0.2042 | F1 Dir: 0.0666 | F1 [SELL/NEU/BUY]: [0.133/0.479/0.000] | LR: 0.000011
2026-02-25 21:59:38,209 - INFO - Trial 3 | Epoch 9 | Batch 100/214 (46.7%) | Loss: 0.8748
2026-02-25 21:59:41,144 - INFO - Trial 3 | Epoch 9 | Batch 200/214 (93.5%) | Loss: 0.7778
2026-02-25 21:59:42,830 - INFO - Trial 3, Epoch 9/50 | Train Loss: 0.7854 | Val Loss: 0.6460 | F1 Macro: 0.2397 | F1 Dir: 0.1014 | F1 [SELL/NEU/BUY]: [0.134/0.516/0.069] | LR: 0.000011
2026-02-25 21:59:46,399 - INFO - Trial 3 | Epoch 10 | Batch 100/214 (46.7%) | Loss: 0.8059
2026-02-25 21:59:49,559 - INFO - Trial 3 | Epoch 10 | Batch 200/214 (93.5%) | Loss: 0.7453
2026-02-25 21:59:51,248 - INFO - Trial 3, Epoch 10/50 | Train Loss: 0.7846 | Val Loss: 0.6451 | F1 Macro: 0.2816 | F1 Dir: 0.1543 | F1 [SELL/NEU/BUY]: [0.123/0.536/0.186] | LR: 0.000010
2026-02-25 21:59:54,967 - INFO - Trial 3 | Epoch 11 | Batch 100/214 (46.7%) | Loss: 0.7910
2026-02-25 21:59:57,860 - INFO - Trial 3 | Epoch 11 | Batch 200/214 (93.5%) | Loss: 0.7580
2026-02-25 21:59:59,677 - INFO - Trial 3, Epoch 11/50 | Train Loss: 0.7831 | Val Loss: 0.6444 | F1 Macro: 0.2957 | F1 Dir: 0.1685 | F1 [SELL/NEU/BUY]: [0.121/0.550/0.216] | LR: 0.000010
2026-02-25 22:00:03,167 - INFO - Trial 3 | Epoch 12 | Batch 100/214 (46.7%) | Loss: 0.7499
2026-02-25 22:00:06,186 - INFO - Trial 3 | Epoch 12 | Batch 200/214 (93.5%) | Loss: 0.7931
2026-02-25 22:00:07,911 - INFO - Trial 3, Epoch 12/50 | Train Loss: 0.7829 | Val Loss: 0.6447 | F1 Macro: 0.3063 | F1 Dir: 0.1779 | F1 [SELL/NEU/BUY]: [0.116/0.563/0.240] | LR: 0.000010
2026-02-25 22:00:11,488 - INFO - Trial 3 | Epoch 13 | Batch 100/214 (46.7%) | Loss: 0.7283
2026-02-25 22:00:14,584 - INFO - Trial 3 | Epoch 13 | Batch 200/214 (93.5%) | Loss: 0.7884
2026-02-25 22:00:16,274 - INFO - Trial 3, Epoch 13/50 | Train Loss: 0.7815 | Val Loss: 0.6438 | F1 Macro: 0.3095 | F1 Dir: 0.1764 | F1 [SELL/NEU/BUY]: [0.122/0.576/0.231] | LR: 0.000010
2026-02-25 22:00:19,801 - INFO - Trial 3 | Epoch 14 | Batch 100/214 (46.7%) | Loss: 0.7838
2026-02-25 22:00:22,790 - INFO - Trial 3 | Epoch 14 | Batch 200/214 (93.5%) | Loss: 0.7204
2026-02-25 22:00:24,567 - INFO - Trial 3, Epoch 14/50 | Train Loss: 0.7811 | Val Loss: 0.6437 | F1 Macro: 0.3106 | F1 Dir: 0.1783 | F1 [SELL/NEU/BUY]: [0.116/0.575/0.241] | LR: 0.000009
2026-02-25 22:00:28,116 - INFO - Trial 3 | Epoch 15 | Batch 100/214 (46.7%) | Loss: 0.8129
2026-02-25 22:00:31,144 - INFO - Trial 3 | Epoch 15 | Batch 200/214 (93.5%) | Loss: 0.7965
2026-02-25 22:00:32,832 - INFO - Trial 3, Epoch 15/50 | Train Loss: 0.7805 | Val Loss: 0.6436 | F1 Macro: 0.3095 | F1 Dir: 0.1780 | F1 [SELL/NEU/BUY]: [0.115/0.572/0.241] | LR: 0.000009
2026-02-25 22:00:36,338 - INFO - Trial 3 | Epoch 16 | Batch 100/214 (46.7%) | Loss: 0.7383
2026-02-25 22:00:39,418 - INFO - Trial 3 | Epoch 16 | Batch 200/214 (93.5%) | Loss: 0.7625
2026-02-25 22:00:41,028 - INFO - Trial 3, Epoch 16/50 | Train Loss: 0.7805 | Val Loss: 0.6428 | F1 Macro: 0.3216 | F1 Dir: 0.1794 | F1 [SELL/NEU/BUY]: [0.123/0.606/0.236] | LR: 0.000009
2026-02-25 22:00:41,051 - INFO - 🥇 [MACRO]  Trial 3 | Global F1 Macro record: 0.3216 (prev: 0.3142) → saved best_tcn_lstm.pt
2026-02-25 22:00:44,313 - INFO - Trial 3 | Epoch 17 | Batch 100/214 (46.7%) | Loss: 0.7776
2026-02-25 22:00:47,248 - INFO - Trial 3 | Epoch 17 | Batch 200/214 (93.5%) | Loss: 0.7491
2026-02-25 22:00:48,974 - INFO - Trial 3, Epoch 17/50 | Train Loss: 0.7796 | Val Loss: 0.6429 | F1 Macro: 0.3213 | F1 Dir: 0.1791 | F1 [SELL/NEU/BUY]: [0.122/0.606/0.236] | LR: 0.000008
2026-02-25 22:00:52,394 - INFO - Trial 3 | Epoch 18 | Batch 100/214 (46.7%) | Loss: 0.7673
2026-02-25 22:00:55,420 - INFO - Trial 3 | Epoch 18 | Batch 200/214 (93.5%) | Loss: 0.8686
2026-02-25 22:00:57,197 - INFO - Trial 3, Epoch 18/50 | Train Loss: 0.7793 | Val Loss: 0.6426 | F1 Macro: 0.3269 | F1 Dir: 0.1833 | F1 [SELL/NEU/BUY]: [0.121/0.614/0.245] | LR: 0.000008
2026-02-25 22:00:57,265 - INFO - 🥇 [MACRO]  Trial 3 | Global F1 Macro record: 0.3269 (prev: 0.3216) → saved best_tcn_lstm.pt
2026-02-25 22:00:57,420 - INFO - 🏆 [DIR]    Trial 3 | Global F1 Dir record: 0.1833 (prev: 0.1809) → saved best_tcn_lstm_dir.pt
2026-02-25 22:01:00,919 - INFO - Trial 3 | Epoch 19 | Batch 100/214 (46.7%) | Loss: 0.8094
2026-02-25 22:01:04,000 - INFO - Trial 3 | Epoch 19 | Batch 200/214 (93.5%) | Loss: 0.7592
2026-02-25 22:01:05,811 - INFO - Trial 3, Epoch 19/50 | Train Loss: 0.7787 | Val Loss: 0.6425 | F1 Macro: 0.3294 | F1 Dir: 0.1806 | F1 [SELL/NEU/BUY]: [0.124/0.627/0.237] | LR: 0.000008
2026-02-25 22:01:05,837 - INFO - 🥇 [MACRO]  Trial 3 | Global F1 Macro record: 0.3294 (prev: 0.3269) → saved best_tcn_lstm.pt
2026-02-25 22:01:09,366 - INFO - Trial 3 | Epoch 20 | Batch 100/214 (46.7%) | Loss: 0.7549
2026-02-25 22:01:12,418 - INFO - Trial 3 | Epoch 20 | Batch 200/214 (93.5%) | Loss: 0.7734
2026-02-25 22:01:14,169 - INFO - Trial 3, Epoch 20/50 | Train Loss: 0.7786 | Val Loss: 0.6427 | F1 Macro: 0.3226 | F1 Dir: 0.1826 | F1 [SELL/NEU/BUY]: [0.120/0.603/0.245] | LR: 0.000007
2026-02-25 22:01:17,696 - INFO - Trial 3 | Epoch 21 | Batch 100/214 (46.7%) | Loss: 0.8109
2026-02-25 22:01:20,719 - INFO - Trial 3 | Epoch 21 | Batch 200/214 (93.5%) | Loss: 0.8255
2026-02-25 22:01:22,484 - INFO - Trial 3, Epoch 21/50 | Train Loss: 0.7779 | Val Loss: 0.6425 | F1 Macro: 0.3295 | F1 Dir: 0.1811 | F1 [SELL/NEU/BUY]: [0.124/0.626/0.239] | LR: 0.000007
2026-02-25 22:01:22,507 - INFO - 🥇 [MACRO]  Trial 3 | Global F1 Macro record: 0.3295 (prev: 0.3294) → saved best_tcn_lstm.pt
2026-02-25 22:01:26,084 - INFO - Trial 3 | Epoch 22 | Batch 100/214 (46.7%) | Loss: 0.8068
2026-02-25 22:01:29,132 - INFO - Trial 3 | Epoch 22 | Batch 200/214 (93.5%) | Loss: 0.7857
2026-02-25 22:01:30,840 - INFO - Trial 3, Epoch 22/50 | Train Loss: 0.7774 | Val Loss: 0.6430 | F1 Macro: 0.3244 | F1 Dir: 0.1829 | F1 [SELL/NEU/BUY]: [0.118/0.607/0.247] | LR: 0.000007
2026-02-25 22:01:34,362 - INFO - Trial 3 | Epoch 23 | Batch 100/214 (46.7%) | Loss: 0.7724
2026-02-25 22:01:37,435 - INFO - Trial 3 | Epoch 23 | Batch 200/214 (93.5%) | Loss: 0.7959
2026-02-25 22:01:39,132 - INFO - Trial 3, Epoch 23/50 | Train Loss: 0.7772 | Val Loss: 0.6425 | F1 Macro: 0.3224 | F1 Dir: 0.1744 | F1 [SELL/NEU/BUY]: [0.125/0.618/0.224] | LR: 0.000006
2026-02-25 22:01:42,578 - INFO - Trial 3 | Epoch 24 | Batch 100/214 (46.7%) | Loss: 0.7932
2026-02-25 22:01:45,660 - INFO - Trial 3 | Epoch 24 | Batch 200/214 (93.5%) | Loss: 0.7617
2026-02-25 22:01:47,384 - INFO - Trial 3, Epoch 24/50 | Train Loss: 0.7762 | Val Loss: 0.6425 | F1 Macro: 0.3306 | F1 Dir: 0.1789 | F1 [SELL/NEU/BUY]: [0.125/0.634/0.232] | LR: 0.000006
2026-02-25 22:01:47,409 - INFO - 🥇 [MACRO]  Trial 3 | Global F1 Macro record: 0.3306 (prev: 0.3295) → saved best_tcn_lstm.pt
2026-02-25 22:01:47,462 - INFO - Trial 3 stopped early due to patience (3 epochs without improvement)
2026-02-25 22:01:48,251 - INFO - Trial 4 START | tcn=128, lstm=256, layers=4, batch=2048, seq=48, drop=0.381, lr=0.000014, wd=0.000377
2026-02-25 22:01:55,668 - INFO - Trial 4 | Epoch 1 | Batch 100/107 (93.5%) | Loss: 0.8546
2026-02-25 22:01:57,529 - INFO - Trial 4, Epoch 1/50 | Train Loss: 0.8892 | Val Loss: 0.6917 | F1 Macro: 0.0988 | F1 Dir: 0.0545 | F1 [SELL/NEU/BUY]: [0.109/0.187/0.000] | LR: 0.000014
2026-02-25 22:02:04,988 - INFO - Trial 4 | Epoch 2 | Batch 100/107 (93.5%) | Loss: 0.7613
2026-02-25 22:02:06,742 - INFO - Trial 4, Epoch 2/50 | Train Loss: 0.8029 | Val Loss: 0.6630 | F1 Macro: 0.1445 | F1 Dir: 0.0587 | F1 [SELL/NEU/BUY]: [0.117/0.316/0.000] | LR: 0.000014
2026-02-25 22:02:13,969 - INFO - Trial 4 | Epoch 3 | Batch 100/107 (93.5%) | Loss: 0.8088
2026-02-25 22:02:15,785 - INFO - Trial 4, Epoch 3/50 | Train Loss: 0.7923 | Val Loss: 0.6595 | F1 Macro: 0.1350 | F1 Dir: 0.0579 | F1 [SELL/NEU/BUY]: [0.116/0.289/0.000] | LR: 0.000014
2026-02-25 22:02:23,133 - INFO - Trial 4 | Epoch 4 | Batch 100/107 (93.5%) | Loss: 0.7406
2026-02-25 22:02:24,924 - INFO - Trial 4, Epoch 4/50 | Train Loss: 0.7884 | Val Loss: 0.6556 | F1 Macro: 0.2050 | F1 Dir: 0.1107 | F1 [SELL/NEU/BUY]: [0.049/0.394/0.172] | LR: 0.000013
2026-02-25 22:02:32,355 - INFO - Trial 4 | Epoch 5 | Batch 100/107 (93.5%) | Loss: 0.7906
2026-02-25 22:02:34,129 - INFO - Trial 4, Epoch 5/50 | Train Loss: 0.7862 | Val Loss: 0.6522 | F1 Macro: 0.1967 | F1 Dir: 0.0653 | F1 [SELL/NEU/BUY]: [0.131/0.460/0.000] | LR: 0.000013
2026-02-25 22:02:41,476 - INFO - Trial 4 | Epoch 6 | Batch 100/107 (93.5%) | Loss: 0.8101
2026-02-25 22:02:43,290 - INFO - Trial 4, Epoch 6/50 | Train Loss: 0.7847 | Val Loss: 0.6514 | F1 Macro: 0.2844 | F1 Dir: 0.1745 | F1 [SELL/NEU/BUY]: [0.111/0.504/0.238] | LR: 0.000013
2026-02-25 22:02:50,476 - INFO - Trial 4 | Epoch 7 | Batch 100/107 (93.5%) | Loss: 0.7795
2026-02-25 22:02:52,317 - INFO - Trial 4, Epoch 7/50 | Train Loss: 0.7832 | Val Loss: 0.6500 | F1 Macro: 0.2978 | F1 Dir: 0.1807 | F1 [SELL/NEU/BUY]: [0.104/0.532/0.258] | LR: 0.000013
2026-02-25 22:02:59,970 - INFO - Trial 4 | Epoch 8 | Batch 100/107 (93.5%) | Loss: 0.7669
2026-02-25 22:03:01,749 - INFO - Trial 4, Epoch 8/50 | Train Loss: 0.7828 | Val Loss: 0.6490 | F1 Macro: 0.3021 | F1 Dir: 0.1722 | F1 [SELL/NEU/BUY]: [0.121/0.562/0.224] | LR: 0.000013
2026-02-25 22:03:08,966 - INFO - Trial 4 | Epoch 9 | Batch 100/107 (93.5%) | Loss: 0.7734
2026-02-25 22:03:10,827 - INFO - Trial 4, Epoch 9/50 | Train Loss: 0.7817 | Val Loss: 0.6495 | F1 Macro: 0.2881 | F1 Dir: 0.1460 | F1 [SELL/NEU/BUY]: [0.068/0.572/0.224] | LR: 0.000013
2026-02-25 22:03:18,200 - INFO - Trial 4 | Epoch 10 | Batch 100/107 (93.5%) | Loss: 0.7558
2026-02-25 22:03:20,025 - INFO - Trial 4, Epoch 10/50 | Train Loss: 0.7811 | Val Loss: 0.6487 | F1 Macro: 0.3053 | F1 Dir: 0.1741 | F1 [SELL/NEU/BUY]: [0.118/0.568/0.230] | LR: 0.000012
2026-02-25 22:03:27,188 - INFO - Trial 4 | Epoch 11 | Batch 100/107 (93.5%) | Loss: 0.8389
2026-02-25 22:03:29,027 - INFO - Trial 4, Epoch 11/50 | Train Loss: 0.7800 | Val Loss: 0.6484 | F1 Macro: 0.3181 | F1 Dir: 0.1825 | F1 [SELL/NEU/BUY]: [0.108/0.589/0.257] | LR: 0.000012
2026-02-25 22:03:36,360 - INFO - Trial 4 | Epoch 12 | Batch 100/107 (93.5%) | Loss: 0.7873
2026-02-25 22:03:38,184 - INFO - Trial 4, Epoch 12/50 | Train Loss: 0.7799 | Val Loss: 0.6470 | F1 Macro: 0.3233 | F1 Dir: 0.1826 | F1 [SELL/NEU/BUY]: [0.104/0.605/0.261] | LR: 0.000012
2026-02-25 22:03:45,415 - INFO - Trial 4 | Epoch 13 | Batch 100/107 (93.5%) | Loss: 0.8333
2026-02-25 22:03:47,246 - INFO - Trial 4, Epoch 13/50 | Train Loss: 0.7792 | Val Loss: 0.6473 | F1 Macro: 0.3203 | F1 Dir: 0.1847 | F1 [SELL/NEU/BUY]: [0.107/0.591/0.262] | LR: 0.000012
2026-02-25 22:03:47,284 - INFO - 🏆 [DIR]    Trial 4 | Global F1 Dir record: 0.1847 (prev: 0.1833) → saved best_tcn_lstm_dir.pt
2026-02-25 22:03:54,574 - INFO - Trial 4 | Epoch 14 | Batch 100/107 (93.5%) | Loss: 0.7953
2026-02-25 22:03:56,402 - INFO - Trial 4, Epoch 14/50 | Train Loss: 0.7787 | Val Loss: 0.6462 | F1 Macro: 0.3276 | F1 Dir: 0.1843 | F1 [SELL/NEU/BUY]: [0.118/0.614/0.251] | LR: 0.000011
2026-02-25 22:04:03,681 - INFO - Trial 4 | Epoch 15 | Batch 100/107 (93.5%) | Loss: 0.7921
2026-02-25 22:04:05,457 - INFO - Trial 4, Epoch 15/50 | Train Loss: 0.7787 | Val Loss: 0.6458 | F1 Macro: 0.3255 | F1 Dir: 0.1827 | F1 [SELL/NEU/BUY]: [0.117/0.611/0.248] | LR: 0.000011
2026-02-25 22:04:12,885 - INFO - Trial 4 | Epoch 16 | Batch 100/107 (93.5%) | Loss: 0.7680
2026-02-25 22:04:14,715 - INFO - Trial 4, Epoch 16/50 | Train Loss: 0.7775 | Val Loss: 0.6458 | F1 Macro: 0.3224 | F1 Dir: 0.1819 | F1 [SELL/NEU/BUY]: [0.114/0.603/0.250] | LR: 0.000010
2026-02-25 22:04:22,031 - INFO - Trial 4 | Epoch 17 | Batch 100/107 (93.5%) | Loss: 0.7976
2026-02-25 22:04:23,889 - INFO - Trial 4, Epoch 17/50 | Train Loss: 0.7776 | Val Loss: 0.6455 | F1 Macro: 0.3201 | F1 Dir: 0.1739 | F1 [SELL/NEU/BUY]: [0.124/0.612/0.224] | LR: 0.000010
2026-02-25 22:04:31,388 - INFO - Trial 4 | Epoch 18 | Batch 100/107 (93.5%) | Loss: 0.7821
2026-02-25 22:04:33,174 - INFO - Trial 4, Epoch 18/50 | Train Loss: 0.7775 | Val Loss: 0.6462 | F1 Macro: 0.3143 | F1 Dir: 0.1746 | F1 [SELL/NEU/BUY]: [0.117/0.594/0.232] | LR: 0.000010
2026-02-25 22:04:40,427 - INFO - Trial 4 | Epoch 19 | Batch 100/107 (93.5%) | Loss: 0.7973
2026-02-25 22:04:42,227 - INFO - Trial 4, Epoch 19/50 | Train Loss: 0.7774 | Val Loss: 0.6461 | F1 Macro: 0.3185 | F1 Dir: 0.1744 | F1 [SELL/NEU/BUY]: [0.114/0.607/0.235] | LR: 0.000009
2026-02-25 22:04:49,546 - INFO - Trial 4 | Epoch 20 | Batch 100/107 (93.5%) | Loss: 0.8195
2026-02-25 22:04:51,338 - INFO - Trial 4, Epoch 20/50 | Train Loss: 0.7770 | Val Loss: 0.6451 | F1 Macro: 0.3169 | F1 Dir: 0.1682 | F1 [SELL/NEU/BUY]: [0.121/0.614/0.215] | LR: 0.000009
2026-02-25 22:04:58,653 - INFO - Trial 4 | Epoch 21 | Batch 100/107 (93.5%) | Loss: 0.7590
2026-02-25 22:05:00,520 - INFO - Trial 4, Epoch 21/50 | Train Loss: 0.7763 | Val Loss: 0.6446 | F1 Macro: 0.3148 | F1 Dir: 0.1611 | F1 [SELL/NEU/BUY]: [0.126/0.622/0.196] | LR: 0.000009
2026-02-25 22:05:07,913 - INFO - Trial 4 | Epoch 22 | Batch 100/107 (93.5%) | Loss: 0.7886
2026-02-25 22:05:09,719 - INFO - Trial 4, Epoch 22/50 | Train Loss: 0.7767 | Val Loss: 0.6451 | F1 Macro: 0.3113 | F1 Dir: 0.1598 | F1 [SELL/NEU/BUY]: [0.122/0.614/0.198] | LR: 0.000008
2026-02-25 22:05:17,068 - INFO - Trial 4 | Epoch 23 | Batch 100/107 (93.5%) | Loss: 0.7702
2026-02-25 22:05:18,851 - INFO - Trial 4, Epoch 23/50 | Train Loss: 0.7762 | Val Loss: 0.6445 | F1 Macro: 0.3137 | F1 Dir: 0.1578 | F1 [SELL/NEU/BUY]: [0.129/0.625/0.187] | LR: 0.000008
2026-02-25 22:05:26,164 - INFO - Trial 4 | Epoch 24 | Batch 100/107 (93.5%) | Loss: 0.7516
2026-02-25 22:05:28,020 - INFO - Trial 4, Epoch 24/50 | Train Loss: 0.7764 | Val Loss: 0.6448 | F1 Macro: 0.3131 | F1 Dir: 0.1573 | F1 [SELL/NEU/BUY]: [0.123/0.625/0.191] | LR: 0.000007
2026-02-25 22:05:35,315 - INFO - Trial 4 | Epoch 25 | Batch 100/107 (93.5%) | Loss: 0.7999
2026-02-25 22:05:37,153 - INFO - Trial 4, Epoch 25/50 | Train Loss: 0.7760 | Val Loss: 0.6446 | F1 Macro: 0.3137 | F1 Dir: 0.1567 | F1 [SELL/NEU/BUY]: [0.126/0.628/0.187] | LR: 0.000007
2026-02-25 22:05:44,398 - INFO - Trial 4 | Epoch 26 | Batch 100/107 (93.5%) | Loss: 0.7625
2026-02-25 22:05:46,184 - INFO - Trial 4, Epoch 26/50 | Train Loss: 0.7761 | Val Loss: 0.6448 | F1 Macro: 0.3108 | F1 Dir: 0.1552 | F1 [SELL/NEU/BUY]: [0.127/0.622/0.184] | LR: 0.000006
2026-02-25 22:05:46,251 - INFO - Trial 4 stopped early due to patience (3 epochs without improvement)
2026-02-25 22:05:47,096 - INFO - Trial 5 START | tcn=128, lstm=256, layers=4, batch=2048, seq=48, drop=0.350, lr=0.000019, wd=0.001175
2026-02-25 22:05:54,283 - INFO - Trial 5 | Epoch 1 | Batch 100/107 (93.5%) | Loss: 0.8027
2026-02-25 22:05:56,217 - INFO - Trial 5, Epoch 1/50 | Train Loss: 0.8555 | Val Loss: 0.6809 | F1 Macro: 0.0624 | F1 Dir: 0.0936 | F1 [SELL/NEU/BUY]: [0.034/0.000/0.153] | LR: 0.000019
2026-02-25 22:06:03,748 - INFO - Trial 5 | Epoch 2 | Batch 100/107 (93.5%) | Loss: 0.8137
2026-02-25 22:06:05,584 - INFO - Trial 5, Epoch 2/50 | Train Loss: 0.7959 | Val Loss: 0.6619 | F1 Macro: 0.1049 | F1 Dir: 0.1574 | F1 [SELL/NEU/BUY]: [0.070/0.000/0.245] | LR: 0.000019
2026-02-25 22:06:13,044 - INFO - Trial 5 | Epoch 3 | Batch 100/107 (93.5%) | Loss: 0.7453
2026-02-25 22:06:14,795 - INFO - Trial 5, Epoch 3/50 | Train Loss: 0.7894 | Val Loss: 0.6564 | F1 Macro: 0.1062 | F1 Dir: 0.1585 | F1 [SELL/NEU/BUY]: [0.080/0.002/0.237] | LR: 0.000019
2026-02-25 22:06:14,934 - INFO - Trial 5 pruned by Optuna at epoch 3
2026-02-25 22:06:15,596 - INFO - Trial 6 START | tcn=64, lstm=256, layers=5, batch=2048, seq=96, drop=0.340, lr=0.000017, wd=0.004348
2026-02-25 22:06:29,005 - INFO - Trial 6 | Epoch 1 | Batch 100/107 (93.5%) | Loss: 0.9031
2026-02-25 22:06:31,844 - INFO - Trial 6, Epoch 1/50 | Train Loss: 0.8831 | Val Loss: 0.6794 | F1 Macro: 0.0334 | F1 Dir: 0.0501 | F1 [SELL/NEU/BUY]: [0.100/0.000/0.000] | LR: 0.000017
2026-02-25 22:06:45,429 - INFO - Trial 6 | Epoch 2 | Batch 100/107 (93.5%) | Loss: 0.8422
2026-02-25 22:06:48,285 - INFO - Trial 6, Epoch 2/50 | Train Loss: 0.8017 | Val Loss: 0.6665 | F1 Macro: 0.0336 | F1 Dir: 0.0501 | F1 [SELL/NEU/BUY]: [0.100/0.001/0.000] | LR: 0.000017
2026-02-25 22:07:01,883 - INFO - Trial 6 | Epoch 3 | Batch 100/107 (93.5%) | Loss: 0.7471
2026-02-25 22:07:04,787 - INFO - Trial 6, Epoch 3/50 | Train Loss: 0.7940 | Val Loss: 0.6625 | F1 Macro: 0.0540 | F1 Dir: 0.0513 | F1 [SELL/NEU/BUY]: [0.103/0.059/0.000] | LR: 0.000017
2026-02-25 22:07:05,113 - INFO - Trial 6 pruned by Optuna at epoch 3
2026-02-25 22:07:05,978 - INFO - Trial 7 START | tcn=256, lstm=256, layers=4, batch=1024, seq=96, drop=0.313, lr=0.000011, wd=0.000285
2026-02-25 22:07:14,665 - INFO - Trial 7 | Epoch 1 | Batch 100/214 (46.7%) | Loss: 0.9499
2026-02-25 22:07:22,938 - INFO - Trial 7 | Epoch 1 | Batch 200/214 (93.5%) | Loss: 0.8376
2026-02-25 22:07:26,450 - INFO - Trial 7, Epoch 1/50 | Train Loss: 0.8300 | Val Loss: 0.6600 | F1 Macro: 0.0756 | F1 Dir: 0.1134 | F1 [SELL/NEU/BUY]: [0.186/0.000/0.041] | LR: 0.000011
2026-02-25 22:07:35,458 - INFO - Trial 7 | Epoch 2 | Batch 100/214 (46.7%) | Loss: 0.7989
2026-02-25 22:07:43,743 - INFO - Trial 7 | Epoch 2 | Batch 200/214 (93.5%) | Loss: 0.8222
2026-02-25 22:07:47,124 - INFO - Trial 7, Epoch 2/50 | Train Loss: 0.7899 | Val Loss: 0.6502 | F1 Macro: 0.2107 | F1 Dir: 0.1732 | F1 [SELL/NEU/BUY]: [0.259/0.286/0.087] | LR: 0.000011
2026-02-25 22:07:56,050 - INFO - Trial 7 | Epoch 3 | Batch 100/214 (46.7%) | Loss: 0.7687
2026-02-25 22:08:04,345 - INFO - Trial 7 | Epoch 3 | Batch 200/214 (93.5%) | Loss: 0.8176
2026-02-25 22:08:07,801 - INFO - Trial 7, Epoch 3/50 | Train Loss: 0.7842 | Val Loss: 0.6459 | F1 Macro: 0.2442 | F1 Dir: 0.1051 | F1 [SELL/NEU/BUY]: [0.173/0.522/0.038] | LR: 0.000011
2026-02-25 22:08:07,912 - INFO - Trial 7 pruned by Optuna at epoch 3
2026-02-25 22:08:09,344 - INFO - Trial 8 START | tcn=64, lstm=128, layers=4, batch=1024, seq=48, drop=0.341, lr=0.000023, wd=0.000394
2026-02-25 22:08:12,204 - INFO - Trial 8 | Epoch 1 | Batch 100/214 (46.7%) | Loss: 0.8717
2026-02-25 22:08:14,642 - INFO - Trial 8 | Epoch 1 | Batch 200/214 (93.5%) | Loss: 0.8057
2026-02-25 22:08:16,526 - INFO - Trial 8, Epoch 1/50 | Train Loss: 0.8352 | Val Loss: 0.6637 | F1 Macro: 0.0889 | F1 Dir: 0.1334 | F1 [SELL/NEU/BUY]: [0.210/0.000/0.056] | LR: 0.000023
2026-02-25 22:08:19,503 - INFO - Trial 8 | Epoch 2 | Batch 100/214 (46.7%) | Loss: 0.7975
2026-02-25 22:08:21,803 - INFO - Trial 8 | Epoch 2 | Batch 200/214 (93.5%) | Loss: 0.8363
2026-02-25 22:08:23,539 - INFO - Trial 8, Epoch 2/50 | Train Loss: 0.7941 | Val Loss: 0.6536 | F1 Macro: 0.1043 | F1 Dir: 0.1565 | F1 [SELL/NEU/BUY]: [0.247/0.000/0.066] | LR: 0.000023
2026-02-25 22:08:26,538 - INFO - Trial 8 | Epoch 3 | Batch 100/214 (46.7%) | Loss: 0.8163
2026-02-25 22:08:28,906 - INFO - Trial 8 | Epoch 3 | Batch 200/214 (93.5%) | Loss: 0.8425
2026-02-25 22:08:30,547 - INFO - Trial 8, Epoch 3/50 | Train Loss: 0.7882 | Val Loss: 0.6492 | F1 Macro: 0.2242 | F1 Dir: 0.1428 | F1 [SELL/NEU/BUY]: [0.222/0.387/0.064] | LR: 0.000023
2026-02-25 22:08:30,649 - INFO - Trial 8 pruned by Optuna at epoch 3
2026-02-25 22:08:31,834 - INFO - Trial 9 START | tcn=64, lstm=256, layers=5, batch=2048, seq=96, drop=0.344, lr=0.000043, wd=0.000665
2026-02-25 22:08:45,205 - INFO - Trial 9 | Epoch 1 | Batch 100/107 (93.5%) | Loss: 0.7781
2026-02-25 22:08:48,045 - INFO - Trial 9, Epoch 1/50 | Train Loss: 0.8342 | Val Loss: 0.6674 | F1 Macro: 0.0334 | F1 Dir: 0.0501 | F1 [SELL/NEU/BUY]: [0.100/0.000/0.000] | LR: 0.000043
2026-02-25 22:09:01,552 - INFO - Trial 9 | Epoch 2 | Batch 100/107 (93.5%) | Loss: 0.7960
2026-02-25 22:09:04,468 - INFO - Trial 9, Epoch 2/50 | Train Loss: 0.7922 | Val Loss: 0.6580 | F1 Macro: 0.1077 | F1 Dir: 0.0554 | F1 [SELL/NEU/BUY]: [0.111/0.212/0.000] | LR: 0.000043
2026-02-25 22:09:18,006 - INFO - Trial 9 | Epoch 3 | Batch 100/107 (93.5%) | Loss: 0.7551
2026-02-25 22:09:20,881 - INFO - Trial 9, Epoch 3/50 | Train Loss: 0.7865 | Val Loss: 0.6536 | F1 Macro: 0.2675 | F1 Dir: 0.1579 | F1 [SELL/NEU/BUY]: [0.085/0.487/0.230] | LR: 0.000042
2026-02-25 22:09:34,453 - INFO - Trial 9 | Epoch 4 | Batch 100/107 (93.5%) | Loss: 0.7922
2026-02-25 22:09:37,346 - INFO - Trial 9, Epoch 4/50 | Train Loss: 0.7831 | Val Loss: 0.6502 | F1 Macro: 0.2890 | F1 Dir: 0.1710 | F1 [SELL/NEU/BUY]: [0.116/0.525/0.226] | LR: 0.000042
2026-02-25 22:09:50,858 - INFO - Trial 9 | Epoch 5 | Batch 100/107 (93.5%) | Loss: 0.7381
2026-02-25 22:09:53,690 - INFO - Trial 9, Epoch 5/50 | Train Loss: 0.7818 | Val Loss: 0.6492 | F1 Macro: 0.2965 | F1 Dir: 0.1679 | F1 [SELL/NEU/BUY]: [0.117/0.554/0.219] | LR: 0.000042
2026-02-25 22:10:07,161 - INFO - Trial 9 | Epoch 6 | Batch 100/107 (93.5%) | Loss: 0.7336
2026-02-25 22:10:10,085 - INFO - Trial 9, Epoch 6/50 | Train Loss: 0.7800 | Val Loss: 0.6482 | F1 Macro: 0.2860 | F1 Dir: 0.1507 | F1 [SELL/NEU/BUY]: [0.125/0.556/0.176] | LR: 0.000041
2026-02-25 22:10:23,545 - INFO - Trial 9 | Epoch 7 | Batch 100/107 (93.5%) | Loss: 0.7538
2026-02-25 22:10:26,347 - INFO - Trial 9, Epoch 7/50 | Train Loss: 0.7789 | Val Loss: 0.6464 | F1 Macro: 0.2877 | F1 Dir: 0.1420 | F1 [SELL/NEU/BUY]: [0.129/0.579/0.155] | LR: 0.000041
2026-02-25 22:10:39,758 - INFO - Trial 9 | Epoch 8 | Batch 100/107 (93.5%) | Loss: 0.7545
2026-02-25 22:10:42,646 - INFO - Trial 9, Epoch 8/50 | Train Loss: 0.7785 | Val Loss: 0.6463 | F1 Macro: 0.2789 | F1 Dir: 0.1338 | F1 [SELL/NEU/BUY]: [0.132/0.569/0.136] | LR: 0.000040
2026-02-25 22:10:56,120 - INFO - Trial 9 | Epoch 9 | Batch 100/107 (93.5%) | Loss: 0.7710
2026-02-25 22:10:59,000 - INFO - Trial 9, Epoch 9/50 | Train Loss: 0.7773 | Val Loss: 0.6467 | F1 Macro: 0.2868 | F1 Dir: 0.1366 | F1 [SELL/NEU/BUY]: [0.124/0.587/0.149] | LR: 0.000039
2026-02-25 22:11:12,457 - INFO - Trial 9 | Epoch 10 | Batch 100/107 (93.5%) | Loss: 0.7809
2026-02-25 22:11:15,322 - INFO - Trial 9, Epoch 10/50 | Train Loss: 0.7767 | Val Loss: 0.6453 | F1 Macro: 0.3053 | F1 Dir: 0.1406 | F1 [SELL/NEU/BUY]: [0.145/0.635/0.136] | LR: 0.000039
2026-02-25 22:11:15,440 - INFO - Trial 9 pruned by Optuna at epoch 10
2026-02-25 22:11:16,440 - INFO - Trial 10 START | tcn=256, lstm=64, layers=6, batch=1024, seq=24, drop=0.462, lr=0.000010, wd=0.009575
2026-02-25 22:11:18,970 - INFO - Trial 10 | Epoch 1 | Batch 100/214 (46.7%) | Loss: 0.9036
2026-02-25 22:11:21,279 - INFO - Trial 10 | Epoch 1 | Batch 200/214 (93.5%) | Loss: 0.8840
2026-02-25 22:11:22,948 - INFO - Trial 10, Epoch 1/50 | Train Loss: 0.8799 | Val Loss: 0.7089 | F1 Macro: 0.0334 | F1 Dir: 0.0501 | F1 [SELL/NEU/BUY]: [0.100/0.000/0.000] | LR: 0.000010
2026-02-25 22:11:25,833 - INFO - Trial 10 | Epoch 2 | Batch 100/214 (46.7%) | Loss: 0.7557
2026-02-25 22:11:28,452 - INFO - Trial 10 | Epoch 2 | Batch 200/214 (93.5%) | Loss: 0.7929
2026-02-25 22:11:29,859 - INFO - Trial 10, Epoch 2/50 | Train Loss: 0.8711 | Val Loss: 0.6987 | F1 Macro: 0.0334 | F1 Dir: 0.0501 | F1 [SELL/NEU/BUY]: [0.100/0.000/0.000] | LR: 0.000010
2026-02-25 22:11:32,769 - INFO - Trial 10 | Epoch 3 | Batch 100/214 (46.7%) | Loss: 0.8404
2026-02-25 22:11:35,252 - INFO - Trial 10 | Epoch 3 | Batch 200/214 (93.5%) | Loss: 0.8567
2026-02-25 22:11:36,848 - INFO - Trial 10, Epoch 3/50 | Train Loss: 0.8404 | Val Loss: 0.6765 | F1 Macro: 0.0594 | F1 Dir: 0.0890 | F1 [SELL/NEU/BUY]: [0.030/0.000/0.148] | LR: 0.000010
2026-02-25 22:11:37,031 - INFO - Trial 10 pruned by Optuna at epoch 3
2026-02-25 22:11:37,683 - INFO - Trial 11 START | tcn=128, lstm=64, layers=6, batch=1024, seq=48, drop=0.452, lr=0.000014, wd=0.000101
2026-02-25 22:11:40,768 - INFO - Trial 11 | Epoch 1 | Batch 100/214 (46.7%) | Loss: 0.8189
2026-02-25 22:11:43,448 - INFO - Trial 11 | Epoch 1 | Batch 200/214 (93.5%) | Loss: 0.8257
2026-02-25 22:11:45,198 - INFO - Trial 11, Epoch 1/50 | Train Loss: 0.8887 | Val Loss: 0.7126 | F1 Macro: 0.0334 | F1 Dir: 0.0501 | F1 [SELL/NEU/BUY]: [0.100/0.000/0.000] | LR: 0.000014
2026-02-25 22:11:48,514 - INFO - Trial 11 | Epoch 2 | Batch 100/214 (46.7%) | Loss: 0.7590
2026-02-25 22:11:51,242 - INFO - Trial 11 | Epoch 2 | Batch 200/214 (93.5%) | Loss: 0.7934
2026-02-25 22:11:52,947 - INFO - Trial 11, Epoch 2/50 | Train Loss: 0.8642 | Val Loss: 0.6810 | F1 Macro: 0.0334 | F1 Dir: 0.0501 | F1 [SELL/NEU/BUY]: [0.100/0.000/0.000] | LR: 0.000014
2026-02-25 22:11:56,274 - INFO - Trial 11 | Epoch 3 | Batch 100/214 (46.7%) | Loss: 0.8778
2026-02-25 22:11:58,925 - INFO - Trial 11 | Epoch 3 | Batch 200/214 (93.5%) | Loss: 0.8482
2026-02-25 22:12:00,619 - INFO - Trial 11, Epoch 3/50 | Train Loss: 0.8138 | Val Loss: 0.6674 | F1 Macro: 0.0334 | F1 Dir: 0.0501 | F1 [SELL/NEU/BUY]: [0.100/0.000/0.000] | LR: 0.000014
2026-02-25 22:12:00,726 - INFO - Trial 11 pruned by Optuna at epoch 3
2026-02-25 22:12:01,383 - INFO - Trial 12 START | tcn=128, lstm=64, layers=5, batch=2048, seq=48, drop=0.381, lr=0.000014, wd=0.000615
2026-02-25 22:12:05,373 - INFO - Trial 12 | Epoch 1 | Batch 100/107 (93.5%) | Loss: 0.8535
2026-02-25 22:12:06,869 - INFO - Trial 12, Epoch 1/50 | Train Loss: 0.8578 | Val Loss: 0.7038 | F1 Macro: 0.0334 | F1 Dir: 0.0501 | F1 [SELL/NEU/BUY]: [0.100/0.000/0.000] | LR: 0.000014
2026-02-25 22:12:10,929 - INFO - Trial 12 | Epoch 2 | Batch 100/107 (93.5%) | Loss: 0.8858
2026-02-25 22:12:12,388 - INFO - Trial 12, Epoch 2/50 | Train Loss: 0.8541 | Val Loss: 0.7011 | F1 Macro: 0.0334 | F1 Dir: 0.0501 | F1 [SELL/NEU/BUY]: [0.100/0.000/0.000] | LR: 0.000014
2026-02-25 22:12:16,505 - INFO - Trial 12 | Epoch 3 | Batch 100/107 (93.5%) | Loss: 0.8356
2026-02-25 22:12:17,861 - INFO - Trial 12, Epoch 3/50 | Train Loss: 0.8465 | Val Loss: 0.6932 | F1 Macro: 0.0334 | F1 Dir: 0.0501 | F1 [SELL/NEU/BUY]: [0.100/0.000/0.000] | LR: 0.000014
2026-02-25 22:12:17,974 - INFO - Trial 12 pruned by Optuna at epoch 3
2026-02-25 22:12:18,859 - INFO - Trial 13 START | tcn=256, lstm=256, layers=3, batch=1024, seq=48, drop=0.428, lr=0.000031, wd=0.002336
2026-02-25 22:12:23,132 - INFO - Trial 13 | Epoch 1 | Batch 100/214 (46.7%) | Loss: 0.8415
2026-02-25 22:12:26,974 - INFO - Trial 13 | Epoch 1 | Batch 200/214 (93.5%) | Loss: 0.8212
2026-02-25 22:12:29,001 - INFO - Trial 13, Epoch 1/50 | Train Loss: 0.8075 | Val Loss: 0.6456 | F1 Macro: 0.2088 | F1 Dir: 0.0672 | F1 [SELL/NEU/BUY]: [0.134/0.492/0.000] | LR: 0.000031
2026-02-25 22:12:33,443 - INFO - Trial 13 | Epoch 2 | Batch 100/214 (46.7%) | Loss: 0.8186
2026-02-25 22:12:37,364 - INFO - Trial 13 | Epoch 2 | Batch 200/214 (93.5%) | Loss: 0.7911
2026-02-25 22:12:39,357 - INFO - Trial 13, Epoch 2/50 | Train Loss: 0.7807 | Val Loss: 0.6399 | F1 Macro: 0.2563 | F1 Dir: 0.0814 | F1 [SELL/NEU/BUY]: [0.150/0.606/0.013] | LR: 0.000031
2026-02-25 22:12:43,627 - INFO - Trial 13 | Epoch 3 | Batch 100/214 (46.7%) | Loss: 0.7804
2026-02-25 22:12:47,299 - INFO - Trial 13 | Epoch 3 | Batch 200/214 (93.5%) | Loss: 0.6942
2026-02-25 22:12:49,299 - INFO - Trial 13, Epoch 3/50 | Train Loss: 0.7777 | Val Loss: 0.6397 | F1 Macro: 0.3298 | F1 Dir: 0.1882 | F1 [SELL/NEU/BUY]: [0.115/0.613/0.261] | LR: 0.000031
2026-02-25 22:12:49,342 - INFO - 🏆 [DIR]    Trial 13 | Global F1 Dir record: 0.1882 (prev: 0.1847) → saved best_tcn_lstm_dir.pt
2026-02-25 22:12:53,699 - INFO - Trial 13 | Epoch 4 | Batch 100/214 (46.7%) | Loss: 0.7892
2026-02-25 22:12:57,326 - INFO - Trial 13 | Epoch 4 | Batch 200/214 (93.5%) | Loss: 0.7209
2026-02-25 22:12:59,294 - INFO - Trial 13, Epoch 4/50 | Train Loss: 0.7754 | Val Loss: 0.6380 | F1 Macro: 0.3269 | F1 Dir: 0.1537 | F1 [SELL/NEU/BUY]: [0.143/0.673/0.165] | LR: 0.000031
2026-02-25 22:13:03,596 - INFO - Trial 13 | Epoch 5 | Batch 100/214 (46.7%) | Loss: 0.7384
2026-02-25 22:13:07,383 - INFO - Trial 13 | Epoch 5 | Batch 200/214 (93.5%) | Loss: 0.7800
2026-02-25 22:13:09,510 - INFO - Trial 13, Epoch 5/50 | Train Loss: 0.7740 | Val Loss: 0.6377 | F1 Macro: 0.3170 | F1 Dir: 0.1471 | F1 [SELL/NEU/BUY]: [0.151/0.657/0.143] | LR: 0.000030
2026-02-25 22:13:13,570 - INFO - Trial 13 | Epoch 6 | Batch 100/214 (46.7%) | Loss: 0.7783
2026-02-25 22:13:17,180 - INFO - Trial 13 | Epoch 6 | Batch 200/214 (93.5%) | Loss: 0.7681
2026-02-25 22:13:19,163 - INFO - Trial 13, Epoch 6/50 | Train Loss: 0.7718 | Val Loss: 0.6384 | F1 Macro: 0.3028 | F1 Dir: 0.1435 | F1 [SELL/NEU/BUY]: [0.149/0.621/0.138] | LR: 0.000030
2026-02-25 22:13:23,525 - INFO - Trial 13 | Epoch 7 | Batch 100/214 (46.7%) | Loss: 0.7701
2026-02-25 22:13:27,359 - INFO - Trial 13 | Epoch 7 | Batch 200/214 (93.5%) | Loss: 0.7928
2026-02-25 22:13:29,278 - INFO - Trial 13, Epoch 7/50 | Train Loss: 0.7703 | Val Loss: 0.6376 | F1 Macro: 0.3133 | F1 Dir: 0.1447 | F1 [SELL/NEU/BUY]: [0.153/0.650/0.137] | LR: 0.000030
2026-02-25 22:13:33,667 - INFO - Trial 13 | Epoch 8 | Batch 100/214 (46.7%) | Loss: 0.8266
2026-02-25 22:13:37,316 - INFO - Trial 13 | Epoch 8 | Batch 200/214 (93.5%) | Loss: 0.7964
2026-02-25 22:13:39,330 - INFO - Trial 13, Epoch 8/50 | Train Loss: 0.7678 | Val Loss: 0.6379 | F1 Macro: 0.3100 | F1 Dir: 0.1469 | F1 [SELL/NEU/BUY]: [0.153/0.636/0.141] | LR: 0.000029
2026-02-25 22:13:43,761 - INFO - Trial 13 | Epoch 9 | Batch 100/214 (46.7%) | Loss: 0.7567
2026-02-25 22:13:47,716 - INFO - Trial 13 | Epoch 9 | Batch 200/214 (93.5%) | Loss: 0.7241
2026-02-25 22:13:49,721 - INFO - Trial 13, Epoch 9/50 | Train Loss: 0.7659 | Val Loss: 0.6399 | F1 Macro: 0.2992 | F1 Dir: 0.1401 | F1 [SELL/NEU/BUY]: [0.151/0.618/0.129] | LR: 0.000029
2026-02-25 22:13:54,108 - INFO - Trial 13 | Epoch 10 | Batch 100/214 (46.7%) | Loss: 0.8031
2026-02-25 22:13:58,036 - INFO - Trial 13 | Epoch 10 | Batch 200/214 (93.5%) | Loss: 0.7691
2026-02-25 22:14:00,048 - INFO - Trial 13, Epoch 10/50 | Train Loss: 0.7630 | Val Loss: 0.6401 | F1 Macro: 0.3074 | F1 Dir: 0.1474 | F1 [SELL/NEU/BUY]: [0.145/0.627/0.150] | LR: 0.000028
2026-02-25 22:14:00,097 - INFO - Trial 13 stopped early due to patience (3 epochs without improvement)
2026-02-25 22:14:00,911 - INFO - Trial 14 START | tcn=256, lstm=64, layers=3, batch=1024, seq=48, drop=0.420, lr=0.000032, wd=0.002481
2026-02-25 22:14:03,834 - INFO - Trial 14 | Epoch 1 | Batch 100/214 (46.7%) | Loss: 0.7698
2026-02-25 22:14:06,284 - INFO - Trial 14 | Epoch 1 | Batch 200/214 (93.5%) | Loss: 0.7284
2026-02-25 22:14:08,003 - INFO - Trial 14, Epoch 1/50 | Train Loss: 0.8359 | Val Loss: 0.6644 | F1 Macro: 0.0646 | F1 Dir: 0.0969 | F1 [SELL/NEU/BUY]: [0.031/0.000/0.163] | LR: 0.000032
2026-02-25 22:14:10,799 - INFO - Trial 14 | Epoch 2 | Batch 100/214 (46.7%) | Loss: 0.7984
2026-02-25 22:14:13,116 - INFO - Trial 14 | Epoch 2 | Batch 200/214 (93.5%) | Loss: 0.7372
2026-02-25 22:14:14,895 - INFO - Trial 14, Epoch 2/50 | Train Loss: 0.7935 | Val Loss: 0.6485 | F1 Macro: 0.1938 | F1 Dir: 0.1541 | F1 [SELL/NEU/BUY]: [0.066/0.273/0.242] | LR: 0.000031
2026-02-25 22:14:18,046 - INFO - Trial 14 | Epoch 3 | Batch 100/214 (46.7%) | Loss: 0.7580
2026-02-25 22:14:20,466 - INFO - Trial 14 | Epoch 3 | Batch 200/214 (93.5%) | Loss: 0.7570
2026-02-25 22:14:22,208 - INFO - Trial 14, Epoch 3/50 | Train Loss: 0.7864 | Val Loss: 0.6439 | F1 Macro: 0.3097 | F1 Dir: 0.1800 | F1 [SELL/NEU/BUY]: [0.117/0.569/0.243] | LR: 0.000031
2026-02-25 22:14:25,237 - INFO - Trial 14 | Epoch 4 | Batch 100/214 (46.7%) | Loss: 0.7797
2026-02-25 22:14:27,621 - INFO - Trial 14 | Epoch 4 | Batch 200/214 (93.5%) | Loss: 0.7959
2026-02-25 22:14:29,330 - INFO - Trial 14, Epoch 4/50 | Train Loss: 0.7824 | Val Loss: 0.6424 | F1 Macro: 0.3213 | F1 Dir: 0.1856 | F1 [SELL/NEU/BUY]: [0.104/0.593/0.267] | LR: 0.000031
2026-02-25 22:14:32,271 - INFO - Trial 14 | Epoch 5 | Batch 100/214 (46.7%) | Loss: 0.8414
2026-02-25 22:14:34,541 - INFO - Trial 14 | Epoch 5 | Batch 200/214 (93.5%) | Loss: 0.7217
2026-02-25 22:14:36,246 - INFO - Trial 14, Epoch 5/50 | Train Loss: 0.7802 | Val Loss: 0.6399 | F1 Macro: 0.3296 | F1 Dir: 0.1849 | F1 [SELL/NEU/BUY]: [0.115/0.619/0.255] | LR: 0.000031
2026-02-25 22:14:39,139 - INFO - Trial 14 | Epoch 6 | Batch 100/214 (46.7%) | Loss: 0.7252
2026-02-25 22:14:41,386 - INFO - Trial 14 | Epoch 6 | Batch 200/214 (93.5%) | Loss: 0.7721
2026-02-25 22:14:43,091 - INFO - Trial 14, Epoch 6/50 | Train Loss: 0.7784 | Val Loss: 0.6405 | F1 Macro: 0.3216 | F1 Dir: 0.1857 | F1 [SELL/NEU/BUY]: [0.106/0.593/0.265] | LR: 0.000030
2026-02-25 22:14:45,899 - INFO - Trial 14 | Epoch 7 | Batch 100/214 (46.7%) | Loss: 0.7719
2026-02-25 22:14:48,502 - INFO - Trial 14 | Epoch 7 | Batch 200/214 (93.5%) | Loss: 0.8194
2026-02-25 22:14:50,229 - INFO - Trial 14, Epoch 7/50 | Train Loss: 0.7770 | Val Loss: 0.6392 | F1 Macro: 0.3449 | F1 Dir: 0.1889 | F1 [SELL/NEU/BUY]: [0.122/0.657/0.256] | LR: 0.000030
2026-02-25 22:14:50,253 - INFO - 🥇 [MACRO]  Trial 14 | Global F1 Macro record: 0.3449 (prev: 0.3306) → saved best_tcn_lstm.pt
2026-02-25 22:14:50,281 - INFO - 🏆 [DIR]    Trial 14 | Global F1 Dir record: 0.1889 (prev: 0.1882) → saved best_tcn_lstm_dir.pt
2026-02-25 22:14:53,476 - INFO - Trial 14 | Epoch 8 | Batch 100/214 (46.7%) | Loss: 0.7570
2026-02-25 22:14:55,954 - INFO - Trial 14 | Epoch 8 | Batch 200/214 (93.5%) | Loss: 0.8011
2026-02-25 22:14:57,658 - INFO - Trial 14, Epoch 8/50 | Train Loss: 0.7759 | Val Loss: 0.6400 | F1 Macro: 0.3431 | F1 Dir: 0.1873 | F1 [SELL/NEU/BUY]: [0.114/0.655/0.261] | LR: 0.000030
2026-02-25 22:15:00,640 - INFO - Trial 14 | Epoch 9 | Batch 100/214 (46.7%) | Loss: 0.8095
2026-02-25 22:15:03,026 - INFO - Trial 14 | Epoch 9 | Batch 200/214 (93.5%) | Loss: 0.7784
2026-02-25 22:15:04,730 - INFO - Trial 14, Epoch 9/50 | Train Loss: 0.7756 | Val Loss: 0.6390 | F1 Macro: 0.3488 | F1 Dir: 0.1859 | F1 [SELL/NEU/BUY]: [0.126/0.675/0.246] | LR: 0.000029
2026-02-25 22:15:04,925 - INFO - 🥇 [MACRO]  Trial 14 | Global F1 Macro record: 0.3488 (prev: 0.3449) → saved best_tcn_lstm.pt
2026-02-25 22:15:07,878 - INFO - Trial 14 | Epoch 10 | Batch 100/214 (46.7%) | Loss: 0.7439
2026-02-25 22:15:10,325 - INFO - Trial 14 | Epoch 10 | Batch 200/214 (93.5%) | Loss: 0.7351
2026-02-25 22:15:11,924 - INFO - Trial 14, Epoch 10/50 | Train Loss: 0.7737 | Val Loss: 0.6387 | F1 Macro: 0.3318 | F1 Dir: 0.1790 | F1 [SELL/NEU/BUY]: [0.124/0.638/0.234] | LR: 0.000029
2026-02-25 22:15:14,911 - INFO - Trial 14 | Epoch 11 | Batch 100/214 (46.7%) | Loss: 0.7634
2026-02-25 22:15:17,314 - INFO - Trial 14 | Epoch 11 | Batch 200/214 (93.5%) | Loss: 0.7616
2026-02-25 22:15:19,082 - INFO - Trial 14, Epoch 11/50 | Train Loss: 0.7726 | Val Loss: 0.6392 | F1 Macro: 0.3427 | F1 Dir: 0.1819 | F1 [SELL/NEU/BUY]: [0.128/0.664/0.236] | LR: 0.000028
2026-02-25 22:15:22,377 - INFO - Trial 14 | Epoch 12 | Batch 100/214 (46.7%) | Loss: 0.8135
2026-02-25 22:15:24,788 - INFO - Trial 14 | Epoch 12 | Batch 200/214 (93.5%) | Loss: 0.8293
2026-02-25 22:15:26,401 - INFO - Trial 14, Epoch 12/50 | Train Loss: 0.7724 | Val Loss: 0.6396 | F1 Macro: 0.3348 | F1 Dir: 0.1765 | F1 [SELL/NEU/BUY]: [0.121/0.652/0.232] | LR: 0.000027
2026-02-25 22:15:29,461 - INFO - Trial 14 | Epoch 13 | Batch 100/214 (46.7%) | Loss: 0.8226
2026-02-25 22:15:31,854 - INFO - Trial 14 | Epoch 13 | Batch 200/214 (93.5%) | Loss: 0.7300
2026-02-25 22:15:33,640 - INFO - Trial 14, Epoch 13/50 | Train Loss: 0.7711 | Val Loss: 0.6392 | F1 Macro: 0.3574 | F1 Dir: 0.1783 | F1 [SELL/NEU/BUY]: [0.134/0.716/0.222] | LR: 0.000027
2026-02-25 22:15:33,667 - INFO - 🥇 [MACRO]  Trial 14 | Global F1 Macro record: 0.3574 (prev: 0.3488) → saved best_tcn_lstm.pt
2026-02-25 22:15:33,732 - INFO - Trial 14 stopped early due to patience (3 epochs without improvement)
2026-02-25 22:15:34,945 - INFO - Trial 15 START | tcn=256, lstm=64, layers=3, batch=1024, seq=48, drop=0.500, lr=0.000031, wd=0.003513
2026-02-25 22:15:37,820 - INFO - Trial 15 | Epoch 1 | Batch 100/214 (46.7%) | Loss: 0.8661
2026-02-25 22:15:40,225 - INFO - Trial 15 | Epoch 1 | Batch 200/214 (93.5%) | Loss: 0.7924
2026-02-25 22:15:41,885 - INFO - Trial 15, Epoch 1/50 | Train Loss: 0.8328 | Val Loss: 0.6653 | F1 Macro: 0.0625 | F1 Dir: 0.0938 | F1 [SELL/NEU/BUY]: [0.159/0.000/0.028] | LR: 0.000031
2026-02-25 22:15:44,868 - INFO - Trial 15 | Epoch 2 | Batch 100/214 (46.7%) | Loss: 0.8671
2026-02-25 22:15:47,225 - INFO - Trial 15 | Epoch 2 | Batch 200/214 (93.5%) | Loss: 0.7617
2026-02-25 22:15:48,969 - INFO - Trial 15, Epoch 2/50 | Train Loss: 0.7943 | Val Loss: 0.6506 | F1 Macro: 0.1271 | F1 Dir: 0.1361 | F1 [SELL/NEU/BUY]: [0.224/0.109/0.048] | LR: 0.000031
2026-02-25 22:15:52,359 - INFO - Trial 15 | Epoch 3 | Batch 100/214 (46.7%) | Loss: 0.8135
2026-02-25 22:15:54,966 - INFO - Trial 15 | Epoch 3 | Batch 200/214 (93.5%) | Loss: 0.7457
2026-02-25 22:15:56,600 - INFO - Trial 15, Epoch 3/50 | Train Loss: 0.7875 | Val Loss: 0.6443 | F1 Macro: 0.2916 | F1 Dir: 0.1533 | F1 [SELL/NEU/BUY]: [0.237/0.568/0.069] | LR: 0.000031
2026-02-25 22:15:59,580 - INFO - Trial 15 | Epoch 4 | Batch 100/214 (46.7%) | Loss: 0.7322
2026-02-25 22:16:01,937 - INFO - Trial 15 | Epoch 4 | Batch 200/214 (93.5%) | Loss: 0.7969
2026-02-25 22:16:03,638 - INFO - Trial 15, Epoch 4/50 | Train Loss: 0.7828 | Val Loss: 0.6423 | F1 Macro: 0.2999 | F1 Dir: 0.1490 | F1 [SELL/NEU/BUY]: [0.231/0.602/0.067] | LR: 0.000030
2026-02-25 22:16:06,655 - INFO - Trial 15 | Epoch 5 | Batch 100/214 (46.7%) | Loss: 0.8140
2026-02-25 22:16:09,134 - INFO - Trial 15 | Epoch 5 | Batch 200/214 (93.5%) | Loss: 0.7273
2026-02-25 22:16:10,898 - INFO - Trial 15, Epoch 5/50 | Train Loss: 0.7812 | Val Loss: 0.6402 | F1 Macro: 0.3000 | F1 Dir: 0.1405 | F1 [SELL/NEU/BUY]: [0.217/0.619/0.063] | LR: 0.000030
2026-02-25 22:16:14,014 - INFO - Trial 15 | Epoch 6 | Batch 100/214 (46.7%) | Loss: 0.7990
2026-02-25 22:16:16,573 - INFO - Trial 15 | Epoch 6 | Batch 200/214 (93.5%) | Loss: 0.8547
2026-02-25 22:16:18,287 - INFO - Trial 15, Epoch 6/50 | Train Loss: 0.7797 | Val Loss: 0.6399 | F1 Macro: 0.2961 | F1 Dir: 0.1426 | F1 [SELL/NEU/BUY]: [0.175/0.603/0.110] | LR: 0.000030
2026-02-25 22:16:21,286 - INFO - Trial 15 | Epoch 7 | Batch 100/214 (46.7%) | Loss: 0.7804
2026-02-25 22:16:23,673 - INFO - Trial 15 | Epoch 7 | Batch 200/214 (93.5%) | Loss: 0.7200
2026-02-25 22:16:25,371 - INFO - Trial 15, Epoch 7/50 | Train Loss: 0.7788 | Val Loss: 0.6399 | F1 Macro: 0.3051 | F1 Dir: 0.1428 | F1 [SELL/NEU/BUY]: [0.151/0.630/0.135] | LR: 0.000029
2026-02-25 22:16:28,520 - INFO - Trial 15 | Epoch 8 | Batch 100/214 (46.7%) | Loss: 0.7857
2026-02-25 22:16:30,904 - INFO - Trial 15 | Epoch 8 | Batch 200/214 (93.5%) | Loss: 0.7604
2026-02-25 22:16:32,525 - INFO - Trial 15, Epoch 8/50 | Train Loss: 0.7774 | Val Loss: 0.6399 | F1 Macro: 0.2961 | F1 Dir: 0.1366 | F1 [SELL/NEU/BUY]: [0.152/0.615/0.121] | LR: 0.000029
2026-02-25 22:16:35,271 - INFO - Trial 15 | Epoch 9 | Batch 100/214 (46.7%) | Loss: 0.7817
2026-02-25 22:16:37,582 - INFO - Trial 15 | Epoch 9 | Batch 200/214 (93.5%) | Loss: 0.7464
2026-02-25 22:16:39,312 - INFO - Trial 15, Epoch 9/50 | Train Loss: 0.7773 | Val Loss: 0.6393 | F1 Macro: 0.3159 | F1 Dir: 0.1440 | F1 [SELL/NEU/BUY]: [0.156/0.660/0.132] | LR: 0.000029
2026-02-25 22:16:42,380 - INFO - Trial 15 | Epoch 10 | Batch 100/214 (46.7%) | Loss: 0.7240
2026-02-25 22:16:44,788 - INFO - Trial 15 | Epoch 10 | Batch 200/214 (93.5%) | Loss: 0.7358
2026-02-25 22:16:46,568 - INFO - Trial 15, Epoch 10/50 | Train Loss: 0.7761 | Val Loss: 0.6393 | F1 Macro: 0.3039 | F1 Dir: 0.1383 | F1 [SELL/NEU/BUY]: [0.157/0.635/0.120] | LR: 0.000028
2026-02-25 22:16:49,652 - INFO - Trial 15 | Epoch 11 | Batch 100/214 (46.7%) | Loss: 0.7783
2026-02-25 22:16:52,070 - INFO - Trial 15 | Epoch 11 | Batch 200/214 (93.5%) | Loss: 0.7687
2026-02-25 22:16:53,822 - INFO - Trial 15, Epoch 11/50 | Train Loss: 0.7756 | Val Loss: 0.6403 | F1 Macro: 0.3121 | F1 Dir: 0.1450 | F1 [SELL/NEU/BUY]: [0.140/0.646/0.150] | LR: 0.000027
2026-02-25 22:16:56,743 - INFO - Trial 15 | Epoch 12 | Batch 100/214 (46.7%) | Loss: 0.8455
2026-02-25 22:16:59,017 - INFO - Trial 15 | Epoch 12 | Batch 200/214 (93.5%) | Loss: 0.8269
2026-02-25 22:17:00,849 - INFO - Trial 15, Epoch 12/50 | Train Loss: 0.7750 | Val Loss: 0.6401 | F1 Macro: 0.3183 | F1 Dir: 0.1473 | F1 [SELL/NEU/BUY]: [0.145/0.660/0.150] | LR: 0.000027
2026-02-25 22:17:03,873 - INFO - Trial 15 | Epoch 13 | Batch 100/214 (46.7%) | Loss: 0.7634
2026-02-25 22:17:06,396 - INFO - Trial 15 | Epoch 13 | Batch 200/214 (93.5%) | Loss: 0.8340
2026-02-25 22:17:08,187 - INFO - Trial 15, Epoch 13/50 | Train Loss: 0.7740 | Val Loss: 0.6390 | F1 Macro: 0.3150 | F1 Dir: 0.1448 | F1 [SELL/NEU/BUY]: [0.152/0.655/0.138] | LR: 0.000026
2026-02-25 22:17:11,110 - INFO - Trial 15 | Epoch 14 | Batch 100/214 (46.7%) | Loss: 0.7801
2026-02-25 22:17:13,450 - INFO - Trial 15 | Epoch 14 | Batch 200/214 (93.5%) | Loss: 0.7534
2026-02-25 22:17:15,161 - INFO - Trial 15, Epoch 14/50 | Train Loss: 0.7731 | Val Loss: 0.6393 | F1 Macro: 0.3182 | F1 Dir: 0.1475 | F1 [SELL/NEU/BUY]: [0.148/0.660/0.147] | LR: 0.000025
2026-02-25 22:17:18,136 - INFO - Trial 15 | Epoch 15 | Batch 100/214 (46.7%) | Loss: 0.7832
2026-02-25 22:17:20,518 - INFO - Trial 15 | Epoch 15 | Batch 200/214 (93.5%) | Loss: 0.8107
2026-02-25 22:17:22,287 - INFO - Trial 15, Epoch 15/50 | Train Loss: 0.7735 | Val Loss: 0.6393 | F1 Macro: 0.3088 | F1 Dir: 0.1440 | F1 [SELL/NEU/BUY]: [0.146/0.639/0.142] | LR: 0.000025
2026-02-25 22:17:25,495 - INFO - Trial 15 | Epoch 16 | Batch 100/214 (46.7%) | Loss: 0.6775
2026-02-25 22:17:27,807 - INFO - Trial 15 | Epoch 16 | Batch 200/214 (93.5%) | Loss: 0.7915
2026-02-25 22:17:29,606 - INFO - Trial 15, Epoch 16/50 | Train Loss: 0.7725 | Val Loss: 0.6394 | F1 Macro: 0.3224 | F1 Dir: 0.1523 | F1 [SELL/NEU/BUY]: [0.145/0.663/0.160] | LR: 0.000024
2026-02-25 22:17:29,653 - INFO - Trial 15 stopped early due to patience (3 epochs without improvement)
2026-02-25 22:17:30,776 - INFO - Trial 16 START | tcn=256, lstm=64, layers=3, batch=1024, seq=48, drop=0.424, lr=0.000033, wd=0.000914
2026-02-25 22:17:33,477 - INFO - Trial 16 | Epoch 1 | Batch 100/214 (46.7%) | Loss: 0.8288
2026-02-25 22:17:36,034 - INFO - Trial 16 | Epoch 1 | Batch 200/214 (93.5%) | Loss: 0.8272
2026-02-25 22:17:37,735 - INFO - Trial 16, Epoch 1/50 | Train Loss: 0.8330 | Val Loss: 0.6630 | F1 Macro: 0.0675 | F1 Dir: 0.1013 | F1 [SELL/NEU/BUY]: [0.168/0.000/0.034] | LR: 0.000033
2026-02-25 22:17:40,768 - INFO - Trial 16 | Epoch 2 | Batch 100/214 (46.7%) | Loss: 0.8578
2026-02-25 22:17:43,188 - INFO - Trial 16 | Epoch 2 | Batch 200/214 (93.5%) | Loss: 0.8080
2026-02-25 22:17:44,897 - INFO - Trial 16, Epoch 2/50 | Train Loss: 0.7957 | Val Loss: 0.6496 | F1 Macro: 0.1006 | F1 Dir: 0.1500 | F1 [SELL/NEU/BUY]: [0.246/0.002/0.054] | LR: 0.000033
2026-02-25 22:17:48,004 - INFO - Trial 16 | Epoch 3 | Batch 100/214 (46.7%) | Loss: 0.7909
2026-02-25 22:17:50,386 - INFO - Trial 16 | Epoch 3 | Batch 200/214 (93.5%) | Loss: 0.8004
2026-02-25 22:17:52,082 - INFO - Trial 16, Epoch 3/50 | Train Loss: 0.7878 | Val Loss: 0.6456 | F1 Macro: 0.2665 | F1 Dir: 0.1346 | F1 [SELL/NEU/BUY]: [0.212/0.530/0.057] | LR: 0.000032
2026-02-25 22:17:52,474 - INFO - Trial 16 pruned by Optuna at epoch 3
2026-02-25 22:17:53,170 - INFO - Trial 17 START | tcn=256, lstm=64, layers=5, batch=512, seq=24, drop=0.367, lr=0.000019, wd=0.007635
2026-02-25 22:17:55,746 - INFO - Trial 17 | Epoch 1 | Batch 100/427 (23.4%) | Loss: 0.8581
2026-02-25 22:17:58,049 - INFO - Trial 17 | Epoch 1 | Batch 200/427 (46.8%) | Loss: 0.8264
2026-02-25 22:18:00,309 - INFO - Trial 17 | Epoch 1 | Batch 300/427 (70.3%) | Loss: 0.8129
2026-02-25 22:18:02,530 - INFO - Trial 17 | Epoch 1 | Batch 400/427 (93.7%) | Loss: 0.8219
2026-02-25 22:18:04,521 - INFO - Trial 17, Epoch 1/50 | Train Loss: 0.8490 | Val Loss: 0.6682 | F1 Macro: 0.0694 | F1 Dir: 0.1041 | F1 [SELL/NEU/BUY]: [0.170/0.000/0.038] | LR: 0.000019
2026-02-25 22:18:07,328 - INFO - Trial 17 | Epoch 2 | Batch 100/427 (23.4%) | Loss: 0.8677
2026-02-25 22:18:09,674 - INFO - Trial 17 | Epoch 2 | Batch 200/427 (46.8%) | Loss: 0.7141
2026-02-25 22:18:11,792 - INFO - Trial 17 | Epoch 2 | Batch 300/427 (70.3%) | Loss: 0.8833
2026-02-25 22:18:13,966 - INFO - Trial 17 | Epoch 2 | Batch 400/427 (93.7%) | Loss: 0.7614
2026-02-25 22:18:15,870 - INFO - Trial 17, Epoch 2/50 | Train Loss: 0.7985 | Val Loss: 0.6550 | F1 Macro: 0.0923 | F1 Dir: 0.1385 | F1 [SELL/NEU/BUY]: [0.225/0.000/0.051] | LR: 0.000019
2026-02-25 22:18:18,825 - INFO - Trial 17 | Epoch 3 | Batch 100/427 (23.4%) | Loss: 0.8624
2026-02-25 22:18:21,048 - INFO - Trial 17 | Epoch 3 | Batch 200/427 (46.8%) | Loss: 0.9283
2026-02-25 22:18:23,334 - INFO - Trial 17 | Epoch 3 | Batch 300/427 (70.3%) | Loss: 0.7991
2026-02-25 22:18:25,581 - INFO - Trial 17 | Epoch 3 | Batch 400/427 (93.7%) | Loss: 0.8343
2026-02-25 22:18:27,518 - INFO - Trial 17, Epoch 3/50 | Train Loss: 0.7919 | Val Loss: 0.6512 | F1 Macro: 0.0949 | F1 Dir: 0.1423 | F1 [SELL/NEU/BUY]: [0.231/0.000/0.053] | LR: 0.000019
2026-02-25 22:18:27,672 - INFO - Trial 17 pruned by Optuna at epoch 3
2026-02-25 22:18:28,625 - INFO - Trial 18 START | tcn=256, lstm=64, layers=2, batch=1024, seq=48, drop=0.422, lr=0.000027, wd=0.002122
2026-02-25 22:18:31,440 - INFO - Trial 18 | Epoch 1 | Batch 100/214 (46.7%) | Loss: 0.8020
2026-02-25 22:18:33,759 - INFO - Trial 18 | Epoch 1 | Batch 200/214 (93.5%) | Loss: 0.8396
2026-02-25 22:18:35,518 - INFO - Trial 18, Epoch 1/50 | Train Loss: 0.8388 | Val Loss: 0.6652 | F1 Macro: 0.0705 | F1 Dir: 0.1057 | F1 [SELL/NEU/BUY]: [0.175/0.000/0.037] | LR: 0.000027
2026-02-25 22:18:38,470 - INFO - Trial 18 | Epoch 2 | Batch 100/214 (46.7%) | Loss: 0.8133
2026-02-25 22:18:40,929 - INFO - Trial 18 | Epoch 2 | Batch 200/214 (93.5%) | Loss: 0.7456
2026-02-25 22:18:42,631 - INFO - Trial 18, Epoch 2/50 | Train Loss: 0.7955 | Val Loss: 0.6505 | F1 Macro: 0.0843 | F1 Dir: 0.1264 | F1 [SELL/NEU/BUY]: [0.211/0.000/0.042] | LR: 0.000027
2026-02-25 22:18:45,538 - INFO - Trial 18 | Epoch 3 | Batch 100/214 (46.7%) | Loss: 0.7552
2026-02-25 22:18:47,776 - INFO - Trial 18 | Epoch 3 | Batch 200/214 (93.5%) | Loss: 0.8126
2026-02-25 22:18:49,474 - INFO - Trial 18, Epoch 3/50 | Train Loss: 0.7868 | Val Loss: 0.6454 | F1 Macro: 0.1941 | F1 Dir: 0.1254 | F1 [SELL/NEU/BUY]: [0.204/0.332/0.047] | LR: 0.000027
2026-02-25 22:18:49,632 - INFO - Trial 18 pruned by Optuna at epoch 3
2026-02-25 22:18:50,756 - INFO - Trial 19 START | tcn=256, lstm=64, layers=6, batch=1024, seq=48, drop=0.472, lr=0.000055, wd=0.004966
2026-02-25 22:18:54,287 - INFO - Trial 19 | Epoch 1 | Batch 100/214 (46.7%) | Loss: 0.8900
2026-02-25 22:18:57,263 - INFO - Trial 19 | Epoch 1 | Batch 200/214 (93.5%) | Loss: 0.8118
2026-02-25 22:18:59,012 - INFO - Trial 19, Epoch 1/50 | Train Loss: 0.8496 | Val Loss: 0.6632 | F1 Macro: 0.0587 | F1 Dir: 0.0881 | F1 [SELL/NEU/BUY]: [0.073/0.000/0.103] | LR: 0.000055
2026-02-25 22:19:02,853 - INFO - Trial 19 | Epoch 2 | Batch 100/214 (46.7%) | Loss: 0.8219
2026-02-25 22:19:05,982 - INFO - Trial 19 | Epoch 2 | Batch 200/214 (93.5%) | Loss: 0.6809
2026-02-25 22:19:07,666 - INFO - Trial 19, Epoch 2/50 | Train Loss: 0.7993 | Val Loss: 0.6509 | F1 Macro: 0.2286 | F1 Dir: 0.1193 | F1 [SELL/NEU/BUY]: [0.116/0.447/0.123] | LR: 0.000055
2026-02-25 22:19:11,316 - INFO - Trial 19 | Epoch 3 | Batch 100/214 (46.7%) | Loss: 0.7149
2026-02-25 22:19:14,605 - INFO - Trial 19 | Epoch 3 | Batch 200/214 (93.5%) | Loss: 0.7312
2026-02-25 22:19:16,340 - INFO - Trial 19, Epoch 3/50 | Train Loss: 0.7906 | Val Loss: 0.6476 | F1 Macro: 0.2706 | F1 Dir: 0.1300 | F1 [SELL/NEU/BUY]: [0.129/0.552/0.131] | LR: 0.000054
2026-02-25 22:19:16,584 - INFO - Trial 19 pruned by Optuna at epoch 3
2026-02-25 22:19:17,571 - INFO - Trial 20 START | tcn=64, lstm=64, layers=4, batch=1024, seq=24, drop=0.304, lr=0.000044, wd=0.001367
2026-02-25 22:19:20,096 - INFO - Trial 20 | Epoch 1 | Batch 100/214 (46.7%) | Loss: 0.8850
2026-02-25 22:19:22,242 - INFO - Trial 20 | Epoch 1 | Batch 200/214 (93.5%) | Loss: 0.7549
2026-02-25 22:19:23,796 - INFO - Trial 20, Epoch 1/50 | Train Loss: 0.8591 | Val Loss: 0.6634 | F1 Macro: 0.0335 | F1 Dir: 0.0503 | F1 [SELL/NEU/BUY]: [0.000/0.000/0.101] | LR: 0.000044
2026-02-25 22:19:26,403 - INFO - Trial 20 | Epoch 2 | Batch 100/214 (46.7%) | Loss: 0.8379
2026-02-25 22:19:28,503 - INFO - Trial 20 | Epoch 2 | Batch 200/214 (93.5%) | Loss: 0.9127
2026-02-25 22:19:29,986 - INFO - Trial 20, Epoch 2/50 | Train Loss: 0.7983 | Val Loss: 0.6507 | F1 Macro: 0.1486 | F1 Dir: 0.1148 | F1 [SELL/NEU/BUY]: [0.134/0.216/0.096] | LR: 0.000044
2026-02-25 22:19:32,668 - INFO - Trial 20 | Epoch 3 | Batch 100/214 (46.7%) | Loss: 0.8000
2026-02-25 22:19:34,811 - INFO - Trial 20 | Epoch 3 | Batch 200/214 (93.5%) | Loss: 0.7491
2026-02-25 22:19:36,324 - INFO - Trial 20, Epoch 3/50 | Train Loss: 0.7911 | Val Loss: 0.6471 | F1 Macro: 0.2332 | F1 Dir: 0.1171 | F1 [SELL/NEU/BUY]: [0.107/0.465/0.127] | LR: 0.000044
2026-02-25 22:19:36,492 - INFO - Trial 20 pruned by Optuna at epoch 3
2026-02-25 22:19:37,190 - INFO - Trial 21 START | tcn=256, lstm=256, layers=3, batch=1024, seq=48, drop=0.428, lr=0.000030, wd=0.003003
2026-02-25 22:19:41,237 - INFO - Trial 21 | Epoch 1 | Batch 100/214 (46.7%) | Loss: 0.7810
2026-02-25 22:19:44,779 - INFO - Trial 21 | Epoch 1 | Batch 200/214 (93.5%) | Loss: 0.7887
2026-02-25 22:19:46,773 - INFO - Trial 21, Epoch 1/50 | Train Loss: 0.8055 | Val Loss: 0.6476 | F1 Macro: 0.2485 | F1 Dir: 0.1520 | F1 [SELL/NEU/BUY]: [0.069/0.442/0.235] | LR: 0.000030
2026-02-25 22:19:51,166 - INFO - Trial 21 | Epoch 2 | Batch 100/214 (46.7%) | Loss: 0.7527
2026-02-25 22:19:54,707 - INFO - Trial 21 | Epoch 2 | Batch 200/214 (93.5%) | Loss: 0.8267
2026-02-25 22:19:56,754 - INFO - Trial 21, Epoch 2/50 | Train Loss: 0.7807 | Val Loss: 0.6407 | F1 Macro: 0.3304 | F1 Dir: 0.1876 | F1 [SELL/NEU/BUY]: [0.112/0.616/0.263] | LR: 0.000030
2026-02-25 22:20:01,171 - INFO - Trial 21 | Epoch 3 | Batch 100/214 (46.7%) | Loss: 0.7347
2026-02-25 22:20:05,040 - INFO - Trial 21 | Epoch 3 | Batch 200/214 (93.5%) | Loss: 0.8015
2026-02-25 22:20:07,012 - INFO - Trial 21, Epoch 3/50 | Train Loss: 0.7782 | Val Loss: 0.6404 | F1 Macro: 0.3083 | F1 Dir: 0.1661 | F1 [SELL/NEU/BUY]: [0.110/0.593/0.223] | LR: 0.000029
2026-02-25 22:20:11,085 - INFO - Trial 21 | Epoch 4 | Batch 100/214 (46.7%) | Loss: 0.7926
2026-02-25 22:20:14,645 - INFO - Trial 21 | Epoch 4 | Batch 200/214 (93.5%) | Loss: 0.7465
2026-02-25 22:20:16,651 - INFO - Trial 21, Epoch 4/50 | Train Loss: 0.7762 | Val Loss: 0.6381 | F1 Macro: 0.3037 | F1 Dir: 0.1445 | F1 [SELL/NEU/BUY]: [0.140/0.622/0.149] | LR: 0.000029
2026-02-25 22:20:21,060 - INFO - Trial 21 | Epoch 5 | Batch 100/214 (46.7%) | Loss: 0.8153
2026-02-25 22:20:24,587 - INFO - Trial 21 | Epoch 5 | Batch 200/214 (93.5%) | Loss: 0.7319
2026-02-25 22:20:26,501 - INFO - Trial 21, Epoch 5/50 | Train Loss: 0.7741 | Val Loss: 0.6399 | F1 Macro: 0.2895 | F1 Dir: 0.1394 | F1 [SELL/NEU/BUY]: [0.138/0.590/0.141] | LR: 0.000029
2026-02-25 22:20:30,625 - INFO - Trial 21 | Epoch 6 | Batch 100/214 (46.7%) | Loss: 0.7468
2026-02-25 22:20:34,187 - INFO - Trial 21 | Epoch 6 | Batch 200/214 (93.5%) | Loss: 0.6906
2026-02-25 22:20:36,163 - INFO - Trial 21, Epoch 6/50 | Train Loss: 0.7726 | Val Loss: 0.6374 | F1 Macro: 0.3202 | F1 Dir: 0.1425 | F1 [SELL/NEU/BUY]: [0.164/0.676/0.121] | LR: 0.000029
2026-02-25 22:20:40,702 - INFO - Trial 21 | Epoch 7 | Batch 100/214 (46.7%) | Loss: 0.7569
2026-02-25 22:20:44,684 - INFO - Trial 21 | Epoch 7 | Batch 200/214 (93.5%) | Loss: 0.7251
2026-02-25 22:20:46,661 - INFO - Trial 21, Epoch 7/50 | Train Loss: 0.7704 | Val Loss: 0.6381 | F1 Macro: 0.3167 | F1 Dir: 0.1512 | F1 [SELL/NEU/BUY]: [0.145/0.648/0.157] | LR: 0.000028
2026-02-25 22:20:50,737 - INFO - Trial 21 | Epoch 8 | Batch 100/214 (46.7%) | Loss: 0.7213
2026-02-25 22:20:54,569 - INFO - Trial 21 | Epoch 8 | Batch 200/214 (93.5%) | Loss: 0.8183
2026-02-25 22:20:56,547 - INFO - Trial 21, Epoch 8/50 | Train Loss: 0.7681 | Val Loss: 0.6407 | F1 Macro: 0.3003 | F1 Dir: 0.1485 | F1 [SELL/NEU/BUY]: [0.128/0.604/0.169] | LR: 0.000028
2026-02-25 22:21:00,928 - INFO - Trial 21 | Epoch 9 | Batch 100/214 (46.7%) | Loss: 0.7543
2026-02-25 22:21:04,818 - INFO - Trial 21 | Epoch 9 | Batch 200/214 (93.5%) | Loss: 0.7013
2026-02-25 22:21:06,852 - INFO - Trial 21, Epoch 9/50 | Train Loss: 0.7662 | Val Loss: 0.6416 | F1 Macro: 0.3059 | F1 Dir: 0.1491 | F1 [SELL/NEU/BUY]: [0.138/0.619/0.160] | LR: 0.000027
2026-02-25 22:21:06,905 - INFO - Trial 21 stopped early due to patience (3 epochs without improvement)
2026-02-25 22:21:07,889 - INFO - Trial 22 START | tcn=256, lstm=256, layers=3, batch=1024, seq=48, drop=0.436, lr=0.000027, wd=0.002876
2026-02-25 22:21:12,206 - INFO - Trial 22 | Epoch 1 | Batch 100/214 (46.7%) | Loss: 0.8951
2026-02-25 22:21:16,123 - INFO - Trial 22 | Epoch 1 | Batch 200/214 (93.5%) | Loss: 0.8995
2026-02-25 22:21:18,115 - INFO - Trial 22, Epoch 1/50 | Train Loss: 0.8128 | Val Loss: 0.6483 | F1 Macro: 0.2281 | F1 Dir: 0.1738 | F1 [SELL/NEU/BUY]: [0.265/0.337/0.082] | LR: 0.000027
2026-02-25 22:21:22,355 - INFO - Trial 22 | Epoch 2 | Batch 100/214 (46.7%) | Loss: 0.8032
2026-02-25 22:21:25,962 - INFO - Trial 22 | Epoch 2 | Batch 200/214 (93.5%) | Loss: 0.7251
2026-02-25 22:21:28,079 - INFO - Trial 22, Epoch 2/50 | Train Loss: 0.7818 | Val Loss: 0.6425 | F1 Macro: 0.2654 | F1 Dir: 0.1260 | F1 [SELL/NEU/BUY]: [0.185/0.544/0.067] | LR: 0.000027
2026-02-25 22:21:32,190 - INFO - Trial 22 | Epoch 3 | Batch 100/214 (46.7%) | Loss: 0.7963
2026-02-25 22:21:35,782 - INFO - Trial 22 | Epoch 3 | Batch 200/214 (93.5%) | Loss: 0.8071
2026-02-25 22:21:37,771 - INFO - Trial 22, Epoch 3/50 | Train Loss: 0.7781 | Val Loss: 0.6401 | F1 Macro: 0.2922 | F1 Dir: 0.1379 | F1 [SELL/NEU/BUY]: [0.146/0.601/0.130] | LR: 0.000027
2026-02-25 22:21:42,063 - INFO - Trial 22 | Epoch 4 | Batch 100/214 (46.7%) | Loss: 0.7274
2026-02-25 22:21:45,669 - INFO - Trial 22 | Epoch 4 | Batch 200/214 (93.5%) | Loss: 0.7663
2026-02-25 22:21:47,653 - INFO - Trial 22, Epoch 4/50 | Train Loss: 0.7764 | Val Loss: 0.6385 | F1 Macro: 0.2878 | F1 Dir: 0.1304 | F1 [SELL/NEU/BUY]: [0.151/0.603/0.110] | LR: 0.000026
2026-02-25 22:21:47,741 - INFO - Trial 22 pruned by Optuna at epoch 4
2026-02-25 22:21:48,454 - INFO - Trial 23 START | tcn=256, lstm=128, layers=3, batch=1024, seq=48, drop=0.405, lr=0.000037, wd=0.006057
2026-02-25 22:21:51,475 - INFO - Trial 23 | Epoch 1 | Batch 100/214 (46.7%) | Loss: 0.7667
2026-02-25 22:21:54,117 - INFO - Trial 23 | Epoch 1 | Batch 200/214 (93.5%) | Loss: 0.7964
2026-02-25 22:21:55,958 - INFO - Trial 23, Epoch 1/50 | Train Loss: 0.8137 | Val Loss: 0.6488 | F1 Macro: 0.1520 | F1 Dir: 0.0599 | F1 [SELL/NEU/BUY]: [0.120/0.336/0.000] | LR: 0.000037
2026-02-25 22:21:59,214 - INFO - Trial 23 | Epoch 2 | Batch 100/214 (46.7%) | Loss: 0.8335
2026-02-25 22:22:02,003 - INFO - Trial 23 | Epoch 2 | Batch 200/214 (93.5%) | Loss: 0.8382
2026-02-25 22:22:03,814 - INFO - Trial 23, Epoch 2/50 | Train Loss: 0.7832 | Val Loss: 0.6417 | F1 Macro: 0.2995 | F1 Dir: 0.1537 | F1 [SELL/NEU/BUY]: [0.119/0.591/0.188] | LR: 0.000037
2026-02-25 22:22:06,928 - INFO - Trial 23 | Epoch 3 | Batch 100/214 (46.7%) | Loss: 0.8423
2026-02-25 22:22:09,430 - INFO - Trial 23 | Epoch 3 | Batch 200/214 (93.5%) | Loss: 0.8455
2026-02-25 22:22:11,094 - INFO - Trial 23, Epoch 3/50 | Train Loss: 0.7797 | Val Loss: 0.6406 | F1 Macro: 0.3051 | F1 Dir: 0.1577 | F1 [SELL/NEU/BUY]: [0.109/0.600/0.206] | LR: 0.000037
2026-02-25 22:22:14,412 - INFO - Trial 23 | Epoch 4 | Batch 100/214 (46.7%) | Loss: 0.8267
2026-02-25 22:22:17,073 - INFO - Trial 23 | Epoch 4 | Batch 200/214 (93.5%) | Loss: 0.8152
2026-02-25 22:22:18,888 - INFO - Trial 23, Epoch 4/50 | Train Loss: 0.7774 | Val Loss: 0.6390 | F1 Macro: 0.2983 | F1 Dir: 0.1396 | F1 [SELL/NEU/BUY]: [0.141/0.616/0.139] | LR: 0.000036
2026-02-25 22:22:22,059 - INFO - Trial 23 | Epoch 5 | Batch 100/214 (46.7%) | Loss: 0.7012
2026-02-25 22:22:24,804 - INFO - Trial 23 | Epoch 5 | Batch 200/214 (93.5%) | Loss: 0.8347
2026-02-25 22:22:26,590 - INFO - Trial 23, Epoch 5/50 | Train Loss: 0.7757 | Val Loss: 0.6377 | F1 Macro: 0.3139 | F1 Dir: 0.1382 | F1 [SELL/NEU/BUY]: [0.160/0.665/0.116] | LR: 0.000036
2026-02-25 22:22:29,730 - INFO - Trial 23 | Epoch 6 | Batch 100/214 (46.7%) | Loss: 0.7580
2026-02-25 22:22:32,373 - INFO - Trial 23 | Epoch 6 | Batch 200/214 (93.5%) | Loss: 0.8309
2026-02-25 22:22:34,349 - INFO - Trial 23, Epoch 6/50 | Train Loss: 0.7742 | Val Loss: 0.6384 | F1 Macro: 0.3051 | F1 Dir: 0.1434 | F1 [SELL/NEU/BUY]: [0.144/0.629/0.143] | LR: 0.000036
2026-02-25 22:22:37,407 - INFO - Trial 23 | Epoch 7 | Batch 100/214 (46.7%) | Loss: 0.7491
2026-02-25 22:22:39,923 - INFO - Trial 23 | Epoch 7 | Batch 200/214 (93.5%) | Loss: 0.7906
2026-02-25 22:22:41,717 - INFO - Trial 23, Epoch 7/50 | Train Loss: 0.7718 | Val Loss: 0.6386 | F1 Macro: 0.3015 | F1 Dir: 0.1423 | F1 [SELL/NEU/BUY]: [0.145/0.620/0.140] | LR: 0.000035
2026-02-25 22:22:44,822 - INFO - Trial 23 | Epoch 8 | Batch 100/214 (46.7%) | Loss: 0.6822
2026-02-25 22:22:47,337 - INFO - Trial 23 | Epoch 8 | Batch 200/214 (93.5%) | Loss: 0.7334
2026-02-25 22:22:49,087 - INFO - Trial 23, Epoch 8/50 | Train Loss: 0.7702 | Val Loss: 0.6408 | F1 Macro: 0.2824 | F1 Dir: 0.1367 | F1 [SELL/NEU/BUY]: [0.137/0.574/0.136] | LR: 0.000035
2026-02-25 22:22:49,153 - INFO - Trial 23 stopped early due to patience (3 epochs without improvement)
2026-02-25 22:22:49,960 - INFO - Trial 24 START | tcn=256, lstm=64, layers=2, batch=1024, seq=48, drop=0.443, lr=0.000021, wd=0.000727
2026-02-25 22:22:52,742 - INFO - Trial 24 | Epoch 1 | Batch 100/214 (46.7%) | Loss: 0.8337
2026-02-25 22:22:55,070 - INFO - Trial 24 | Epoch 1 | Batch 200/214 (93.5%) | Loss: 0.8346
2026-02-25 22:22:56,703 - INFO - Trial 24, Epoch 1/50 | Train Loss: 0.8529 | Val Loss: 0.6692 | F1 Macro: 0.0990 | F1 Dir: 0.0547 | F1 [SELL/NEU/BUY]: [0.109/0.188/0.000] | LR: 0.000021
2026-02-25 22:22:59,611 - INFO - Trial 24 | Epoch 2 | Batch 100/214 (46.7%) | Loss: 0.8039
2026-02-25 22:23:01,910 - INFO - Trial 24 | Epoch 2 | Batch 200/214 (93.5%) | Loss: 0.7817
2026-02-25 22:23:03,658 - INFO - Trial 24, Epoch 2/50 | Train Loss: 0.8072 | Val Loss: 0.6516 | F1 Macro: 0.2136 | F1 Dir: 0.0684 | F1 [SELL/NEU/BUY]: [0.136/0.504/0.001] | LR: 0.000021
2026-02-25 22:23:06,606 - INFO - Trial 24 | Epoch 3 | Batch 100/214 (46.7%) | Loss: 0.8440
2026-02-25 22:23:09,106 - INFO - Trial 24 | Epoch 3 | Batch 200/214 (93.5%) | Loss: 0.6990
2026-02-25 22:23:10,793 - INFO - Trial 24, Epoch 3/50 | Train Loss: 0.7936 | Val Loss: 0.6449 | F1 Macro: 0.2670 | F1 Dir: 0.1139 | F1 [SELL/NEU/BUY]: [0.175/0.573/0.053] | LR: 0.000021
2026-02-25 22:23:11,067 - INFO - Trial 24 pruned by Optuna at epoch 3
2026-02-25 22:23:11,861 - INFO - Trial 25 START | tcn=256, lstm=256, layers=4, batch=512, seq=48, drop=0.409, lr=0.000028, wd=0.001823
2026-02-25 22:23:15,606 - INFO - Trial 25 | Epoch 1 | Batch 100/427 (23.4%) | Loss: 0.8174
2026-02-25 22:23:18,908 - INFO - Trial 25 | Epoch 1 | Batch 200/427 (46.8%) | Loss: 0.7537
2026-02-25 22:23:22,243 - INFO - Trial 25 | Epoch 1 | Batch 300/427 (70.3%) | Loss: 0.8818
2026-02-25 22:23:25,571 - INFO - Trial 25 | Epoch 1 | Batch 400/427 (93.7%) | Loss: 0.8411
2026-02-25 22:23:28,153 - INFO - Trial 25, Epoch 1/50 | Train Loss: 0.7987 | Val Loss: 0.6437 | F1 Macro: 0.2633 | F1 Dir: 0.1212 | F1 [SELL/NEU/BUY]: [0.144/0.548/0.099] | LR: 0.000028
2026-02-25 22:23:31,993 - INFO - Trial 25 | Epoch 2 | Batch 100/427 (23.4%) | Loss: 0.8043
2026-02-25 22:23:35,343 - INFO - Trial 25 | Epoch 2 | Batch 200/427 (46.8%) | Loss: 0.7565
2026-02-25 22:23:38,636 - INFO - Trial 25 | Epoch 2 | Batch 300/427 (70.3%) | Loss: 0.8165
2026-02-25 22:23:42,177 - INFO - Trial 25 | Epoch 2 | Batch 400/427 (93.7%) | Loss: 0.8213
2026-02-25 22:23:44,736 - INFO - Trial 25, Epoch 2/50 | Train Loss: 0.7799 | Val Loss: 0.6408 | F1 Macro: 0.2800 | F1 Dir: 0.1300 | F1 [SELL/NEU/BUY]: [0.142/0.580/0.118] | LR: 0.000028
2026-02-25 22:23:47,980 - INFO - Trial 25 | Epoch 3 | Batch 100/427 (23.4%) | Loss: 0.7114
2026-02-25 22:23:50,877 - INFO - Trial 25 | Epoch 3 | Batch 200/427 (46.8%) | Loss: 0.7983
2026-02-25 22:23:53,637 - INFO - Trial 25 | Epoch 3 | Batch 300/427 (70.3%) | Loss: 0.8331
2026-02-25 22:23:56,365 - INFO - Trial 25 | Epoch 3 | Batch 400/427 (93.7%) | Loss: 0.8279
2026-02-25 22:23:58,702 - INFO - Trial 25, Epoch 3/50 | Train Loss: 0.7767 | Val Loss: 0.6398 | F1 Macro: 0.2909 | F1 Dir: 0.1389 | F1 [SELL/NEU/BUY]: [0.135/0.595/0.143] | LR: 0.000028
2026-02-25 22:23:58,870 - INFO - Trial 25 pruned by Optuna at epoch 3
2026-02-25 22:23:59,806 - INFO - Trial 26 START | tcn=256, lstm=64, layers=5, batch=1024, seq=48, drop=0.493, lr=0.000035, wd=0.002919
2026-02-25 22:24:03,226 - INFO - Trial 26 | Epoch 1 | Batch 100/214 (46.7%) | Loss: 0.9715
2026-02-25 22:24:06,297 - INFO - Trial 26 | Epoch 1 | Batch 200/214 (93.5%) | Loss: 0.7995
2026-02-25 22:24:08,117 - INFO - Trial 26, Epoch 1/50 | Train Loss: 0.8622 | Val Loss: 0.6708 | F1 Macro: 0.0569 | F1 Dir: 0.0854 | F1 [SELL/NEU/BUY]: [0.143/0.000/0.028] | LR: 0.000035
2026-02-25 22:24:11,698 - INFO - Trial 26 | Epoch 2 | Batch 100/214 (46.7%) | Loss: 0.8775
2026-02-25 22:24:14,196 - INFO - Trial 26 | Epoch 2 | Batch 200/214 (93.5%) | Loss: 0.7204
2026-02-25 22:24:15,924 - INFO - Trial 26, Epoch 2/50 | Train Loss: 0.8033 | Val Loss: 0.6536 | F1 Macro: 0.0795 | F1 Dir: 0.1192 | F1 [SELL/NEU/BUY]: [0.197/0.000/0.041] | LR: 0.000035
2026-02-25 22:24:19,726 - INFO - Trial 26 | Epoch 3 | Batch 100/214 (46.7%) | Loss: 0.7027
2026-02-25 22:24:22,832 - INFO - Trial 26 | Epoch 3 | Batch 200/214 (93.5%) | Loss: 0.8216
2026-02-25 22:24:24,727 - INFO - Trial 26, Epoch 3/50 | Train Loss: 0.7930 | Val Loss: 0.6502 | F1 Macro: 0.2241 | F1 Dir: 0.1355 | F1 [SELL/NEU/BUY]: [0.213/0.401/0.058] | LR: 0.000035
2026-02-25 22:24:24,891 - INFO - Trial 26 pruned by Optuna at epoch 3
2026-02-25 22:24:25,844 - INFO - Trial 27 START | tcn=256, lstm=64, layers=3, batch=1024, seq=48, drop=0.471, lr=0.000043, wd=0.000411
2026-02-25 22:24:28,654 - INFO - Trial 27 | Epoch 1 | Batch 100/214 (46.7%) | Loss: 0.9186
2026-02-25 22:24:30,920 - INFO - Trial 27 | Epoch 1 | Batch 200/214 (93.5%) | Loss: 0.7760
2026-02-25 22:24:32,669 - INFO - Trial 27, Epoch 1/50 | Train Loss: 0.8608 | Val Loss: 0.6597 | F1 Macro: 0.2517 | F1 Dir: 0.1026 | F1 [SELL/NEU/BUY]: [0.045/0.550/0.160] | LR: 0.000043
2026-02-25 22:24:35,823 - INFO - Trial 27 | Epoch 2 | Batch 100/214 (46.7%) | Loss: 0.8434
2026-02-25 22:24:38,382 - INFO - Trial 27 | Epoch 2 | Batch 200/214 (93.5%) | Loss: 0.8715
2026-02-25 22:24:40,053 - INFO - Trial 27, Epoch 2/50 | Train Loss: 0.7961 | Val Loss: 0.6471 | F1 Macro: 0.2754 | F1 Dir: 0.1690 | F1 [SELL/NEU/BUY]: [0.085/0.488/0.253] | LR: 0.000043
2026-02-25 22:24:43,032 - INFO - Trial 27 | Epoch 3 | Batch 100/214 (46.7%) | Loss: 0.7843
2026-02-25 22:24:45,413 - INFO - Trial 27 | Epoch 3 | Batch 200/214 (93.5%) | Loss: 0.7946
2026-02-25 22:24:47,241 - INFO - Trial 27, Epoch 3/50 | Train Loss: 0.7890 | Val Loss: 0.6436 | F1 Macro: 0.3011 | F1 Dir: 0.1766 | F1 [SELL/NEU/BUY]: [0.090/0.550/0.263] | LR: 0.000043
2026-02-25 22:24:50,222 - INFO - Trial 27 | Epoch 4 | Batch 100/214 (46.7%) | Loss: 0.7892
2026-02-25 22:24:52,625 - INFO - Trial 27 | Epoch 4 | Batch 200/214 (93.5%) | Loss: 0.7598
2026-02-25 22:24:54,337 - INFO - Trial 27, Epoch 4/50 | Train Loss: 0.7863 | Val Loss: 0.6420 | F1 Macro: 0.3068 | F1 Dir: 0.1837 | F1 [SELL/NEU/BUY]: [0.102/0.553/0.266] | LR: 0.000042
2026-02-25 22:24:57,264 - INFO - Trial 27 | Epoch 5 | Batch 100/214 (46.7%) | Loss: 0.7997
2026-02-25 22:24:59,632 - INFO - Trial 27 | Epoch 5 | Batch 200/214 (93.5%) | Loss: 0.8040
2026-02-25 22:25:01,282 - INFO - Trial 27, Epoch 5/50 | Train Loss: 0.7836 | Val Loss: 0.6405 | F1 Macro: 0.3243 | F1 Dir: 0.1893 | F1 [SELL/NEU/BUY]: [0.111/0.594/0.268] | LR: 0.000042
2026-02-25 22:25:01,363 - INFO - 🏆 [DIR]    Trial 27 | Global F1 Dir record: 0.1893 (prev: 0.1889) → saved best_tcn_lstm_dir.pt
2026-02-25 22:25:04,237 - INFO - Trial 27 | Epoch 6 | Batch 100/214 (46.7%) | Loss: 0.7823
2026-02-25 22:25:06,481 - INFO - Trial 27 | Epoch 6 | Batch 200/214 (93.5%) | Loss: 0.7873
2026-02-25 22:25:08,075 - INFO - Trial 27, Epoch 6/50 | Train Loss: 0.7817 | Val Loss: 0.6401 | F1 Macro: 0.3247 | F1 Dir: 0.1860 | F1 [SELL/NEU/BUY]: [0.105/0.602/0.267] | LR: 0.000042
2026-02-25 22:25:10,874 - INFO - Trial 27 | Epoch 7 | Batch 100/214 (46.7%) | Loss: 0.7897
2026-02-25 22:25:13,126 - INFO - Trial 27 | Epoch 7 | Batch 200/214 (93.5%) | Loss: 0.8010
2026-02-25 22:25:14,831 - INFO - Trial 27, Epoch 7/50 | Train Loss: 0.7799 | Val Loss: 0.6386 | F1 Macro: 0.3336 | F1 Dir: 0.1818 | F1 [SELL/NEU/BUY]: [0.122/0.637/0.242] | LR: 0.000041
2026-02-25 22:25:17,876 - INFO - Trial 27 | Epoch 8 | Batch 100/214 (46.7%) | Loss: 0.8270
2026-02-25 22:25:20,626 - INFO - Trial 27 | Epoch 8 | Batch 200/214 (93.5%) | Loss: 0.7206
2026-02-25 22:25:22,396 - INFO - Trial 27, Epoch 8/50 | Train Loss: 0.7791 | Val Loss: 0.6395 | F1 Macro: 0.3257 | F1 Dir: 0.1792 | F1 [SELL/NEU/BUY]: [0.115/0.619/0.244] | LR: 0.000040
2026-02-25 22:25:25,411 - INFO - Trial 27 | Epoch 9 | Batch 100/214 (46.7%) | Loss: 0.7653
2026-02-25 22:25:27,802 - INFO - Trial 27 | Epoch 9 | Batch 200/214 (93.5%) | Loss: 0.6976
2026-02-25 22:25:29,551 - INFO - Trial 27, Epoch 9/50 | Train Loss: 0.7776 | Val Loss: 0.6384 | F1 Macro: 0.3368 | F1 Dir: 0.1728 | F1 [SELL/NEU/BUY]: [0.126/0.665/0.220] | LR: 0.000040
2026-02-25 22:25:32,492 - INFO - Trial 27 | Epoch 10 | Batch 100/214 (46.7%) | Loss: 0.7528
2026-02-25 22:25:34,888 - INFO - Trial 27 | Epoch 10 | Batch 200/214 (93.5%) | Loss: 0.7697
2026-02-25 22:25:36,642 - INFO - Trial 27, Epoch 10/50 | Train Loss: 0.7762 | Val Loss: 0.6388 | F1 Macro: 0.3274 | F1 Dir: 0.1668 | F1 [SELL/NEU/BUY]: [0.123/0.649/0.210] | LR: 0.000039
2026-02-25 22:25:39,602 - INFO - Trial 27 | Epoch 11 | Batch 100/214 (46.7%) | Loss: 0.7159
2026-02-25 22:25:42,042 - INFO - Trial 27 | Epoch 11 | Batch 200/214 (93.5%) | Loss: 0.7558
2026-02-25 22:25:43,824 - INFO - Trial 27, Epoch 11/50 | Train Loss: 0.7751 | Val Loss: 0.6387 | F1 Macro: 0.3230 | F1 Dir: 0.1583 | F1 [SELL/NEU/BUY]: [0.129/0.652/0.187] | LR: 0.000038
2026-02-25 22:25:46,785 - INFO - Trial 27 | Epoch 12 | Batch 100/214 (46.7%) | Loss: 0.7664
2026-02-25 22:25:49,190 - INFO - Trial 27 | Epoch 12 | Batch 200/214 (93.5%) | Loss: 0.7947
2026-02-25 22:25:50,922 - INFO - Trial 27, Epoch 12/50 | Train Loss: 0.7738 | Val Loss: 0.6385 | F1 Macro: 0.3252 | F1 Dir: 0.1578 | F1 [SELL/NEU/BUY]: [0.131/0.660/0.184] | LR: 0.000037
2026-02-25 22:25:50,973 - INFO - Trial 27 stopped early due to patience (3 epochs without improvement)
2026-02-25 22:25:52,066 - INFO - Trial 28 START | tcn=256, lstm=64, layers=2, batch=1024, seq=24, drop=0.481, lr=0.000045, wd=0.000462
2026-02-25 22:25:54,445 - INFO - Trial 28 | Epoch 1 | Batch 100/214 (46.7%) | Loss: 0.8227
2026-02-25 22:25:56,205 - INFO - Trial 28 | Epoch 1 | Batch 200/214 (93.5%) | Loss: 0.7500
2026-02-25 22:25:57,665 - INFO - Trial 28, Epoch 1/50 | Train Loss: 0.8264 | Val Loss: 0.6519 | F1 Macro: 0.2421 | F1 Dir: 0.1387 | F1 [SELL/NEU/BUY]: [0.065/0.449/0.213] | LR: 0.000045
2026-02-25 22:26:00,016 - INFO - Trial 28 | Epoch 2 | Batch 100/214 (46.7%) | Loss: 0.8744
2026-02-25 22:26:01,832 - INFO - Trial 28 | Epoch 2 | Batch 200/214 (93.5%) | Loss: 0.8408
2026-02-25 22:26:03,295 - INFO - Trial 28, Epoch 2/50 | Train Loss: 0.7899 | Val Loss: 0.6430 | F1 Macro: 0.2699 | F1 Dir: 0.1423 | F1 [SELL/NEU/BUY]: [0.128/0.525/0.157] | LR: 0.000045
2026-02-25 22:26:05,622 - INFO - Trial 28 | Epoch 3 | Batch 100/214 (46.7%) | Loss: 0.8034
2026-02-25 22:26:07,376 - INFO - Trial 28 | Epoch 3 | Batch 200/214 (93.5%) | Loss: 0.7883
2026-02-25 22:26:08,810 - INFO - Trial 28, Epoch 3/50 | Train Loss: 0.7836 | Val Loss: 0.6409 | F1 Macro: 0.2883 | F1 Dir: 0.1493 | F1 [SELL/NEU/BUY]: [0.120/0.566/0.178] | LR: 0.000045
2026-02-25 22:26:08,967 - INFO - Trial 28 pruned by Optuna at epoch 3
2026-02-25 22:26:09,824 - INFO - Trial 29 START | tcn=64, lstm=64, layers=2, batch=512, seq=48, drop=0.460, lr=0.000059, wd=0.000175
2026-02-25 22:26:12,013 - INFO - Trial 29 | Epoch 1 | Batch 100/427 (23.4%) | Loss: 0.8107
2026-02-25 22:26:13,850 - INFO - Trial 29 | Epoch 1 | Batch 200/427 (46.8%) | Loss: 0.8523
2026-02-25 22:26:15,638 - INFO - Trial 29 | Epoch 1 | Batch 300/427 (70.3%) | Loss: 0.7650
2026-02-25 22:26:17,463 - INFO - Trial 29 | Epoch 1 | Batch 400/427 (93.7%) | Loss: 0.7890
2026-02-25 22:26:19,576 - INFO - Trial 29, Epoch 1/50 | Train Loss: 0.8110 | Val Loss: 0.6452 | F1 Macro: 0.2357 | F1 Dir: 0.0790 | F1 [SELL/NEU/BUY]: [0.143/0.549/0.015] | LR: 0.000059
2026-02-25 22:26:21,901 - INFO - Trial 29 | Epoch 2 | Batch 100/427 (23.4%) | Loss: 0.7948
2026-02-25 22:26:23,690 - INFO - Trial 29 | Epoch 2 | Batch 200/427 (46.8%) | Loss: 0.9003
2026-02-25 22:26:25,469 - INFO - Trial 29 | Epoch 2 | Batch 300/427 (70.3%) | Loss: 0.8569
2026-02-25 22:26:27,472 - INFO - Trial 29 | Epoch 2 | Batch 400/427 (93.7%) | Loss: 0.8380
2026-02-25 22:26:29,570 - INFO - Trial 29, Epoch 2/50 | Train Loss: 0.7837 | Val Loss: 0.6407 | F1 Macro: 0.2731 | F1 Dir: 0.1040 | F1 [SELL/NEU/BUY]: [0.151/0.611/0.057] | LR: 0.000059
2026-02-25 22:26:32,036 - INFO - Trial 29 | Epoch 3 | Batch 100/427 (23.4%) | Loss: 0.7730
2026-02-25 22:26:33,813 - INFO - Trial 29 | Epoch 3 | Batch 200/427 (46.8%) | Loss: 0.8055
2026-02-25 22:26:35,595 - INFO - Trial 29 | Epoch 3 | Batch 300/427 (70.3%) | Loss: 0.7537
2026-02-25 22:26:37,258 - INFO - Trial 29 | Epoch 3 | Batch 400/427 (93.7%) | Loss: 0.7330
2026-02-25 22:26:39,385 - INFO - Trial 29, Epoch 3/50 | Train Loss: 0.7805 | Val Loss: 0.6396 | F1 Macro: 0.3109 | F1 Dir: 0.1460 | F1 [SELL/NEU/BUY]: [0.145/0.641/0.147] | LR: 0.000059
2026-02-25 22:26:41,641 - INFO - Trial 29 | Epoch 4 | Batch 100/427 (23.4%) | Loss: 0.7602
2026-02-25 22:26:43,348 - INFO - Trial 29 | Epoch 4 | Batch 200/427 (46.8%) | Loss: 0.7415
2026-02-25 22:26:45,084 - INFO - Trial 29 | Epoch 4 | Batch 300/427 (70.3%) | Loss: 0.8215
2026-02-25 22:26:46,915 - INFO - Trial 29 | Epoch 4 | Batch 400/427 (93.7%) | Loss: 0.8318
2026-02-25 22:26:48,997 - INFO - Trial 29, Epoch 4/50 | Train Loss: 0.7788 | Val Loss: 0.6388 | F1 Macro: 0.3113 | F1 Dir: 0.1598 | F1 [SELL/NEU/BUY]: [0.127/0.614/0.192] | LR: 0.000058
2026-02-25 22:26:51,296 - INFO - Trial 29 | Epoch 5 | Batch 100/427 (23.4%) | Loss: 0.7367
2026-02-25 22:26:52,999 - INFO - Trial 29 | Epoch 5 | Batch 200/427 (46.8%) | Loss: 0.7350
2026-02-25 22:26:54,713 - INFO - Trial 29 | Epoch 5 | Batch 300/427 (70.3%) | Loss: 0.7479
2026-02-25 22:26:56,477 - INFO - Trial 29 | Epoch 5 | Batch 400/427 (93.7%) | Loss: 0.8005
2026-02-25 22:26:58,589 - INFO - Trial 29, Epoch 5/50 | Train Loss: 0.7782 | Val Loss: 0.6378 | F1 Macro: 0.3117 | F1 Dir: 0.1518 | F1 [SELL/NEU/BUY]: [0.140/0.632/0.163] | LR: 0.000058
2026-02-25 22:27:01,099 - INFO - Trial 29 | Epoch 6 | Batch 100/427 (23.4%) | Loss: 0.7780
2026-02-25 22:27:02,869 - INFO - Trial 29 | Epoch 6 | Batch 200/427 (46.8%) | Loss: 0.9091
2026-02-25 22:27:04,624 - INFO - Trial 29 | Epoch 6 | Batch 300/427 (70.3%) | Loss: 0.8232
2026-02-25 22:27:06,381 - INFO - Trial 29 | Epoch 6 | Batch 400/427 (93.7%) | Loss: 0.7126
2026-02-25 22:27:08,372 - INFO - Trial 29, Epoch 6/50 | Train Loss: 0.7767 | Val Loss: 0.6372 | F1 Macro: 0.3249 | F1 Dir: 0.1562 | F1 [SELL/NEU/BUY]: [0.142/0.662/0.170] | LR: 0.000057
2026-02-25 22:27:10,652 - INFO - Trial 29 | Epoch 7 | Batch 100/427 (23.4%) | Loss: 0.6965
2026-02-25 22:27:12,438 - INFO - Trial 29 | Epoch 7 | Batch 200/427 (46.8%) | Loss: 0.8470
2026-02-25 22:27:14,196 - INFO - Trial 29 | Epoch 7 | Batch 300/427 (70.3%) | Loss: 0.7561
2026-02-25 22:27:16,010 - INFO - Trial 29 | Epoch 7 | Batch 400/427 (93.7%) | Loss: 0.7774
2026-02-25 22:27:18,107 - INFO - Trial 29, Epoch 7/50 | Train Loss: 0.7766 | Val Loss: 0.6370 | F1 Macro: 0.3200 | F1 Dir: 0.1527 | F1 [SELL/NEU/BUY]: [0.145/0.655/0.160] | LR: 0.000056
2026-02-25 22:27:20,316 - INFO - Trial 29 | Epoch 8 | Batch 100/427 (23.4%) | Loss: 0.7107
2026-02-25 22:27:22,072 - INFO - Trial 29 | Epoch 8 | Batch 200/427 (46.8%) | Loss: 0.8761
2026-02-25 22:27:23,855 - INFO - Trial 29 | Epoch 8 | Batch 300/427 (70.3%) | Loss: 0.8482
2026-02-25 22:27:25,661 - INFO - Trial 29 | Epoch 8 | Batch 400/427 (93.7%) | Loss: 0.7856
2026-02-25 22:27:27,755 - INFO - Trial 29, Epoch 8/50 | Train Loss: 0.7752 | Val Loss: 0.6374 | F1 Macro: 0.3032 | F1 Dir: 0.1449 | F1 [SELL/NEU/BUY]: [0.146/0.620/0.144] | LR: 0.000056
2026-02-25 22:27:30,028 - INFO - Trial 29 | Epoch 9 | Batch 100/427 (23.4%) | Loss: 0.8196
2026-02-25 22:27:31,845 - INFO - Trial 29 | Epoch 9 | Batch 200/427 (46.8%) | Loss: 0.8176
2026-02-25 22:27:33,908 - INFO - Trial 29 | Epoch 9 | Batch 300/427 (70.3%) | Loss: 0.6686
2026-02-25 22:27:35,717 - INFO - Trial 29 | Epoch 9 | Batch 400/427 (93.7%) | Loss: 0.7931
2026-02-25 22:27:37,814 - INFO - Trial 29, Epoch 9/50 | Train Loss: 0.7742 | Val Loss: 0.6372 | F1 Macro: 0.2972 | F1 Dir: 0.1433 | F1 [SELL/NEU/BUY]: [0.145/0.605/0.142] | LR: 0.000055
2026-02-25 22:27:40,070 - INFO - Trial 29 | Epoch 10 | Batch 100/427 (23.4%) | Loss: 0.7807
2026-02-25 22:27:41,865 - INFO - Trial 29 | Epoch 10 | Batch 200/427 (46.8%) | Loss: 0.7226
2026-02-25 22:27:43,564 - INFO - Trial 29 | Epoch 10 | Batch 300/427 (70.3%) | Loss: 0.8504
2026-02-25 22:27:45,286 - INFO - Trial 29 | Epoch 10 | Batch 400/427 (93.7%) | Loss: 0.8571
2026-02-25 22:27:47,383 - INFO - Trial 29, Epoch 10/50 | Train Loss: 0.7728 | Val Loss: 0.6375 | F1 Macro: 0.2909 | F1 Dir: 0.1416 | F1 [SELL/NEU/BUY]: [0.141/0.589/0.142] | LR: 0.000054
2026-02-25 22:27:47,444 - INFO - Trial 29 stopped early due to patience (3 epochs without improvement)
2026-02-25 22:27:48,445 - INFO - Trial 30 START | tcn=128, lstm=64, layers=4, batch=1024, seq=24, drop=0.326, lr=0.000040, wd=0.000261
2026-02-25 22:27:51,011 - INFO - Trial 30 | Epoch 1 | Batch 100/214 (46.7%) | Loss: 0.8232
2026-02-25 22:27:53,147 - INFO - Trial 30 | Epoch 1 | Batch 200/214 (93.5%) | Loss: 0.8450
2026-02-25 22:27:54,690 - INFO - Trial 30, Epoch 1/50 | Train Loss: 0.8531 | Val Loss: 0.6617 | F1 Macro: 0.0771 | F1 Dir: 0.1156 | F1 [SELL/NEU/BUY]: [0.188/0.000/0.043] | LR: 0.000040
2026-02-25 22:27:57,296 - INFO - Trial 30 | Epoch 2 | Batch 100/214 (46.7%) | Loss: 0.7936
2026-02-25 22:27:59,387 - INFO - Trial 30 | Epoch 2 | Batch 200/214 (93.5%) | Loss: 0.8094
2026-02-25 22:28:00,913 - INFO - Trial 30, Epoch 2/50 | Train Loss: 0.7969 | Val Loss: 0.6509 | F1 Macro: 0.0896 | F1 Dir: 0.1342 | F1 [SELL/NEU/BUY]: [0.220/0.000/0.048] | LR: 0.000040
2026-02-25 22:28:03,898 - INFO - Trial 30 | Epoch 3 | Batch 100/214 (46.7%) | Loss: 0.8445
2026-02-25 22:28:06,046 - INFO - Trial 30 | Epoch 3 | Batch 200/214 (93.5%) | Loss: 0.7798
2026-02-25 22:28:07,668 - INFO - Trial 30, Epoch 3/50 | Train Loss: 0.7903 | Val Loss: 0.6472 | F1 Macro: 0.2237 | F1 Dir: 0.1392 | F1 [SELL/NEU/BUY]: [0.220/0.393/0.058] | LR: 0.000040
2026-02-25 22:28:07,833 - INFO - Trial 30 pruned by Optuna at epoch 3
2026-02-25 22:28:08,591 - INFO - Trial 31 START | tcn=256, lstm=64, layers=3, batch=1024, seq=48, drop=0.415, lr=0.000035, wd=0.000926
2026-02-25 22:28:11,379 - INFO - Trial 31 | Epoch 1 | Batch 100/214 (46.7%) | Loss: 0.9590
2026-02-25 22:28:13,708 - INFO - Trial 31 | Epoch 1 | Batch 200/214 (93.5%) | Loss: 0.9254
2026-02-25 22:28:15,502 - INFO - Trial 31, Epoch 1/50 | Train Loss: 0.8862 | Val Loss: 0.6665 | F1 Macro: 0.2232 | F1 Dir: 0.0926 | F1 [SELL/NEU/BUY]: [0.039/0.484/0.146] | LR: 0.000035
2026-02-25 22:28:18,504 - INFO - Trial 31 | Epoch 2 | Batch 100/214 (46.7%) | Loss: 0.8785
2026-02-25 22:28:20,859 - INFO - Trial 31 | Epoch 2 | Batch 200/214 (93.5%) | Loss: 0.7305
2026-02-25 22:28:22,574 - INFO - Trial 31, Epoch 2/50 | Train Loss: 0.8001 | Val Loss: 0.6486 | F1 Macro: 0.2544 | F1 Dir: 0.1412 | F1 [SELL/NEU/BUY]: [0.064/0.481/0.218] | LR: 0.000035
2026-02-25 22:28:25,579 - INFO - Trial 31 | Epoch 3 | Batch 100/214 (46.7%) | Loss: 0.8399
2026-02-25 22:28:27,921 - INFO - Trial 31 | Epoch 3 | Batch 200/214 (93.5%) | Loss: 0.7754
2026-02-25 22:28:29,668 - INFO - Trial 31, Epoch 3/50 | Train Loss: 0.7902 | Val Loss: 0.6444 | F1 Macro: 0.2720 | F1 Dir: 0.1487 | F1 [SELL/NEU/BUY]: [0.068/0.519/0.229] | LR: 0.000034
2026-02-25 22:28:29,846 - INFO - Trial 31 pruned by Optuna at epoch 3
2026-02-25 22:28:30,746 - INFO - Trial 32 START | tcn=256, lstm=128, layers=3, batch=1024, seq=48, drop=0.437, lr=0.000025, wd=0.000510
2026-02-25 22:28:33,780 - INFO - Trial 32 | Epoch 1 | Batch 100/214 (46.7%) | Loss: 0.8688
2026-02-25 22:28:36,338 - INFO - Trial 32 | Epoch 1 | Batch 200/214 (93.5%) | Loss: 0.7304
2026-02-25 22:28:38,157 - INFO - Trial 32, Epoch 1/50 | Train Loss: 0.8268 | Val Loss: 0.6552 | F1 Macro: 0.0842 | F1 Dir: 0.1263 | F1 [SELL/NEU/BUY]: [0.206/0.000/0.047] | LR: 0.000025
2026-02-25 22:28:41,526 - INFO - Trial 32 | Epoch 2 | Batch 100/214 (46.7%) | Loss: 0.7788
2026-02-25 22:28:44,094 - INFO - Trial 32 | Epoch 2 | Batch 200/214 (93.5%) | Loss: 0.7927
2026-02-25 22:28:45,906 - INFO - Trial 32, Epoch 2/50 | Train Loss: 0.7883 | Val Loss: 0.6456 | F1 Macro: 0.2443 | F1 Dir: 0.1349 | F1 [SELL/NEU/BUY]: [0.212/0.463/0.058] | LR: 0.000025
2026-02-25 22:28:49,112 - INFO - Trial 32 | Epoch 3 | Batch 100/214 (46.7%) | Loss: 0.7450
2026-02-25 22:28:51,772 - INFO - Trial 32 | Epoch 3 | Batch 200/214 (93.5%) | Loss: 0.6974
2026-02-25 22:28:53,590 - INFO - Trial 32, Epoch 3/50 | Train Loss: 0.7828 | Val Loss: 0.6425 | F1 Macro: 0.2698 | F1 Dir: 0.1344 | F1 [SELL/NEU/BUY]: [0.165/0.541/0.103] | LR: 0.000025
2026-02-25 22:28:53,717 - INFO - Trial 32 pruned by Optuna at epoch 3
2026-02-25 22:28:54,575 - INFO - Trial 33 START | tcn=256, lstm=64, layers=3, batch=1024, seq=48, drop=0.394, lr=0.000039, wd=0.001480
2026-02-25 22:28:57,407 - INFO - Trial 33 | Epoch 1 | Batch 100/214 (46.7%) | Loss: 0.7923
2026-02-25 22:28:59,756 - INFO - Trial 33 | Epoch 1 | Batch 200/214 (93.5%) | Loss: 0.7649
2026-02-25 22:29:01,485 - INFO - Trial 33, Epoch 1/50 | Train Loss: 0.8481 | Val Loss: 0.6495 | F1 Macro: 0.2155 | F1 Dir: 0.0681 | F1 [SELL/NEU/BUY]: [0.136/0.510/0.000] | LR: 0.000039
2026-02-25 22:29:04,537 - INFO - Trial 33 | Epoch 2 | Batch 100/214 (46.7%) | Loss: 0.7591
2026-02-25 22:29:07,073 - INFO - Trial 33 | Epoch 2 | Batch 200/214 (93.5%) | Loss: 0.7716
2026-02-25 22:29:08,823 - INFO - Trial 33, Epoch 2/50 | Train Loss: 0.7888 | Val Loss: 0.6432 | F1 Macro: 0.2148 | F1 Dir: 0.0683 | F1 [SELL/NEU/BUY]: [0.137/0.508/0.000] | LR: 0.000039
2026-02-25 22:29:11,997 - INFO - Trial 33 | Epoch 3 | Batch 100/214 (46.7%) | Loss: 0.8483
2026-02-25 22:29:14,578 - INFO - Trial 33 | Epoch 3 | Batch 200/214 (93.5%) | Loss: 0.6945
2026-02-25 22:29:16,350 - INFO - Trial 33, Epoch 3/50 | Train Loss: 0.7835 | Val Loss: 0.6405 | F1 Macro: 0.2498 | F1 Dir: 0.0746 | F1 [SELL/NEU/BUY]: [0.149/0.600/0.000] | LR: 0.000039
2026-02-25 22:29:16,506 - INFO - Trial 33 pruned by Optuna at epoch 3
2026-02-25 22:29:17,443 - INFO - Trial 34 START | tcn=256, lstm=128, layers=2, batch=512, seq=48, drop=0.364, lr=0.000049, wd=0.000259
2026-02-25 22:29:19,726 - INFO - Trial 34 | Epoch 1 | Batch 100/427 (23.4%) | Loss: 0.7570
2026-02-25 22:29:21,622 - INFO - Trial 34 | Epoch 1 | Batch 200/427 (46.8%) | Loss: 0.7456
2026-02-25 22:29:23,531 - INFO - Trial 34 | Epoch 1 | Batch 300/427 (70.3%) | Loss: 0.7985
2026-02-25 22:29:25,446 - INFO - Trial 34 | Epoch 1 | Batch 400/427 (93.7%) | Loss: 0.8044
2026-02-25 22:29:27,587 - INFO - Trial 34, Epoch 1/50 | Train Loss: 0.7939 | Val Loss: 0.6411 | F1 Macro: 0.2749 | F1 Dir: 0.1319 | F1 [SELL/NEU/BUY]: [0.128/0.561/0.135] | LR: 0.000049
2026-02-25 22:29:30,028 - INFO - Trial 34 | Epoch 2 | Batch 100/427 (23.4%) | Loss: 0.6549
2026-02-25 22:29:31,944 - INFO - Trial 34 | Epoch 2 | Batch 200/427 (46.8%) | Loss: 0.7432
2026-02-25 22:29:33,847 - INFO - Trial 34 | Epoch 2 | Batch 300/427 (70.3%) | Loss: 0.7131
2026-02-25 22:29:35,800 - INFO - Trial 34 | Epoch 2 | Batch 400/427 (93.7%) | Loss: 0.7562
2026-02-25 22:29:37,873 - INFO - Trial 34, Epoch 2/50 | Train Loss: 0.7764 | Val Loss: 0.6381 | F1 Macro: 0.2989 | F1 Dir: 0.1466 | F1 [SELL/NEU/BUY]: [0.127/0.603/0.166] | LR: 0.000049
2026-02-25 22:29:40,301 - INFO - Trial 34 | Epoch 3 | Batch 100/427 (23.4%) | Loss: 0.6546
2026-02-25 22:29:42,234 - INFO - Trial 34 | Epoch 3 | Batch 200/427 (46.8%) | Loss: 0.7380
2026-02-25 22:29:44,170 - INFO - Trial 34 | Epoch 3 | Batch 300/427 (70.3%) | Loss: 0.7423
2026-02-25 22:29:45,975 - INFO - Trial 34 | Epoch 3 | Batch 400/427 (93.7%) | Loss: 0.7900
2026-02-25 22:29:48,047 - INFO - Trial 34, Epoch 3/50 | Train Loss: 0.7723 | Val Loss: 0.6389 | F1 Macro: 0.2932 | F1 Dir: 0.1459 | F1 [SELL/NEU/BUY]: [0.134/0.588/0.158] | LR: 0.000049
2026-02-25 22:29:48,134 - INFO - Trial 34 pruned by Optuna at epoch 3
2026-02-25 22:29:49,030 - INFO - Trial 35 START | tcn=256, lstm=256, layers=3, batch=1024, seq=96, drop=0.387, lr=0.000030, wd=0.000343
2026-02-25 22:29:56,499 - INFO - Trial 35 | Epoch 1 | Batch 100/214 (46.7%) | Loss: 0.7618
2026-02-25 22:30:03,541 - INFO - Trial 35 | Epoch 1 | Batch 200/214 (93.5%) | Loss: 0.8031
2026-02-25 22:30:06,702 - INFO - Trial 35, Epoch 1/50 | Train Loss: 0.8075 | Val Loss: 0.6470 | F1 Macro: 0.2051 | F1 Dir: 0.0667 | F1 [SELL/NEU/BUY]: [0.133/0.482/0.000] | LR: 0.000030
2026-02-25 22:30:14,307 - INFO - Trial 35 | Epoch 2 | Batch 100/214 (46.7%) | Loss: 0.7821
2026-02-25 22:30:21,384 - INFO - Trial 35 | Epoch 2 | Batch 200/214 (93.5%) | Loss: 0.7325
2026-02-25 22:30:24,573 - INFO - Trial 35, Epoch 2/50 | Train Loss: 0.7803 | Val Loss: 0.6420 | F1 Macro: 0.3033 | F1 Dir: 0.1782 | F1 [SELL/NEU/BUY]: [0.112/0.554/0.244] | LR: 0.000030
2026-02-25 22:30:32,204 - INFO - Trial 35 | Epoch 3 | Batch 100/214 (46.7%) | Loss: 0.8848
2026-02-25 22:30:39,259 - INFO - Trial 35 | Epoch 3 | Batch 200/214 (93.5%) | Loss: 0.7005
2026-02-25 22:30:42,388 - INFO - Trial 35, Epoch 3/50 | Train Loss: 0.7772 | Val Loss: 0.6396 | F1 Macro: 0.3138 | F1 Dir: 0.1690 | F1 [SELL/NEU/BUY]: [0.129/0.603/0.209] | LR: 0.000030
2026-02-25 22:30:49,956 - INFO - Trial 35 | Epoch 4 | Batch 100/214 (46.7%) | Loss: 0.6913
2026-02-25 22:30:57,040 - INFO - Trial 35 | Epoch 4 | Batch 200/214 (93.5%) | Loss: 0.8181
2026-02-25 22:31:00,252 - INFO - Trial 35, Epoch 4/50 | Train Loss: 0.7759 | Val Loss: 0.6378 | F1 Macro: 0.3030 | F1 Dir: 0.1419 | F1 [SELL/NEU/BUY]: [0.146/0.625/0.138] | LR: 0.000030
2026-02-25 22:31:07,821 - INFO - Trial 35 | Epoch 5 | Batch 100/214 (46.7%) | Loss: 0.7903
2026-02-25 22:31:14,900 - INFO - Trial 35 | Epoch 5 | Batch 200/214 (93.5%) | Loss: 0.7904
2026-02-25 22:31:18,055 - INFO - Trial 35, Epoch 5/50 | Train Loss: 0.7736 | Val Loss: 0.6376 | F1 Macro: 0.3043 | F1 Dir: 0.1413 | F1 [SELL/NEU/BUY]: [0.145/0.630/0.138] | LR: 0.000030
2026-02-25 22:31:25,611 - INFO - Trial 35 | Epoch 6 | Batch 100/214 (46.7%) | Loss: 0.8089
2026-02-25 22:31:32,694 - INFO - Trial 35 | Epoch 6 | Batch 200/214 (93.5%) | Loss: 0.7899
2026-02-25 22:31:35,898 - INFO - Trial 35, Epoch 6/50 | Train Loss: 0.7720 | Val Loss: 0.6399 | F1 Macro: 0.3084 | F1 Dir: 0.1500 | F1 [SELL/NEU/BUY]: [0.129/0.625/0.171] | LR: 0.000029
2026-02-25 22:31:43,487 - INFO - Trial 35 | Epoch 7 | Batch 100/214 (46.7%) | Loss: 0.7559
2026-02-25 22:31:50,552 - INFO - Trial 35 | Epoch 7 | Batch 200/214 (93.5%) | Loss: 0.7836
2026-02-25 22:31:53,703 - INFO - Trial 35, Epoch 7/50 | Train Loss: 0.7691 | Val Loss: 0.6394 | F1 Macro: 0.3025 | F1 Dir: 0.1431 | F1 [SELL/NEU/BUY]: [0.142/0.621/0.144] | LR: 0.000029
2026-02-25 22:32:01,323 - INFO - Trial 35 | Epoch 8 | Batch 100/214 (46.7%) | Loss: 0.7460
2026-02-25 22:32:08,408 - INFO - Trial 35 | Epoch 8 | Batch 200/214 (93.5%) | Loss: 0.7950
2026-02-25 22:32:11,686 - INFO - Trial 35, Epoch 8/50 | Train Loss: 0.7666 | Val Loss: 0.6396 | F1 Macro: 0.3147 | F1 Dir: 0.1484 | F1 [SELL/NEU/BUY]: [0.146/0.647/0.151] | LR: 0.000028
2026-02-25 22:32:11,736 - INFO - Trial 35 stopped early due to patience (3 epochs without improvement)
2026-02-25 22:32:12,587 - INFO - Trial 36 START | tcn=256, lstm=256, layers=4, batch=1024, seq=48, drop=0.471, lr=0.000016, wd=0.001096
2026-02-25 22:32:17,495 - INFO - Trial 36 | Epoch 1 | Batch 100/214 (46.7%) | Loss: 0.8144
2026-02-25 22:32:21,949 - INFO - Trial 36 | Epoch 1 | Batch 200/214 (93.5%) | Loss: 0.7734
2026-02-25 22:32:24,190 - INFO - Trial 36, Epoch 1/50 | Train Loss: 0.8325 | Val Loss: 0.6568 | F1 Macro: 0.1305 | F1 Dir: 0.0671 | F1 [SELL/NEU/BUY]: [0.116/0.257/0.018] | LR: 0.000016
2026-02-25 22:32:29,334 - INFO - Trial 36 | Epoch 2 | Batch 100/214 (46.7%) | Loss: 0.7420
2026-02-25 22:32:33,853 - INFO - Trial 36 | Epoch 2 | Batch 200/214 (93.5%) | Loss: 0.7515
2026-02-25 22:32:36,009 - INFO - Trial 36, Epoch 2/50 | Train Loss: 0.7880 | Val Loss: 0.6485 | F1 Macro: 0.2079 | F1 Dir: 0.0688 | F1 [SELL/NEU/BUY]: [0.134/0.486/0.003] | LR: 0.000016
2026-02-25 22:32:40,970 - INFO - Trial 36 | Epoch 3 | Batch 100/214 (46.7%) | Loss: 0.8116
2026-02-25 22:32:45,421 - INFO - Trial 36 | Epoch 3 | Batch 200/214 (93.5%) | Loss: 0.7212
2026-02-25 22:32:47,606 - INFO - Trial 36, Epoch 3/50 | Train Loss: 0.7834 | Val Loss: 0.6440 | F1 Macro: 0.2997 | F1 Dir: 0.1620 | F1 [SELL/NEU/BUY]: [0.122/0.575/0.202] | LR: 0.000016
2026-02-25 22:32:47,755 - INFO - Trial 36 pruned by Optuna at epoch 3
2026-02-25 22:32:48,659 - INFO - Trial 37 START | tcn=128, lstm=64, layers=2, batch=2048, seq=96, drop=0.450, lr=0.000021, wd=0.004267
2026-02-25 22:32:53,970 - INFO - Trial 37 | Epoch 1 | Batch 100/107 (93.5%) | Loss: 0.8686
2026-02-25 22:32:55,700 - INFO - Trial 37, Epoch 1/50 | Train Loss: 0.8865 | Val Loss: 0.7125 | F1 Macro: 0.0334 | F1 Dir: 0.0501 | F1 [SELL/NEU/BUY]: [0.100/0.000/0.000] | LR: 0.000021
2026-02-25 22:33:01,121 - INFO - Trial 37 | Epoch 2 | Batch 100/107 (93.5%) | Loss: 0.8761
2026-02-25 22:33:02,772 - INFO - Trial 37, Epoch 2/50 | Train Loss: 0.8591 | Val Loss: 0.6879 | F1 Macro: 0.0334 | F1 Dir: 0.0501 | F1 [SELL/NEU/BUY]: [0.100/0.000/0.000] | LR: 0.000021
2026-02-25 22:33:08,106 - INFO - Trial 37 | Epoch 3 | Batch 100/107 (93.5%) | Loss: 0.8280
2026-02-25 22:33:09,805 - INFO - Trial 37, Epoch 3/50 | Train Loss: 0.8236 | Val Loss: 0.6712 | F1 Macro: 0.0762 | F1 Dir: 0.1144 | F1 [SELL/NEU/BUY]: [0.040/0.000/0.189] | LR: 0.000021
2026-02-25 22:33:10,014 - INFO - Trial 37 pruned by Optuna at epoch 3
2026-02-25 22:33:10,776 - INFO - Trial 38 START | tcn=256, lstm=256, layers=3, batch=1024, seq=48, drop=0.374, lr=0.000048, wd=0.000187
2026-02-25 22:33:15,097 - INFO - Trial 38 | Epoch 1 | Batch 100/214 (46.7%) | Loss: 0.7734
2026-02-25 22:33:18,939 - INFO - Trial 38 | Epoch 1 | Batch 200/214 (93.5%) | Loss: 0.7552
2026-02-25 22:33:20,906 - INFO - Trial 38, Epoch 1/50 | Train Loss: 0.8042 | Val Loss: 0.6443 | F1 Macro: 0.2633 | F1 Dir: 0.1269 | F1 [SELL/NEU/BUY]: [0.129/0.536/0.125] | LR: 0.000048
2026-02-25 22:33:25,295 - INFO - Trial 38 | Epoch 2 | Batch 100/214 (46.7%) | Loss: 0.8471
2026-02-25 22:33:29,163 - INFO - Trial 38 | Epoch 2 | Batch 200/214 (93.5%) | Loss: 0.7423
2026-02-25 22:33:31,201 - INFO - Trial 38, Epoch 2/50 | Train Loss: 0.7790 | Val Loss: 0.6402 | F1 Macro: 0.2858 | F1 Dir: 0.1354 | F1 [SELL/NEU/BUY]: [0.130/0.587/0.141] | LR: 0.000048
2026-02-25 22:33:35,591 - INFO - Trial 38 | Epoch 3 | Batch 100/214 (46.7%) | Loss: 0.7715
2026-02-25 22:33:39,248 - INFO - Trial 38 | Epoch 3 | Batch 200/214 (93.5%) | Loss: 0.7991
2026-02-25 22:33:41,378 - INFO - Trial 38, Epoch 3/50 | Train Loss: 0.7755 | Val Loss: 0.6400 | F1 Macro: 0.2888 | F1 Dir: 0.1367 | F1 [SELL/NEU/BUY]: [0.124/0.593/0.149] | LR: 0.000048
2026-02-25 22:33:41,537 - INFO - Trial 38 pruned by Optuna at epoch 3
2026-02-25 22:33:42,621 - INFO - Trial 39 START | tcn=64, lstm=128, layers=4, batch=512, seq=48, drop=0.414, lr=0.000025, wd=0.000766
2026-02-25 22:33:45,217 - INFO - Trial 39 | Epoch 1 | Batch 100/427 (23.4%) | Loss: 0.8848
2026-02-25 22:33:47,406 - INFO - Trial 39 | Epoch 1 | Batch 200/427 (46.8%) | Loss: 0.9148
2026-02-25 22:33:49,633 - INFO - Trial 39 | Epoch 1 | Batch 300/427 (70.3%) | Loss: 0.7898
2026-02-25 22:33:51,848 - INFO - Trial 39 | Epoch 1 | Batch 400/427 (93.7%) | Loss: 0.7587
2026-02-25 22:33:54,032 - INFO - Trial 39, Epoch 1/50 | Train Loss: 0.8155 | Val Loss: 0.6584 | F1 Macro: 0.0766 | F1 Dir: 0.1148 | F1 [SELL/NEU/BUY]: [0.168/0.000/0.061] | LR: 0.000025
2026-02-25 22:33:56,822 - INFO - Trial 39 | Epoch 2 | Batch 100/427 (23.4%) | Loss: 0.7642
2026-02-25 22:33:58,980 - INFO - Trial 39 | Epoch 2 | Batch 200/427 (46.8%) | Loss: 0.8176
2026-02-25 22:34:01,158 - INFO - Trial 39 | Epoch 2 | Batch 300/427 (70.3%) | Loss: 0.7328
2026-02-25 22:34:03,349 - INFO - Trial 39 | Epoch 2 | Batch 400/427 (93.7%) | Loss: 0.8244
2026-02-25 22:34:05,517 - INFO - Trial 39, Epoch 2/50 | Train Loss: 0.7887 | Val Loss: 0.6475 | F1 Macro: 0.2372 | F1 Dir: 0.1223 | F1 [SELL/NEU/BUY]: [0.169/0.467/0.076] | LR: 0.000025
2026-02-25 22:34:08,235 - INFO - Trial 39 | Epoch 3 | Batch 100/427 (23.4%) | Loss: 0.7448
2026-02-25 22:34:10,424 - INFO - Trial 39 | Epoch 3 | Batch 200/427 (46.8%) | Loss: 0.7713
2026-02-25 22:34:12,802 - INFO - Trial 39 | Epoch 3 | Batch 300/427 (70.3%) | Loss: 0.8647
2026-02-25 22:34:15,031 - INFO - Trial 39 | Epoch 3 | Batch 400/427 (93.7%) | Loss: 0.7706
2026-02-25 22:34:17,250 - INFO - Trial 39, Epoch 3/50 | Train Loss: 0.7841 | Val Loss: 0.6448 | F1 Macro: 0.2563 | F1 Dir: 0.1233 | F1 [SELL/NEU/BUY]: [0.146/0.522/0.100] | LR: 0.000025
2026-02-25 22:34:17,410 - INFO - Trial 39 pruned by Optuna at epoch 3
2026-02-25 22:34:17,561 - INFO - ============================================================
2026-02-25 22:34:17,561 - INFO - --- OTIMIZACAO FINALIZADA ---
2026-02-25 22:34:17,561 - INFO - Motivo da Parada: MAXIMO DE TRIALS (40) ALCANCADOS
2026-02-25 22:34:17,562 - INFO - Tempo de Execucao da Sessao: 0.71 Horas
2026-02-25 22:34:17,562 - INFO - Trials Executados nesta Sessao: 40
2026-02-25 22:34:17,562 - INFO - ============================================================
2026-02-25 22:34:17,570 - INFO - Optimization complete | Melhor F1 Macro: 0.3574
2026-02-25 22:34:17,578 - INFO - Melhores Parametros Macro: {'tcn_channels': 256, 'lstm_hidden': 64, 'num_lstm_layers': 3, 'batch_size': 1024, 'dropout': 0.4195207700047905, 'seq_len': 48, 'lr': 3.160560841246225e-05, 'weight_decay': 0.0024806726896314172}
2026-02-25 22:34:17,603 - INFO - 🥇 [MACRO] Best params saved: src/cloud/base_model/otimizacao/best_params.json
2026-02-25 22:34:17,638 - INFO - 🔄 Updated src/cloud/base_model/treino/training_config.yaml with MACRO best params.
2026-02-25 22:34:17,661 - INFO - 🏆 [DIR]   Best trial: 27 | F1 Dir: 0.1893
2026-02-25 22:34:17,661 - INFO - 🏆 [DIR]   Best params: {'tcn_channels': 256, 'lstm_hidden': 64, 'num_lstm_layers': 3, 'batch_size': 1024, 'dropout': 0.47110509893057034, 'seq_len': 48, 'lr': 4.306665826633865e-05, 'weight_decay': 0.0004106314211586306}
2026-02-25 22:34:17,676 - INFO - 🏆 [DIR]   Best params saved: src/cloud/base_model/otimizacao/best_dir_params.json
2026-02-25 22:34:17,676 - INFO - ============================================================
2026-02-25 22:34:17,676 - INFO - --- INICIANDO TRANSFERENCIA BASE (FOUNDATION) ---
2026-02-25 22:34:17,677 - INFO - Log-ancora identificado para a transferencia: optimization.log
2026-02-25 22:34:17,677 - INFO - -> Analisando Feature Importance do Melhor Modelo do Optuna...
2026-02-25 22:35:30,568 - ERROR - ⚠️ Feature importance falhou (o pipeline continuara): Command '['/workspace/QuantGod_Cloud_TCNLSTM/venv/bin/python', 'src/cloud/base_model/treino/feature_importance.py', 'data/models/best_tcn_lstm.pt']' returned non-zero exit status 1.
