2026-03-10 17:39:10,932 - INFO - 📁 DYNAMIC DATA PATHS: Train=data/L2/labelled/train | Val=data/L2/labelled/val
2026-03-10 17:39:10,932 - INFO - Loading data for optimization...
2026-03-10 17:39:37,734 - INFO - Loaded 228,301 rows from data/L2/labelled/train
2026-03-10 17:39:47,896 - INFO - Loaded 97,885 rows from data/L2/labelled/val
2026-03-10 17:39:48,373 - INFO - 💾 Scaler saved properly to: RESULTADOS_SELL_0003_BUY_0003_15min_lookahead_600min_lookback_5min/08_03_2026_v000/MODELOS/BASE_MODEL/scaler_foundation.pkl
2026-03-10 17:39:48,374 - INFO - FocalLoss alpha: Optuna assumira o controle Dinamico no espaco de busca.
2026-03-10 17:39:48,374 - INFO - Loss: FocalLossWithSmoothing | fallback_gamma=OPTUNA_DINAMICO | fallback_smoothing=OPTUNA_DINAMICO
2026-03-10 17:40:01,145 - INFO - A new study created in RDB with name: QUANTGOD_V000
2026-03-10 17:40:01,199 - INFO - Starting 100 trials | Metric: f1_macro | Timeout: 72000s
2026-03-10 17:40:03,221 - INFO - SequenceDataset: 133934/228182 valid sequences (Lookback protection active).
2026-03-10 17:40:03,222 - INFO - SequenceDataset: 57425/97766 valid sequences (Lookback protection active).
2026-03-10 17:40:04,608 - INFO - Trial 0 START | tcn=64, lstm=32, layers=8, batch=512, seq=120, drop=0.3523, lr=0.000017, wd=0.0009 | alpha=[3.61, 0.61, 3.61], gamma=2.61, smooth=0.11
2026-03-10 17:41:14,471 - INFO - T0 E1/50 | L: 0.84779507/0.71787176 | F1 M: 0.30860075 D: 0.00000000 | [S/N/B]: [0.0000/0.9258/0.0000] | LR: 0.00001747
2026-03-10 17:41:14,597 - INFO - 🥇 [MACRO]  Trial 0 | Global F1 Macro record: 0.30860075 (prev: 0.00000000) → saved best_tcn_lstm.pt
2026-03-10 17:41:24,565 - INFO - T0 E2/50 | L: 0.84072222/0.71262086 | F1 M: 0.30860075 D: 0.00000000 | [S/N/B]: [0.0000/0.9258/0.0000] | LR: 0.00001741
2026-03-10 17:41:34,963 - INFO - T0 E3/50 | L: 0.82301421/0.70049638 | F1 M: 0.07909942 D: 0.11864912 | [S/N/B]: [0.1837/0.0000/0.0536] | LR: 0.00001733
2026-03-10 17:41:35,169 - INFO - 🏆 [DIR]    Trial 0 | Global F1 Dir record: 0.11864912 (prev: 0.00000000) → saved best_tcn_lstm_dir.pt
2026-03-10 17:41:50,646 - INFO - T0 E4/50 | L: 0.80485013/0.69179452 | F1 M: 0.31966702 D: 0.14694842 | [S/N/B]: [0.2038/0.6651/0.0901] | LR: 0.00001721
2026-03-10 17:41:50,678 - INFO - 🥇 [MACRO]  Trial 0 | Global F1 Macro record: 0.31966702 (prev: 0.30860075) → saved best_tcn_lstm.pt
2026-03-10 17:41:50,725 - INFO - 🏆 [DIR]    Trial 0 | Global F1 Dir record: 0.14694842 (prev: 0.11864912) → saved best_tcn_lstm_dir.pt
2026-03-10 17:42:00,545 - INFO - T0 E5/50 | L: 0.79757536/0.68434394 | F1 M: 0.35314270 D: 0.16624434 | [S/N/B]: [0.2257/0.7269/0.1068] | LR: 0.00001705
2026-03-10 17:42:00,898 - INFO - 🥇 [MACRO]  Trial 0 | Global F1 Macro record: 0.35314270 (prev: 0.31966702) → saved best_tcn_lstm.pt
2026-03-10 17:42:00,930 - INFO - 🏆 [DIR]    Trial 0 | Global F1 Dir record: 0.16624434 (prev: 0.14694842) → saved best_tcn_lstm_dir.pt
2026-03-10 17:42:10,629 - INFO - T0 E6/50 | L: 0.79353406/0.68021742 | F1 M: 0.36097927 D: 0.17788891 | [S/N/B]: [0.2355/0.7272/0.1202] | LR: 0.00001687
2026-03-10 17:42:10,829 - INFO - 🥇 [MACRO]  Trial 0 | Global F1 Macro record: 0.36097927 (prev: 0.35314270) → saved best_tcn_lstm.pt
2026-03-10 17:42:10,867 - INFO - 🏆 [DIR]    Trial 0 | Global F1 Dir record: 0.17788891 (prev: 0.16624434) → saved best_tcn_lstm_dir.pt
2026-03-10 17:42:20,429 - INFO - T0 E7/50 | L: 0.78963887/0.67639556 | F1 M: 0.37259585 D: 0.19077063 | [S/N/B]: [0.2449/0.7362/0.1366] | LR: 0.00001665
2026-03-10 17:42:20,468 - INFO - 🥇 [MACRO]  Trial 0 | Global F1 Macro record: 0.37259585 (prev: 0.36097927) → saved best_tcn_lstm.pt
2026-03-10 17:42:20,496 - INFO - 🏆 [DIR]    Trial 0 | Global F1 Dir record: 0.19077063 (prev: 0.17788891) → saved best_tcn_lstm_dir.pt
2026-03-10 17:42:30,561 - INFO - T0 E8/50 | L: 0.78693736/0.67297151 | F1 M: 0.37961926 D: 0.20077413 | [S/N/B]: [0.2457/0.7373/0.1558] | LR: 0.00001640
2026-03-10 17:42:30,609 - INFO - 🥇 [MACRO]  Trial 0 | Global F1 Macro record: 0.37961926 (prev: 0.37259585) → saved best_tcn_lstm.pt
2026-03-10 17:42:30,637 - INFO - 🏆 [DIR]    Trial 0 | Global F1 Dir record: 0.20077413 (prev: 0.19077063) → saved best_tcn_lstm_dir.pt
2026-03-10 17:42:42,071 - INFO - T0 E9/50 | L: 0.78470722/0.67139941 | F1 M: 0.37978424 D: 0.20172593 | [S/N/B]: [0.2492/0.7359/0.1542] | LR: 0.00001612
2026-03-10 17:42:42,123 - INFO - 🥇 [MACRO]  Trial 0 | Global F1 Macro record: 0.37978424 (prev: 0.37961926) → saved best_tcn_lstm.pt
2026-03-10 17:42:42,167 - INFO - 🏆 [DIR]    Trial 0 | Global F1 Dir record: 0.20172593 (prev: 0.20077413) → saved best_tcn_lstm_dir.pt
2026-03-10 17:42:52,439 - INFO - T0 E10/50 | L: 0.78285135/0.66847234 | F1 M: 0.38265982 D: 0.20042692 | [S/N/B]: [0.2239/0.7471/0.1770] | LR: 0.00001581
2026-03-10 17:42:52,721 - INFO - 🥇 [MACRO]  Trial 0 | Global F1 Macro record: 0.38265982 (prev: 0.37978424) → saved best_tcn_lstm.pt
2026-03-10 17:43:02,061 - INFO - T0 E11/50 | L: 0.78134019/0.66699174 | F1 M: 0.38545168 D: 0.20601746 | [S/N/B]: [0.2393/0.7443/0.1727] | LR: 0.00001548
2026-03-10 17:43:02,110 - INFO - 🥇 [MACRO]  Trial 0 | Global F1 Macro record: 0.38545168 (prev: 0.38265982) → saved best_tcn_lstm.pt
2026-03-10 17:43:02,142 - INFO - 🏆 [DIR]    Trial 0 | Global F1 Dir record: 0.20601746 (prev: 0.20172593) → saved best_tcn_lstm_dir.pt
2026-03-10 17:43:13,496 - INFO - T0 E12/50 | L: 0.78028475/0.66561100 | F1 M: 0.38223224 D: 0.20307567 | [S/N/B]: [0.2303/0.7405/0.1758] | LR: 0.00001511
2026-03-10 17:43:23,189 - INFO - T0 E13/50 | L: 0.77853366/0.66459736 | F1 M: 0.38206944 D: 0.20614721 | [S/N/B]: [0.2417/0.7339/0.1706] | LR: 0.00001473
2026-03-10 17:43:23,224 - INFO - 🏆 [DIR]    Trial 0 | Global F1 Dir record: 0.20614721 (prev: 0.20601746) → saved best_tcn_lstm_dir.pt
2026-03-10 17:43:33,726 - INFO - T0 E14/50 | L: 0.77857744/0.66399090 | F1 M: 0.38166975 D: 0.20722396 | [S/N/B]: [0.2449/0.7306/0.1695] | LR: 0.00001431
2026-03-10 17:43:33,762 - INFO - 🏆 [DIR]    Trial 0 | Global F1 Dir record: 0.20722396 (prev: 0.20614721) → saved best_tcn_lstm_dir.pt
2026-03-10 17:43:44,226 - INFO - T0 E15/50 | L: 0.77682338/0.66303161 | F1 M: 0.37446254 D: 0.19571903 | [S/N/B]: [0.2139/0.7319/0.1775] | LR: 0.00001388
2026-03-10 17:43:54,618 - INFO - T0 E16/50 | L: 0.77544225/0.66225035 | F1 M: 0.37361880 D: 0.19116071 | [S/N/B]: [0.2009/0.7385/0.1814] | LR: 0.00001343
2026-03-10 17:44:05,411 - INFO - T0 E17/50 | L: 0.77527903/0.66182838 | F1 M: 0.37331396 D: 0.19350678 | [S/N/B]: [0.2073/0.7329/0.1797] | LR: 0.00001295
2026-03-10 17:44:15,625 - INFO - T0 E18/50 | L: 0.77559318/0.66156432 | F1 M: 0.37509292 D: 0.19454963 | [S/N/B]: [0.2085/0.7362/0.1806] | LR: 0.00001246
2026-03-10 17:44:25,597 - INFO - T0 E19/50 | L: 0.77423114/0.66113563 | F1 M: 0.36621248 D: 0.18255180 | [S/N/B]: [0.1772/0.7335/0.1879] | LR: 0.00001196
2026-03-10 17:44:35,337 - INFO - T0 E20/50 | L: 0.77361615/0.66078249 | F1 M: 0.35523570 D: 0.16469570 | [S/N/B]: [0.1337/0.7363/0.1957] | LR: 0.00001144
2026-03-10 17:44:45,532 - INFO - T0 E21/50 | L: 0.77391037/0.66036959 | F1 M: 0.35277214 D: 0.15999836 | [S/N/B]: [0.1227/0.7383/0.1973] | LR: 0.00001092
2026-03-10 17:44:55,880 - INFO - T0 E22/50 | L: 0.77296508/0.66026824 | F1 M: 0.35195573 D: 0.16068588 | [S/N/B]: [0.1251/0.7345/0.1962] | LR: 0.00001038
2026-03-10 17:45:06,422 - INFO - T0 E23/50 | L: 0.77298243/0.66009524 | F1 M: 0.35486124 D: 0.16353253 | [S/N/B]: [0.1300/0.7375/0.1971] | LR: 0.00000984
2026-03-10 17:45:16,766 - INFO - T0 E24/50 | L: 0.77307485/0.66007455 | F1 M: 0.31623316 D: 0.10568119 | [S/N/B]: [0.0015/0.7373/0.2099] | LR: 0.00000929
2026-03-10 17:45:27,306 - INFO - T0 E25/50 | L: 0.77221669/0.65988356 | F1 M: 0.34617445 D: 0.15034077 | [S/N/B]: [0.1018/0.7378/0.1989] | LR: 0.00000874
2026-03-10 17:45:37,432 - INFO - T0 E26/50 | L: 0.77231625/0.65913900 | F1 M: 0.31989318 D: 0.10609092 | [S/N/B]: [0.0000/0.7475/0.2122] | LR: 0.00000819
2026-03-10 17:45:48,141 - INFO - T0 E27/50 | L: 0.77229583/0.65919372 | F1 M: 0.31933259 D: 0.10604345 | [S/N/B]: [0.0000/0.7459/0.2121] | LR: 0.00000765
2026-03-10 17:45:57,887 - INFO - T0 E28/50 | L: 0.77204378/0.65928579 | F1 M: 0.31710844 D: 0.10533969 | [S/N/B]: [0.0000/0.7406/0.2107] | LR: 0.00000710
2026-03-10 17:46:08,327 - INFO - T0 E29/50 | L: 0.77176128/0.65868731 | F1 M: 0.32293427 D: 0.10716294 | [S/N/B]: [0.0000/0.7545/0.2143] | LR: 0.00000657
2026-03-10 17:46:19,228 - INFO - T0 E30/50 | L: 0.77173181/0.65897756 | F1 M: 0.31812420 D: 0.10569493 | [S/N/B]: [0.0000/0.7430/0.2114] | LR: 0.00000604
2026-03-10 17:46:29,376 - INFO - T0 E31/50 | L: 0.77150642/0.65893654 | F1 M: 0.31813174 D: 0.10569853 | [S/N/B]: [0.0000/0.7430/0.2114] | LR: 0.00000552
2026-03-10 17:46:39,882 - INFO - T0 E32/50 | L: 0.77075258/0.65893413 | F1 M: 0.31856450 D: 0.10579680 | [S/N/B]: [0.0000/0.7441/0.2116] | LR: 0.00000502
2026-03-10 17:46:39,997 - INFO - Trial 0 stopped early due to patience (3 epochs without improvement)
2026-03-10 17:46:40,377 - INFO - Trial 0 finished with value: 0.38545168043366246 and parameters: {'tcn_channels': 64, 'lstm_hidden': 32, 'num_lstm_layers': 8, 'batch_size': 512, 'dropout': 0.3522875732753557, 'seq_len': 120, 'lr': 1.748266556719236e-05, 'weight_decay': 0.0009166174941723884, 'base_alpha_side': 3.6098429845385427, 'base_alpha_neutral': 0.6125834573354015, 'base_loss_gamma': 2.614911099811845, 'base_loss_smoothing': 0.10807061596585435}. Best is trial 0 with value: 0.38545168043366246.
2026-03-10 17:46:42,346 - INFO - SequenceDataset: 133934/228182 valid sequences (Lookback protection active).
2026-03-10 17:46:42,348 - INFO - SequenceDataset: 57425/97766 valid sequences (Lookback protection active).
2026-03-10 17:46:43,136 - INFO - Trial 1 START | tcn=512, lstm=64, layers=3, batch=128, seq=120, drop=0.5690, lr=0.000030, wd=0.0011 | alpha=[5.69, 0.41, 5.69], gamma=2.39, smooth=0.07
2026-03-10 17:47:08,014 - INFO - T1 E1/50 | L: 1.08559970/0.85817032 | F1 M: 0.18236163 D: 0.07764197 | [S/N/B]: [0.0000/0.3918/0.1553] | LR: 0.00002957
2026-03-10 17:47:33,787 - INFO - T1 E2/50 | L: 1.03230092/0.85406887 | F1 M: 0.22060425 D: 0.08373335 | [S/N/B]: [0.0000/0.4943/0.1675] | LR: 0.00002948
2026-03-10 17:48:00,104 - INFO - T1 E3/50 | L: 1.02638135/0.85444187 | F1 M: 0.21842983 D: 0.08379039 | [S/N/B]: [0.0015/0.4877/0.1661] | LR: 0.00002934
2026-03-10 17:48:25,691 - INFO - T1 E4/50 | L: 1.02172495/0.85178309 | F1 M: 0.23946509 D: 0.09212209 | [S/N/B]: [0.0118/0.5342/0.1724] | LR: 0.00002913
2026-03-10 17:48:51,847 - INFO - T1 E5/50 | L: 1.01935903/0.85267770 | F1 M: 0.26018727 D: 0.12094216 | [S/N/B]: [0.0717/0.5387/0.1702] | LR: 0.00002887
2026-03-10 17:49:18,149 - INFO - T1 E6/50 | L: 1.01657962/0.85377067 | F1 M: 0.25411185 D: 0.10230180 | [S/N/B]: [0.0297/0.5577/0.1749] | LR: 0.00002856
2026-03-10 17:49:43,324 - INFO - T1 E7/50 | L: 1.01299007/0.85483493 | F1 M: 0.28625344 D: 0.14449602 | [S/N/B]: [0.1156/0.5698/0.1733] | LR: 0.00002819
2026-03-10 17:49:43,628 - INFO - Trial 1 stopped early due to patience (3 epochs without improvement)
2026-03-10 17:49:43,821 - INFO - Trial 1 finished with value: 0.2862534405886022 and parameters: {'tcn_channels': 512, 'lstm_hidden': 64, 'num_lstm_layers': 3, 'batch_size': 128, 'dropout': 0.5690013800423527, 'seq_len': 120, 'lr': 2.959847078166209e-05, 'weight_decay': 0.0010859721924812704, 'base_alpha_side': 5.689611409377479, 'base_alpha_neutral': 0.4106004121827982, 'base_loss_gamma': 2.3905448700154945, 'base_loss_smoothing': 0.07462928962601738}. Best is trial 0 with value: 0.38545168043366246.
2026-03-10 17:49:45,284 - INFO - SequenceDataset: 210062/228278 valid sequences (Lookback protection active).
2026-03-10 17:49:45,285 - INFO - SequenceDataset: 90065/97862 valid sequences (Lookback protection active).
2026-03-10 17:49:45,645 - INFO - Trial 2 START | tcn=64, lstm=128, layers=6, batch=128, seq=24, drop=0.3356, lr=0.000026, wd=0.0014 | alpha=[4.73, 0.16, 4.73], gamma=1.61, smooth=0.01
2026-03-10 17:50:28,586 - INFO - T2 E1/50 | L: 0.58436381/0.45814556 | F1 M: 0.05166822 D: 0.07750232 | [S/N/B]: [0.0181/0.0000/0.1369] | LR: 0.00002646
2026-03-10 17:51:10,790 - INFO - T2 E2/50 | L: 0.55824390/0.45620535 | F1 M: 0.04485423 D: 0.06728134 | [S/N/B]: [0.0096/0.0000/0.1250] | LR: 0.00002639
2026-03-10 17:51:53,536 - INFO - T2 E3/50 | L: 0.55602095/0.45450208 | F1 M: 0.04108047 D: 0.06155804 | [S/N/B]: [0.0051/0.0001/0.1180] | LR: 0.00002626
2026-03-10 17:52:37,712 - INFO - T2 E4/50 | L: 0.55427261/0.45270930 | F1 M: 0.08162980 D: 0.11010161 | [S/N/B]: [0.1455/0.0247/0.0747] | LR: 0.00002607
2026-03-10 17:53:20,164 - INFO - T2 E5/50 | L: 0.55328727/0.45227096 | F1 M: 0.08528903 D: 0.10781540 | [S/N/B]: [0.1429/0.0402/0.0728] | LR: 0.00002584
2026-03-10 17:54:03,533 - INFO - T2 E6/50 | L: 0.55278535/0.45512423 | F1 M: 0.06067710 D: 0.06174415 | [S/N/B]: [0.0092/0.0585/0.1143] | LR: 0.00002556
2026-03-10 17:54:46,632 - INFO - T2 E7/50 | L: 0.55134098/0.45269588 | F1 M: 0.09652374 D: 0.10866752 | [S/N/B]: [0.1173/0.0722/0.1001] | LR: 0.00002523
2026-03-10 17:55:29,260 - INFO - T2 E8/50 | L: 0.55055336/0.45215073 | F1 M: 0.12429470 D: 0.12750754 | [S/N/B]: [0.1709/0.1179/0.0842] | LR: 0.00002485
2026-03-10 17:56:12,270 - INFO - T2 E9/50 | L: 0.54990319/0.45297965 | F1 M: 0.13733085 D: 0.12549678 | [S/N/B]: [0.1519/0.1610/0.0991] | LR: 0.00002443
2026-03-10 17:56:55,757 - INFO - T2 E10/50 | L: 0.54940127/0.45437351 | F1 M: 0.11415599 D: 0.12024585 | [S/N/B]: [0.1413/0.1020/0.0992] | LR: 0.00002396
2026-03-10 17:57:38,018 - INFO - T2 E11/50 | L: 0.54866556/0.45559612 | F1 M: 0.11071784 D: 0.11671346 | [S/N/B]: [0.1360/0.0987/0.0974] | LR: 0.00002345
2026-03-10 17:57:38,585 - INFO - Trial 2 stopped early due to patience (3 epochs without improvement)
2026-03-10 17:57:38,787 - INFO - Trial 2 finished with value: 0.13733084680053678 and parameters: {'tcn_channels': 64, 'lstm_hidden': 128, 'num_lstm_layers': 6, 'batch_size': 128, 'dropout': 0.3356047031991559, 'seq_len': 24, 'lr': 2.6489996190271238e-05, 'weight_decay': 0.001449269207684898, 'base_alpha_side': 4.730191195976197, 'base_alpha_neutral': 0.16377074366805142, 'base_loss_gamma': 1.6085172016214742, 'base_loss_smoothing': 0.013060378044378578}. Best is trial 0 with value: 0.38545168043366246.
2026-03-10 17:57:39,644 - INFO - SequenceDataset: 152966/228206 valid sequences (Lookback protection active).
2026-03-10 17:57:39,645 - INFO - SequenceDataset: 65585/97790 valid sequences (Lookback protection active).
2026-03-10 17:57:40,272 - INFO - Trial 3 START | tcn=64, lstm=32, layers=3, batch=128, seq=96, drop=0.5581, lr=0.000015, wd=0.0001 | alpha=[2.13, 0.66, 2.13], gamma=1.44, smooth=0.07
2026-03-10 17:58:05,203 - INFO - T3 E1/50 | L: 0.58873961/0.49324397 | F1 M: 0.31024776 D: 0.00000000 | [S/N/B]: [0.0000/0.9307/0.0000] | LR: 0.00001526
2026-03-10 17:58:30,433 - INFO - T3 E2/50 | L: 0.55157694/0.46527079 | F1 M: 0.36830470 D: 0.12126782 | [S/N/B]: [0.0000/0.8624/0.2425] | LR: 0.00001522
2026-03-10 17:58:55,707 - INFO - T3 E3/50 | L: 0.54017126/0.45646060 | F1 M: 0.37630231 D: 0.12737257 | [S/N/B]: [0.0000/0.8742/0.2547] | LR: 0.00001514
2026-03-10 17:59:20,779 - INFO - T3 E4/50 | L: 0.53453005/0.45170115 | F1 M: 0.38297879 D: 0.13184702 | [S/N/B]: [0.0000/0.8852/0.2637] | LR: 0.00001504
2026-03-10 17:59:47,003 - INFO - T3 E5/50 | L: 0.53201230/0.44945202 | F1 M: 0.38526248 D: 0.13316826 | [S/N/B]: [0.0000/0.8895/0.2663] | LR: 0.00001490
2026-03-10 18:00:11,432 - INFO - T3 E6/50 | L: 0.52964780/0.44784870 | F1 M: 0.38930882 D: 0.13437521 | [S/N/B]: [0.0000/0.8992/0.2688] | LR: 0.00001474
2026-03-10 18:00:11,871 - INFO - 🥇 [MACRO]  Trial 3 | Global F1 Macro record: 0.38930882 (prev: 0.38545168) → saved best_tcn_lstm.pt
2026-03-10 18:00:38,325 - INFO - T3 E7/50 | L: 0.52886603/0.44704651 | F1 M: 0.38745304 D: 0.13451603 | [S/N/B]: [0.0000/0.8933/0.2690] | LR: 0.00001455
2026-03-10 18:01:04,645 - INFO - T3 E8/50 | L: 0.52825004/0.44666113 | F1 M: 0.38733544 D: 0.13454523 | [S/N/B]: [0.0000/0.8929/0.2691] | LR: 0.00001433
2026-03-10 18:01:31,319 - INFO - T3 E9/50 | L: 0.52700070/0.44550582 | F1 M: 0.39144440 D: 0.13658734 | [S/N/B]: [0.0000/0.9012/0.2732] | LR: 0.00001409
2026-03-10 18:01:31,373 - INFO - 🥇 [MACRO]  Trial 3 | Global F1 Macro record: 0.39144440 (prev: 0.38930882) → saved best_tcn_lstm.pt
2026-03-10 18:01:58,309 - INFO - T3 E10/50 | L: 0.52700327/0.44583033 | F1 M: 0.38936452 D: 0.13530628 | [S/N/B]: [0.0000/0.8975/0.2706] | LR: 0.00001382
2026-03-10 18:02:24,355 - INFO - T3 E11/50 | L: 0.52630004/0.44502539 | F1 M: 0.39181278 D: 0.13677009 | [S/N/B]: [0.0000/0.9019/0.2735] | LR: 0.00001352
2026-03-10 18:02:24,433 - INFO - 🥇 [MACRO]  Trial 3 | Global F1 Macro record: 0.39181278 (prev: 0.39144440) → saved best_tcn_lstm.pt
2026-03-10 18:02:50,936 - INFO - T3 E12/50 | L: 0.52566034/0.44468061 | F1 M: 0.39188316 D: 0.13686848 | [S/N/B]: [0.0000/0.9019/0.2737] | LR: 0.00001321
2026-03-10 18:02:51,000 - INFO - 🥇 [MACRO]  Trial 3 | Global F1 Macro record: 0.39188316 (prev: 0.39181278) → saved best_tcn_lstm.pt
2026-03-10 18:03:16,827 - INFO - T3 E13/50 | L: 0.52497390/0.44495732 | F1 M: 0.39032678 D: 0.13596458 | [S/N/B]: [0.0005/0.8991/0.2715] | LR: 0.00001287
2026-03-10 18:03:43,567 - INFO - T3 E14/50 | L: 0.52454702/0.44443232 | F1 M: 0.39231053 D: 0.13708632 | [S/N/B]: [0.0000/0.9028/0.2742] | LR: 0.00001251
2026-03-10 18:03:43,624 - INFO - 🥇 [MACRO]  Trial 3 | Global F1 Macro record: 0.39231053 (prev: 0.39188316) → saved best_tcn_lstm.pt
2026-03-10 18:04:09,824 - INFO - T3 E15/50 | L: 0.52484987/0.44456697 | F1 M: 0.39255189 D: 0.13714286 | [S/N/B]: [0.0000/0.9034/0.2743] | LR: 0.00001213
2026-03-10 18:04:09,883 - INFO - 🥇 [MACRO]  Trial 3 | Global F1 Macro record: 0.39255189 (prev: 0.39231053) → saved best_tcn_lstm.pt
2026-03-10 18:04:36,006 - INFO - T3 E16/50 | L: 0.52462542/0.44418489 | F1 M: 0.39292039 D: 0.13747581 | [S/N/B]: [0.0000/0.9038/0.2750] | LR: 0.00001173
2026-03-10 18:04:36,062 - INFO - 🥇 [MACRO]  Trial 3 | Global F1 Macro record: 0.39292039 (prev: 0.39255189) → saved best_tcn_lstm.pt
2026-03-10 18:05:01,237 - INFO - T3 E17/50 | L: 0.52393897/0.44420298 | F1 M: 0.39371009 D: 0.13755785 | [S/N/B]: [0.0000/0.9060/0.2751] | LR: 0.00001132
2026-03-10 18:05:01,679 - INFO - 🥇 [MACRO]  Trial 3 | Global F1 Macro record: 0.39371009 (prev: 0.39292039) → saved best_tcn_lstm.pt
2026-03-10 18:05:27,547 - INFO - T3 E18/50 | L: 0.52444541/0.44449165 | F1 M: 0.39052934 D: 0.13623586 | [S/N/B]: [0.0000/0.8991/0.2725] | LR: 0.00001089
2026-03-10 18:05:52,294 - INFO - T3 E19/50 | L: 0.52363044/0.44397954 | F1 M: 0.39382459 D: 0.13727896 | [S/N/B]: [0.0000/0.9069/0.2746] | LR: 0.00001045
2026-03-10 18:05:52,331 - INFO - 🥇 [MACRO]  Trial 3 | Global F1 Macro record: 0.39382459 (prev: 0.39371009) → saved best_tcn_lstm.pt
2026-03-10 18:06:18,398 - INFO - T3 E20/50 | L: 0.52399156/0.44327717 | F1 M: 0.39422714 D: 0.13758536 | [S/N/B]: [0.0000/0.9075/0.2752] | LR: 0.00001000
2026-03-10 18:06:18,450 - INFO - 🥇 [MACRO]  Trial 3 | Global F1 Macro record: 0.39422714 (prev: 0.39382459) → saved best_tcn_lstm.pt
2026-03-10 18:06:43,931 - INFO - T3 E21/50 | L: 0.52411663/0.44408087 | F1 M: 0.39262861 D: 0.13757477 | [S/N/B]: [0.0000/0.9027/0.2751] | LR: 0.00000954
2026-03-10 18:07:09,391 - INFO - T3 E22/50 | L: 0.52296575/0.44411493 | F1 M: 0.39352855 D: 0.13800056 | [S/N/B]: [0.0000/0.9046/0.2760] | LR: 0.00000907
2026-03-10 18:07:34,315 - INFO - T3 E23/50 | L: 0.52319693/0.44353585 | F1 M: 0.39331516 D: 0.13777068 | [S/N/B]: [0.0000/0.9044/0.2755] | LR: 0.00000860
2026-03-10 18:07:34,409 - INFO - Trial 3 stopped early due to patience (3 epochs without improvement)
2026-03-10 18:07:34,705 - INFO - Trial 3 finished with value: 0.39422714352444727 and parameters: {'tcn_channels': 64, 'lstm_hidden': 32, 'num_lstm_layers': 3, 'batch_size': 128, 'dropout': 0.5580973245599186, 'seq_len': 96, 'lr': 1.5275608502329598e-05, 'weight_decay': 0.00010717828391084978, 'base_alpha_side': 2.127040392239748, 'base_alpha_neutral': 0.6620581860351237, 'base_loss_gamma': 1.4445228780943933, 'base_loss_smoothing': 0.07420542536164279}. Best is trial 3 with value: 0.39422714352444727.
2026-03-10 18:07:36,135 - INFO - SequenceDataset: 152966/228206 valid sequences (Lookback protection active).
2026-03-10 18:07:36,136 - INFO - SequenceDataset: 65585/97790 valid sequences (Lookback protection active).
2026-03-10 18:07:37,046 - INFO - Trial 4 START | tcn=512, lstm=64, layers=6, batch=512, seq=96, drop=0.5353, lr=0.000052, wd=0.0012 | alpha=[3.75, 0.26, 3.75], gamma=2.95, smooth=0.07
2026-03-10 18:07:55,526 - INFO - T4 E1/50 | L: 0.55325904/0.39669794 | F1 M: 0.07245854 D: 0.10868781 | [S/N/B]: [0.0422/0.0000/0.1752] | LR: 0.00005239
2026-03-10 18:08:15,506 - INFO - T4 E2/50 | L: 0.48418469/0.39128937 | F1 M: 0.07516180 D: 0.11274270 | [S/N/B]: [0.0422/0.0000/0.1833] | LR: 0.00005224
2026-03-10 18:08:34,625 - INFO - T4 E3/50 | L: 0.48060846/0.39055509 | F1 M: 0.06970868 D: 0.10456302 | [S/N/B]: [0.0350/0.0000/0.1742] | LR: 0.00005198
2026-03-10 18:08:53,870 - INFO - T4 E4/50 | L: 0.47848721/0.38912528 | F1 M: 0.08422513 D: 0.12633770 | [S/N/B]: [0.0997/0.0000/0.1529] | LR: 0.00005162
2026-03-10 18:09:13,769 - INFO - T4 E5/50 | L: 0.47657197/0.39093763 | F1 M: 0.07371800 D: 0.11057700 | [S/N/B]: [0.0390/0.0000/0.1821] | LR: 0.00005116
2026-03-10 18:09:32,936 - INFO - T4 E6/50 | L: 0.47477444/0.38954859 | F1 M: 0.07840200 D: 0.11760300 | [S/N/B]: [0.0431/0.0000/0.1921] | LR: 0.00005060
2026-03-10 18:09:52,386 - INFO - T4 E7/50 | L: 0.47185891/0.39079572 | F1 M: 0.07595123 D: 0.11392684 | [S/N/B]: [0.0420/0.0000/0.1858] | LR: 0.00004995
2026-03-10 18:09:52,645 - INFO - Trial 4 stopped early due to patience (3 epochs without improvement)
2026-03-10 18:09:52,906 - INFO - Trial 4 finished with value: 0.08422513014108274 and parameters: {'tcn_channels': 512, 'lstm_hidden': 64, 'num_lstm_layers': 6, 'batch_size': 512, 'dropout': 0.535257693273701, 'seq_len': 96, 'lr': 5.244183718628607e-05, 'weight_decay': 0.0011696388735901225, 'base_alpha_side': 3.7450942843754893, 'base_alpha_neutral': 0.26411807544242005, 'base_loss_gamma': 2.951342574242986, 'base_loss_smoothing': 0.0684760918284279}. Best is trial 3 with value: 0.39422714352444727.
2026-03-10 18:09:54,507 - INFO - SequenceDataset: 133934/228182 valid sequences (Lookback protection active).
2026-03-10 18:09:54,508 - INFO - SequenceDataset: 57425/97766 valid sequences (Lookback protection active).
2026-03-10 18:09:55,383 - INFO - Trial 5 START | tcn=512, lstm=128, layers=5, batch=128, seq=120, drop=0.4459, lr=0.000080, wd=0.0055 | alpha=[3.79, 0.80, 3.79], gamma=2.42, smooth=0.11
2026-03-10 18:10:23,209 - INFO - T5 E1/50 | L: 0.96565626/0.81958908 | F1 M: 0.43364455 D: 0.20745677 | [S/N/B]: [0.1663/0.8860/0.2486] | LR: 0.00008012
2026-03-10 18:10:23,586 - INFO - 🥇 [MACRO]  Trial 5 | Global F1 Macro record: 0.43364455 (prev: 0.39422714) → saved best_tcn_lstm.pt
2026-03-10 18:10:23,763 - INFO - 🏆 [DIR]    Trial 5 | Global F1 Dir record: 0.20745677 (prev: 0.20722396) → saved best_tcn_lstm_dir.pt
2026-03-10 18:10:51,496 - INFO - T5 E2/50 | L: 0.94797696/0.81550376 | F1 M: 0.42410668 D: 0.20248990 | [S/N/B]: [0.2299/0.8673/0.1751] | LR: 0.00007989
2026-03-10 18:11:20,991 - INFO - T5 E3/50 | L: 0.94057532/0.81696640 | F1 M: 0.40646911 D: 0.18662249 | [S/N/B]: [0.2368/0.8462/0.1364] | LR: 0.00007949
2026-03-10 18:11:50,276 - INFO - T5 E4/50 | L: 0.93185876/0.82089587 | F1 M: 0.43180510 D: 0.21741776 | [S/N/B]: [0.1862/0.8606/0.2486] | LR: 0.00007894
2026-03-10 18:11:50,763 - INFO - 🏆 [DIR]    Trial 5 | Global F1 Dir record: 0.21741776 (prev: 0.20745677) → saved best_tcn_lstm_dir.pt
2026-03-10 18:12:20,337 - INFO - T5 E5/50 | L: 0.92279728/0.82222189 | F1 M: 0.43442212 D: 0.21878358 | [S/N/B]: [0.2040/0.8657/0.2336] | LR: 0.00007824
2026-03-10 18:12:20,555 - INFO - 🥇 [MACRO]  Trial 5 | Global F1 Macro record: 0.43442212 (prev: 0.43364455) → saved best_tcn_lstm.pt
2026-03-10 18:12:20,635 - INFO - 🏆 [DIR]    Trial 5 | Global F1 Dir record: 0.21878358 (prev: 0.21741776) → saved best_tcn_lstm_dir.pt
2026-03-10 18:12:21,386 - INFO - Trial 5 stopped early due to patience (3 epochs without improvement)
2026-03-10 18:12:21,863 - INFO - Trial 5 finished with value: 0.43442212460955365 and parameters: {'tcn_channels': 512, 'lstm_hidden': 128, 'num_lstm_layers': 5, 'batch_size': 128, 'dropout': 0.4458798713156217, 'seq_len': 120, 'lr': 8.02031271929653e-05, 'weight_decay': 0.005517918296184343, 'base_alpha_side': 3.7862490503582698, 'base_alpha_neutral': 0.7994793648446671, 'base_loss_gamma': 2.422452781732226, 'base_loss_smoothing': 0.11456105790989031}. Best is trial 5 with value: 0.43442212460955365.
2026-03-10 18:12:24,472 - INFO - SequenceDataset: 191030/228254 valid sequences (Lookback protection active).
2026-03-10 18:12:24,473 - INFO - SequenceDataset: 81905/97838 valid sequences (Lookback protection active).
2026-03-10 18:12:24,943 - INFO - Trial 6 START | tcn=64, lstm=128, layers=3, batch=512, seq=48, drop=0.5766, lr=0.000054, wd=0.0009 | alpha=[3.90, 0.34, 3.90], gamma=2.14, smooth=0.14
2026-03-10 18:12:34,951 - INFO - T6 E1/50 | L: 0.66174933/0.55512063 | F1 M: 0.19226157 D: 0.15926666 | [S/N/B]: [0.1044/0.2583/0.2141] | LR: 0.00005397
2026-03-10 18:12:45,972 - INFO - T6 E2/50 | L: 0.64316268/0.55123318 | F1 M: 0.24940393 D: 0.13205720 | [S/N/B]: [0.1368/0.4841/0.1273] | LR: 0.00005381
2026-03-10 18:12:55,397 - INFO - T6 E3/50 | L: 0.63872852/0.55134711 | F1 M: 0.20445940 D: 0.07869177 | [S/N/B]: [0.0159/0.4560/0.1415] | LR: 0.00005355
2026-03-10 18:13:04,986 - INFO - T6 E4/50 | L: 0.63850245/0.55061926 | F1 M: 0.24112736 D: 0.10881323 | [S/N/B]: [0.0732/0.5058/0.1444] | LR: 0.00005318
2026-03-10 18:13:05,532 - INFO - Trial 6 pruned by Optuna at epoch 4
2026-03-10 18:13:06,014 - INFO - Trial 6 pruned. 
2026-03-10 18:13:08,491 - INFO - SequenceDataset: 152966/228206 valid sequences (Lookback protection active).
2026-03-10 18:13:08,492 - INFO - SequenceDataset: 65585/97790 valid sequences (Lookback protection active).
2026-03-10 18:13:09,011 - INFO - Trial 7 START | tcn=512, lstm=128, layers=4, batch=512, seq=96, drop=0.4312, lr=0.000083, wd=0.0002 | alpha=[3.44, 0.77, 3.44], gamma=1.84, smooth=0.14
2026-03-10 18:13:29,090 - INFO - T7 E1/50 | L: 0.95449226/0.82827351 | F1 M: 0.38101184 D: 0.13284074 | [S/N/B]: [0.0000/0.8774/0.2657] | LR: 0.00008329
2026-03-10 18:13:51,223 - INFO - T7 E2/50 | L: 0.93572845/0.82518641 | F1 M: 0.39986525 D: 0.15535141 | [S/N/B]: [0.0395/0.8889/0.2712] | LR: 0.00008305
2026-03-10 18:14:12,836 - INFO - T7 E3/50 | L: 0.93040833/0.82858190 | F1 M: 0.43365999 D: 0.21147665 | [S/N/B]: [0.1677/0.8780/0.2552] | LR: 0.00008264
2026-03-10 18:14:33,830 - INFO - T7 E4/50 | L: 0.92616764/0.82764955 | F1 M: 0.38931238 D: 0.14717551 | [S/N/B]: [0.0332/0.8736/0.2612] | LR: 0.00008206
2026-03-10 18:14:55,521 - INFO - T7 E5/50 | L: 0.91946141/0.82982387 | F1 M: 0.43261275 D: 0.21216796 | [S/N/B]: [0.1718/0.8735/0.2526] | LR: 0.00008133
2026-03-10 18:14:56,398 - INFO - Trial 7 stopped early due to patience (3 epochs without improvement)
2026-03-10 18:14:56,738 - INFO - Trial 7 finished with value: 0.4336599935077274 and parameters: {'tcn_channels': 512, 'lstm_hidden': 128, 'num_lstm_layers': 4, 'batch_size': 512, 'dropout': 0.4312243504001856, 'seq_len': 96, 'lr': 8.337395561283744e-05, 'weight_decay': 0.0001833448202881295, 'base_alpha_side': 3.4423268181496365, 'base_alpha_neutral': 0.7652115170388158, 'base_loss_gamma': 1.8395774576635515, 'base_loss_smoothing': 0.14113682853473028}. Best is trial 5 with value: 0.43442212460955365.
2026-03-10 18:14:59,415 - INFO - SequenceDataset: 191030/228254 valid sequences (Lookback protection active).
2026-03-10 18:14:59,415 - INFO - SequenceDataset: 81905/97838 valid sequences (Lookback protection active).
2026-03-10 18:14:59,886 - INFO - Trial 8 START | tcn=64, lstm=32, layers=4, batch=128, seq=48, drop=0.5326, lr=0.000066, wd=0.0082 | alpha=[4.70, 0.21, 4.70], gamma=2.43, smooth=0.09
2026-03-10 18:15:34,279 - INFO - T8 E1/50 | L: 0.62373776/0.48519239 | F1 M: 0.03643429 D: 0.05465143 | [S/N/B]: [0.0000/0.0000/0.1093] | LR: 0.00006613
2026-03-10 18:16:08,516 - INFO - T8 E2/50 | L: 0.59403475/0.48269711 | F1 M: 0.03643429 D: 0.05465143 | [S/N/B]: [0.0000/0.0000/0.1093] | LR: 0.00006594
2026-03-10 18:16:42,259 - INFO - T8 E3/50 | L: 0.59028678/0.48212477 | F1 M: 0.11432781 D: 0.17149172 | [S/N/B]: [0.2612/0.0000/0.0818] | LR: 0.00006561
2026-03-10 18:16:42,715 - INFO - Trial 8 pruned by Optuna at epoch 3
2026-03-10 18:16:43,229 - INFO - Trial 8 pruned. 
2026-03-10 18:16:45,843 - INFO - SequenceDataset: 133934/228182 valid sequences (Lookback protection active).
2026-03-10 18:16:45,844 - INFO - SequenceDataset: 57425/97766 valid sequences (Lookback protection active).
2026-03-10 18:16:46,394 - INFO - Trial 9 START | tcn=256, lstm=64, layers=8, batch=256, seq=120, drop=0.5747, lr=0.000061, wd=0.0020 | alpha=[4.27, 0.33, 4.27], gamma=2.12, smooth=0.15
2026-03-10 18:17:04,856 - INFO - T9 E1/50 | L: 0.84322789/0.70450705 | F1 M: 0.09167874 D: 0.13751812 | [S/N/B]: [0.0626/0.0000/0.2125] | LR: 0.00006126
2026-03-10 18:17:23,754 - INFO - T9 E2/50 | L: 0.81424958/0.69956364 | F1 M: 0.09728031 D: 0.14592046 | [S/N/B]: [0.0787/0.0000/0.2132] | LR: 0.00006108
2026-03-10 18:17:43,234 - INFO - T9 E3/50 | L: 0.81006930/0.69811191 | F1 M: 0.14666748 D: 0.11122153 | [S/N/B]: [0.0418/0.2176/0.1806] | LR: 0.00006078
2026-03-10 18:17:43,439 - INFO - Trial 9 pruned by Optuna at epoch 3
2026-03-10 18:17:43,627 - INFO - Trial 9 pruned. 
2026-03-10 18:17:45,395 - INFO - SequenceDataset: 210062/228278 valid sequences (Lookback protection active).
2026-03-10 18:17:45,395 - INFO - SequenceDataset: 90065/97862 valid sequences (Lookback protection active).
2026-03-10 18:17:45,759 - INFO - Trial 10 START | tcn=128, lstm=128, layers=5, batch=256, seq=24, drop=0.4540, lr=0.000011, wd=0.0076 | alpha=[2.38, 0.56, 2.38], gamma=1.06, smooth=0.03
2026-03-10 18:18:06,238 - INFO - T10 E1/50 | L: 0.55580207/0.45464015 | F1 M: 0.36961645 D: 0.11551155 | [S/N/B]: [0.0000/0.8778/0.2310] | LR: 0.00001098
2026-03-10 18:18:27,036 - INFO - T10 E2/50 | L: 0.52567444/0.44527646 | F1 M: 0.37732636 D: 0.12096450 | [S/N/B]: [0.0000/0.8901/0.2419] | LR: 0.00001095
2026-03-10 18:18:48,689 - INFO - T10 E3/50 | L: 0.51917560/0.44211324 | F1 M: 0.40255637 D: 0.15407959 | [S/N/B]: [0.0676/0.8995/0.2406] | LR: 0.00001089
2026-03-10 18:19:08,905 - INFO - T10 E4/50 | L: 0.51711163/0.44071642 | F1 M: 0.41240244 D: 0.16663889 | [S/N/B]: [0.0951/0.9039/0.2382] | LR: 0.00001082
2026-03-10 18:19:29,812 - INFO - T10 E5/50 | L: 0.51531570/0.43996471 | F1 M: 0.38647986 D: 0.12748049 | [S/N/B]: [0.0000/0.9045/0.2550] | LR: 0.00001072
2026-03-10 18:19:51,106 - INFO - T10 E6/50 | L: 0.51451471/0.43835967 | F1 M: 0.38915214 D: 0.12896074 | [S/N/B]: [0.0000/0.9095/0.2579] | LR: 0.00001060
2026-03-10 18:20:12,579 - INFO - T10 E7/50 | L: 0.51361028/0.43811281 | F1 M: 0.38934181 D: 0.12958017 | [S/N/B]: [0.0000/0.9089/0.2592] | LR: 0.00001047
2026-03-10 18:20:33,474 - INFO - T10 E8/50 | L: 0.51284635/0.43722452 | F1 M: 0.39206282 D: 0.13149624 | [S/N/B]: [0.0000/0.9132/0.2630] | LR: 0.00001031
2026-03-10 18:20:54,894 - INFO - T10 E9/50 | L: 0.51211897/0.43673589 | F1 M: 0.38999282 D: 0.13016451 | [S/N/B]: [0.0000/0.9096/0.2603] | LR: 0.00001014
2026-03-10 18:21:16,217 - INFO - T10 E10/50 | L: 0.51124972/0.43635653 | F1 M: 0.39134020 D: 0.13127013 | [S/N/B]: [0.0000/0.9115/0.2625] | LR: 0.00000994
2026-03-10 18:21:37,695 - INFO - T10 E11/50 | L: 0.51046079/0.43606670 | F1 M: 0.39129795 D: 0.13168791 | [S/N/B]: [0.0000/0.9105/0.2634] | LR: 0.00000973
2026-03-10 18:21:59,462 - INFO - T10 E12/50 | L: 0.51030672/0.43613565 | F1 M: 0.39071623 D: 0.13174470 | [S/N/B]: [0.0000/0.9087/0.2635] | LR: 0.00000950
2026-03-10 18:22:21,100 - INFO - T10 E13/50 | L: 0.50958096/0.43582537 | F1 M: 0.39108141 D: 0.13199388 | [S/N/B]: [0.0000/0.9093/0.2640] | LR: 0.00000926
2026-03-10 18:22:41,980 - INFO - T10 E14/50 | L: 0.50896405/0.43571784 | F1 M: 0.39258346 D: 0.13303625 | [S/N/B]: [0.0000/0.9117/0.2661] | LR: 0.00000900
2026-03-10 18:23:02,900 - INFO - T10 E15/50 | L: 0.50873043/0.43492143 | F1 M: 0.39290722 D: 0.13344925 | [S/N/B]: [0.0000/0.9118/0.2669] | LR: 0.00000873
2026-03-10 18:23:23,775 - INFO - T10 E16/50 | L: 0.50773618/0.43458981 | F1 M: 0.39417558 D: 0.13439395 | [S/N/B]: [0.0000/0.9137/0.2688] | LR: 0.00000844
2026-03-10 18:23:44,584 - INFO - T10 E17/50 | L: 0.50792549/0.43502162 | F1 M: 0.39312547 D: 0.13379176 | [S/N/B]: [0.0000/0.9118/0.2676] | LR: 0.00000814
2026-03-10 18:24:06,097 - INFO - T10 E18/50 | L: 0.50746350/0.43476565 | F1 M: 0.39357137 D: 0.13380010 | [S/N/B]: [0.0000/0.9131/0.2676] | LR: 0.00000784
2026-03-10 18:24:27,516 - INFO - T10 E19/50 | L: 0.50701932/0.43445937 | F1 M: 0.39338067 D: 0.13378896 | [S/N/B]: [0.0000/0.9126/0.2676] | LR: 0.00000752
2026-03-10 18:24:49,462 - INFO - T10 E20/50 | L: 0.50686319/0.43521476 | F1 M: 0.39048829 D: 0.13163339 | [S/N/B]: [0.0000/0.9082/0.2633] | LR: 0.00000719
2026-03-10 18:25:10,827 - INFO - T10 E21/50 | L: 0.50642399/0.43497235 | F1 M: 0.39264946 D: 0.13336197 | [S/N/B]: [0.0000/0.9112/0.2667] | LR: 0.00000686
2026-03-10 18:25:32,014 - INFO - T10 E22/50 | L: 0.50618713/0.43524923 | F1 M: 0.39172125 D: 0.13244119 | [S/N/B]: [0.0000/0.9103/0.2649] | LR: 0.00000653
2026-03-10 18:25:32,581 - INFO - Trial 10 stopped early due to patience (3 epochs without improvement)
2026-03-10 18:25:32,890 - INFO - Trial 10 finished with value: 0.4124024400262544 and parameters: {'tcn_channels': 128, 'lstm_hidden': 128, 'num_lstm_layers': 5, 'batch_size': 256, 'dropout': 0.45404280911013895, 'seq_len': 24, 'lr': 1.0990839958633704e-05, 'weight_decay': 0.00761452973675221, 'base_alpha_side': 2.3849969080303968, 'base_alpha_neutral': 0.5552881606560095, 'base_loss_gamma': 1.0563185591371471, 'base_loss_smoothing': 0.03474191072818664}. Best is trial 5 with value: 0.43442212460955365.
2026-03-10 18:25:34,693 - INFO - SequenceDataset: 152966/228206 valid sequences (Lookback protection active).
2026-03-10 18:25:34,694 - INFO - SequenceDataset: 65585/97790 valid sequences (Lookback protection active).
2026-03-10 18:25:35,636 - INFO - Trial 11 START | tcn=512, lstm=128, layers=5, batch=512, seq=96, drop=0.4292, lr=0.000098, wd=0.0001 | alpha=[3.13, 0.79, 3.13], gamma=1.79, smooth=0.12
2026-03-10 18:25:57,114 - INFO - T11 E1/50 | L: 0.86230721/0.73246187 | F1 M: 0.42944444 D: 0.19834023 | [S/N/B]: [0.2162/0.8917/0.1805] | LR: 0.00009783
2026-03-10 18:26:20,080 - INFO - T11 E2/50 | L: 0.83648564/0.72897250 | F1 M: 0.43501586 D: 0.20221535 | [S/N/B]: [0.1395/0.9006/0.2649] | LR: 0.00009754
2026-03-10 18:26:20,368 - INFO - 🥇 [MACRO]  Trial 11 | Global F1 Macro record: 0.43501586 (prev: 0.43442212) → saved best_tcn_lstm.pt
2026-03-10 18:26:42,147 - INFO - T11 E3/50 | L: 0.83060225/0.73090323 | F1 M: 0.43017601 D: 0.19736229 | [S/N/B]: [0.1274/0.8958/0.2673] | LR: 0.00009706
2026-03-10 18:27:04,291 - INFO - T11 E4/50 | L: 0.82412860/0.73311975 | F1 M: 0.43632101 D: 0.20638573 | [S/N/B]: [0.1710/0.8962/0.2418] | LR: 0.00009639
2026-03-10 18:27:04,362 - INFO - 🥇 [MACRO]  Trial 11 | Global F1 Macro record: 0.43632101 (prev: 0.43501586) → saved best_tcn_lstm.pt
2026-03-10 18:27:25,922 - INFO - T11 E5/50 | L: 0.81687077/0.73482796 | F1 M: 0.44025732 D: 0.20937872 | [S/N/B]: [0.2021/0.9020/0.2167] | LR: 0.00009553
2026-03-10 18:27:26,191 - INFO - 🥇 [MACRO]  Trial 11 | Global F1 Macro record: 0.44025732 (prev: 0.43632101) → saved best_tcn_lstm.pt
2026-03-10 18:27:26,799 - INFO - Trial 11 stopped early due to patience (3 epochs without improvement)
2026-03-10 18:27:27,208 - INFO - Trial 11 finished with value: 0.4402573180970599 and parameters: {'tcn_channels': 512, 'lstm_hidden': 128, 'num_lstm_layers': 5, 'batch_size': 512, 'dropout': 0.4291754603077829, 'seq_len': 96, 'lr': 9.792434962792289e-05, 'weight_decay': 0.00011438321315186547, 'base_alpha_side': 3.1276616745076296, 'base_alpha_neutral': 0.7895636291516964, 'base_loss_gamma': 1.7939530596527327, 'base_loss_smoothing': 0.11935287396049521}. Best is trial 11 with value: 0.4402573180970599.
2026-03-10 18:27:29,250 - INFO - SequenceDataset: 133934/228182 valid sequences (Lookback protection active).
2026-03-10 18:27:29,251 - INFO - SequenceDataset: 57425/97766 valid sequences (Lookback protection active).
2026-03-10 18:27:29,698 - INFO - Trial 12 START | tcn=512, lstm=128, layers=5, batch=512, seq=120, drop=0.4352, lr=0.000091, wd=0.0004 | alpha=[2.84, 0.79, 2.84], gamma=1.77, smooth=0.11
2026-03-10 18:27:55,036 - INFO - T12 E1/50 | L: 0.80893328/0.68036005 | F1 M: 0.38949845 D: 0.13796882 | [S/N/B]: [0.0015/0.8926/0.2745] | LR: 0.00009047
2026-03-10 18:28:20,382 - INFO - T12 E2/50 | L: 0.77925728/0.67880232 | F1 M: 0.38841548 D: 0.13795685 | [S/N/B]: [0.0000/0.8893/0.2759] | LR: 0.00009020
2026-03-10 18:28:45,745 - INFO - T12 E3/50 | L: 0.77251475/0.67578252 | F1 M: 0.39423492 D: 0.14030229 | [S/N/B]: [0.0000/0.9021/0.2806] | LR: 0.00008976
2026-03-10 18:29:11,230 - INFO - T12 E4/50 | L: 0.76571304/0.67737039 | F1 M: 0.39686049 D: 0.14810462 | [S/N/B]: [0.0142/0.8944/0.2820] | LR: 0.00008914
2026-03-10 18:29:36,411 - INFO - T12 E5/50 | L: 0.75893841/0.68125423 | F1 M: 0.41864257 D: 0.17669129 | [S/N/B]: [0.0825/0.9025/0.2708] | LR: 0.00008834
2026-03-10 18:30:02,183 - INFO - T12 E6/50 | L: 0.74971502/0.69188453 | F1 M: 0.41689740 D: 0.17488640 | [S/N/B]: [0.0850/0.9009/0.2648] | LR: 0.00008738
2026-03-10 18:30:02,296 - INFO - Trial 12 stopped early due to patience (3 epochs without improvement)
2026-03-10 18:30:02,558 - INFO - Trial 12 finished with value: 0.41864257226372686 and parameters: {'tcn_channels': 512, 'lstm_hidden': 128, 'num_lstm_layers': 5, 'batch_size': 512, 'dropout': 0.43524907617000613, 'seq_len': 120, 'lr': 9.05604880851235e-05, 'weight_decay': 0.00035496336954648876, 'base_alpha_side': 2.84099668169492, 'base_alpha_neutral': 0.7916109695694573, 'base_loss_gamma': 1.773040069421423, 'base_loss_smoothing': 0.10956440965242308}. Best is trial 11 with value: 0.4402573180970599.
2026-03-10 18:30:04,280 - INFO - SequenceDataset: 152966/228206 valid sequences (Lookback protection active).
2026-03-10 18:30:04,281 - INFO - SequenceDataset: 65585/97790 valid sequences (Lookback protection active).
2026-03-10 18:30:05,105 - INFO - Trial 13 START | tcn=512, lstm=128, layers=7, batch=128, seq=96, drop=0.3899, lr=0.000099, wd=0.0032 | alpha=[1.66, 0.70, 1.66], gamma=1.32, smooth=0.11
2026-03-10 18:30:41,666 - INFO - T13 E1/50 | L: 0.46779961/0.39961511 | F1 M: 0.42378338 D: 0.17419047 | [S/N/B]: [0.1795/0.9230/0.1689] | LR: 0.00009873
2026-03-10 18:31:17,888 - INFO - T13 E2/50 | L: 0.45582163/0.39697808 | F1 M: 0.39441541 D: 0.13055912 | [S/N/B]: [0.0000/0.9221/0.2611] | LR: 0.00009844
2026-03-10 18:31:54,909 - INFO - T13 E3/50 | L: 0.45045049/0.39837447 | F1 M: 0.40940114 D: 0.15437891 | [S/N/B]: [0.0414/0.9194/0.2674] | LR: 0.00009796
2026-03-10 18:32:31,835 - INFO - T13 E4/50 | L: 0.44416909/0.40185583 | F1 M: 0.42450062 D: 0.18024987 | [S/N/B]: [0.0957/0.9130/0.2648] | LR: 0.00009728
2026-03-10 18:33:09,105 - INFO - T13 E5/50 | L: 0.43746601/0.40190909 | F1 M: 0.43252721 D: 0.19063522 | [S/N/B]: [0.1414/0.9163/0.2399] | LR: 0.00009641
2026-03-10 18:33:09,388 - INFO - Trial 13 stopped early due to patience (3 epochs without improvement)
2026-03-10 18:33:09,690 - INFO - Trial 13 finished with value: 0.4325272060677921 and parameters: {'tcn_channels': 512, 'lstm_hidden': 128, 'num_lstm_layers': 7, 'batch_size': 128, 'dropout': 0.3899173662894683, 'seq_len': 96, 'lr': 9.883140137761732e-05, 'weight_decay': 0.003231214227252335, 'base_alpha_side': 1.6625989589873211, 'base_alpha_neutral': 0.7025251875471201, 'base_loss_gamma': 1.3219088645174173, 'base_loss_smoothing': 0.11460402813745728}. Best is trial 11 with value: 0.4402573180970599.
2026-03-10 18:33:11,770 - INFO - SequenceDataset: 152966/228206 valid sequences (Lookback protection active).
2026-03-10 18:33:11,771 - INFO - SequenceDataset: 65585/97790 valid sequences (Lookback protection active).
2026-03-10 18:33:12,929 - INFO - Trial 14 START | tcn=256, lstm=128, layers=5, batch=256, seq=96, drop=0.4883, lr=0.000041, wd=0.0005 | alpha=[3.01, 0.53, 3.01], gamma=2.85, smooth=0.12
2026-03-10 18:33:29,781 - INFO - T14 E1/50 | L: 0.54400018/0.44869005 | F1 M: 0.28276851 D: 0.09206253 | [S/N/B]: [0.0000/0.6642/0.1841] | LR: 0.00004064
2026-03-10 18:33:45,221 - INFO - T14 E2/50 | L: 0.52718322/0.44764631 | F1 M: 0.31670933 D: 0.10222209 | [S/N/B]: [0.0000/0.7457/0.2044] | LR: 0.00004052
2026-03-10 18:34:01,506 - INFO - T14 E3/50 | L: 0.52460644/0.44598658 | F1 M: 0.30646058 D: 0.09948958 | [S/N/B]: [0.0000/0.7204/0.1990] | LR: 0.00004032
2026-03-10 18:34:02,138 - INFO - Trial 14 pruned by Optuna at epoch 3
2026-03-10 18:34:02,395 - INFO - Trial 14 pruned. 
2026-03-10 18:34:04,738 - INFO - SequenceDataset: 133934/228182 valid sequences (Lookback protection active).
2026-03-10 18:34:04,739 - INFO - SequenceDataset: 57425/97766 valid sequences (Lookback protection active).
2026-03-10 18:34:05,234 - INFO - Trial 15 START | tcn=128, lstm=128, layers=4, batch=128, seq=120, drop=0.3852, lr=0.000038, wd=0.0041 | alpha=[5.32, 0.71, 5.32], gamma=2.30, smooth=0.09
2026-03-10 18:34:30,631 - INFO - T15 E1/50 | L: 1.27290086/1.06850133 | F1 M: 0.39399335 D: 0.20154226 | [S/N/B]: [0.2058/0.7789/0.1973] | LR: 0.00003746
2026-03-10 18:34:55,807 - INFO - T15 E2/50 | L: 1.24775255/1.06488462 | F1 M: 0.37413032 D: 0.16990505 | [S/N/B]: [0.1146/0.7826/0.2252] | LR: 0.00003735
2026-03-10 18:35:22,080 - INFO - T15 E3/50 | L: 1.24370471/1.06252896 | F1 M: 0.38991585 D: 0.19152555 | [S/N/B]: [0.1599/0.7867/0.2232] | LR: 0.00003717
2026-03-10 18:35:22,941 - INFO - Trial 15 pruned by Optuna at epoch 3
2026-03-10 18:35:23,182 - INFO - Trial 15 pruned. 
2026-03-10 18:35:25,116 - INFO - SequenceDataset: 191030/228254 valid sequences (Lookback protection active).
2026-03-10 18:35:25,117 - INFO - SequenceDataset: 81905/97838 valid sequences (Lookback protection active).
2026-03-10 18:35:26,205 - INFO - Trial 16 START | tcn=512, lstm=128, layers=6, batch=512, seq=48, drop=0.4839, lr=0.000078, wd=0.0004 | alpha=[2.89, 0.50, 2.89], gamma=1.94, smooth=0.13
2026-03-10 18:35:40,275 - INFO - T16 E1/50 | L: 0.57103010/0.48655909 | F1 M: 0.34072228 D: 0.10530321 | [S/N/B]: [0.0000/0.8116/0.2106] | LR: 0.00007774
2026-03-10 18:35:55,427 - INFO - T16 E2/50 | L: 0.55610612/0.48373074 | F1 M: 0.35895504 D: 0.12671350 | [S/N/B]: [0.0338/0.8234/0.2196] | LR: 0.00007751
2026-03-10 18:36:10,534 - INFO - T16 E3/50 | L: 0.55254002/0.48459467 | F1 M: 0.36211197 D: 0.13141939 | [S/N/B]: [0.0418/0.8235/0.2210] | LR: 0.00007712
2026-03-10 18:36:10,904 - INFO - Trial 16 pruned by Optuna at epoch 3
2026-03-10 18:36:11,616 - INFO - Trial 16 pruned. 
2026-03-10 18:36:13,468 - INFO - SequenceDataset: 210062/228278 valid sequences (Lookback protection active).
2026-03-10 18:36:13,469 - INFO - SequenceDataset: 90065/97862 valid sequences (Lookback protection active).
2026-03-10 18:36:14,479 - INFO - Trial 17 START | tcn=512, lstm=128, layers=7, batch=128, seq=24, drop=0.3957, lr=0.000045, wd=0.0044 | alpha=[4.31, 0.62, 4.31], gamma=2.66, smooth=0.05
2026-03-10 18:37:00,136 - INFO - T17 E1/50 | L: 0.74843874/0.61943621 | F1 M: 0.35814500 D: 0.11230693 | [S/N/B]: [0.0000/0.8498/0.2246] | LR: 0.00004499
2026-03-10 18:37:46,295 - INFO - T17 E2/50 | L: 0.73168023/0.61597908 | F1 M: 0.34755930 D: 0.10761085 | [S/N/B]: [0.0000/0.8275/0.2152] | LR: 0.00004486
2026-03-10 18:38:31,820 - INFO - T17 E3/50 | L: 0.72402721/0.61632947 | F1 M: 0.38655202 D: 0.16566229 | [S/N/B]: [0.1222/0.8283/0.2092] | LR: 0.00004464
2026-03-10 18:38:32,416 - INFO - Trial 17 pruned by Optuna at epoch 3
2026-03-10 18:38:32,582 - INFO - Trial 17 pruned. 
2026-03-10 18:38:33,953 - INFO - SequenceDataset: 133934/228182 valid sequences (Lookback protection active).
2026-03-10 18:38:33,953 - INFO - SequenceDataset: 57425/97766 valid sequences (Lookback protection active).
2026-03-10 18:38:34,738 - INFO - Trial 18 START | tcn=512, lstm=64, layers=5, batch=512, seq=120, drop=0.3025, lr=0.000071, wd=0.0001 | alpha=[3.33, 0.80, 3.33], gamma=1.63, smooth=0.10
2026-03-10 18:38:56,522 - INFO - T18 E1/50 | L: 0.97787462/0.81856502 | F1 M: 0.43930933 D: 0.21751409 | [S/N/B]: [0.2622/0.8829/0.1728] | LR: 0.00007088
2026-03-10 18:39:19,225 - INFO - T18 E2/50 | L: 0.93428799/0.81753555 | F1 M: 0.37893746 D: 0.13539068 | [S/N/B]: [0.0108/0.8660/0.2600] | LR: 0.00007067
2026-03-10 18:39:41,238 - INFO - T18 E3/50 | L: 0.92426618/0.81750223 | F1 M: 0.38288910 D: 0.13887326 | [S/N/B]: [0.0181/0.8709/0.2596] | LR: 0.00007033
2026-03-10 18:40:03,448 - INFO - T18 E4/50 | L: 0.91339675/0.82306551 | F1 M: 0.38914143 D: 0.14410542 | [S/N/B]: [0.0244/0.8792/0.2638] | LR: 0.00006984
2026-03-10 18:40:25,927 - INFO - T18 E5/50 | L: 0.90276618/0.82376725 | F1 M: 0.39924741 D: 0.15950274 | [S/N/B]: [0.0738/0.8787/0.2452] | LR: 0.00006922
2026-03-10 18:40:49,008 - INFO - T18 E6/50 | L: 0.89334592/0.82991176 | F1 M: 0.42075607 D: 0.18718264 | [S/N/B]: [0.1586/0.8879/0.2158] | LR: 0.00006846
2026-03-10 18:40:49,114 - INFO - Trial 18 stopped early due to patience (3 epochs without improvement)
2026-03-10 18:40:49,459 - INFO - Trial 18 finished with value: 0.4393093265708921 and parameters: {'tcn_channels': 512, 'lstm_hidden': 64, 'num_lstm_layers': 5, 'batch_size': 512, 'dropout': 0.30250373493497484, 'seq_len': 120, 'lr': 7.09543187136701e-05, 'weight_decay': 0.000110221974322715, 'base_alpha_side': 3.328456166260997, 'base_alpha_neutral': 0.798599692682826, 'base_loss_gamma': 1.6336644332115025, 'base_loss_smoothing': 0.10090435350402396}. Best is trial 11 with value: 0.4402573180970599.
2026-03-10 18:40:50,895 - INFO - SequenceDataset: 152966/228206 valid sequences (Lookback protection active).
2026-03-10 18:40:50,896 - INFO - SequenceDataset: 65585/97790 valid sequences (Lookback protection active).
2026-03-10 18:40:51,248 - INFO - Trial 19 START | tcn=128, lstm=64, layers=4, batch=512, seq=96, drop=0.3087, lr=0.000025, wd=0.0001 | alpha=[3.09, 0.10, 3.09], gamma=1.16, smooth=0.10
2026-03-10 18:41:00,164 - INFO - T19 E1/50 | L: 0.54982777/0.37014147 | F1 M: 0.04009630 D: 0.06014445 | [S/N/B]: [0.0000/0.0000/0.1203] | LR: 0.00002502
2026-03-10 18:41:09,702 - INFO - T19 E2/50 | L: 0.43747398/0.35783062 | F1 M: 0.04009630 D: 0.06014445 | [S/N/B]: [0.0000/0.0000/0.1203] | LR: 0.00002494
2026-03-10 18:41:19,006 - INFO - T19 E3/50 | L: 0.43079970/0.35501297 | F1 M: 0.10993167 D: 0.16489750 | [S/N/B]: [0.2318/0.0000/0.0980] | LR: 0.00002482
2026-03-10 18:41:19,601 - INFO - Trial 19 pruned by Optuna at epoch 3
2026-03-10 18:41:19,904 - INFO - Trial 19 pruned. 
2026-03-10 18:41:22,527 - INFO - SequenceDataset: 133934/228182 valid sequences (Lookback protection active).
2026-03-10 18:41:22,528 - INFO - SequenceDataset: 57425/97766 valid sequences (Lookback protection active).
2026-03-10 18:41:23,022 - INFO - Trial 20 START | tcn=256, lstm=64, layers=7, batch=512, seq=120, drop=0.3028, lr=0.000068, wd=0.0002 | alpha=[2.20, 0.73, 2.20], gamma=1.61, smooth=0.05
2026-03-10 18:41:36,359 - INFO - T20 E1/50 | L: 0.60789703/0.48643466 | F1 M: 0.38100172 D: 0.12146025 | [S/N/B]: [0.2429/0.9001/0.0000] | LR: 0.00006823
2026-03-10 18:41:49,572 - INFO - T20 E2/50 | L: 0.56388068/0.47667485 | F1 M: 0.38828702 D: 0.13149418 | [S/N/B]: [0.2630/0.9019/0.0000] | LR: 0.00006802
2026-03-10 18:42:02,086 - INFO - T20 E3/50 | L: 0.55506282/0.47729845 | F1 M: 0.42853882 D: 0.19718487 | [S/N/B]: [0.2174/0.8912/0.1769] | LR: 0.00006769
2026-03-10 18:42:15,447 - INFO - T20 E4/50 | L: 0.54914999/0.47702304 | F1 M: 0.43368000 D: 0.19808455 | [S/N/B]: [0.2061/0.9049/0.1901] | LR: 0.00006722
2026-03-10 18:42:28,956 - INFO - T20 E5/50 | L: 0.54386715/0.48244245 | F1 M: 0.41406202 D: 0.16387667 | [S/N/B]: [0.2073/0.9144/0.1205] | LR: 0.00006662
2026-03-10 18:42:29,113 - INFO - Trial 20 stopped early due to patience (3 epochs without improvement)
2026-03-10 18:42:29,481 - INFO - Trial 20 finished with value: 0.4336799957623776 and parameters: {'tcn_channels': 256, 'lstm_hidden': 64, 'num_lstm_layers': 7, 'batch_size': 512, 'dropout': 0.3028049912918306, 'seq_len': 120, 'lr': 6.82931879197946e-05, 'weight_decay': 0.00023150787951040688, 'base_alpha_side': 2.1982566120680875, 'base_alpha_neutral': 0.7301265766328014, 'base_loss_gamma': 1.6071814486690832, 'base_loss_smoothing': 0.05436087985718588}. Best is trial 11 with value: 0.4402573180970599.
2026-03-10 18:42:31,947 - INFO - SequenceDataset: 133934/228182 valid sequences (Lookback protection active).
2026-03-10 18:42:31,948 - INFO - SequenceDataset: 57425/97766 valid sequences (Lookback protection active).
2026-03-10 18:42:33,032 - INFO - Trial 21 START | tcn=512, lstm=64, layers=5, batch=512, seq=120, drop=0.4658, lr=0.000078, wd=0.0002 | alpha=[3.33, 0.78, 3.33], gamma=1.70, smooth=0.13
2026-03-10 18:42:54,833 - INFO - T21 E1/50 | L: 0.99694863/0.84646062 | F1 M: 0.37921081 D: 0.13137826 | [S/N/B]: [0.0000/0.8749/0.2628] | LR: 0.00007816
2026-03-10 18:43:17,811 - INFO - T21 E2/50 | L: 0.95740247/0.83952189 | F1 M: 0.38339427 D: 0.13549678 | [S/N/B]: [0.0000/0.8792/0.2710] | LR: 0.00007793
2026-03-10 18:43:40,111 - INFO - T21 E3/50 | L: 0.94908416/0.84651550 | F1 M: 0.36542197 D: 0.12593034 | [S/N/B]: [0.0000/0.8444/0.2519] | LR: 0.00007754
2026-03-10 18:43:40,364 - INFO - Trial 21 pruned by Optuna at epoch 3
2026-03-10 18:43:40,613 - INFO - Trial 21 pruned. 
2026-03-10 18:43:42,879 - INFO - SequenceDataset: 133934/228182 valid sequences (Lookback protection active).
2026-03-10 18:43:42,880 - INFO - SequenceDataset: 57425/97766 valid sequences (Lookback protection active).
2026-03-10 18:43:43,351 - INFO - Trial 22 START | tcn=512, lstm=64, layers=5, batch=512, seq=120, drop=0.4132, lr=0.000095, wd=0.0006 | alpha=[2.58, 0.65, 2.58], gamma=1.44, smooth=0.10
2026-03-10 18:44:05,976 - INFO - T22 E1/50 | L: 0.72052445/0.60484435 | F1 M: 0.38248558 D: 0.13320376 | [S/N/B]: [0.0000/0.8810/0.2664] | LR: 0.00009449
2026-03-10 18:44:29,282 - INFO - T22 E2/50 | L: 0.68975380/0.60243371 | F1 M: 0.39063931 D: 0.13748771 | [S/N/B]: [0.0000/0.8969/0.2750] | LR: 0.00009421
2026-03-10 18:44:52,595 - INFO - T22 E3/50 | L: 0.68319000/0.60304902 | F1 M: 0.39108101 D: 0.13767783 | [S/N/B]: [0.0000/0.8979/0.2754] | LR: 0.00009375
2026-03-10 18:44:52,987 - INFO - Trial 22 pruned by Optuna at epoch 3
2026-03-10 18:44:53,243 - INFO - Trial 22 pruned. 
2026-03-10 18:44:55,552 - INFO - SequenceDataset: 133934/228182 valid sequences (Lookback protection active).
2026-03-10 18:44:55,553 - INFO - SequenceDataset: 57425/97766 valid sequences (Lookback protection active).
2026-03-10 18:44:56,465 - INFO - Trial 23 START | tcn=512, lstm=32, layers=6, batch=256, seq=120, drop=0.3669, lr=0.000054, wd=0.0001 | alpha=[4.04, 0.79, 4.04], gamma=2.06, smooth=0.13
2026-03-10 18:45:18,005 - INFO - T23 E1/50 | L: 1.16133327/0.98238855 | F1 M: 0.34932872 D: 0.11614043 | [S/N/B]: [0.0000/0.8157/0.2323] | LR: 0.00005369
2026-03-10 18:45:40,067 - INFO - T23 E2/50 | L: 1.11455605/0.96964413 | F1 M: 0.36445727 D: 0.12421728 | [S/N/B]: [0.0000/0.8449/0.2484] | LR: 0.00005353
2026-03-10 18:46:02,477 - INFO - T23 E3/50 | L: 1.10352385/0.97235638 | F1 M: 0.36722348 D: 0.12335571 | [S/N/B]: [0.0000/0.8550/0.2467] | LR: 0.00005327
2026-03-10 18:46:02,730 - INFO - Trial 23 pruned by Optuna at epoch 3
2026-03-10 18:46:02,951 - INFO - Trial 23 pruned. 
2026-03-10 18:46:05,235 - INFO - SequenceDataset: 133934/228182 valid sequences (Lookback protection active).
2026-03-10 18:46:05,235 - INFO - SequenceDataset: 57425/97766 valid sequences (Lookback protection active).
2026-03-10 18:46:05,685 - INFO - Trial 24 START | tcn=512, lstm=128, layers=4, batch=512, seq=120, drop=0.5056, lr=0.000070, wd=0.0003 | alpha=[3.25, 0.71, 3.25], gamma=1.90, smooth=0.10
2026-03-10 18:46:29,832 - INFO - T24 E1/50 | L: 0.83274050/0.69941693 | F1 M: 0.41757336 D: 0.19619475 | [S/N/B]: [0.1209/0.8603/0.2715] | LR: 0.00007000
2026-03-10 18:46:54,422 - INFO - T24 E2/50 | L: 0.80767002/0.69654775 | F1 M: 0.43250127 D: 0.21483488 | [S/N/B]: [0.1628/0.8678/0.2669] | LR: 0.00006980
2026-03-10 18:47:18,884 - INFO - T24 E3/50 | L: 0.80290869/0.69745132 | F1 M: 0.42761832 D: 0.20806365 | [S/N/B]: [0.1382/0.8667/0.2779] | LR: 0.00006945
2026-03-10 18:47:43,422 - INFO - T24 E4/50 | L: 0.79825893/0.69917698 | F1 M: 0.42913208 D: 0.21384517 | [S/N/B]: [0.1724/0.8597/0.2553] | LR: 0.00006897
2026-03-10 18:48:08,069 - INFO - T24 E5/50 | L: 0.79409138/0.70649742 | F1 M: 0.44129908 D: 0.21399347 | [S/N/B]: [0.2049/0.8959/0.2231] | LR: 0.00006836
2026-03-10 18:48:08,269 - INFO - 🥇 [MACRO]  Trial 24 | Global F1 Macro record: 0.44129908 (prev: 0.44025732) → saved best_tcn_lstm.pt
2026-03-10 18:48:08,371 - INFO - Trial 24 stopped early due to patience (3 epochs without improvement)
2026-03-10 18:48:08,719 - INFO - Trial 24 finished with value: 0.4412990758346362 and parameters: {'tcn_channels': 512, 'lstm_hidden': 128, 'num_lstm_layers': 4, 'batch_size': 512, 'dropout': 0.5056394327606231, 'seq_len': 120, 'lr': 7.007150592488349e-05, 'weight_decay': 0.0002990472236495714, 'base_alpha_side': 3.249684267493526, 'base_alpha_neutral': 0.7056707421383211, 'base_loss_gamma': 1.8956611340874776, 'base_loss_smoothing': 0.0966679324948697}. Best is trial 24 with value: 0.4412990758346362.
2026-03-10 18:48:09,865 - INFO - SequenceDataset: 152966/228206 valid sequences (Lookback protection active).
2026-03-10 18:48:09,866 - INFO - SequenceDataset: 65585/97790 valid sequences (Lookback protection active).
2026-03-10 18:48:10,632 - INFO - Trial 25 START | tcn=512, lstm=64, layers=4, batch=512, seq=96, drop=0.4812, lr=0.000066, wd=0.0003 | alpha=[1.79, 0.70, 1.79], gamma=1.91, smooth=0.09
2026-03-10 18:48:29,295 - INFO - T25 E1/50 | L: 0.42974394/0.34048192 | F1 M: 0.39175679 D: 0.13160873 | [S/N/B]: [0.2632/0.9121/0.0000] | LR: 0.00006587
2026-03-10 18:48:49,559 - INFO - T25 E2/50 | L: 0.39837846/0.33880283 | F1 M: 0.43628125 D: 0.19856319 | [S/N/B]: [0.1664/0.9117/0.2307] | LR: 0.00006568
2026-03-10 18:49:08,463 - INFO - T25 E3/50 | L: 0.39323017/0.34102336 | F1 M: 0.42837789 D: 0.18397731 | [S/N/B]: [0.1306/0.9172/0.2374] | LR: 0.00006535
2026-03-10 18:49:28,006 - INFO - T25 E4/50 | L: 0.38957301/0.33968488 | F1 M: 0.43181793 D: 0.19289933 | [S/N/B]: [0.1300/0.9097/0.2558] | LR: 0.00006490
2026-03-10 18:49:47,838 - INFO - T25 E5/50 | L: 0.38619175/0.34485728 | F1 M: 0.42781353 D: 0.18199208 | [S/N/B]: [0.1312/0.9195/0.2328] | LR: 0.00006432
2026-03-10 18:49:47,999 - INFO - Trial 25 stopped early due to patience (3 epochs without improvement)
2026-03-10 18:49:48,378 - INFO - Trial 25 finished with value: 0.43628124764629644 and parameters: {'tcn_channels': 512, 'lstm_hidden': 64, 'num_lstm_layers': 4, 'batch_size': 512, 'dropout': 0.4812289810575144, 'seq_len': 96, 'lr': 6.593714064463089e-05, 'weight_decay': 0.0002708355994887299, 'base_alpha_side': 1.7923760652980256, 'base_alpha_neutral': 0.6986115816104382, 'base_loss_gamma': 1.9119655000644744, 'base_loss_smoothing': 0.08915955700257919}. Best is trial 24 with value: 0.4412990758346362.
2026-03-10 18:49:51,115 - INFO - SequenceDataset: 210062/228278 valid sequences (Lookback protection active).
2026-03-10 18:49:51,115 - INFO - SequenceDataset: 90065/97862 valid sequences (Lookback protection active).
2026-03-10 18:49:52,235 - INFO - Trial 26 START | tcn=512, lstm=128, layers=4, batch=512, seq=24, drop=0.5225, lr=0.000048, wd=0.0001 | alpha=[3.27, 0.57, 3.27], gamma=1.51, smooth=0.10
2026-03-10 18:50:04,322 - INFO - T26 E1/50 | L: 0.72292452/0.61622165 | F1 M: 0.36688786 D: 0.11692851 | [S/N/B]: [0.0000/0.8668/0.2339] | LR: 0.00004774
2026-03-10 18:50:16,849 - INFO - T26 E2/50 | L: 0.70240342/0.61516053 | F1 M: 0.37774068 D: 0.12357430 | [S/N/B]: [0.0000/0.8861/0.2471] | LR: 0.00004760
2026-03-10 18:50:29,204 - INFO - T26 E3/50 | L: 0.69889833/0.61695476 | F1 M: 0.36867308 D: 0.11899087 | [S/N/B]: [0.0000/0.8680/0.2380] | LR: 0.00004736
2026-03-10 18:50:29,743 - INFO - Trial 26 pruned by Optuna at epoch 3
2026-03-10 18:50:30,049 - INFO - Trial 26 pruned. 
2026-03-10 18:50:32,388 - INFO - SequenceDataset: 191030/228254 valid sequences (Lookback protection active).
2026-03-10 18:50:32,388 - INFO - SequenceDataset: 81905/97838 valid sequences (Lookback protection active).
2026-03-10 18:50:33,369 - INFO - Trial 27 START | tcn=512, lstm=128, layers=3, batch=512, seq=48, drop=0.5120, lr=0.000035, wd=0.0001 | alpha=[2.64, 0.45, 2.64], gamma=1.29, smooth=0.06
2026-03-10 18:50:46,455 - INFO - T27 E1/50 | L: 0.52647967/0.43412572 | F1 M: 0.41793883 D: 0.20483918 | [S/N/B]: [0.1546/0.8441/0.2550] | LR: 0.00003510
2026-03-10 18:51:00,516 - INFO - T27 E2/50 | L: 0.50765209/0.43505139 | F1 M: 0.41253605 D: 0.19569299 | [S/N/B]: [0.1321/0.8462/0.2592] | LR: 0.00003499
2026-03-10 18:51:15,465 - INFO - T27 E3/50 | L: 0.50448210/0.43514578 | F1 M: 0.42292404 D: 0.19825712 | [S/N/B]: [0.1433/0.8723/0.2532] | LR: 0.00003482
2026-03-10 18:51:28,430 - INFO - T27 E4/50 | L: 0.50152776/0.43492993 | F1 M: 0.39887984 D: 0.18333138 | [S/N/B]: [0.1355/0.8300/0.2312] | LR: 0.00003458
2026-03-10 18:51:28,574 - INFO - Trial 27 stopped early due to patience (3 epochs without improvement)
2026-03-10 18:51:29,671 - INFO - Trial 27 finished with value: 0.4229240417388545 and parameters: {'tcn_channels': 512, 'lstm_hidden': 128, 'num_lstm_layers': 3, 'batch_size': 512, 'dropout': 0.5120427162124171, 'seq_len': 48, 'lr': 3.51311657260698e-05, 'weight_decay': 0.00010180254955452336, 'base_alpha_side': 2.638817133008598, 'base_alpha_neutral': 0.44819975926354727, 'base_loss_gamma': 1.294013888476726, 'base_loss_smoothing': 0.05841147742460437}. Best is trial 24 with value: 0.4412990758346362.
2026-03-10 18:51:32,017 - INFO - SequenceDataset: 133934/228182 valid sequences (Lookback protection active).
2026-03-10 18:51:32,018 - INFO - SequenceDataset: 57425/97766 valid sequences (Lookback protection active).
2026-03-10 18:51:32,560 - INFO - Trial 28 START | tcn=128, lstm=32, layers=4, batch=512, seq=120, drop=0.3298, lr=0.000060, wd=0.0006 | alpha=[3.42, 0.73, 3.42], gamma=2.23, smooth=0.08
2026-03-10 18:51:41,190 - INFO - T28 E1/50 | L: 0.87910742/0.73031860 | F1 M: 0.33155709 D: 0.10868087 | [S/N/B]: [0.2174/0.7773/0.0000] | LR: 0.00005970
2026-03-10 18:51:50,319 - INFO - T28 E2/50 | L: 0.83116396/0.69801640 | F1 M: 0.35960435 D: 0.12065910 | [S/N/B]: [0.2413/0.8375/0.0000] | LR: 0.00005952
2026-03-10 18:51:59,965 - INFO - T28 E3/50 | L: 0.81656069/0.69010834 | F1 M: 0.40674870 D: 0.18739528 | [S/N/B]: [0.2162/0.8455/0.1586] | LR: 0.00005923
2026-03-10 18:52:09,268 - INFO - T28 E4/50 | L: 0.81113617/0.68580811 | F1 M: 0.41062621 D: 0.18520500 | [S/N/B]: [0.2269/0.8615/0.1435] | LR: 0.00005882
2026-03-10 18:52:17,791 - INFO - T28 E5/50 | L: 0.80720791/0.68521319 | F1 M: 0.42163811 D: 0.20637040 | [S/N/B]: [0.2007/0.8522/0.2120] | LR: 0.00005830
2026-03-10 18:52:26,785 - INFO - T28 E6/50 | L: 0.80467546/0.68523819 | F1 M: 0.42347289 D: 0.21155106 | [S/N/B]: [0.2000/0.8473/0.2231] | LR: 0.00005766
2026-03-10 18:52:34,818 - INFO - T28 E7/50 | L: 0.80169042/0.68456064 | F1 M: 0.42866693 D: 0.20704445 | [S/N/B]: [0.2046/0.8719/0.2095] | LR: 0.00005692
2026-03-10 18:52:43,837 - INFO - T28 E8/50 | L: 0.79934873/0.68445494 | F1 M: 0.42714660 D: 0.21400047 | [S/N/B]: [0.1940/0.8534/0.2340] | LR: 0.00005606
2026-03-10 18:52:52,651 - INFO - T28 E9/50 | L: 0.79872455/0.68447169 | F1 M: 0.42523185 D: 0.21254604 | [S/N/B]: [0.1971/0.8506/0.2279] | LR: 0.00005511
2026-03-10 18:53:00,853 - INFO - T28 E10/50 | L: 0.79848114/0.68539574 | F1 M: 0.42780384 D: 0.21567480 | [S/N/B]: [0.1903/0.8521/0.2410] | LR: 0.00005405
2026-03-10 18:53:08,900 - INFO - T28 E11/50 | L: 0.79518198/0.68670418 | F1 M: 0.42624924 D: 0.21929070 | [S/N/B]: [0.1825/0.8402/0.2561] | LR: 0.00005290
2026-03-10 18:53:08,948 - INFO - 🏆 [DIR]    Trial 28 | Global F1 Dir record: 0.21929070 (prev: 0.21878358) → saved best_tcn_lstm_dir.pt
2026-03-10 18:53:09,205 - INFO - Trial 28 stopped early due to patience (3 epochs without improvement)
2026-03-10 18:53:09,509 - INFO - Trial 28 finished with value: 0.42866692717815885 and parameters: {'tcn_channels': 128, 'lstm_hidden': 32, 'num_lstm_layers': 4, 'batch_size': 512, 'dropout': 0.32979431007521753, 'seq_len': 120, 'lr': 5.976041525919179e-05, 'weight_decay': 0.0006124108677861417, 'base_alpha_side': 3.4246895069334693, 'base_alpha_neutral': 0.7298592693435428, 'base_loss_gamma': 2.227173816899938, 'base_loss_smoothing': 0.0816508167439801}. Best is trial 24 with value: 0.4412990758346362.
2026-03-10 18:53:11,937 - INFO - SequenceDataset: 133934/228182 valid sequences (Lookback protection active).
2026-03-10 18:53:11,938 - INFO - SequenceDataset: 57425/97766 valid sequences (Lookback protection active).
2026-03-10 18:53:12,901 - INFO - Trial 29 START | tcn=256, lstm=64, layers=6, batch=512, seq=120, drop=0.5034, lr=0.000020, wd=0.0003 | alpha=[3.57, 0.61, 3.57], gamma=1.71, smooth=0.11
2026-03-10 18:53:24,623 - INFO - T29 E1/50 | L: 0.94716325/0.82517754 | F1 M: 0.22018271 D: 0.08357478 | [S/N/B]: [0.1671/0.4934/0.0000] | LR: 0.00002000
2026-03-10 18:53:37,492 - INFO - T29 E2/50 | L: 0.92203518/0.79297604 | F1 M: 0.37944638 D: 0.16413442 | [S/N/B]: [0.0937/0.8101/0.2345] | LR: 0.00001994
2026-03-10 18:53:49,961 - INFO - T29 E3/50 | L: 0.89686893/0.77521680 | F1 M: 0.39844823 D: 0.19228297 | [S/N/B]: [0.1299/0.8108/0.2547] | LR: 0.00001984
2026-03-10 18:53:50,323 - INFO - Trial 29 pruned by Optuna at epoch 3
2026-03-10 18:53:50,558 - INFO - Trial 29 pruned. 
2026-03-10 18:53:52,526 - INFO - SequenceDataset: 152966/228206 valid sequences (Lookback protection active).
2026-03-10 18:53:52,527 - INFO - SequenceDataset: 65585/97790 valid sequences (Lookback protection active).
2026-03-10 18:53:53,743 - INFO - Trial 30 START | tcn=512, lstm=32, layers=5, batch=512, seq=96, drop=0.5969, lr=0.000076, wd=0.0002 | alpha=[4.27, 0.66, 4.27], gamma=1.97, smooth=0.12
2026-03-10 18:54:11,692 - INFO - T30 E1/50 | L: 1.09147497/0.92810639 | F1 M: 0.34436932 D: 0.11103632 | [S/N/B]: [0.2139/0.8110/0.0082] | LR: 0.00007581
2026-03-10 18:54:30,320 - INFO - T30 E2/50 | L: 1.04701321/0.90274420 | F1 M: 0.37286278 D: 0.14531467 | [S/N/B]: [0.2318/0.8280/0.0589] | LR: 0.00007559
2026-03-10 18:54:49,301 - INFO - T30 E3/50 | L: 1.03387334/0.89878210 | F1 M: 0.39595781 D: 0.18316844 | [S/N/B]: [0.1833/0.8215/0.1830] | LR: 0.00007522
2026-03-10 18:54:49,899 - INFO - Trial 30 pruned by Optuna at epoch 3
2026-03-10 18:54:50,173 - INFO - Trial 30 pruned. 
2026-03-10 18:54:52,338 - INFO - SequenceDataset: 152966/228206 valid sequences (Lookback protection active).
2026-03-10 18:54:52,339 - INFO - SequenceDataset: 65585/97790 valid sequences (Lookback protection active).
2026-03-10 18:54:52,778 - INFO - Trial 31 START | tcn=512, lstm=64, layers=4, batch=512, seq=96, drop=0.4744, lr=0.000070, wd=0.0003 | alpha=[1.55, 0.69, 1.55], gamma=1.87, smooth=0.09
2026-03-10 18:55:12,101 - INFO - T31 E1/50 | L: 0.34958600/0.28577093 | F1 M: 0.38925178 D: 0.13080324 | [S/N/B]: [0.2616/0.9061/0.0000] | LR: 0.00006950
2026-03-10 18:55:30,765 - INFO - T31 E2/50 | L: 0.33214777/0.28396850 | F1 M: 0.39310652 D: 0.13520871 | [S/N/B]: [0.0000/0.9089/0.2704] | LR: 0.00006930
2026-03-10 18:55:49,963 - INFO - T31 E3/50 | L: 0.32827505/0.28439790 | F1 M: 0.39676515 D: 0.13609261 | [S/N/B]: [0.0028/0.9181/0.2694] | LR: 0.00006896
2026-03-10 18:55:50,630 - INFO - Trial 31 pruned by Optuna at epoch 3
2026-03-10 18:55:50,810 - INFO - Trial 31 pruned. 
2026-03-10 18:55:52,320 - INFO - SequenceDataset: 152966/228206 valid sequences (Lookback protection active).
2026-03-10 18:55:52,321 - INFO - SequenceDataset: 65585/97790 valid sequences (Lookback protection active).
2026-03-10 18:55:52,688 - INFO - Trial 32 START | tcn=512, lstm=64, layers=4, batch=512, seq=96, drop=0.5002, lr=0.000097, wd=0.0003 | alpha=[1.82, 0.75, 1.82], gamma=1.99, smooth=0.09
2026-03-10 18:56:11,588 - INFO - T32 E1/50 | L: 0.43492721/0.35248980 | F1 M: 0.39046965 D: 0.13230316 | [S/N/B]: [0.2646/0.9068/0.0000] | LR: 0.00009698
2026-03-10 18:56:30,298 - INFO - T32 E2/50 | L: 0.41072678/0.34918938 | F1 M: 0.39406354 D: 0.13531895 | [S/N/B]: [0.2706/0.9116/0.0000] | LR: 0.00009669
2026-03-10 18:56:49,500 - INFO - T32 E3/50 | L: 0.40579965/0.35084393 | F1 M: 0.43425433 D: 0.19426703 | [S/N/B]: [0.1719/0.9142/0.2166] | LR: 0.00009621
2026-03-10 18:57:08,506 - INFO - T32 E4/50 | L: 0.40270308/0.35274145 | F1 M: 0.43437255 D: 0.19147640 | [S/N/B]: [0.1742/0.9202/0.2087] | LR: 0.00009555
2026-03-10 18:57:27,685 - INFO - T32 E5/50 | L: 0.39830695/0.35434852 | F1 M: 0.43293338 D: 0.19281436 | [S/N/B]: [0.1881/0.9132/0.1975] | LR: 0.00009470
2026-03-10 18:57:27,776 - INFO - Trial 32 stopped early due to patience (3 epochs without improvement)
2026-03-10 18:57:27,991 - INFO - Trial 32 finished with value: 0.43437254932457986 and parameters: {'tcn_channels': 512, 'lstm_hidden': 64, 'num_lstm_layers': 4, 'batch_size': 512, 'dropout': 0.5001678338855676, 'seq_len': 96, 'lr': 9.70727450833725e-05, 'weight_decay': 0.00025361506229115905, 'base_alpha_side': 1.8197511505917472, 'base_alpha_neutral': 0.7474413838488807, 'base_loss_gamma': 1.9860511965519292, 'base_loss_smoothing': 0.09209257304935639}. Best is trial 24 with value: 0.4412990758346362.
2026-03-10 18:57:29,568 - INFO - SequenceDataset: 152966/228206 valid sequences (Lookback protection active).
2026-03-10 18:57:29,569 - INFO - SequenceDataset: 65585/97790 valid sequences (Lookback protection active).
2026-03-10 18:57:29,941 - INFO - Trial 33 START | tcn=512, lstm=64, layers=3, batch=512, seq=96, drop=0.5473, lr=0.000060, wd=0.0006 | alpha=[2.01, 0.61, 2.01], gamma=1.60, smooth=0.07
2026-03-10 18:57:47,724 - INFO - T33 E1/50 | L: 0.47047565/0.38381962 | F1 M: 0.39098465 D: 0.13789687 | [S/N/B]: [0.0037/0.8972/0.2721] | LR: 0.00006022
2026-03-10 18:58:06,021 - INFO - T33 E2/50 | L: 0.44888187/0.38158260 | F1 M: 0.41282861 D: 0.16979806 | [S/N/B]: [0.0633/0.8989/0.2763] | LR: 0.00006005
2026-03-10 18:58:24,755 - INFO - T33 E3/50 | L: 0.44502565/0.38083853 | F1 M: 0.43196135 D: 0.20008578 | [S/N/B]: [0.1378/0.8957/0.2623] | LR: 0.00005975
2026-03-10 18:58:43,571 - INFO - T33 E4/50 | L: 0.44203371/0.38302133 | F1 M: 0.41814677 D: 0.18531892 | [S/N/B]: [0.1018/0.8838/0.2688] | LR: 0.00005934
2026-03-10 18:59:01,485 - INFO - T33 E5/50 | L: 0.44023901/0.38531001 | F1 M: 0.43211288 D: 0.19887250 | [S/N/B]: [0.1341/0.8986/0.2637] | LR: 0.00005881
2026-03-10 18:59:19,629 - INFO - T33 E6/50 | L: 0.43727732/0.38156648 | F1 M: 0.43647549 D: 0.20623259 | [S/N/B]: [0.1717/0.8970/0.2408] | LR: 0.00005817
2026-03-10 18:59:20,269 - INFO - Trial 33 stopped early due to patience (3 epochs without improvement)
2026-03-10 18:59:20,497 - INFO - Trial 33 finished with value: 0.43647549169337957 and parameters: {'tcn_channels': 512, 'lstm_hidden': 64, 'num_lstm_layers': 3, 'batch_size': 512, 'dropout': 0.5472642059036492, 'seq_len': 96, 'lr': 6.028429067034257e-05, 'weight_decay': 0.0006356323955011013, 'base_alpha_side': 2.0094840915573657, 'base_alpha_neutral': 0.6143415424517306, 'base_loss_gamma': 1.6011565864748145, 'base_loss_smoothing': 0.06898546576651363}. Best is trial 24 with value: 0.4412990758346362.
2026-03-10 18:59:21,956 - INFO - SequenceDataset: 152966/228206 valid sequences (Lookback protection active).
2026-03-10 18:59:21,956 - INFO - SequenceDataset: 65585/97790 valid sequences (Lookback protection active).
2026-03-10 18:59:22,310 - INFO - Trial 34 START | tcn=512, lstm=64, layers=3, batch=512, seq=96, drop=0.5481, lr=0.000086, wd=0.0007 | alpha=[2.17, 0.61, 2.17], gamma=1.57, smooth=0.07
2026-03-10 18:59:40,359 - INFO - T34 E1/50 | L: 0.50866270/0.41657997 | F1 M: 0.42116530 D: 0.18619452 | [S/N/B]: [0.2668/0.8911/0.1056] | LR: 0.00008558
2026-03-10 18:59:58,465 - INFO - T34 E2/50 | L: 0.48623493/0.41260012 | F1 M: 0.44123410 D: 0.21667220 | [S/N/B]: [0.2612/0.8904/0.1722] | LR: 0.00008533
2026-03-10 19:00:17,009 - INFO - T34 E3/50 | L: 0.48201505/0.41257325 | F1 M: 0.42923324 D: 0.19689765 | [S/N/B]: [0.1273/0.8939/0.2664] | LR: 0.00008491
2026-03-10 19:00:35,216 - INFO - T34 E4/50 | L: 0.47854040/0.41408780 | F1 M: 0.44531483 D: 0.21955958 | [S/N/B]: [0.1842/0.8968/0.2549] | LR: 0.00008432
2026-03-10 19:00:35,369 - INFO - 🥇 [MACRO]  Trial 34 | Global F1 Macro record: 0.44531483 (prev: 0.44129908) → saved best_tcn_lstm.pt
2026-03-10 19:00:35,422 - INFO - 🏆 [DIR]    Trial 34 | Global F1 Dir record: 0.21955958 (prev: 0.21929070) → saved best_tcn_lstm_dir.pt
2026-03-10 19:00:54,219 - INFO - T34 E5/50 | L: 0.47608782/0.41506710 | F1 M: 0.43811784 D: 0.21042930 | [S/N/B]: [0.1614/0.8935/0.2594] | LR: 0.00008357
2026-03-10 19:01:12,505 - INFO - T34 E6/50 | L: 0.47229334/0.41416468 | F1 M: 0.43824024 D: 0.21526330 | [S/N/B]: [0.1826/0.8842/0.2480] | LR: 0.00008266
2026-03-10 19:01:12,588 - INFO - Trial 34 stopped early due to patience (3 epochs without improvement)
2026-03-10 19:01:12,841 - INFO - Trial 34 finished with value: 0.4453148309371124 and parameters: {'tcn_channels': 512, 'lstm_hidden': 64, 'num_lstm_layers': 3, 'batch_size': 512, 'dropout': 0.5480624200598725, 'seq_len': 96, 'lr': 8.566598147350357e-05, 'weight_decay': 0.000702010453717582, 'base_alpha_side': 2.169261615467286, 'base_alpha_neutral': 0.6079508977795318, 'base_loss_gamma': 1.5727028185673466, 'base_loss_smoothing': 0.06519857400972771}. Best is trial 34 with value: 0.4453148309371124.
2026-03-10 19:01:14,372 - INFO - SequenceDataset: 133934/228182 valid sequences (Lookback protection active).
2026-03-10 19:01:14,373 - INFO - SequenceDataset: 57425/97766 valid sequences (Lookback protection active).
2026-03-10 19:01:14,660 - INFO - Trial 35 START | tcn=64, lstm=64, layers=3, batch=512, seq=120, drop=0.5540, lr=0.000089, wd=0.0018 | alpha=[2.48, 0.68, 2.48], gamma=1.52, smooth=0.08
2026-03-10 19:01:21,724 - INFO - T35 E1/50 | L: 0.66761842/0.54754257 | F1 M: 0.37924504 D: 0.13141857 | [S/N/B]: [0.2588/0.8749/0.0040] | LR: 0.00008919
2026-03-10 19:01:29,145 - INFO - T35 E2/50 | L: 0.63706827/0.54258516 | F1 M: 0.41704771 D: 0.17958139 | [S/N/B]: [0.0858/0.8920/0.2734] | LR: 0.00008892
2026-03-10 19:01:37,431 - INFO - T35 E3/50 | L: 0.63389498/0.54113357 | F1 M: 0.42843900 D: 0.19471488 | [S/N/B]: [0.1182/0.8959/0.2712] | LR: 0.00008848
2026-03-10 19:01:44,739 - INFO - T35 E4/50 | L: 0.63171706/0.54086339 | F1 M: 0.43682032 D: 0.20756789 | [S/N/B]: [0.1520/0.8953/0.2632] | LR: 0.00008787
2026-03-10 19:01:52,512 - INFO - T35 E5/50 | L: 0.63048290/0.54079314 | F1 M: 0.43658899 D: 0.20982442 | [S/N/B]: [0.1502/0.8901/0.2695] | LR: 0.00008709
2026-03-10 19:02:00,175 - INFO - T35 E6/50 | L: 0.62992025/0.54030987 | F1 M: 0.44119529 D: 0.21512075 | [S/N/B]: [0.1676/0.8933/0.2626] | LR: 0.00008614
2026-03-10 19:02:07,799 - INFO - T35 E7/50 | L: 0.62912041/0.54020907 | F1 M: 0.43828866 D: 0.21193956 | [S/N/B]: [0.1607/0.8910/0.2632] | LR: 0.00008503
2026-03-10 19:02:15,689 - INFO - T35 E8/50 | L: 0.62798074/0.54068460 | F1 M: 0.43881276 D: 0.21158960 | [S/N/B]: [0.1606/0.8933/0.2626] | LR: 0.00008375
2026-03-10 19:02:24,052 - INFO - T35 E9/50 | L: 0.62798099/0.54031884 | F1 M: 0.43783663 D: 0.21030951 | [S/N/B]: [0.1551/0.8929/0.2656] | LR: 0.00008232
2026-03-10 19:02:32,150 - INFO - T35 E10/50 | L: 0.62720628/0.54004579 | F1 M: 0.43881081 D: 0.21238311 | [S/N/B]: [0.1636/0.8917/0.2611] | LR: 0.00008075
2026-03-10 19:02:40,167 - INFO - T35 E11/50 | L: 0.62650361/0.53966463 | F1 M: 0.44069662 D: 0.21671663 | [S/N/B]: [0.1772/0.8887/0.2563] | LR: 0.00007903
2026-03-10 19:02:48,423 - INFO - T35 E12/50 | L: 0.62579449/0.54022571 | F1 M: 0.44032585 D: 0.21706190 | [S/N/B]: [0.1811/0.8869/0.2530] | LR: 0.00007718
2026-03-10 19:02:56,647 - INFO - T35 E13/50 | L: 0.62557140/0.53994972 | F1 M: 0.44149644 D: 0.21694795 | [S/N/B]: [0.1799/0.8906/0.2540] | LR: 0.00007519
2026-03-10 19:03:04,452 - INFO - T35 E14/50 | L: 0.62506983/0.54040426 | F1 M: 0.43926772 D: 0.21466735 | [S/N/B]: [0.1747/0.8885/0.2547] | LR: 0.00007309
2026-03-10 19:03:04,551 - INFO - Trial 35 stopped early due to patience (3 epochs without improvement)
2026-03-10 19:03:04,773 - INFO - Trial 35 finished with value: 0.4414964363425143 and parameters: {'tcn_channels': 64, 'lstm_hidden': 64, 'num_lstm_layers': 3, 'batch_size': 512, 'dropout': 0.5539512681012438, 'seq_len': 120, 'lr': 8.927344348693036e-05, 'weight_decay': 0.0018072243508030523, 'base_alpha_side': 2.4808255504221126, 'base_alpha_neutral': 0.6762386511652609, 'base_loss_gamma': 1.517082309644111, 'base_loss_smoothing': 0.07647178573590295}. Best is trial 34 with value: 0.4453148309371124.
2026-03-10 19:03:06,292 - INFO - SequenceDataset: 152966/228206 valid sequences (Lookback protection active).
2026-03-10 19:03:06,293 - INFO - SequenceDataset: 65585/97790 valid sequences (Lookback protection active).
2026-03-10 19:03:07,208 - INFO - Trial 36 START | tcn=64, lstm=64, layers=3, batch=512, seq=96, drop=0.5530, lr=0.000087, wd=0.0020 | alpha=[2.42, 0.58, 2.42], gamma=1.35, smooth=0.04
2026-03-10 19:03:14,970 - INFO - T36 E1/50 | L: 0.58593415/0.46924440 | F1 M: 0.37058826 D: 0.12561222 | [S/N/B]: [0.0000/0.8605/0.2512] | LR: 0.00008669
2026-03-10 19:03:24,041 - INFO - T36 E2/50 | L: 0.55364074/0.46400268 | F1 M: 0.38303828 D: 0.13359605 | [S/N/B]: [0.0000/0.8819/0.2672] | LR: 0.00008643
2026-03-10 19:03:32,482 - INFO - T36 E3/50 | L: 0.55025310/0.46198725 | F1 M: 0.41874912 D: 0.18422774 | [S/N/B]: [0.0990/0.8878/0.2695] | LR: 0.00008601
2026-03-10 19:03:41,289 - INFO - T36 E4/50 | L: 0.54803847/0.46070028 | F1 M: 0.43806519 D: 0.21244885 | [S/N/B]: [0.1676/0.8893/0.2573] | LR: 0.00008541
2026-03-10 19:03:49,306 - INFO - T36 E5/50 | L: 0.54674444/0.46018996 | F1 M: 0.44155939 D: 0.21902747 | [S/N/B]: [0.1957/0.8866/0.2423] | LR: 0.00008465
2026-03-10 19:03:58,071 - INFO - T36 E6/50 | L: 0.54607982/0.46018523 | F1 M: 0.44174404 D: 0.21928566 | [S/N/B]: [0.1966/0.8867/0.2420] | LR: 0.00008373
2026-03-10 19:04:07,294 - INFO - T36 E7/50 | L: 0.54513555/0.46001851 | F1 M: 0.44092024 D: 0.21990873 | [S/N/B]: [0.2072/0.8829/0.2326] | LR: 0.00008265
2026-03-10 19:04:07,469 - INFO - 🏆 [DIR]    Trial 36 | Global F1 Dir record: 0.21990873 (prev: 0.21955958) → saved best_tcn_lstm_dir.pt
2026-03-10 19:04:15,818 - INFO - T36 E8/50 | L: 0.54435981/0.46030615 | F1 M: 0.44101988 D: 0.22005305 | [S/N/B]: [0.1972/0.8830/0.2429] | LR: 0.00008141
2026-03-10 19:04:15,865 - INFO - 🏆 [DIR]    Trial 36 | Global F1 Dir record: 0.22005305 (prev: 0.21990873) → saved best_tcn_lstm_dir.pt
2026-03-10 19:04:24,364 - INFO - T36 E9/50 | L: 0.54274350/0.46010789 | F1 M: 0.44078844 D: 0.21755788 | [S/N/B]: [0.2093/0.8872/0.2258] | LR: 0.00008002
2026-03-10 19:04:33,578 - INFO - T36 E10/50 | L: 0.54237271/0.46022466 | F1 M: 0.43328535 D: 0.21319992 | [S/N/B]: [0.2253/0.8735/0.2011] | LR: 0.00007849
2026-03-10 19:04:33,709 - INFO - Trial 36 stopped early due to patience (3 epochs without improvement)
2026-03-10 19:04:33,989 - INFO - Trial 36 finished with value: 0.4417440413652191 and parameters: {'tcn_channels': 64, 'lstm_hidden': 64, 'num_lstm_layers': 3, 'batch_size': 512, 'dropout': 0.5529820429159742, 'seq_len': 96, 'lr': 8.677498788925385e-05, 'weight_decay': 0.0019925215043089368, 'base_alpha_side': 2.424477308075671, 'base_alpha_neutral': 0.5844304190907538, 'base_loss_gamma': 1.3514887114365295, 'base_loss_smoothing': 0.040910160366658815}. Best is trial 34 with value: 0.4453148309371124.
2026-03-10 19:04:35,884 - INFO - SequenceDataset: 210062/228278 valid sequences (Lookback protection active).
2026-03-10 19:04:35,885 - INFO - SequenceDataset: 90065/97862 valid sequences (Lookback protection active).
2026-03-10 19:04:36,297 - INFO - Trial 37 START | tcn=64, lstm=64, layers=3, batch=512, seq=24, drop=0.5962, lr=0.000085, wd=0.0023 | alpha=[2.56, 0.57, 2.56], gamma=1.26, smooth=0.03
2026-03-10 19:04:45,946 - INFO - T37 E1/50 | L: 0.55688332/0.44712418 | F1 M: 0.40961305 D: 0.16948566 | [S/N/B]: [0.2526/0.8899/0.0864] | LR: 0.00008454
2026-03-10 19:04:56,518 - INFO - T37 E2/50 | L: 0.52743239/0.44337609 | F1 M: 0.38695059 D: 0.12947672 | [S/N/B]: [0.0000/0.9019/0.2590] | LR: 0.00008429
2026-03-10 19:05:06,425 - INFO - T37 E3/50 | L: 0.52369160/0.44304542 | F1 M: 0.38466961 D: 0.12849885 | [S/N/B]: [0.0000/0.8970/0.2570] | LR: 0.00008387
2026-03-10 19:05:07,031 - INFO - Trial 37 pruned by Optuna at epoch 3
2026-03-10 19:05:07,288 - INFO - Trial 37 pruned. 
2026-03-10 19:05:09,696 - INFO - SequenceDataset: 152966/228206 valid sequences (Lookback protection active).
2026-03-10 19:05:09,697 - INFO - SequenceDataset: 65585/97790 valid sequences (Lookback protection active).
2026-03-10 19:05:10,626 - INFO - Trial 38 START | tcn=64, lstm=64, layers=3, batch=256, seq=96, drop=0.5502, lr=0.000087, wd=0.0016 | alpha=[2.24, 0.50, 2.24], gamma=1.45, smooth=0.04
2026-03-10 19:05:24,299 - INFO - T38 E1/50 | L: 0.47172013/0.38705275 | F1 M: 0.42849929 D: 0.21930354 | [S/N/B]: [0.2713/0.8469/0.1673] | LR: 0.00008648
2026-03-10 19:05:39,970 - INFO - T38 E2/50 | L: 0.45814205/0.38410850 | F1 M: 0.37429437 D: 0.12928236 | [S/N/B]: [0.0000/0.8643/0.2586] | LR: 0.00008622
2026-03-10 19:05:53,995 - INFO - T38 E3/50 | L: 0.45622292/0.38411630 | F1 M: 0.36819681 D: 0.12571764 | [S/N/B]: [0.0000/0.8532/0.2514] | LR: 0.00008580
2026-03-10 19:06:07,615 - INFO - T38 E4/50 | L: 0.45497824/0.38354665 | F1 M: 0.41876632 D: 0.19905570 | [S/N/B]: [0.1620/0.8582/0.2361] | LR: 0.00008521
2026-03-10 19:06:22,291 - INFO - T38 E5/50 | L: 0.45465737/0.38371973 | F1 M: 0.41311425 D: 0.19074450 | [S/N/B]: [0.1373/0.8579/0.2441] | LR: 0.00008445
2026-03-10 19:06:36,775 - INFO - T38 E6/50 | L: 0.45368372/0.38342187 | F1 M: 0.42112830 D: 0.20391605 | [S/N/B]: [0.1833/0.8556/0.2245] | LR: 0.00008353
2026-03-10 19:06:51,407 - INFO - T38 E7/50 | L: 0.45290677/0.38291311 | F1 M: 0.41566996 D: 0.19768489 | [S/N/B]: [0.1557/0.8516/0.2397] | LR: 0.00008245
2026-03-10 19:07:06,272 - INFO - T38 E8/50 | L: 0.45231795/0.38341661 | F1 M: 0.42400953 D: 0.20448228 | [S/N/B]: [0.1709/0.8631/0.2381] | LR: 0.00008121
2026-03-10 19:07:20,529 - INFO - T38 E9/50 | L: 0.45163283/0.38273003 | F1 M: 0.42203976 D: 0.20355888 | [S/N/B]: [0.1637/0.8590/0.2435] | LR: 0.00007983
2026-03-10 19:07:35,192 - INFO - T38 E10/50 | L: 0.45147770/0.38260725 | F1 M: 0.42086031 D: 0.20377111 | [S/N/B]: [0.2046/0.8550/0.2030] | LR: 0.00007830
2026-03-10 19:07:49,045 - INFO - T38 E11/50 | L: 0.45104493/0.38262576 | F1 M: 0.42646569 D: 0.20775782 | [S/N/B]: [0.1976/0.8639/0.2179] | LR: 0.00007663
2026-03-10 19:08:04,030 - INFO - T38 E12/50 | L: 0.45062705/0.38361694 | F1 M: 0.42184681 D: 0.20397040 | [S/N/B]: [0.1575/0.8576/0.2505] | LR: 0.00007484
2026-03-10 19:08:18,448 - INFO - T38 E13/50 | L: 0.45023674/0.38274057 | F1 M: 0.42655042 D: 0.20973748 | [S/N/B]: [0.1837/0.8602/0.2358] | LR: 0.00007291
2026-03-10 19:08:18,573 - INFO - Trial 38 stopped early due to patience (3 epochs without improvement)
2026-03-10 19:08:18,888 - INFO - Trial 38 finished with value: 0.4284992873632359 and parameters: {'tcn_channels': 64, 'lstm_hidden': 64, 'num_lstm_layers': 3, 'batch_size': 256, 'dropout': 0.550223298878454, 'seq_len': 96, 'lr': 8.656615552515772e-05, 'weight_decay': 0.001572423430879202, 'base_alpha_side': 2.240305070965603, 'base_alpha_neutral': 0.49825090796516197, 'base_loss_gamma': 1.4537384489433403, 'base_loss_smoothing': 0.04338728695538405}. Best is trial 34 with value: 0.4453148309371124.
2026-03-10 19:08:20,863 - INFO - SequenceDataset: 133934/228182 valid sequences (Lookback protection active).
2026-03-10 19:08:20,864 - INFO - SequenceDataset: 57425/97766 valid sequences (Lookback protection active).
2026-03-10 19:08:21,261 - INFO - Trial 39 START | tcn=64, lstm=64, layers=3, batch=512, seq=120, drop=0.5668, lr=0.000028, wd=0.0011 | alpha=[1.96, 0.40, 1.96], gamma=1.36, smooth=0.02
2026-03-10 19:08:29,543 - INFO - T39 E1/50 | L: 0.41136593/0.34438798 | F1 M: 0.24806913 D: 0.08840999 | [S/N/B]: [0.1768/0.5674/0.0000] | LR: 0.00002822
2026-03-10 19:08:37,438 - INFO - T39 E2/50 | L: 0.38826874/0.32403378 | F1 M: 0.33299123 D: 0.11427004 | [S/N/B]: [0.2186/0.7704/0.0099] | LR: 0.00002813
2026-03-10 19:08:45,431 - INFO - T39 E3/50 | L: 0.37942582/0.31915840 | F1 M: 0.39512585 D: 0.20306945 | [S/N/B]: [0.1567/0.7792/0.2494] | LR: 0.00002799
2026-03-10 19:08:46,307 - INFO - Trial 39 pruned by Optuna at epoch 3
2026-03-10 19:08:46,547 - INFO - Trial 39 pruned. 
2026-03-10 19:08:48,753 - INFO - SequenceDataset: 191030/228254 valid sequences (Lookback protection active).
2026-03-10 19:08:48,758 - INFO - SequenceDataset: 81905/97838 valid sequences (Lookback protection active).
2026-03-10 19:08:49,184 - INFO - Trial 40 START | tcn=64, lstm=64, layers=3, batch=512, seq=48, drop=0.5383, lr=0.000049, wd=0.0008 | alpha=[2.38, 0.64, 2.38], gamma=1.05, smooth=0.07
2026-03-10 19:08:58,172 - INFO - T40 E1/50 | L: 0.64272998/0.52714578 | F1 M: 0.42838906 D: 0.19006389 | [S/N/B]: [0.1557/0.9050/0.2245] | LR: 0.00004916
2026-03-10 19:09:08,709 - INFO - T40 E2/50 | L: 0.60706181/0.52222160 | F1 M: 0.44394053 D: 0.21172612 | [S/N/B]: [0.2427/0.9084/0.1807] | LR: 0.00004902
2026-03-10 19:09:18,426 - INFO - T40 E3/50 | L: 0.60345428/0.52023900 | F1 M: 0.42726036 D: 0.18278433 | [S/N/B]: [0.1286/0.9162/0.2370] | LR: 0.00004878
2026-03-10 19:09:27,401 - INFO - T40 E4/50 | L: 0.60160506/0.51989327 | F1 M: 0.39511411 D: 0.13345765 | [S/N/B]: [0.0000/0.9184/0.2669] | LR: 0.00004844
2026-03-10 19:09:37,052 - INFO - T40 E5/50 | L: 0.60009528/0.51831147 | F1 M: 0.39512538 D: 0.13455383 | [S/N/B]: [0.0000/0.9163/0.2691] | LR: 0.00004801
2026-03-10 19:09:46,543 - INFO - T40 E6/50 | L: 0.59932948/0.51824171 | F1 M: 0.39470343 D: 0.13507866 | [S/N/B]: [0.0000/0.9140/0.2702] | LR: 0.00004748
2026-03-10 19:09:56,138 - INFO - T40 E7/50 | L: 0.59894446/0.51726070 | F1 M: 0.39547956 D: 0.13401311 | [S/N/B]: [0.0000/0.9184/0.2680] | LR: 0.00004687
2026-03-10 19:10:06,108 - INFO - T40 E8/50 | L: 0.59817886/0.51732772 | F1 M: 0.39592209 D: 0.13501561 | [S/N/B]: [0.0000/0.9177/0.2700] | LR: 0.00004617
2026-03-10 19:10:15,714 - INFO - T40 E9/50 | L: 0.59695363/0.51684675 | F1 M: 0.39676657 D: 0.13530044 | [S/N/B]: [0.0000/0.9197/0.2706] | LR: 0.00004538
2026-03-10 19:10:25,295 - INFO - T40 E10/50 | L: 0.59768651/0.51682824 | F1 M: 0.39586316 D: 0.13510556 | [S/N/B]: [0.0000/0.9174/0.2702] | LR: 0.00004451
2026-03-10 19:10:34,216 - INFO - T40 E11/50 | L: 0.59618948/0.51708163 | F1 M: 0.39599673 D: 0.13515279 | [S/N/B]: [0.0004/0.9177/0.2699] | LR: 0.00004357
2026-03-10 19:10:43,878 - INFO - T40 E12/50 | L: 0.59621080/0.51676733 | F1 M: 0.39593356 D: 0.13572594 | [S/N/B]: [0.0004/0.9163/0.2710] | LR: 0.00004254
2026-03-10 19:10:53,812 - INFO - T40 E13/50 | L: 0.59529720/0.51599272 | F1 M: 0.39767057 D: 0.13655445 | [S/N/B]: [0.0012/0.9199/0.2719] | LR: 0.00004145
2026-03-10 19:11:03,587 - INFO - T40 E14/50 | L: 0.59562367/0.51609984 | F1 M: 0.40002837 D: 0.14082742 | [S/N/B]: [0.0104/0.9184/0.2713] | LR: 0.00004029
2026-03-10 19:11:12,996 - INFO - T40 E15/50 | L: 0.59477868/0.51625065 | F1 M: 0.40160035 D: 0.14410065 | [S/N/B]: [0.0161/0.9166/0.2721] | LR: 0.00003907
2026-03-10 19:11:22,396 - INFO - T40 E16/50 | L: 0.59498587/0.51635484 | F1 M: 0.40871551 D: 0.15500848 | [S/N/B]: [0.0380/0.9161/0.2721] | LR: 0.00003779
2026-03-10 19:11:22,513 - INFO - Trial 40 stopped early due to patience (3 epochs without improvement)
2026-03-10 19:11:22,726 - INFO - Trial 40 finished with value: 0.4439405281920428 and parameters: {'tcn_channels': 64, 'lstm_hidden': 64, 'num_lstm_layers': 3, 'batch_size': 512, 'dropout': 0.5383066946254951, 'seq_len': 48, 'lr': 4.9212715316354864e-05, 'weight_decay': 0.0008347069606302402, 'base_alpha_side': 2.3831325061736037, 'base_alpha_neutral': 0.6422177715636812, 'base_loss_gamma': 1.052539982930564, 'base_loss_smoothing': 0.07373373109762475}. Best is trial 34 with value: 0.4453148309371124.
2026-03-10 19:11:24,185 - INFO - SequenceDataset: 191030/228254 valid sequences (Lookback protection active).
2026-03-10 19:11:24,185 - INFO - SequenceDataset: 81905/97838 valid sequences (Lookback protection active).
2026-03-10 19:11:24,763 - INFO - Trial 41 START | tcn=64, lstm=64, layers=3, batch=512, seq=48, drop=0.5379, lr=0.000047, wd=0.0009 | alpha=[2.37, 0.65, 2.37], gamma=1.00, smooth=0.07
2026-03-10 19:11:34,070 - INFO - T41 E1/50 | L: 0.67821483/0.54028873 | F1 M: 0.38604287 D: 0.12661290 | [S/N/B]: [0.0000/0.9049/0.2532] | LR: 0.00004699
2026-03-10 19:11:43,915 - INFO - T41 E2/50 | L: 0.62118034/0.53318667 | F1 M: 0.39090193 D: 0.13120097 | [S/N/B]: [0.0000/0.9103/0.2624] | LR: 0.00004685
2026-03-10 19:11:53,605 - INFO - T41 E3/50 | L: 0.61612349/0.53153284 | F1 M: 0.39311893 D: 0.13341132 | [S/N/B]: [0.0000/0.9125/0.2668] | LR: 0.00004662
2026-03-10 19:11:53,877 - INFO - Trial 41 pruned by Optuna at epoch 3
2026-03-10 19:11:54,035 - INFO - Trial 41 pruned. 
2026-03-10 19:11:55,507 - INFO - SequenceDataset: 191030/228254 valid sequences (Lookback protection active).
2026-03-10 19:11:55,508 - INFO - SequenceDataset: 81905/97838 valid sequences (Lookback protection active).
2026-03-10 19:11:55,808 - INFO - Trial 42 START | tcn=64, lstm=64, layers=3, batch=512, seq=48, drop=0.5235, lr=0.000075, wd=0.0015 | alpha=[2.69, 0.60, 2.69], gamma=1.15, smooth=0.06
2026-03-10 19:12:04,385 - INFO - T42 E1/50 | L: 0.66397731/0.54021005 | F1 M: 0.37944292 D: 0.12566971 | [S/N/B]: [0.0000/0.8870/0.2513] | LR: 0.00007460
2026-03-10 19:12:14,272 - INFO - T42 E2/50 | L: 0.62870561/0.53542829 | F1 M: 0.38919953 D: 0.13207239 | [S/N/B]: [0.0000/0.9035/0.2641] | LR: 0.00007438
2026-03-10 19:12:24,012 - INFO - T42 E3/50 | L: 0.62461511/0.53335373 | F1 M: 0.39143967 D: 0.13416048 | [S/N/B]: [0.0004/0.9060/0.2679] | LR: 0.00007401
2026-03-10 19:12:24,283 - INFO - Trial 42 pruned by Optuna at epoch 3
2026-03-10 19:12:24,495 - INFO - Trial 42 pruned. 
2026-03-10 19:12:25,830 - INFO - SequenceDataset: 191030/228254 valid sequences (Lookback protection active).
2026-03-10 19:12:25,830 - INFO - SequenceDataset: 81905/97838 valid sequences (Lookback protection active).
2026-03-10 19:12:26,662 - INFO - Trial 43 START | tcn=64, lstm=64, layers=3, batch=512, seq=48, drop=0.5635, lr=0.000054, wd=0.0023 | alpha=[2.39, 0.66, 2.39], gamma=1.17, smooth=0.04
2026-03-10 19:12:35,999 - INFO - T43 E1/50 | L: 0.60788654/0.48279567 | F1 M: 0.38697195 D: 0.12731926 | [S/N/B]: [0.0000/0.9063/0.2546] | LR: 0.00005412
2026-03-10 19:12:45,602 - INFO - T43 E2/50 | L: 0.56550506/0.47454528 | F1 M: 0.39260527 D: 0.13196370 | [S/N/B]: [0.0000/0.9139/0.2639] | LR: 0.00005396
2026-03-10 19:12:55,050 - INFO - T43 E3/50 | L: 0.56008185/0.47256818 | F1 M: 0.39410293 D: 0.13274743 | [S/N/B]: [0.0000/0.9168/0.2655] | LR: 0.00005370
2026-03-10 19:12:55,417 - INFO - Trial 43 pruned by Optuna at epoch 3
2026-03-10 19:12:55,635 - INFO - Trial 43 pruned. 
2026-03-10 19:12:57,903 - INFO - SequenceDataset: 191030/228254 valid sequences (Lookback protection active).
2026-03-10 19:12:57,904 - INFO - SequenceDataset: 81905/97838 valid sequences (Lookback protection active).
2026-03-10 19:12:58,341 - INFO - Trial 44 START | tcn=64, lstm=64, layers=3, batch=512, seq=48, drop=0.5791, lr=0.000087, wd=0.0008 | alpha=[2.11, 0.54, 2.11], gamma=1.51, smooth=0.08
2026-03-10 19:13:08,156 - INFO - T44 E1/50 | L: 0.45560048/0.37095408 | F1 M: 0.43187903 D: 0.20168413 | [S/N/B]: [0.1693/0.8923/0.2341] | LR: 0.00008681
2026-03-10 19:13:18,183 - INFO - T44 E2/50 | L: 0.43269244/0.36869827 | F1 M: 0.43440224 D: 0.20216090 | [S/N/B]: [0.1473/0.8989/0.2570] | LR: 0.00008655
2026-03-10 19:13:27,613 - INFO - T44 E3/50 | L: 0.43034411/0.36903047 | F1 M: 0.42833226 D: 0.19679462 | [S/N/B]: [0.1320/0.8914/0.2615] | LR: 0.00008613
2026-03-10 19:13:37,498 - INFO - T44 E4/50 | L: 0.42923384/0.36703232 | F1 M: 0.42884944 D: 0.19236273 | [S/N/B]: [0.1188/0.9018/0.2659] | LR: 0.00008553
2026-03-10 19:13:48,242 - INFO - T44 E5/50 | L: 0.42832977/0.36738129 | F1 M: 0.43625895 D: 0.20516210 | [S/N/B]: [0.1563/0.8985/0.2540] | LR: 0.00008477
2026-03-10 19:13:59,094 - INFO - T44 E6/50 | L: 0.42830159/0.36656589 | F1 M: 0.43753494 D: 0.20725036 | [S/N/B]: [0.1641/0.8981/0.2504] | LR: 0.00008384
2026-03-10 19:14:09,314 - INFO - T44 E7/50 | L: 0.42724618/0.36668909 | F1 M: 0.43707844 D: 0.20674332 | [S/N/B]: [0.1540/0.8977/0.2595] | LR: 0.00008276
2026-03-10 19:14:20,224 - INFO - T44 E8/50 | L: 0.42667159/0.36593318 | F1 M: 0.44027490 D: 0.21016216 | [S/N/B]: [0.1896/0.9005/0.2307] | LR: 0.00008152
2026-03-10 19:14:30,384 - INFO - T44 E9/50 | L: 0.42625878/0.36631429 | F1 M: 0.44034842 D: 0.21271373 | [S/N/B]: [0.1825/0.8956/0.2430] | LR: 0.00008013
2026-03-10 19:14:40,177 - INFO - T44 E10/50 | L: 0.42592403/0.36617928 | F1 M: 0.43571047 D: 0.20610641 | [S/N/B]: [0.1553/0.8949/0.2569] | LR: 0.00007860
2026-03-10 19:14:49,961 - INFO - T44 E11/50 | L: 0.42593999/0.36583700 | F1 M: 0.44312626 D: 0.21214857 | [S/N/B]: [0.1817/0.9051/0.2426] | LR: 0.00007692
2026-03-10 19:14:59,325 - INFO - T44 E12/50 | L: 0.42553532/0.36622026 | F1 M: 0.44044556 D: 0.21020847 | [S/N/B]: [0.1657/0.9009/0.2548] | LR: 0.00007512
2026-03-10 19:15:08,816 - INFO - T44 E13/50 | L: 0.42472997/0.36591170 | F1 M: 0.43728937 D: 0.20877241 | [S/N/B]: [0.2106/0.8943/0.2069] | LR: 0.00007319
2026-03-10 19:15:17,918 - INFO - T44 E14/50 | L: 0.42452960/0.36602434 | F1 M: 0.43902553 D: 0.21031066 | [S/N/B]: [0.2053/0.8965/0.2153] | LR: 0.00007114
2026-03-10 19:15:18,057 - INFO - Trial 44 stopped early due to patience (3 epochs without improvement)
2026-03-10 19:15:18,383 - INFO - Trial 44 finished with value: 0.4431262586160849 and parameters: {'tcn_channels': 64, 'lstm_hidden': 64, 'num_lstm_layers': 3, 'batch_size': 512, 'dropout': 0.5790620490989372, 'seq_len': 48, 'lr': 8.689536888371138e-05, 'weight_decay': 0.0007919934596496625, 'base_alpha_side': 2.1131452932266646, 'base_alpha_neutral': 0.5439098521728072, 'base_loss_gamma': 1.5068246221085404, 'base_loss_smoothing': 0.07958787594670462}. Best is trial 34 with value: 0.4453148309371124.
2026-03-10 19:15:20,992 - INFO - SequenceDataset: 191030/228254 valid sequences (Lookback protection active).
2026-03-10 19:15:20,993 - INFO - SequenceDataset: 81905/97838 valid sequences (Lookback protection active).
2026-03-10 19:15:21,410 - INFO - Trial 45 START | tcn=64, lstm=64, layers=3, batch=512, seq=48, drop=0.5865, lr=0.000088, wd=0.0008 | alpha=[2.05, 0.53, 2.05], gamma=1.52, smooth=0.08
2026-03-10 19:15:30,918 - INFO - T45 E1/50 | L: 0.42698398/0.35307838 | F1 M: 0.38018031 D: 0.12664697 | [S/N/B]: [0.0000/0.8872/0.2533] | LR: 0.00008824
2026-03-10 19:15:41,284 - INFO - T45 E2/50 | L: 0.41159642/0.35060813 | F1 M: 0.38778008 D: 0.13347409 | [S/N/B]: [0.0061/0.8964/0.2608] | LR: 0.00008798
2026-03-10 19:15:51,048 - INFO - T45 E3/50 | L: 0.40855808/0.34961799 | F1 M: 0.38894665 D: 0.13347188 | [S/N/B]: [0.0049/0.8999/0.2621] | LR: 0.00008755
2026-03-10 19:15:52,091 - INFO - Trial 45 pruned by Optuna at epoch 3
2026-03-10 19:15:52,316 - INFO - Trial 45 pruned. 
2026-03-10 19:15:54,025 - INFO - SequenceDataset: 191030/228254 valid sequences (Lookback protection active).
2026-03-10 19:15:54,026 - INFO - SequenceDataset: 81905/97838 valid sequences (Lookback protection active).
2026-03-10 19:15:54,815 - INFO - Trial 46 START | tcn=64, lstm=64, layers=3, batch=256, seq=48, drop=0.5765, lr=0.000012, wd=0.0018 | alpha=[1.82, 0.47, 1.82], gamma=1.39, smooth=0.07
2026-03-10 19:16:10,251 - INFO - T46 E1/50 | L: 0.38665711/0.30983242 | F1 M: 0.36533537 D: 0.11359732 | [S/N/B]: [0.2272/0.8688/0.0000] | LR: 0.00001203
2026-03-10 19:16:26,289 - INFO - T46 E2/50 | L: 0.35889662/0.30344291 | F1 M: 0.36347806 D: 0.11525949 | [S/N/B]: [0.2305/0.8599/0.0000] | LR: 0.00001199
2026-03-10 19:16:42,898 - INFO - T46 E3/50 | L: 0.35378976/0.30056395 | F1 M: 0.42991535 D: 0.20519244 | [S/N/B]: [0.1711/0.8794/0.2392] | LR: 0.00001193
2026-03-10 19:16:59,890 - INFO - T46 E4/50 | L: 0.35134374/0.29924904 | F1 M: 0.42575093 D: 0.19543425 | [S/N/B]: [0.1356/0.8864/0.2553] | LR: 0.00001185
2026-03-10 19:17:16,415 - INFO - T46 E5/50 | L: 0.35013056/0.29858858 | F1 M: 0.42648737 D: 0.19466071 | [S/N/B]: [0.1322/0.8901/0.2572] | LR: 0.00001174
2026-03-10 19:17:33,340 - INFO - T46 E6/50 | L: 0.34932202/0.29813958 | F1 M: 0.42608930 D: 0.19208860 | [S/N/B]: [0.1238/0.8941/0.2604] | LR: 0.00001161
2026-03-10 19:17:50,023 - INFO - T46 E7/50 | L: 0.34903932/0.29790132 | F1 M: 0.42535126 D: 0.19268514 | [S/N/B]: [0.1258/0.8907/0.2596] | LR: 0.00001146
2026-03-10 19:18:07,529 - INFO - T46 E8/50 | L: 0.34856456/0.29769820 | F1 M: 0.42535753 D: 0.19181294 | [S/N/B]: [0.1236/0.8924/0.2600] | LR: 0.00001129
2026-03-10 19:18:24,126 - INFO - T46 E9/50 | L: 0.34820097/0.29742789 | F1 M: 0.42584837 D: 0.19237534 | [S/N/B]: [0.1254/0.8928/0.2594] | LR: 0.00001110
2026-03-10 19:18:41,499 - INFO - T46 E10/50 | L: 0.34780800/0.29714892 | F1 M: 0.42578433 D: 0.19198028 | [S/N/B]: [0.1235/0.8934/0.2604] | LR: 0.00001089
2026-03-10 19:18:57,649 - INFO - T46 E11/50 | L: 0.34754196/0.29716489 | F1 M: 0.42825225 D: 0.19529444 | [S/N/B]: [0.1300/0.8942/0.2606] | LR: 0.00001066
2026-03-10 19:19:15,478 - INFO - T46 E12/50 | L: 0.34714192/0.29697775 | F1 M: 0.42822944 D: 0.19558142 | [S/N/B]: [0.1311/0.8935/0.2601] | LR: 0.00001041
2026-03-10 19:19:31,798 - INFO - T46 E13/50 | L: 0.34731202/0.29667236 | F1 M: 0.43069197 D: 0.19943454 | [S/N/B]: [0.1380/0.8932/0.2609] | LR: 0.00001014
2026-03-10 19:19:48,468 - INFO - T46 E14/50 | L: 0.34709967/0.29672961 | F1 M: 0.42936905 D: 0.19678822 | [S/N/B]: [0.1332/0.8945/0.2604] | LR: 0.00000985
2026-03-10 19:20:05,040 - INFO - T46 E15/50 | L: 0.34703612/0.29654276 | F1 M: 0.42991497 D: 0.19825248 | [S/N/B]: [0.1358/0.8932/0.2607] | LR: 0.00000956
2026-03-10 19:20:22,114 - INFO - T46 E16/50 | L: 0.34665532/0.29677535 | F1 M: 0.43008210 D: 0.19803604 | [S/N/B]: [0.1341/0.8942/0.2620] | LR: 0.00000924
2026-03-10 19:20:38,446 - INFO - T46 E17/50 | L: 0.34662937/0.29630392 | F1 M: 0.43325252 D: 0.20186380 | [S/N/B]: [0.1437/0.8960/0.2601] | LR: 0.00000892
2026-03-10 19:20:55,015 - INFO - T46 E18/50 | L: 0.34635269/0.29656445 | F1 M: 0.42876129 D: 0.19815856 | [S/N/B]: [0.1363/0.8900/0.2600] | LR: 0.00000858
2026-03-10 19:21:11,190 - INFO - T46 E19/50 | L: 0.34602814/0.29643362 | F1 M: 0.43406881 D: 0.20243953 | [S/N/B]: [0.1452/0.8973/0.2597] | LR: 0.00000823
2026-03-10 19:21:27,801 - INFO - T46 E20/50 | L: 0.34637118/0.29619398 | F1 M: 0.43226866 D: 0.20099224 | [S/N/B]: [0.1412/0.8948/0.2608] | LR: 0.00000788
2026-03-10 19:21:44,130 - INFO - T46 E21/50 | L: 0.34597247/0.29602886 | F1 M: 0.43467443 D: 0.20386238 | [S/N/B]: [0.1479/0.8963/0.2599] | LR: 0.00000752
2026-03-10 19:22:00,114 - INFO - T46 E22/50 | L: 0.34558811/0.29615903 | F1 M: 0.43189066 D: 0.20213094 | [S/N/B]: [0.1444/0.8914/0.2599] | LR: 0.00000715
2026-03-10 19:22:16,967 - INFO - T46 E23/50 | L: 0.34576320/0.29610889 | F1 M: 0.43365277 D: 0.20361851 | [S/N/B]: [0.1467/0.8937/0.2605] | LR: 0.00000677
2026-03-10 19:22:34,195 - INFO - T46 E24/50 | L: 0.34545745/0.29595422 | F1 M: 0.43552375 D: 0.20512148 | [S/N/B]: [0.1507/0.8963/0.2596] | LR: 0.00000640
2026-03-10 19:22:50,734 - INFO - T46 E25/50 | L: 0.34555422/0.29583046 | F1 M: 0.43454750 D: 0.20515704 | [S/N/B]: [0.1504/0.8933/0.2599] | LR: 0.00000602
2026-03-10 19:23:07,216 - INFO - T46 E26/50 | L: 0.34545320/0.29597684 | F1 M: 0.43521710 D: 0.20452819 | [S/N/B]: [0.1497/0.8966/0.2593] | LR: 0.00000564
2026-03-10 19:23:23,854 - INFO - T46 E27/50 | L: 0.34530561/0.29604481 | F1 M: 0.43364316 D: 0.20459176 | [S/N/B]: [0.1489/0.8917/0.2603] | LR: 0.00000526
2026-03-10 19:23:41,357 - INFO - T46 E28/50 | L: 0.34540929/0.29583977 | F1 M: 0.43536566 D: 0.20581307 | [S/N/B]: [0.1524/0.8945/0.2592] | LR: 0.00000489
2026-03-10 19:23:41,594 - INFO - Trial 46 stopped early due to patience (3 epochs without improvement)
2026-03-10 19:23:41,868 - INFO - Trial 46 finished with value: 0.4355237513284409 and parameters: {'tcn_channels': 64, 'lstm_hidden': 64, 'num_lstm_layers': 3, 'batch_size': 256, 'dropout': 0.5765315385931706, 'seq_len': 48, 'lr': 1.2037067683201732e-05, 'weight_decay': 0.0018286432453289035, 'base_alpha_side': 1.8189029408187687, 'base_alpha_neutral': 0.4681067825472991, 'base_loss_gamma': 1.3891057597225345, 'base_loss_smoothing': 0.07031057719766785}. Best is trial 34 with value: 0.4453148309371124.
2026-03-10 19:23:44,406 - INFO - SequenceDataset: 191030/228254 valid sequences (Lookback protection active).
2026-03-10 19:23:44,407 - INFO - SequenceDataset: 81905/97838 valid sequences (Lookback protection active).
2026-03-10 19:23:44,884 - INFO - Trial 47 START | tcn=64, lstm=64, layers=3, batch=128, seq=48, drop=0.5465, lr=0.000061, wd=0.0013 | alpha=[1.52, 0.58, 1.52], gamma=1.10, smooth=0.06
2026-03-10 19:24:15,708 - INFO - T47 E1/50 | L: 0.37345048/0.30790264 | F1 M: 0.39949678 D: 0.13476018 | [S/N/B]: [0.2645/0.9290/0.0050] | LR: 0.00006118
2026-03-10 19:24:47,751 - INFO - T47 E2/50 | L: 0.35964807/0.30624989 | F1 M: 0.41601395 D: 0.16033374 | [S/N/B]: [0.0626/0.9274/0.2581] | LR: 0.00006100
2026-03-10 19:25:19,220 - INFO - T47 E3/50 | L: 0.35764636/0.30547929 | F1 M: 0.42128417 D: 0.16609884 | [S/N/B]: [0.0879/0.9317/0.2443] | LR: 0.00006069
2026-03-10 19:25:49,641 - INFO - T47 E4/50 | L: 0.35623741/0.30520386 | F1 M: 0.42935159 D: 0.17906326 | [S/N/B]: [0.1226/0.9299/0.2356] | LR: 0.00006028
2026-03-10 19:26:21,425 - INFO - T47 E5/50 | L: 0.35534708/0.30437962 | F1 M: 0.43150792 D: 0.18293820 | [S/N/B]: [0.1299/0.9286/0.2360] | LR: 0.00005974
2026-03-10 19:26:53,608 - INFO - T47 E6/50 | L: 0.35428415/0.30425085 | F1 M: 0.43150160 D: 0.18169856 | [S/N/B]: [0.1383/0.9311/0.2251] | LR: 0.00005909
2026-03-10 19:27:25,451 - INFO - T47 E7/50 | L: 0.35357480/0.30425898 | F1 M: 0.42946214 D: 0.17917982 | [S/N/B]: [0.1194/0.9300/0.2389] | LR: 0.00005832
2026-03-10 19:27:57,446 - INFO - T47 E8/50 | L: 0.35359104/0.30400500 | F1 M: 0.43572784 D: 0.18860342 | [S/N/B]: [0.1458/0.9300/0.2314] | LR: 0.00005745
2026-03-10 19:28:29,712 - INFO - T47 E9/50 | L: 0.35301912/0.30420700 | F1 M: 0.43482933 D: 0.18776129 | [S/N/B]: [0.1369/0.9290/0.2386] | LR: 0.00005647
2026-03-10 19:29:00,362 - INFO - T47 E10/50 | L: 0.35214961/0.30433376 | F1 M: 0.43953743 D: 0.19548730 | [S/N/B]: [0.1643/0.9276/0.2266] | LR: 0.00005539
2026-03-10 19:29:32,215 - INFO - T47 E11/50 | L: 0.35163735/0.30443649 | F1 M: 0.43473381 D: 0.18831922 | [S/N/B]: [0.1380/0.9276/0.2387] | LR: 0.00005421
2026-03-10 19:29:32,352 - INFO - Trial 47 stopped early due to patience (3 epochs without improvement)
2026-03-10 19:29:32,548 - INFO - Trial 47 finished with value: 0.43953743340478657 and parameters: {'tcn_channels': 64, 'lstm_hidden': 64, 'num_lstm_layers': 3, 'batch_size': 128, 'dropout': 0.5464868981757177, 'seq_len': 48, 'lr': 6.123720007814949e-05, 'weight_decay': 0.0012815105755992159, 'base_alpha_side': 1.518629186654245, 'base_alpha_neutral': 0.5849864927196438, 'base_loss_gamma': 1.0951783350078972, 'base_loss_smoothing': 0.06355406527473109}. Best is trial 34 with value: 0.4453148309371124.
2026-03-10 19:29:34,034 - INFO - SequenceDataset: 191030/228254 valid sequences (Lookback protection active).
2026-03-10 19:29:34,035 - INFO - SequenceDataset: 81905/97838 valid sequences (Lookback protection active).
2026-03-10 19:29:34,370 - INFO - Trial 48 START | tcn=64, lstm=64, layers=3, batch=512, seq=48, drop=0.5581, lr=0.000083, wd=0.0007 | alpha=[2.39, 0.52, 2.39], gamma=1.29, smooth=0.05
2026-03-10 19:29:44,015 - INFO - T48 E1/50 | L: 0.51776271/0.41891624 | F1 M: 0.37103917 D: 0.12002367 | [S/N/B]: [0.0000/0.8731/0.2400] | LR: 0.00008266
2026-03-10 19:29:53,753 - INFO - T48 E2/50 | L: 0.49196681/0.41443275 | F1 M: 0.38431886 D: 0.12968696 | [S/N/B]: [0.0000/0.8936/0.2594] | LR: 0.00008242
2026-03-10 19:30:03,731 - INFO - T48 E3/50 | L: 0.48880683/0.41333773 | F1 M: 0.38616515 D: 0.13107703 | [S/N/B]: [0.0004/0.8963/0.2617] | LR: 0.00008201
2026-03-10 19:30:03,995 - INFO - Trial 48 pruned by Optuna at epoch 3
2026-03-10 19:30:04,174 - INFO - Trial 48 pruned. 
2026-03-10 19:30:05,896 - INFO - SequenceDataset: 191030/228254 valid sequences (Lookback protection active).
2026-03-10 19:30:05,897 - INFO - SequenceDataset: 81905/97838 valid sequences (Lookback protection active).
2026-03-10 19:30:06,254 - INFO - Trial 49 START | tcn=64, lstm=64, layers=3, batch=512, seq=48, drop=0.5310, lr=0.000024, wd=0.0030 | alpha=[2.80, 0.63, 2.80], gamma=1.41, smooth=0.08
2026-03-10 19:30:15,556 - INFO - T49 E1/50 | L: 0.69084569/0.56334520 | F1 M: 0.36719538 D: 0.11589250 | [S/N/B]: [0.0000/0.8698/0.2318] | LR: 0.00002354
2026-03-10 19:30:24,736 - INFO - T49 E2/50 | L: 0.64685997/0.55117990 | F1 M: 0.42511177 D: 0.20281081 | [S/N/B]: [0.2019/0.8697/0.2037] | LR: 0.00002347
2026-03-10 19:30:34,739 - INFO - T49 E3/50 | L: 0.63982387/0.54747288 | F1 M: 0.44027857 D: 0.21591137 | [S/N/B]: [0.2276/0.8890/0.2042] | LR: 0.00002335
2026-03-10 19:30:44,366 - INFO - T49 E4/50 | L: 0.63564825/0.54648960 | F1 M: 0.42654869 D: 0.19613909 | [S/N/B]: [0.1666/0.8874/0.2257] | LR: 0.00002319
2026-03-10 19:30:53,603 - INFO - T49 E5/50 | L: 0.63531148/0.54556813 | F1 M: 0.39421606 D: 0.14342300 | [S/N/B]: [0.0296/0.8958/0.2573] | LR: 0.00002299
2026-03-10 19:31:03,795 - INFO - T49 E6/50 | L: 0.63398979/0.54411517 | F1 M: 0.38857106 D: 0.13280150 | [S/N/B]: [0.0000/0.9001/0.2656] | LR: 0.00002274
2026-03-10 19:31:13,738 - INFO - T49 E7/50 | L: 0.63394082/0.54407296 | F1 M: 0.38629613 D: 0.13122240 | [S/N/B]: [0.0000/0.8964/0.2624] | LR: 0.00002244
2026-03-10 19:31:22,911 - INFO - T49 E8/50 | L: 0.63331361/0.54408191 | F1 M: 0.38665202 D: 0.13144096 | [S/N/B]: [0.0000/0.8971/0.2629] | LR: 0.00002211
2026-03-10 19:31:32,180 - INFO - T49 E9/50 | L: 0.63247126/0.54337369 | F1 M: 0.38770415 D: 0.13198910 | [S/N/B]: [0.0000/0.8991/0.2640] | LR: 0.00002173
2026-03-10 19:31:41,734 - INFO - T49 E10/50 | L: 0.63150272/0.54334967 | F1 M: 0.38686254 D: 0.13149121 | [S/N/B]: [0.0000/0.8976/0.2630] | LR: 0.00002131
2026-03-10 19:31:51,295 - INFO - T49 E11/50 | L: 0.63138494/0.54330094 | F1 M: 0.38645796 D: 0.13114754 | [S/N/B]: [0.0000/0.8971/0.2623] | LR: 0.00002086
2026-03-10 19:32:00,756 - INFO - T49 E12/50 | L: 0.63154937/0.54308558 | F1 M: 0.39051723 D: 0.13384682 | [S/N/B]: [0.0000/0.9039/0.2677] | LR: 0.00002037
2026-03-10 19:32:10,258 - INFO - T49 E13/50 | L: 0.63015769/0.54238136 | F1 M: 0.38814904 D: 0.13238844 | [S/N/B]: [0.0000/0.8997/0.2648] | LR: 0.00001985
2026-03-10 19:32:19,603 - INFO - T49 E14/50 | L: 0.63020777/0.54255383 | F1 M: 0.38820529 D: 0.13236884 | [S/N/B]: [0.0000/0.8999/0.2647] | LR: 0.00001929
2026-03-10 19:32:29,050 - INFO - T49 E15/50 | L: 0.62972080/0.54229006 | F1 M: 0.38806674 D: 0.13221908 | [S/N/B]: [0.0000/0.8998/0.2644] | LR: 0.00001871
2026-03-10 19:32:38,270 - INFO - T49 E16/50 | L: 0.62998794/0.54245286 | F1 M: 0.38698200 D: 0.13138686 | [S/N/B]: [0.0000/0.8982/0.2628] | LR: 0.00001809
2026-03-10 19:32:48,541 - INFO - T49 E17/50 | L: 0.62993940/0.54212878 | F1 M: 0.38928530 D: 0.13299716 | [S/N/B]: [0.0000/0.9019/0.2660] | LR: 0.00001746
2026-03-10 19:32:58,213 - INFO - T49 E18/50 | L: 0.62982196/0.54181090 | F1 M: 0.38992892 D: 0.13343607 | [S/N/B]: [0.0000/0.9029/0.2669] | LR: 0.00001680
2026-03-10 19:33:07,657 - INFO - T49 E19/50 | L: 0.62907534/0.54187044 | F1 M: 0.38997886 D: 0.13341845 | [S/N/B]: [0.0000/0.9031/0.2668] | LR: 0.00001612
2026-03-10 19:33:17,214 - INFO - T49 E20/50 | L: 0.62936618/0.54177539 | F1 M: 0.38959346 D: 0.13330879 | [S/N/B]: [0.0000/0.9022/0.2666] | LR: 0.00001542
2026-03-10 19:33:26,608 - INFO - T49 E21/50 | L: 0.62943646/0.54194933 | F1 M: 0.38793999 D: 0.13228162 | [S/N/B]: [0.0000/0.8993/0.2646] | LR: 0.00001471
2026-03-10 19:33:36,944 - INFO - T49 E22/50 | L: 0.62899738/0.54207961 | F1 M: 0.38968569 D: 0.13342091 | [S/N/B]: [0.0000/0.9022/0.2668] | LR: 0.00001399
2026-03-10 19:33:47,242 - INFO - T49 E23/50 | L: 0.62857474/0.54145582 | F1 M: 0.38992568 D: 0.13327308 | [S/N/B]: [0.0000/0.9032/0.2665] | LR: 0.00001326
2026-03-10 19:33:56,559 - INFO - T49 E24/50 | L: 0.62835735/0.54162474 | F1 M: 0.39138802 D: 0.13479334 | [S/N/B]: [0.0008/0.9046/0.2688] | LR: 0.00001252
2026-03-10 19:34:06,065 - INFO - T49 E25/50 | L: 0.62817852/0.54144633 | F1 M: 0.39025753 D: 0.13375061 | [S/N/B]: [0.0008/0.9033/0.2667] | LR: 0.00001178
2026-03-10 19:34:15,405 - INFO - T49 E26/50 | L: 0.62756512/0.54134300 | F1 M: 0.39130987 D: 0.13489117 | [S/N/B]: [0.0020/0.9041/0.2677] | LR: 0.00001104
2026-03-10 19:34:24,735 - INFO - T49 E27/50 | L: 0.62784476/0.54155368 | F1 M: 0.38942191 D: 0.13338097 | [S/N/B]: [0.0008/0.9015/0.2659] | LR: 0.00001030
2026-03-10 19:34:35,005 - INFO - T49 E28/50 | L: 0.62779139/0.54117326 | F1 M: 0.39052501 D: 0.13516233 | [S/N/B]: [0.0041/0.9013/0.2662] | LR: 0.00000957
2026-03-10 19:34:44,820 - INFO - T49 E29/50 | L: 0.62706493/0.54156966 | F1 M: 0.39026675 D: 0.13521200 | [S/N/B]: [0.0048/0.9004/0.2656] | LR: 0.00000885
2026-03-10 19:34:55,684 - INFO - T49 E30/50 | L: 0.62776725/0.54124449 | F1 M: 0.39205453 D: 0.13617607 | [S/N/B]: [0.0049/0.9038/0.2675] | LR: 0.00000814
2026-03-10 19:35:06,078 - INFO - T49 E31/50 | L: 0.62740453/0.54139263 | F1 M: 0.39333143 D: 0.13898955 | [S/N/B]: [0.0107/0.9020/0.2673] | LR: 0.00000744
2026-03-10 19:35:06,873 - INFO - Trial 49 stopped early due to patience (3 epochs without improvement)
2026-03-10 19:35:07,206 - INFO - Trial 49 finished with value: 0.44027857414328997 and parameters: {'tcn_channels': 64, 'lstm_hidden': 64, 'num_lstm_layers': 3, 'batch_size': 512, 'dropout': 0.5309571575834013, 'seq_len': 48, 'lr': 2.356240087492912e-05, 'weight_decay': 0.002953623828864296, 'base_alpha_side': 2.796872744870979, 'base_alpha_neutral': 0.6270939632525661, 'base_loss_gamma': 1.4093710376407478, 'base_loss_smoothing': 0.07860310932975964}. Best is trial 34 with value: 0.4453148309371124.
2026-03-10 19:35:09,004 - INFO - SequenceDataset: 152966/228206 valid sequences (Lookback protection active).
2026-03-10 19:35:09,004 - INFO - SequenceDataset: 65585/97790 valid sequences (Lookback protection active).
2026-03-10 19:35:09,728 - INFO - Trial 50 START | tcn=64, lstm=32, layers=4, batch=128, seq=96, drop=0.5824, lr=0.000090, wd=0.0011 | alpha=[2.17, 0.54, 2.17], gamma=1.20, smooth=0.02
2026-03-10 19:35:37,537 - INFO - T50 E1/50 | L: 0.50976271/0.41340180 | F1 M: 0.42740117 D: 0.20380706 | [S/N/B]: [0.1822/0.8746/0.2255] | LR: 0.00008994
2026-03-10 19:36:05,033 - INFO - T50 E2/50 | L: 0.49301822/0.40860935 | F1 M: 0.40704111 D: 0.16302868 | [S/N/B]: [0.2531/0.8951/0.0729] | LR: 0.00008967
2026-03-10 19:36:33,469 - INFO - T50 E3/50 | L: 0.48968803/0.40694217 | F1 M: 0.43747178 D: 0.21212177 | [S/N/B]: [0.2032/0.8882/0.2211] | LR: 0.00008923
2026-03-10 19:37:01,857 - INFO - T50 E4/50 | L: 0.48757446/0.40561085 | F1 M: 0.42645292 D: 0.19094933 | [S/N/B]: [0.2618/0.8975/0.1201] | LR: 0.00008861
2026-03-10 19:37:29,612 - INFO - T50 E5/50 | L: 0.48636105/0.40502768 | F1 M: 0.44511769 D: 0.21877221 | [S/N/B]: [0.1967/0.8978/0.2409] | LR: 0.00008782
2026-03-10 19:37:58,288 - INFO - T50 E6/50 | L: 0.48572803/0.40566836 | F1 M: 0.43796575 D: 0.21268666 | [S/N/B]: [0.1948/0.8885/0.2306] | LR: 0.00008686
2026-03-10 19:38:26,177 - INFO - T50 E7/50 | L: 0.48489670/0.40633442 | F1 M: 0.43876938 D: 0.21056152 | [S/N/B]: [0.1979/0.8952/0.2232] | LR: 0.00008574
2026-03-10 19:38:53,640 - INFO - T50 E8/50 | L: 0.48423789/0.40584041 | F1 M: 0.39824745 D: 0.15300278 | [S/N/B]: [0.0362/0.8887/0.2698] | LR: 0.00008446
2026-03-10 19:38:54,204 - INFO - Trial 50 stopped early due to patience (3 epochs without improvement)
2026-03-10 19:38:54,479 - INFO - Trial 50 finished with value: 0.4451176887766932 and parameters: {'tcn_channels': 64, 'lstm_hidden': 32, 'num_lstm_layers': 4, 'batch_size': 128, 'dropout': 0.5824302291470418, 'seq_len': 96, 'lr': 9.002546399884113e-05, 'weight_decay': 0.001134329409087845, 'base_alpha_side': 2.174471450366383, 'base_alpha_neutral': 0.541993005358132, 'base_loss_gamma': 1.1980027568259175, 'base_loss_smoothing': 0.02379334407938407}. Best is trial 34 with value: 0.4453148309371124.
2026-03-10 19:38:56,624 - INFO - SequenceDataset: 152966/228206 valid sequences (Lookback protection active).
2026-03-10 19:38:56,628 - INFO - SequenceDataset: 65585/97790 valid sequences (Lookback protection active).
2026-03-10 19:38:57,027 - INFO - Trial 51 START | tcn=64, lstm=32, layers=3, batch=128, seq=96, drop=0.5835, lr=0.000100, wd=0.0010 | alpha=[5.96, 0.56, 5.96], gamma=1.55, smooth=0.02
2026-03-10 19:39:21,770 - INFO - T51 E1/50 | L: 1.20617282/0.96824931 | F1 M: 0.36850069 D: 0.18716675 | [S/N/B]: [0.2615/0.7312/0.1129] | LR: 0.00009945
2026-03-10 19:39:46,784 - INFO - T51 E2/50 | L: 1.17054300/0.95928241 | F1 M: 0.32622027 D: 0.14333719 | [S/N/B]: [0.1056/0.6920/0.1811] | LR: 0.00009915
2026-03-10 19:40:12,544 - INFO - T51 E3/50 | L: 1.16186713/0.95580492 | F1 M: 0.39424708 D: 0.21369317 | [S/N/B]: [0.2641/0.7554/0.1633] | LR: 0.00009866
2026-03-10 19:40:13,259 - INFO - Trial 51 pruned by Optuna at epoch 3
2026-03-10 19:40:13,437 - INFO - Trial 51 pruned. 
2026-03-10 19:40:14,795 - INFO - SequenceDataset: 152966/228206 valid sequences (Lookback protection active).
2026-03-10 19:40:14,796 - INFO - SequenceDataset: 65585/97790 valid sequences (Lookback protection active).
2026-03-10 19:40:15,125 - INFO - Trial 52 START | tcn=64, lstm=32, layers=4, batch=128, seq=96, drop=0.5706, lr=0.000085, wd=0.0005 | alpha=[2.18, 0.45, 2.18], gamma=1.22, smooth=0.03
2026-03-10 19:40:42,454 - INFO - T52 E1/50 | L: 0.46976195/0.38164867 | F1 M: 0.41961945 D: 0.20566057 | [S/N/B]: [0.1999/0.8475/0.2114] | LR: 0.00008455
2026-03-10 19:41:10,383 - INFO - T52 E2/50 | L: 0.45540602/0.37874937 | F1 M: 0.37184605 D: 0.12688472 | [S/N/B]: [0.0000/0.8618/0.2538] | LR: 0.00008430
2026-03-10 19:41:38,721 - INFO - T52 E3/50 | L: 0.45271130/0.37814796 | F1 M: 0.35888120 D: 0.12006818 | [S/N/B]: [0.0000/0.8365/0.2401] | LR: 0.00008388
2026-03-10 19:41:39,010 - INFO - Trial 52 pruned by Optuna at epoch 3
2026-03-10 19:41:39,141 - INFO - Trial 52 pruned. 
2026-03-10 19:41:40,485 - INFO - SequenceDataset: 152966/228206 valid sequences (Lookback protection active).
2026-03-10 19:41:40,486 - INFO - SequenceDataset: 65585/97790 valid sequences (Lookback protection active).
2026-03-10 19:41:40,786 - INFO - Trial 53 START | tcn=64, lstm=32, layers=3, batch=128, seq=96, drop=0.5562, lr=0.000090, wd=0.0013 | alpha=[2.51, 0.41, 2.51], gamma=1.06, smooth=0.02
2026-03-10 19:42:05,103 - INFO - T53 E1/50 | L: 0.53434517/0.42883776 | F1 M: 0.41839570 D: 0.21591523 | [S/N/B]: [0.2425/0.8234/0.1893] | LR: 0.00009000
2026-03-10 19:42:31,641 - INFO - T53 E2/50 | L: 0.51321785/0.42562458 | F1 M: 0.35779158 D: 0.12010455 | [S/N/B]: [0.0000/0.8332/0.2402] | LR: 0.00008973
2026-03-10 19:42:56,745 - INFO - T53 E3/50 | L: 0.50996690/0.42404119 | F1 M: 0.39747382 D: 0.18580788 | [S/N/B]: [0.1590/0.8208/0.2126] | LR: 0.00008929
2026-03-10 19:42:56,970 - INFO - Trial 53 pruned by Optuna at epoch 3
2026-03-10 19:42:57,783 - INFO - Trial 53 pruned. 
2026-03-10 19:42:59,673 - INFO - SequenceDataset: 152966/228206 valid sequences (Lookback protection active).
2026-03-10 19:42:59,674 - INFO - SequenceDataset: 65585/97790 valid sequences (Lookback protection active).
2026-03-10 19:43:00,158 - INFO - Trial 54 START | tcn=64, lstm=32, layers=4, batch=128, seq=96, drop=0.5409, lr=0.000078, wd=0.0010 | alpha=[2.16, 0.49, 2.16], gamma=1.00, smooth=0.04
2026-03-10 19:43:28,334 - INFO - T54 E1/50 | L: 0.53369519/0.43456584 | F1 M: 0.38991791 D: 0.15732022 | [S/N/B]: [0.2476/0.8551/0.0671] | LR: 0.00007749
2026-03-10 19:43:56,034 - INFO - T54 E2/50 | L: 0.51298242/0.43170257 | F1 M: 0.42576483 D: 0.20413610 | [S/N/B]: [0.1928/0.8690/0.2155] | LR: 0.00007726
2026-03-10 19:44:24,530 - INFO - T54 E3/50 | L: 0.50947722/0.42743604 | F1 M: 0.43057167 D: 0.20241244 | [S/N/B]: [0.1527/0.8869/0.2522] | LR: 0.00007688
2026-03-10 19:44:52,086 - INFO - T54 E4/50 | L: 0.50683812/0.42779669 | F1 M: 0.42965233 D: 0.20827746 | [S/N/B]: [0.1802/0.8724/0.2363] | LR: 0.00007635
2026-03-10 19:45:20,459 - INFO - T54 E5/50 | L: 0.50582218/0.42683312 | F1 M: 0.42555491 D: 0.20062002 | [S/N/B]: [0.1561/0.8754/0.2452] | LR: 0.00007567
2026-03-10 19:45:48,472 - INFO - T54 E6/50 | L: 0.50468747/0.42623656 | F1 M: 0.42566529 D: 0.19266524 | [S/N/B]: [0.1218/0.8917/0.2636] | LR: 0.00007484
2026-03-10 19:46:17,258 - INFO - T54 E7/50 | L: 0.50295509/0.42581422 | F1 M: 0.40844029 D: 0.17433781 | [S/N/B]: [0.0843/0.8766/0.2644] | LR: 0.00007388
2026-03-10 19:46:43,881 - INFO - T54 E8/50 | L: 0.50227247/0.42579661 | F1 M: 0.41840356 D: 0.18870477 | [S/N/B]: [0.1140/0.8778/0.2634] | LR: 0.00007277
2026-03-10 19:47:12,373 - INFO - T54 E9/50 | L: 0.50233130/0.42462056 | F1 M: 0.42693895 D: 0.19856121 | [S/N/B]: [0.1395/0.8837/0.2576] | LR: 0.00007153
2026-03-10 19:47:40,616 - INFO - T54 E10/50 | L: 0.50182442/0.42614395 | F1 M: 0.42798435 D: 0.20006264 | [S/N/B]: [0.1332/0.8838/0.2669] | LR: 0.00007016
2026-03-10 19:48:08,531 - INFO - T54 E11/50 | L: 0.50091153/0.42440260 | F1 M: 0.43524405 D: 0.20716639 | [S/N/B]: [0.1657/0.8914/0.2486] | LR: 0.00006867
2026-03-10 19:48:37,511 - INFO - T54 E12/50 | L: 0.49958177/0.42491039 | F1 M: 0.43058390 D: 0.20142938 | [S/N/B]: [0.1337/0.8889/0.2691] | LR: 0.00006706
2026-03-10 19:49:05,752 - INFO - T54 E13/50 | L: 0.49944290/0.42517466 | F1 M: 0.42972631 D: 0.20118504 | [S/N/B]: [0.1340/0.8868/0.2683] | LR: 0.00006533
2026-03-10 19:49:34,089 - INFO - T54 E14/50 | L: 0.49869585/0.42542809 | F1 M: 0.43395272 D: 0.20606039 | [S/N/B]: [0.1465/0.8897/0.2656] | LR: 0.00006351
2026-03-10 19:49:34,259 - INFO - Trial 54 stopped early due to patience (3 epochs without improvement)
2026-03-10 19:49:34,536 - INFO - Trial 54 finished with value: 0.43524405449660003 and parameters: {'tcn_channels': 64, 'lstm_hidden': 32, 'num_lstm_layers': 4, 'batch_size': 128, 'dropout': 0.5408806454154531, 'seq_len': 96, 'lr': 7.756718709064838e-05, 'weight_decay': 0.0010052303580992518, 'base_alpha_side': 2.159620698072935, 'base_alpha_neutral': 0.4941835786828199, 'base_loss_gamma': 1.0022958900014467, 'base_loss_smoothing': 0.04063693783721288}. Best is trial 34 with value: 0.4453148309371124.
2026-03-10 19:49:35,462 - INFO - SequenceDataset: 152966/228206 valid sequences (Lookback protection active).
2026-03-10 19:49:35,463 - INFO - SequenceDataset: 65585/97790 valid sequences (Lookback protection active).
2026-03-10 19:49:35,821 - INFO - Trial 55 START | tcn=64, lstm=64, layers=3, batch=128, seq=96, drop=0.5830, lr=0.000064, wd=0.0007 | alpha=[2.98, 0.68, 2.98], gamma=1.22, smooth=0.01
2026-03-10 19:50:01,059 - INFO - T55 E1/50 | L: 0.72601374/0.58607774 | F1 M: 0.38358682 D: 0.13315156 | [S/N/B]: [0.0000/0.8845/0.2663] | LR: 0.00006405
2026-03-10 19:50:26,977 - INFO - T55 E2/50 | L: 0.70435649/0.58309751 | F1 M: 0.39042152 D: 0.13728470 | [S/N/B]: [0.0000/0.8967/0.2746] | LR: 0.00006386
2026-03-10 19:50:52,799 - INFO - T55 E3/50 | L: 0.70141860/0.58120480 | F1 M: 0.39131667 D: 0.13844897 | [S/N/B]: [0.0000/0.8971/0.2769] | LR: 0.00006355
2026-03-10 19:50:53,080 - INFO - Trial 55 pruned by Optuna at epoch 3
2026-03-10 19:50:53,248 - INFO - Trial 55 pruned. 
2026-03-10 19:50:54,773 - INFO - SequenceDataset: 210062/228278 valid sequences (Lookback protection active).
2026-03-10 19:50:54,773 - INFO - SequenceDataset: 90065/97862 valid sequences (Lookback protection active).
2026-03-10 19:50:55,557 - INFO - Trial 56 START | tcn=64, lstm=64, layers=3, batch=512, seq=24, drop=0.5224, lr=0.000091, wd=0.0018 | alpha=[1.92, 0.64, 1.92], gamma=1.35, smooth=0.05
2026-03-10 19:51:05,907 - INFO - T56 E1/50 | L: 0.44314751/0.35730539 | F1 M: 0.41761287 D: 0.16567549 | [S/N/B]: [0.0806/0.9215/0.2508] | LR: 0.00009051
2026-03-10 19:51:16,740 - INFO - T56 E2/50 | L: 0.41749358/0.35398291 | F1 M: 0.40800716 D: 0.14924432 | [S/N/B]: [0.0423/0.9255/0.2562] | LR: 0.00009024
2026-03-10 19:51:27,148 - INFO - T56 E3/50 | L: 0.41485768/0.35384368 | F1 M: 0.41927797 D: 0.16674165 | [S/N/B]: [0.0726/0.9244/0.2609] | LR: 0.00008979
2026-03-10 19:51:27,410 - INFO - Trial 56 pruned by Optuna at epoch 3
2026-03-10 19:51:27,592 - INFO - Trial 56 pruned. 
2026-03-10 19:51:29,201 - INFO - SequenceDataset: 191030/228254 valid sequences (Lookback protection active).
2026-03-10 19:51:29,202 - INFO - SequenceDataset: 81905/97838 valid sequences (Lookback protection active).
2026-03-10 19:51:29,573 - INFO - Trial 57 START | tcn=256, lstm=32, layers=4, batch=256, seq=48, drop=0.5999, lr=0.000074, wd=0.0023 | alpha=[2.77, 0.53, 2.77], gamma=1.49, smooth=0.06
2026-03-10 19:51:48,728 - INFO - T57 E1/50 | L: 0.58462298/0.47943637 | F1 M: 0.41256597 D: 0.19602597 | [S/N/B]: [0.2537/0.8456/0.1384] | LR: 0.00007410
2026-03-10 19:52:06,501 - INFO - T57 E2/50 | L: 0.55994147/0.47445145 | F1 M: 0.39573489 D: 0.15188155 | [S/N/B]: [0.0633/0.8834/0.2404] | LR: 0.00007388
2026-03-10 19:52:25,054 - INFO - T57 E3/50 | L: 0.55709342/0.47272844 | F1 M: 0.36959573 D: 0.11974282 | [S/N/B]: [0.0000/0.8693/0.2395] | LR: 0.00007352
2026-03-10 19:52:25,267 - INFO - Trial 57 pruned by Optuna at epoch 3
2026-03-10 19:52:25,992 - INFO - Trial 57 pruned. 
2026-03-10 19:52:27,769 - INFO - SequenceDataset: 152966/228206 valid sequences (Lookback protection active).
2026-03-10 19:52:27,769 - INFO - SequenceDataset: 65585/97790 valid sequences (Lookback protection active).
2026-03-10 19:52:28,076 - INFO - Trial 58 START | tcn=64, lstm=64, layers=8, batch=512, seq=96, drop=0.5597, lr=0.000042, wd=0.0005 | alpha=[1.72, 0.59, 1.72], gamma=1.68, smooth=0.09
2026-03-10 19:52:38,872 - INFO - T58 E1/50 | L: 0.41493088/0.33678263 | F1 M: 0.31024776 D: 0.00000000 | [S/N/B]: [0.0000/0.9307/0.0000] | LR: 0.00004211
2026-03-10 19:52:50,791 - INFO - T58 E2/50 | L: 0.38459220/0.32705160 | F1 M: 0.37254778 D: 0.11745573 | [S/N/B]: [0.2349/0.8827/0.0000] | LR: 0.00004198
2026-03-10 19:53:02,310 - INFO - T58 E3/50 | L: 0.37875528/0.32352565 | F1 M: 0.37523401 D: 0.12108957 | [S/N/B]: [0.2422/0.8835/0.0000] | LR: 0.00004177
2026-03-10 19:53:02,866 - INFO - Trial 58 pruned by Optuna at epoch 3
2026-03-10 19:53:03,037 - INFO - Trial 58 pruned. 
2026-03-10 19:53:04,846 - INFO - SequenceDataset: 152966/228206 valid sequences (Lookback protection active).
2026-03-10 19:53:04,847 - INFO - SequenceDataset: 65585/97790 valid sequences (Lookback protection active).
2026-03-10 19:53:05,134 - INFO - Trial 59 START | tcn=128, lstm=64, layers=3, batch=128, seq=96, drop=0.5718, lr=0.000034, wd=0.0031 | alpha=[2.31, 0.37, 2.31], gamma=1.13, smooth=0.03
2026-03-10 19:53:29,926 - INFO - T59 E1/50 | L: 0.46333869/0.37688067 | F1 M: 0.37003960 D: 0.17390304 | [S/N/B]: [0.2526/0.7623/0.0952] | LR: 0.00003352
2026-03-10 19:53:55,151 - INFO - T59 E2/50 | L: 0.44653270/0.37322582 | F1 M: 0.33452276 D: 0.10932335 | [S/N/B]: [0.0000/0.7849/0.2186] | LR: 0.00003342
2026-03-10 19:54:19,183 - INFO - T59 E3/50 | L: 0.44477819/0.37216098 | F1 M: 0.33721183 D: 0.11068401 | [S/N/B]: [0.0000/0.7903/0.2214] | LR: 0.00003326
2026-03-10 19:54:19,432 - INFO - Trial 59 pruned by Optuna at epoch 3
2026-03-10 19:54:19,658 - INFO - Trial 59 pruned. 
2026-03-10 19:54:21,405 - INFO - SequenceDataset: 191030/228254 valid sequences (Lookback protection active).
2026-03-10 19:54:21,406 - INFO - SequenceDataset: 81905/97838 valid sequences (Lookback protection active).
2026-03-10 19:54:22,136 - INFO - Trial 60 START | tcn=64, lstm=64, layers=4, batch=512, seq=48, drop=0.5326, lr=0.000080, wd=0.0009 | alpha=[5.03, 0.55, 5.03], gamma=1.21, smooth=0.07
2026-03-10 19:54:32,409 - INFO - T60 E1/50 | L: 1.11112881/0.93364469 | F1 M: 0.40570055 D: 0.20585860 | [S/N/B]: [0.2501/0.8054/0.1616] | LR: 0.00008016
2026-03-10 19:54:44,087 - INFO - T60 E2/50 | L: 1.07586710/0.93005105 | F1 M: 0.33571576 D: 0.10443511 | [S/N/B]: [0.0000/0.7983/0.2089] | LR: 0.00007992
2026-03-10 19:54:54,050 - INFO - T60 E3/50 | L: 1.07378445/0.92750387 | F1 M: 0.33928351 D: 0.10605833 | [S/N/B]: [0.0004/0.8057/0.2117] | LR: 0.00007953
2026-03-10 19:54:54,313 - INFO - Trial 60 pruned by Optuna at epoch 3
2026-03-10 19:54:54,538 - INFO - Trial 60 pruned. 
2026-03-10 19:54:57,095 - INFO - SequenceDataset: 133934/228182 valid sequences (Lookback protection active).
2026-03-10 19:54:57,096 - INFO - SequenceDataset: 57425/97766 valid sequences (Lookback protection active).
2026-03-10 19:54:57,545 - INFO - Trial 61 START | tcn=64, lstm=128, layers=4, batch=512, seq=120, drop=0.5099, lr=0.000070, wd=0.0003 | alpha=[2.52, 0.68, 2.52], gamma=1.79, smooth=0.08
2026-03-10 19:55:05,835 - INFO - T61 E1/50 | L: 0.63310778/0.52526576 | F1 M: 0.37911340 D: 0.13207774 | [S/N/B]: [0.0000/0.8732/0.2642] | LR: 0.00007029
2026-03-10 19:55:15,754 - INFO - T61 E2/50 | L: 0.61022322/0.52238269 | F1 M: 0.38309433 D: 0.13593366 | [S/N/B]: [0.0000/0.8774/0.2719] | LR: 0.00007009
2026-03-10 19:55:24,955 - INFO - T61 E3/50 | L: 0.60744749/0.51987154 | F1 M: 0.38307850 D: 0.13580472 | [S/N/B]: [0.0000/0.8776/0.2716] | LR: 0.00006974
2026-03-10 19:55:25,899 - INFO - Trial 61 pruned by Optuna at epoch 3
2026-03-10 19:55:26,151 - INFO - Trial 61 pruned. 
2026-03-10 19:55:28,352 - INFO - SequenceDataset: 133934/228182 valid sequences (Lookback protection active).
2026-03-10 19:55:28,353 - INFO - SequenceDataset: 57425/97766 valid sequences (Lookback protection active).
2026-03-10 19:55:29,190 - INFO - Trial 62 START | tcn=64, lstm=128, layers=3, batch=512, seq=120, drop=0.5877, lr=0.000092, wd=0.0012 | alpha=[2.09, 0.75, 2.09], gamma=1.58, smooth=0.06
2026-03-10 19:55:37,269 - INFO - T62 E1/50 | L: 0.56116860/0.45887897 | F1 M: 0.38981422 D: 0.13374253 | [S/N/B]: [0.0000/0.9020/0.2675] | LR: 0.00009156
2026-03-10 19:55:45,978 - INFO - T62 E2/50 | L: 0.53585351/0.45630337 | F1 M: 0.39351389 D: 0.13734697 | [S/N/B]: [0.0000/0.9058/0.2747] | LR: 0.00009129
2026-03-10 19:55:54,347 - INFO - T62 E3/50 | L: 0.53380947/0.45415561 | F1 M: 0.43546579 D: 0.19837027 | [S/N/B]: [0.1379/0.9097/0.2588] | LR: 0.00009084
2026-03-10 19:56:02,671 - INFO - T62 E4/50 | L: 0.53210594/0.45417000 | F1 M: 0.41190572 D: 0.16390339 | [S/N/B]: [0.0546/0.9079/0.2732] | LR: 0.00009021
2026-03-10 19:56:11,474 - INFO - T62 E5/50 | L: 0.53105929/0.45275027 | F1 M: 0.43534097 D: 0.19876086 | [S/N/B]: [0.1272/0.9085/0.2703] | LR: 0.00008941
2026-03-10 19:56:19,769 - INFO - T62 E6/50 | L: 0.53030878/0.45221411 | F1 M: 0.43876179 D: 0.20195639 | [S/N/B]: [0.1529/0.9124/0.2511] | LR: 0.00008843
2026-03-10 19:56:28,903 - INFO - T62 E7/50 | L: 0.52910347/0.45273451 | F1 M: 0.43417368 D: 0.19800789 | [S/N/B]: [0.1220/0.9065/0.2740] | LR: 0.00008729
2026-03-10 19:56:37,095 - INFO - T62 E8/50 | L: 0.52877152/0.45181270 | F1 M: 0.44239966 D: 0.20964954 | [S/N/B]: [0.1646/0.9079/0.2547] | LR: 0.00008598
2026-03-10 19:56:45,165 - INFO - T62 E9/50 | L: 0.52813802/0.45153664 | F1 M: 0.44492530 D: 0.21423841 | [S/N/B]: [0.2291/0.9063/0.1993] | LR: 0.00008452
2026-03-10 19:56:53,293 - INFO - T62 E10/50 | L: 0.52686193/0.45162420 | F1 M: 0.44625033 D: 0.21614515 | [S/N/B]: [0.2262/0.9065/0.2061] | LR: 0.00008290
2026-03-10 19:56:53,333 - INFO - 🥇 [MACRO]  Trial 62 | Global F1 Macro record: 0.44625033 (prev: 0.44531483) → saved best_tcn_lstm.pt
2026-03-10 19:57:02,848 - INFO - T62 E11/50 | L: 0.52628838/0.45300131 | F1 M: 0.44909246 D: 0.22072908 | [S/N/B]: [0.2064/0.9058/0.2350] | LR: 0.00008113
2026-03-10 19:57:02,894 - INFO - 🥇 [MACRO]  Trial 62 | Global F1 Macro record: 0.44909246 (prev: 0.44625033) → saved best_tcn_lstm.pt
2026-03-10 19:57:02,927 - INFO - 🏆 [DIR]    Trial 62 | Global F1 Dir record: 0.22072908 (prev: 0.22005305) → saved best_tcn_lstm_dir.pt
2026-03-10 19:57:12,328 - INFO - T62 E12/50 | L: 0.52574480/0.45131523 | F1 M: 0.45076415 D: 0.22286355 | [S/N/B]: [0.2213/0.9066/0.2245] | LR: 0.00007923
2026-03-10 19:57:12,374 - INFO - 🥇 [MACRO]  Trial 62 | Global F1 Macro record: 0.45076415 (prev: 0.44909246) → saved best_tcn_lstm.pt
2026-03-10 19:57:12,451 - INFO - 🏆 [DIR]    Trial 62 | Global F1 Dir record: 0.22286355 (prev: 0.22072908) → saved best_tcn_lstm_dir.pt
2026-03-10 19:57:20,892 - INFO - T62 E13/50 | L: 0.52485092/0.45259072 | F1 M: 0.44244912 D: 0.21040100 | [S/N/B]: [0.2410/0.9065/0.1798] | LR: 0.00007719
2026-03-10 19:57:29,547 - INFO - T62 E14/50 | L: 0.52402639/0.45265952 | F1 M: 0.44944434 D: 0.22090832 | [S/N/B]: [0.2242/0.9065/0.2177] | LR: 0.00007503
2026-03-10 19:57:38,502 - INFO - T62 E15/50 | L: 0.52339109/0.45315460 | F1 M: 0.44927200 D: 0.22128914 | [S/N/B]: [0.2228/0.9052/0.2198] | LR: 0.00007276
2026-03-10 19:57:38,886 - INFO - Trial 62 stopped early due to patience (3 epochs without improvement)
2026-03-10 19:57:39,360 - INFO - Trial 62 finished with value: 0.45076414754288724 and parameters: {'tcn_channels': 64, 'lstm_hidden': 128, 'num_lstm_layers': 3, 'batch_size': 512, 'dropout': 0.587655997297285, 'seq_len': 120, 'lr': 9.164954499265967e-05, 'weight_decay': 0.001220857027283132, 'base_alpha_side': 2.087038827793711, 'base_alpha_neutral': 0.7488987821087478, 'base_loss_gamma': 1.577711288687229, 'base_loss_smoothing': 0.05866752834222845}. Best is trial 62 with value: 0.45076414754288724.
2026-03-10 19:57:42,231 - INFO - SequenceDataset: 133934/228182 valid sequences (Lookback protection active).
2026-03-10 19:57:42,232 - INFO - SequenceDataset: 57425/97766 valid sequences (Lookback protection active).
2026-03-10 19:57:42,700 - INFO - Trial 63 START | tcn=64, lstm=128, layers=3, batch=512, seq=120, drop=0.5827, lr=0.000092, wd=0.0013 | alpha=[2.01, 0.76, 2.01], gamma=1.44, smooth=0.06
2026-03-10 19:57:50,808 - INFO - T63 E1/50 | L: 0.57042567/0.46098067 | F1 M: 0.39118325 D: 0.13187821 | [S/N/B]: [0.0000/0.9098/0.2638] | LR: 0.00009202
2026-03-10 19:57:59,328 - INFO - T63 E2/50 | L: 0.54043125/0.45858068 | F1 M: 0.39270537 D: 0.13338942 | [S/N/B]: [0.0000/0.9113/0.2668] | LR: 0.00009175
2026-03-10 19:58:07,483 - INFO - T63 E3/50 | L: 0.53754771/0.45795582 | F1 M: 0.39370178 D: 0.13472468 | [S/N/B]: [0.0000/0.9117/0.2694] | LR: 0.00009130
2026-03-10 19:58:07,864 - INFO - Trial 63 pruned by Optuna at epoch 3
2026-03-10 19:58:08,306 - INFO - Trial 63 pruned. 
2026-03-10 19:58:10,436 - INFO - SequenceDataset: 133934/228182 valid sequences (Lookback protection active).
2026-03-10 19:58:10,437 - INFO - SequenceDataset: 57425/97766 valid sequences (Lookback protection active).
2026-03-10 19:58:11,384 - INFO - Trial 64 START | tcn=64, lstm=32, layers=3, batch=512, seq=120, drop=0.5862, lr=0.000057, wd=0.0016 | alpha=[2.18, 0.29, 2.18], gamma=1.58, smooth=0.05
2026-03-10 19:58:18,457 - INFO - T64 E1/50 | L: 0.39349901/0.30887033 | F1 M: 0.04241742 D: 0.06362614 | [S/N/B]: [0.0000/0.0000/0.1273] | LR: 0.00005689
2026-03-10 19:58:26,690 - INFO - T64 E2/50 | L: 0.35592153/0.29698035 | F1 M: 0.09425270 D: 0.06766865 | [S/N/B]: [0.0000/0.1474/0.1353] | LR: 0.00005672
2026-03-10 19:58:35,187 - INFO - T64 E3/50 | L: 0.35055638/0.29428005 | F1 M: 0.21079069 D: 0.08203099 | [S/N/B]: [0.0000/0.4683/0.1641] | LR: 0.00005644
2026-03-10 19:58:35,563 - INFO - Trial 64 pruned by Optuna at epoch 3
2026-03-10 19:58:35,815 - INFO - Trial 64 pruned. 
2026-03-10 19:58:38,263 - INFO - SequenceDataset: 133934/228182 valid sequences (Lookback protection active).
2026-03-10 19:58:38,263 - INFO - SequenceDataset: 57425/97766 valid sequences (Lookback protection active).
2026-03-10 19:58:39,220 - INFO - Trial 65 START | tcn=64, lstm=64, layers=3, batch=512, seq=120, drop=0.5525, lr=0.000100, wd=0.0011 | alpha=[1.65, 0.73, 1.65], gamma=1.68, smooth=0.05
2026-03-10 19:58:47,005 - INFO - T65 E1/50 | L: 0.42238055/0.33891713 | F1 M: 0.39126553 D: 0.13285650 | [S/N/B]: [0.0000/0.9081/0.2657] | LR: 0.00009951
2026-03-10 19:58:56,004 - INFO - T65 E2/50 | L: 0.39816951/0.33557243 | F1 M: 0.39269015 D: 0.13320191 | [S/N/B]: [0.0000/0.9117/0.2664] | LR: 0.00009922
2026-03-10 19:59:04,316 - INFO - T65 E3/50 | L: 0.39569099/0.33410297 | F1 M: 0.39358651 D: 0.13364947 | [S/N/B]: [0.0000/0.9135/0.2673] | LR: 0.00009873
2026-03-10 19:59:05,474 - INFO - Trial 65 pruned by Optuna at epoch 3
2026-03-10 19:59:05,724 - INFO - Trial 65 pruned. 
2026-03-10 19:59:07,843 - INFO - SequenceDataset: 152966/228206 valid sequences (Lookback protection active).
2026-03-10 19:59:07,844 - INFO - SequenceDataset: 65585/97790 valid sequences (Lookback protection active).
2026-03-10 19:59:08,307 - INFO - Trial 66 START | tcn=128, lstm=128, layers=3, batch=512, seq=96, drop=0.5663, lr=0.000082, wd=0.0099 | alpha=[2.47, 0.63, 2.47], gamma=1.32, smooth=0.04
2026-03-10 19:59:16,481 - INFO - T66 E1/50 | L: 0.60536636/0.49414681 | F1 M: 0.38429466 D: 0.13365142 | [S/N/B]: [0.0014/0.8856/0.2659] | LR: 0.00008158
2026-03-10 19:59:25,305 - INFO - T66 E2/50 | L: 0.58254401/0.49144056 | F1 M: 0.38963713 D: 0.13905645 | [S/N/B]: [0.0059/0.8908/0.2722] | LR: 0.00008133
2026-03-10 19:59:34,874 - INFO - T66 E3/50 | L: 0.57937793/0.48885558 | F1 M: 0.42949811 D: 0.19082143 | [S/N/B]: [0.1091/0.9069/0.2725] | LR: 0.00008093
2026-03-10 19:59:43,374 - INFO - T66 E4/50 | L: 0.57746760/0.48850614 | F1 M: 0.44523304 D: 0.21742099 | [S/N/B]: [0.1752/0.9009/0.2596] | LR: 0.00008037
2026-03-10 19:59:52,608 - INFO - T66 E5/50 | L: 0.57579626/0.48814446 | F1 M: 0.44513095 D: 0.22029560 | [S/N/B]: [0.1921/0.8948/0.2485] | LR: 0.00007966
2026-03-10 20:00:01,712 - INFO - T66 E6/50 | L: 0.57489266/0.48795124 | F1 M: 0.43912007 D: 0.20789772 | [S/N/B]: [0.1488/0.9016/0.2670] | LR: 0.00007879
2026-03-10 20:00:10,988 - INFO - T66 E7/50 | L: 0.57386743/0.48833755 | F1 M: 0.44674359 D: 0.22003914 | [S/N/B]: [0.1955/0.9002/0.2446] | LR: 0.00007777
2026-03-10 20:00:19,539 - INFO - T66 E8/50 | L: 0.57180304/0.48765973 | F1 M: 0.43864936 D: 0.21104590 | [S/N/B]: [0.2378/0.8939/0.1843] | LR: 0.00007661
2026-03-10 20:00:28,555 - INFO - T66 E9/50 | L: 0.57110934/0.48834394 | F1 M: 0.44149397 D: 0.22139680 | [S/N/B]: [0.2201/0.8817/0.2227] | LR: 0.00007530
2026-03-10 20:00:37,568 - INFO - T66 E10/50 | L: 0.56934782/0.48767010 | F1 M: 0.44632664 D: 0.22331753 | [S/N/B]: [0.2329/0.8923/0.2137] | LR: 0.00007386
2026-03-10 20:00:37,722 - INFO - 🏆 [DIR]    Trial 66 | Global F1 Dir record: 0.22331753 (prev: 0.22286355) → saved best_tcn_lstm_dir.pt
2026-03-10 20:00:45,893 - INFO - T66 E11/50 | L: 0.56768329/0.48879217 | F1 M: 0.44102245 D: 0.21544901 | [S/N/B]: [0.2366/0.8922/0.1943] | LR: 0.00007229
2026-03-10 20:00:46,012 - INFO - Trial 66 stopped early due to patience (3 epochs without improvement)
2026-03-10 20:00:46,243 - INFO - Trial 66 finished with value: 0.446743593490794 and parameters: {'tcn_channels': 128, 'lstm_hidden': 128, 'num_lstm_layers': 3, 'batch_size': 512, 'dropout': 0.566339969780318, 'seq_len': 96, 'lr': 8.165588640447597e-05, 'weight_decay': 0.009908362692055294, 'base_alpha_side': 2.474506927083831, 'base_alpha_neutral': 0.6328044024848181, 'base_loss_gamma': 1.3227098917975049, 'base_loss_smoothing': 0.03833406085397442}. Best is trial 62 with value: 0.45076414754288724.
2026-03-10 20:00:47,783 - INFO - SequenceDataset: 152966/228206 valid sequences (Lookback protection active).
2026-03-10 20:00:47,783 - INFO - SequenceDataset: 65585/97790 valid sequences (Lookback protection active).
2026-03-10 20:00:48,535 - INFO - Trial 67 START | tcn=128, lstm=128, layers=3, batch=512, seq=96, drop=0.5920, lr=0.000083, wd=0.0007 | alpha=[2.09, 0.57, 2.09], gamma=1.34, smooth=0.03
2026-03-10 20:00:56,623 - INFO - T67 E1/50 | L: 0.47869015/0.38983978 | F1 M: 0.42409061 D: 0.18763860 | [S/N/B]: [0.1150/0.8970/0.2602] | LR: 0.00008245
2026-03-10 20:01:05,283 - INFO - T67 E2/50 | L: 0.46047951/0.38905639 | F1 M: 0.43900151 D: 0.21151770 | [S/N/B]: [0.1641/0.8940/0.2589] | LR: 0.00008220
2026-03-10 20:01:13,797 - INFO - T67 E3/50 | L: 0.45793299/0.38634486 | F1 M: 0.43694034 D: 0.21087181 | [S/N/B]: [0.1615/0.8891/0.2602] | LR: 0.00008180
2026-03-10 20:01:22,066 - INFO - T67 E4/50 | L: 0.45611928/0.38598755 | F1 M: 0.43907991 D: 0.21267809 | [S/N/B]: [0.1856/0.8919/0.2398] | LR: 0.00008123
2026-03-10 20:01:30,545 - INFO - T67 E5/50 | L: 0.45549915/0.38556715 | F1 M: 0.44010956 D: 0.21099524 | [S/N/B]: [0.1689/0.8983/0.2531] | LR: 0.00008051
2026-03-10 20:01:38,626 - INFO - T67 E6/50 | L: 0.45371425/0.38542605 | F1 M: 0.44262162 D: 0.21546037 | [S/N/B]: [0.1890/0.8969/0.2419] | LR: 0.00007963
2026-03-10 20:01:47,103 - INFO - T67 E7/50 | L: 0.45260407/0.38554308 | F1 M: 0.44388493 D: 0.22101396 | [S/N/B]: [0.2111/0.8896/0.2309] | LR: 0.00007860
2026-03-10 20:01:56,143 - INFO - T67 E8/50 | L: 0.45184797/0.38568694 | F1 M: 0.43841071 D: 0.21523152 | [S/N/B]: [0.2266/0.8848/0.2038] | LR: 0.00007743
2026-03-10 20:02:04,446 - INFO - T67 E9/50 | L: 0.45108835/0.38601881 | F1 M: 0.44204341 D: 0.21874960 | [S/N/B]: [0.2239/0.8886/0.2136] | LR: 0.00007611
2026-03-10 20:02:04,550 - INFO - Trial 67 stopped early due to patience (3 epochs without improvement)
2026-03-10 20:02:04,762 - INFO - Trial 67 finished with value: 0.44388492904990645 and parameters: {'tcn_channels': 128, 'lstm_hidden': 128, 'num_lstm_layers': 3, 'batch_size': 512, 'dropout': 0.5920209132294952, 'seq_len': 96, 'lr': 8.252916567990256e-05, 'weight_decay': 0.0007361422635937151, 'base_alpha_side': 2.086328407947695, 'base_alpha_neutral': 0.5695757039764535, 'base_loss_gamma': 1.3394497149997655, 'base_loss_smoothing': 0.029333568616153233}. Best is trial 62 with value: 0.45076414754288724.
2026-03-10 20:02:06,331 - INFO - SequenceDataset: 152966/228206 valid sequences (Lookback protection active).
2026-03-10 20:02:06,332 - INFO - SequenceDataset: 65585/97790 valid sequences (Lookback protection active).
2026-03-10 20:02:07,194 - INFO - Trial 68 START | tcn=128, lstm=128, layers=4, batch=512, seq=96, drop=0.5901, lr=0.000051, wd=0.0067 | alpha=[1.88, 0.51, 1.88], gamma=1.28, smooth=0.03
2026-03-10 20:02:15,933 - INFO - T68 E1/50 | L: 0.42256761/0.34221195 | F1 M: 0.37233531 D: 0.12538933 | [S/N/B]: [0.0000/0.8662/0.2508] | LR: 0.00005077
2026-03-10 20:02:25,819 - INFO - T68 E2/50 | L: 0.40254809/0.33835131 | F1 M: 0.38483293 D: 0.13341573 | [S/N/B]: [0.0000/0.8877/0.2668] | LR: 0.00005062
2026-03-10 20:02:36,172 - INFO - T68 E3/50 | L: 0.40015496/0.33758344 | F1 M: 0.38467101 D: 0.13450094 | [S/N/B]: [0.0000/0.8850/0.2690] | LR: 0.00005037
2026-03-10 20:02:37,156 - INFO - Trial 68 pruned by Optuna at epoch 3
2026-03-10 20:02:37,330 - INFO - Trial 68 pruned. 
2026-03-10 20:02:38,324 - INFO - SequenceDataset: 152966/228206 valid sequences (Lookback protection active).
2026-03-10 20:02:38,325 - INFO - SequenceDataset: 65585/97790 valid sequences (Lookback protection active).
2026-03-10 20:02:39,336 - INFO - Trial 69 START | tcn=128, lstm=128, layers=3, batch=256, seq=96, drop=0.5746, lr=0.000065, wd=0.0005 | alpha=[2.09, 0.55, 2.09], gamma=2.64, smooth=0.04
2026-03-10 20:02:53,462 - INFO - T69 E1/50 | L: 0.32797544/0.26705560 | F1 M: 0.40016017 D: 0.20031119 | [S/N/B]: [0.2131/0.7999/0.1876] | LR: 0.00006499
2026-03-10 20:03:08,023 - INFO - T69 E2/50 | L: 0.31985527/0.26802658 | F1 M: 0.32648003 D: 0.10696525 | [S/N/B]: [0.0000/0.7655/0.2139] | LR: 0.00006480
2026-03-10 20:03:22,603 - INFO - T69 E3/50 | L: 0.31838273/0.26571334 | F1 M: 0.40115335 D: 0.19759876 | [S/N/B]: [0.2169/0.8083/0.1783] | LR: 0.00006448
2026-03-10 20:03:23,414 - INFO - Trial 69 pruned by Optuna at epoch 3
2026-03-10 20:03:23,628 - INFO - Trial 69 pruned. 
2026-03-10 20:03:25,288 - INFO - SequenceDataset: 152966/228206 valid sequences (Lookback protection active).
2026-03-10 20:03:25,289 - INFO - SequenceDataset: 65585/97790 valid sequences (Lookback protection active).
2026-03-10 20:03:25,756 - INFO - Trial 70 START | tcn=128, lstm=128, layers=4, batch=512, seq=96, drop=0.5659, lr=0.000081, wd=0.0093 | alpha=[2.69, 0.63, 2.69], gamma=1.77, smooth=0.02
2026-03-10 20:03:35,758 - INFO - T70 E1/50 | L: 0.58226280/0.46967112 | F1 M: 0.38027573 D: 0.13050159 | [S/N/B]: [0.0000/0.8798/0.2610] | LR: 0.00008123
2026-03-10 20:03:45,693 - INFO - T70 E2/50 | L: 0.56164827/0.46729317 | F1 M: 0.42651400 D: 0.20253991 | [S/N/B]: [0.1552/0.8745/0.2498] | LR: 0.00008099
2026-03-10 20:03:56,581 - INFO - T70 E3/50 | L: 0.55933264/0.46753083 | F1 M: 0.42237324 D: 0.20169026 | [S/N/B]: [0.1604/0.8637/0.2430] | LR: 0.00008059
2026-03-10 20:03:57,172 - INFO - Trial 70 pruned by Optuna at epoch 3
2026-03-10 20:03:57,715 - INFO - Trial 70 pruned. 
2026-03-10 20:04:00,139 - INFO - SequenceDataset: 152966/228206 valid sequences (Lookback protection active).
2026-03-10 20:04:00,140 - INFO - SequenceDataset: 65585/97790 valid sequences (Lookback protection active).
2026-03-10 20:04:00,599 - INFO - Trial 71 START | tcn=128, lstm=128, layers=3, batch=512, seq=96, drop=0.5924, lr=0.000073, wd=0.0007 | alpha=[2.34, 0.58, 2.34], gamma=1.37, smooth=0.04
2026-03-10 20:04:09,164 - INFO - T71 E1/50 | L: 0.53967109/0.44058247 | F1 M: 0.38017211 D: 0.13177222 | [S/N/B]: [0.0000/0.8770/0.2635] | LR: 0.00007312
2026-03-10 20:04:18,515 - INFO - T71 E2/50 | L: 0.52003871/0.43684820 | F1 M: 0.39150547 D: 0.14041929 | [S/N/B]: [0.0059/0.8937/0.2750] | LR: 0.00007291
2026-03-10 20:04:28,045 - INFO - T71 E3/50 | L: 0.51762633/0.43710368 | F1 M: 0.43479968 D: 0.20865158 | [S/N/B]: [0.1464/0.8871/0.2709] | LR: 0.00007255
2026-03-10 20:04:37,290 - INFO - T71 E4/50 | L: 0.51608043/0.43662098 | F1 M: 0.44331576 D: 0.21859014 | [S/N/B]: [0.2178/0.8928/0.2194] | LR: 0.00007204
2026-03-10 20:04:46,313 - INFO - T71 E5/50 | L: 0.51456795/0.43571726 | F1 M: 0.43885883 D: 0.21552039 | [S/N/B]: [0.1691/0.8855/0.2620] | LR: 0.00007140
2026-03-10 20:04:55,158 - INFO - T71 E6/50 | L: 0.51374950/0.43900155 | F1 M: 0.44351517 D: 0.22104564 | [S/N/B]: [0.2072/0.8885/0.2349] | LR: 0.00007062
2026-03-10 20:05:04,550 - INFO - T71 E7/50 | L: 0.51244951/0.43667520 | F1 M: 0.43808314 D: 0.21835781 | [S/N/B]: [0.1771/0.8775/0.2596] | LR: 0.00006971
2026-03-10 20:05:13,604 - INFO - T71 E8/50 | L: 0.51104208/0.43576600 | F1 M: 0.43755573 D: 0.21628959 | [S/N/B]: [0.2223/0.8801/0.2102] | LR: 0.00006867
2026-03-10 20:05:13,731 - INFO - Trial 71 stopped early due to patience (3 epochs without improvement)
2026-03-10 20:05:14,190 - INFO - Trial 71 finished with value: 0.44351516704566274 and parameters: {'tcn_channels': 128, 'lstm_hidden': 128, 'num_lstm_layers': 3, 'batch_size': 512, 'dropout': 0.5924264576108346, 'seq_len': 96, 'lr': 7.319442058993985e-05, 'weight_decay': 0.0006979352775370382, 'base_alpha_side': 2.335776836397429, 'base_alpha_neutral': 0.5779516305019706, 'base_loss_gamma': 1.3701426541937431, 'base_loss_smoothing': 0.03662619873723354}. Best is trial 62 with value: 0.45076414754288724.
2026-03-10 20:05:16,848 - INFO - SequenceDataset: 152966/228206 valid sequences (Lookback protection active).
2026-03-10 20:05:16,848 - INFO - SequenceDataset: 65585/97790 valid sequences (Lookback protection active).
2026-03-10 20:05:17,350 - INFO - Trial 72 START | tcn=128, lstm=128, layers=3, batch=512, seq=96, drop=0.5924, lr=0.000075, wd=0.0007 | alpha=[2.26, 0.47, 2.26], gamma=1.40, smooth=0.03
2026-03-10 20:05:25,828 - INFO - T72 E1/50 | L: 0.46656187/0.38245886 | F1 M: 0.40732032 D: 0.19481194 | [S/N/B]: [0.2627/0.8323/0.1269] | LR: 0.00007465
2026-03-10 20:05:35,329 - INFO - T72 E2/50 | L: 0.45131578/0.37874516 | F1 M: 0.42025006 D: 0.20574594 | [S/N/B]: [0.1870/0.8493/0.2245] | LR: 0.00007443
2026-03-10 20:05:45,040 - INFO - T72 E3/50 | L: 0.44914231/0.37834181 | F1 M: 0.41475561 D: 0.19594624 | [S/N/B]: [0.1512/0.8524/0.2407] | LR: 0.00007406
2026-03-10 20:05:45,550 - INFO - Trial 72 pruned by Optuna at epoch 3
2026-03-10 20:05:45,808 - INFO - Trial 72 pruned. 
2026-03-10 20:05:48,492 - INFO - SequenceDataset: 152966/228206 valid sequences (Lookback protection active).
2026-03-10 20:05:48,493 - INFO - SequenceDataset: 65585/97790 valid sequences (Lookback protection active).
2026-03-10 20:05:49,018 - INFO - Trial 73 START | tcn=128, lstm=128, layers=3, batch=512, seq=96, drop=0.5780, lr=0.000093, wd=0.0005 | alpha=[2.09, 0.62, 2.09], gamma=1.31, smooth=0.05
2026-03-10 20:05:58,021 - INFO - T73 E1/50 | L: 0.51495414/0.41867017 | F1 M: 0.43689451 D: 0.20490242 | [S/N/B]: [0.1815/0.9009/0.2283] | LR: 0.00009340
2026-03-10 20:06:07,744 - INFO - T73 E2/50 | L: 0.49379248/0.41663130 | F1 M: 0.43578657 D: 0.20104780 | [S/N/B]: [0.1408/0.9053/0.2613] | LR: 0.00009312
2026-03-10 20:06:17,505 - INFO - T73 E3/50 | L: 0.49109694/0.41724117 | F1 M: 0.43897348 D: 0.20637967 | [S/N/B]: [0.1507/0.9042/0.2620] | LR: 0.00009266
2026-03-10 20:06:26,696 - INFO - T73 E4/50 | L: 0.48962407/0.41634860 | F1 M: 0.44204756 D: 0.21188942 | [S/N/B]: [0.1743/0.9024/0.2495] | LR: 0.00009202
2026-03-10 20:06:36,245 - INFO - T73 E5/50 | L: 0.48818464/0.41604993 | F1 M: 0.44364970 D: 0.21500061 | [S/N/B]: [0.1905/0.9009/0.2395] | LR: 0.00009120
2026-03-10 20:06:45,965 - INFO - T73 E6/50 | L: 0.48694808/0.41569061 | F1 M: 0.44540083 D: 0.22052019 | [S/N/B]: [0.2154/0.8952/0.2256] | LR: 0.00009021
2026-03-10 20:06:55,210 - INFO - T73 E7/50 | L: 0.48561156/0.41571625 | F1 M: 0.44296104 D: 0.21516047 | [S/N/B]: [0.2288/0.8986/0.2015] | LR: 0.00008904
2026-03-10 20:07:04,509 - INFO - T73 E8/50 | L: 0.48394952/0.41943894 | F1 M: 0.44483120 D: 0.21882133 | [S/N/B]: [0.1896/0.8969/0.2480] | LR: 0.00008771
2026-03-10 20:07:14,200 - INFO - T73 E9/50 | L: 0.48298744/0.41776461 | F1 M: 0.44043795 D: 0.20823360 | [S/N/B]: [0.2325/0.9048/0.1840] | LR: 0.00008621
2026-03-10 20:07:14,505 - INFO - Trial 73 stopped early due to patience (3 epochs without improvement)
2026-03-10 20:07:14,808 - INFO - Trial 73 finished with value: 0.4454008271674448 and parameters: {'tcn_channels': 128, 'lstm_hidden': 128, 'num_lstm_layers': 3, 'batch_size': 512, 'dropout': 0.5780381799681762, 'seq_len': 96, 'lr': 9.349175521198812e-05, 'weight_decay': 0.0005296624684016304, 'base_alpha_side': 2.0932448305367073, 'base_alpha_neutral': 0.6166840319000056, 'base_loss_gamma': 1.3098527734782965, 'base_loss_smoothing': 0.04514386447364034}. Best is trial 62 with value: 0.45076414754288724.
2026-03-10 20:07:16,800 - INFO - SequenceDataset: 152966/228206 valid sequences (Lookback protection active).
2026-03-10 20:07:16,801 - INFO - SequenceDataset: 65585/97790 valid sequences (Lookback protection active).
2026-03-10 20:07:17,235 - INFO - Trial 74 START | tcn=128, lstm=128, layers=3, batch=512, seq=96, drop=0.5998, lr=0.000094, wd=0.0005 | alpha=[1.68, 0.61, 1.68], gamma=1.25, smooth=0.05
2026-03-10 20:07:26,213 - INFO - T74 E1/50 | L: 0.41654843/0.34175177 | F1 M: 0.39261921 D: 0.13420672 | [S/N/B]: [0.0000/0.9094/0.2684] | LR: 0.00009418
2026-03-10 20:07:35,393 - INFO - T74 E2/50 | L: 0.40093872/0.33957213 | F1 M: 0.44224096 D: 0.20687509 | [S/N/B]: [0.2043/0.9130/0.2095] | LR: 0.00009390
2026-03-10 20:07:44,362 - INFO - T74 E3/50 | L: 0.39907481/0.33943437 | F1 M: 0.42013050 D: 0.17173036 | [S/N/B]: [0.0811/0.9169/0.2624] | LR: 0.00009344
2026-03-10 20:07:53,439 - INFO - T74 E4/50 | L: 0.39768256/0.34022097 | F1 M: 0.43034821 D: 0.19037797 | [S/N/B]: [0.1100/0.9103/0.2708] | LR: 0.00009279
2026-03-10 20:08:02,709 - INFO - T74 E5/50 | L: 0.39597692/0.33864181 | F1 M: 0.41424300 D: 0.16486829 | [S/N/B]: [0.0526/0.9130/0.2772] | LR: 0.00009197
2026-03-10 20:08:11,241 - INFO - T74 E6/50 | L: 0.39521574/0.33865673 | F1 M: 0.44661224 D: 0.21223991 | [S/N/B]: [0.2013/0.9154/0.2232] | LR: 0.00009097
2026-03-10 20:08:19,896 - INFO - T74 E7/50 | L: 0.39392783/0.33916218 | F1 M: 0.44470269 D: 0.21152380 | [S/N/B]: [0.1921/0.9111/0.2310] | LR: 0.00008979
2026-03-10 20:08:28,313 - INFO - T74 E8/50 | L: 0.39324530/0.33896572 | F1 M: 0.44120118 D: 0.20528879 | [S/N/B]: [0.2377/0.9130/0.1729] | LR: 0.00008844
2026-03-10 20:08:28,489 - INFO - Trial 74 stopped early due to patience (3 epochs without improvement)
2026-03-10 20:08:28,782 - INFO - Trial 74 finished with value: 0.4466122366068835 and parameters: {'tcn_channels': 128, 'lstm_hidden': 128, 'num_lstm_layers': 3, 'batch_size': 512, 'dropout': 0.5997727222709399, 'seq_len': 96, 'lr': 9.427523174029334e-05, 'weight_decay': 0.000542080224076194, 'base_alpha_side': 1.68080204957177, 'base_alpha_neutral': 0.6102575952271725, 'base_loss_gamma': 1.2496148755341134, 'base_loss_smoothing': 0.045620438812453014}. Best is trial 62 with value: 0.45076414754288724.
2026-03-10 20:08:30,802 - INFO - SequenceDataset: 152966/228206 valid sequences (Lookback protection active).
2026-03-10 20:08:30,803 - INFO - SequenceDataset: 65585/97790 valid sequences (Lookback protection active).
2026-03-10 20:08:31,985 - INFO - Trial 75 START | tcn=128, lstm=128, layers=3, batch=512, seq=96, drop=0.5989, lr=0.000095, wd=0.0004 | alpha=[1.67, 0.63, 1.67], gamma=1.11, smooth=0.05
2026-03-10 20:08:40,688 - INFO - T75 E1/50 | L: 0.44512203/0.36358752 | F1 M: 0.39845489 D: 0.13950717 | [S/N/B]: [0.0199/0.9164/0.2591] | LR: 0.00009457
2026-03-10 20:08:50,209 - INFO - T75 E2/50 | L: 0.42542307/0.36064855 | F1 M: 0.39784075 D: 0.13723868 | [S/N/B]: [0.0104/0.9190/0.2641] | LR: 0.00009429
2026-03-10 20:08:59,046 - INFO - T75 E3/50 | L: 0.42310596/0.36193049 | F1 M: 0.39662646 D: 0.13724935 | [S/N/B]: [0.0005/0.9154/0.2740] | LR: 0.00009383
2026-03-10 20:08:59,287 - INFO - Trial 75 pruned by Optuna at epoch 3
2026-03-10 20:08:59,515 - INFO - Trial 75 pruned. 
2026-03-10 20:09:01,999 - INFO - SequenceDataset: 152966/228206 valid sequences (Lookback protection active).
2026-03-10 20:09:02,000 - INFO - SequenceDataset: 65585/97790 valid sequences (Lookback protection active).
2026-03-10 20:09:02,978 - INFO - Trial 76 START | tcn=128, lstm=128, layers=3, batch=512, seq=96, drop=0.5673, lr=0.000094, wd=0.0005 | alpha=[1.73, 0.61, 1.73], gamma=1.23, smooth=0.06
2026-03-10 20:09:11,042 - INFO - T76 E1/50 | L: 0.44354918/0.36260973 | F1 M: 0.39611822 D: 0.13667032 | [S/N/B]: [0.0055/0.9150/0.2679] | LR: 0.00009405
2026-03-10 20:09:20,518 - INFO - T76 E2/50 | L: 0.42470477/0.36094213 | F1 M: 0.43727733 D: 0.19965110 | [S/N/B]: [0.1443/0.9125/0.2550] | LR: 0.00009377
2026-03-10 20:09:29,515 - INFO - T76 E3/50 | L: 0.42214342/0.35958307 | F1 M: 0.43321547 D: 0.19197666 | [S/N/B]: [0.1306/0.9157/0.2534] | LR: 0.00009331
2026-03-10 20:09:39,074 - INFO - T76 E4/50 | L: 0.42057827/0.35993032 | F1 M: 0.43555677 D: 0.19531417 | [S/N/B]: [0.1485/0.9160/0.2421] | LR: 0.00009266
2026-03-10 20:09:48,083 - INFO - T76 E5/50 | L: 0.41960462/0.36007138 | F1 M: 0.44002688 D: 0.20298387 | [S/N/B]: [0.1665/0.9141/0.2394] | LR: 0.00009184
2026-03-10 20:09:57,183 - INFO - T76 E6/50 | L: 0.41829811/0.36087248 | F1 M: 0.43651847 D: 0.19661232 | [S/N/B]: [0.1487/0.9163/0.2445] | LR: 0.00009084
2026-03-10 20:09:57,317 - INFO - Trial 76 stopped early due to patience (3 epochs without improvement)
2026-03-10 20:09:57,627 - INFO - Trial 76 finished with value: 0.44002687758218073 and parameters: {'tcn_channels': 128, 'lstm_hidden': 128, 'num_lstm_layers': 3, 'batch_size': 512, 'dropout': 0.5673350874671822, 'seq_len': 96, 'lr': 9.414060965838887e-05, 'weight_decay': 0.0005285664603142551, 'base_alpha_side': 1.7344314522631548, 'base_alpha_neutral': 0.6134381669432831, 'base_loss_gamma': 1.2291971978407399, 'base_loss_smoothing': 0.05678059222321587}. Best is trial 62 with value: 0.45076414754288724.
2026-03-10 20:09:59,856 - INFO - SequenceDataset: 152966/228206 valid sequences (Lookback protection active).
2026-03-10 20:09:59,856 - INFO - SequenceDataset: 65585/97790 valid sequences (Lookback protection active).
2026-03-10 20:10:00,790 - INFO - Trial 77 START | tcn=128, lstm=128, layers=4, batch=128, seq=96, drop=0.5749, lr=0.000080, wd=0.0006 | alpha=[1.93, 0.61, 1.93], gamma=1.31, smooth=0.05
2026-03-10 20:10:28,236 - INFO - T77 E1/50 | L: 0.46120598/0.38378362 | F1 M: 0.43777902 D: 0.20504242 | [S/N/B]: [0.1613/0.9033/0.2488] | LR: 0.00007979
2026-03-10 20:10:56,308 - INFO - T77 E2/50 | L: 0.45121972/0.38093578 | F1 M: 0.39472225 D: 0.13923962 | [S/N/B]: [0.0000/0.9057/0.2785] | LR: 0.00007956
2026-03-10 20:11:24,196 - INFO - T77 E3/50 | L: 0.44906229/0.38087520 | F1 M: 0.41041381 D: 0.16544535 | [S/N/B]: [0.0556/0.9004/0.2753] | LR: 0.00007917
2026-03-10 20:11:52,001 - INFO - T77 E4/50 | L: 0.44715859/0.37992114 | F1 M: 0.41712768 D: 0.17050957 | [S/N/B]: [0.0693/0.9104/0.2718] | LR: 0.00007862
2026-03-10 20:12:19,800 - INFO - T77 E5/50 | L: 0.44559729/0.38088610 | F1 M: 0.40408104 D: 0.15530467 | [S/N/B]: [0.0350/0.9016/0.2756] | LR: 0.00007792
2026-03-10 20:12:47,597 - INFO - T77 E6/50 | L: 0.44497588/0.37963032 | F1 M: 0.43495459 D: 0.19804801 | [S/N/B]: [0.1344/0.9088/0.2617] | LR: 0.00007707
2026-03-10 20:13:15,583 - INFO - T77 E7/50 | L: 0.44307952/0.38109401 | F1 M: 0.43671870 D: 0.20262067 | [S/N/B]: [0.1517/0.9049/0.2535] | LR: 0.00007607
2026-03-10 20:13:43,344 - INFO - T77 E8/50 | L: 0.44193087/0.38099887 | F1 M: 0.43569253 D: 0.20099470 | [S/N/B]: [0.1483/0.9051/0.2537] | LR: 0.00007493
2026-03-10 20:14:11,489 - INFO - T77 E9/50 | L: 0.44096229/0.38176957 | F1 M: 0.44201583 D: 0.21502426 | [S/N/B]: [0.2053/0.8960/0.2248] | LR: 0.00007366
2026-03-10 20:14:11,724 - INFO - Trial 77 stopped early due to patience (3 epochs without improvement)
2026-03-10 20:14:12,064 - INFO - Trial 77 finished with value: 0.4420158348423315 and parameters: {'tcn_channels': 128, 'lstm_hidden': 128, 'num_lstm_layers': 4, 'batch_size': 128, 'dropout': 0.5749320279690529, 'seq_len': 96, 'lr': 7.987322147308832e-05, 'weight_decay': 0.0006127586804506713, 'base_alpha_side': 1.932987587588224, 'base_alpha_neutral': 0.6069651998690875, 'base_loss_gamma': 1.313252269306145, 'base_loss_smoothing': 0.045884463205911406}. Best is trial 62 with value: 0.45076414754288724.
2026-03-10 20:14:14,310 - INFO - SequenceDataset: 152966/228206 valid sequences (Lookback protection active).
2026-03-10 20:14:14,311 - INFO - SequenceDataset: 65585/97790 valid sequences (Lookback protection active).
2026-03-10 20:14:15,058 - INFO - Trial 78 START | tcn=128, lstm=128, layers=3, batch=512, seq=96, drop=0.5430, lr=0.000082, wd=0.0004 | alpha=[1.62, 0.68, 1.62], gamma=1.06, smooth=0.04
2026-03-10 20:14:23,649 - INFO - T78 E1/50 | L: 0.46185174/0.36915739 | F1 M: 0.39392373 D: 0.12873075 | [S/N/B]: [0.2575/0.9243/0.0000] | LR: 0.00008175
2026-03-10 20:14:33,521 - INFO - T78 E2/50 | L: 0.43460558/0.36885745 | F1 M: 0.40150471 D: 0.14186842 | [S/N/B]: [0.0296/0.9208/0.2542] | LR: 0.00008151
2026-03-10 20:14:43,058 - INFO - T78 E3/50 | L: 0.43248704/0.36656001 | F1 M: 0.41014028 D: 0.15415826 | [S/N/B]: [0.0581/0.9221/0.2502] | LR: 0.00008111
2026-03-10 20:14:43,672 - INFO - Trial 78 pruned by Optuna at epoch 3
2026-03-10 20:14:44,095 - INFO - Trial 78 pruned. 
2026-03-10 20:14:46,485 - INFO - SequenceDataset: 210062/228278 valid sequences (Lookback protection active).
2026-03-10 20:14:46,486 - INFO - SequenceDataset: 90065/97862 valid sequences (Lookback protection active).
2026-03-10 20:14:46,976 - INFO - Trial 79 START | tcn=128, lstm=128, layers=3, batch=512, seq=24, drop=0.5631, lr=0.000096, wd=0.0042 | alpha=[1.83, 0.71, 1.83], gamma=1.18, smooth=0.02
2026-03-10 20:14:57,165 - INFO - T79 E1/50 | L: 0.43421717/0.35260037 | F1 M: 0.42955384 D: 0.17847485 | [S/N/B]: [0.1450/0.9317/0.2119] | LR: 0.00009573
2026-03-10 20:15:07,977 - INFO - T79 E2/50 | L: 0.41473297/0.34927220 | F1 M: 0.39465579 D: 0.12459702 | [S/N/B]: [0.0019/0.9348/0.2473] | LR: 0.00009545
2026-03-10 20:15:19,290 - INFO - T79 E3/50 | L: 0.41224642/0.34915561 | F1 M: 0.39802142 D: 0.13106128 | [S/N/B]: [0.0038/0.9319/0.2583] | LR: 0.00009498
2026-03-10 20:15:29,677 - INFO - T79 E4/50 | L: 0.41046610/0.34930401 | F1 M: 0.40153834 D: 0.13522307 | [S/N/B]: [0.0229/0.9342/0.2475] | LR: 0.00009432
2026-03-10 20:15:39,920 - INFO - T79 E5/50 | L: 0.40917548/0.34857942 | F1 M: 0.41294453 D: 0.15372894 | [S/N/B]: [0.0493/0.9314/0.2581] | LR: 0.00009348
2026-03-10 20:15:40,206 - INFO - Trial 79 pruned by Optuna at epoch 5
2026-03-10 20:15:40,467 - INFO - Trial 79 pruned. 
2026-03-10 20:15:42,683 - INFO - SequenceDataset: 152966/228206 valid sequences (Lookback protection active).
2026-03-10 20:15:42,684 - INFO - SequenceDataset: 65585/97790 valid sequences (Lookback protection active).
2026-03-10 20:15:43,836 - INFO - Trial 80 START | tcn=128, lstm=128, layers=3, batch=512, seq=96, drop=0.5879, lr=0.000066, wd=0.0054 | alpha=[2.04, 0.57, 2.04], gamma=2.48, smooth=0.03
2026-03-10 20:15:52,573 - INFO - T80 E1/50 | L: 0.33756349/0.27395210 | F1 M: 0.36010748 D: 0.12198382 | [S/N/B]: [0.0041/0.8364/0.2399] | LR: 0.00006617
2026-03-10 20:16:01,871 - INFO - T80 E2/50 | L: 0.32613389/0.27270703 | F1 M: 0.37240731 D: 0.14124943 | [S/N/B]: [0.0440/0.8347/0.2385] | LR: 0.00006598
2026-03-10 20:16:11,312 - INFO - T80 E3/50 | L: 0.32497327/0.27235342 | F1 M: 0.40485770 D: 0.19040735 | [S/N/B]: [0.1529/0.8338/0.2279] | LR: 0.00006565
2026-03-10 20:16:11,663 - INFO - Trial 80 pruned by Optuna at epoch 3
2026-03-10 20:16:11,901 - INFO - Trial 80 pruned. 
2026-03-10 20:16:14,357 - INFO - SequenceDataset: 152966/228206 valid sequences (Lookback protection active).
2026-03-10 20:16:14,357 - INFO - SequenceDataset: 65585/97790 valid sequences (Lookback protection active).
2026-03-10 20:16:15,364 - INFO - Trial 81 START | tcn=128, lstm=128, layers=3, batch=512, seq=96, drop=0.5781, lr=0.000073, wd=0.0009 | alpha=[2.27, 0.58, 2.27], gamma=1.26, smooth=0.04
2026-03-10 20:16:23,448 - INFO - T81 E1/50 | L: 0.54085241/0.44231007 | F1 M: 0.43679073 D: 0.21075984 | [S/N/B]: [0.1913/0.8889/0.2302] | LR: 0.00007282
2026-03-10 20:16:32,290 - INFO - T81 E2/50 | L: 0.52176412/0.44114683 | F1 M: 0.38541728 D: 0.13504914 | [S/N/B]: [0.0000/0.8862/0.2701] | LR: 0.00007260
2026-03-10 20:16:40,792 - INFO - T81 E3/50 | L: 0.51916981/0.44047957 | F1 M: 0.39054365 D: 0.14142679 | [S/N/B]: [0.0132/0.8888/0.2697] | LR: 0.00007224
2026-03-10 20:16:49,782 - INFO - T81 E4/50 | L: 0.51798349/0.43815004 | F1 M: 0.39240431 D: 0.14107995 | [S/N/B]: [0.0068/0.8951/0.2753] | LR: 0.00007174
2026-03-10 20:16:59,253 - INFO - T81 E5/50 | L: 0.51641797/0.43773531 | F1 M: 0.42223693 D: 0.18495782 | [S/N/B]: [0.1012/0.8968/0.2687] | LR: 0.00007111
2026-03-10 20:17:08,167 - INFO - T81 E6/50 | L: 0.51551607/0.43836243 | F1 M: 0.41105108 D: 0.16794411 | [S/N/B]: [0.0615/0.8973/0.2744] | LR: 0.00007033
2026-03-10 20:17:17,390 - INFO - T81 E7/50 | L: 0.51422746/0.43812415 | F1 M: 0.43191048 D: 0.20293373 | [S/N/B]: [0.1366/0.8899/0.2693] | LR: 0.00006942
2026-03-10 20:17:26,694 - INFO - T81 E8/50 | L: 0.51344908/0.43858719 | F1 M: 0.43886322 D: 0.21508979 | [S/N/B]: [0.1682/0.8864/0.2619] | LR: 0.00006838
2026-03-10 20:17:26,931 - INFO - Trial 81 stopped early due to patience (3 epochs without improvement)
2026-03-10 20:17:27,236 - INFO - Trial 81 finished with value: 0.43886322159526775 and parameters: {'tcn_channels': 128, 'lstm_hidden': 128, 'num_lstm_layers': 3, 'batch_size': 512, 'dropout': 0.5781436486669996, 'seq_len': 96, 'lr': 7.288931339244639e-05, 'weight_decay': 0.0009103020208687633, 'base_alpha_side': 2.2709537834422204, 'base_alpha_neutral': 0.5805530687366557, 'base_loss_gamma': 1.2616023315775575, 'base_loss_smoothing': 0.03658116987020257}. Best is trial 62 with value: 0.45076414754288724.
2026-03-10 20:17:29,636 - INFO - SequenceDataset: 152966/228206 valid sequences (Lookback protection active).
2026-03-10 20:17:29,639 - INFO - SequenceDataset: 65585/97790 valid sequences (Lookback protection active).
2026-03-10 20:17:30,336 - INFO - Trial 82 START | tcn=128, lstm=128, layers=3, batch=512, seq=96, drop=0.5919, lr=0.000078, wd=0.0007 | alpha=[2.34, 0.59, 2.34], gamma=1.34, smooth=0.05
2026-03-10 20:17:38,779 - INFO - T82 E1/50 | L: 0.56710725/0.46624962 | F1 M: 0.37900569 D: 0.13093730 | [S/N/B]: [0.0000/0.8751/0.2619] | LR: 0.00007827
2026-03-10 20:17:48,035 - INFO - T82 E2/50 | L: 0.54490102/0.46249514 | F1 M: 0.39112731 D: 0.14258492 | [S/N/B]: [0.0134/0.8882/0.2718] | LR: 0.00007804
2026-03-10 20:17:56,570 - INFO - T82 E3/50 | L: 0.54162457/0.46101229 | F1 M: 0.44307081 D: 0.21742665 | [S/N/B]: [0.1941/0.8944/0.2408] | LR: 0.00007765
2026-03-10 20:18:05,554 - INFO - T82 E4/50 | L: 0.54058143/0.45966737 | F1 M: 0.44270974 D: 0.21808491 | [S/N/B]: [0.1768/0.8920/0.2593] | LR: 0.00007712
2026-03-10 20:18:14,829 - INFO - T82 E5/50 | L: 0.53894435/0.45981988 | F1 M: 0.44339641 D: 0.22063292 | [S/N/B]: [0.2078/0.8889/0.2335] | LR: 0.00007643
2026-03-10 20:18:24,069 - INFO - T82 E6/50 | L: 0.53751456/0.45987050 | F1 M: 0.44092732 D: 0.21451994 | [S/N/B]: [0.1630/0.8937/0.2661] | LR: 0.00007560
2026-03-10 20:18:33,793 - INFO - T82 E7/50 | L: 0.53646227/0.46030594 | F1 M: 0.42942890 D: 0.20198361 | [S/N/B]: [0.2440/0.8843/0.1600] | LR: 0.00007462
2026-03-10 20:18:33,935 - INFO - Trial 82 stopped early due to patience (3 epochs without improvement)
2026-03-10 20:18:34,228 - INFO - Trial 82 finished with value: 0.44339640616974024 and parameters: {'tcn_channels': 128, 'lstm_hidden': 128, 'num_lstm_layers': 3, 'batch_size': 512, 'dropout': 0.5919140400756053, 'seq_len': 96, 'lr': 7.834804635597875e-05, 'weight_decay': 0.0006742979955517348, 'base_alpha_side': 2.3373422729748965, 'base_alpha_neutral': 0.5942818393952833, 'base_loss_gamma': 1.3408360811907358, 'base_loss_smoothing': 0.05382805688197646}. Best is trial 62 with value: 0.45076414754288724.
2026-03-10 20:18:36,599 - INFO - SequenceDataset: 152966/228206 valid sequences (Lookback protection active).
2026-03-10 20:18:36,603 - INFO - SequenceDataset: 65585/97790 valid sequences (Lookback protection active).
2026-03-10 20:18:37,055 - INFO - Trial 83 START | tcn=128, lstm=128, layers=3, batch=512, seq=96, drop=0.5907, lr=0.000086, wd=0.0005 | alpha=[2.59, 0.65, 2.59], gamma=1.45, smooth=0.02
2026-03-10 20:18:45,959 - INFO - T83 E1/50 | L: 0.61066885/0.49329989 | F1 M: 0.40019565 D: 0.15110947 | [S/N/B]: [0.0344/0.8984/0.2678] | LR: 0.00008592
2026-03-10 20:18:54,762 - INFO - T83 E2/50 | L: 0.58793628/0.49225793 | F1 M: 0.42707298 D: 0.19579153 | [S/N/B]: [0.1253/0.8896/0.2663] | LR: 0.00008567
2026-03-10 20:19:03,275 - INFO - T83 E3/50 | L: 0.58468900/0.49143042 | F1 M: 0.43225569 D: 0.20002898 | [S/N/B]: [0.1277/0.8967/0.2723] | LR: 0.00008524
2026-03-10 20:19:12,207 - INFO - T83 E4/50 | L: 0.58302883/0.49085440 | F1 M: 0.43603987 D: 0.20798663 | [S/N/B]: [0.1509/0.8921/0.2650] | LR: 0.00008465
2026-03-10 20:19:21,680 - INFO - T83 E5/50 | L: 0.58140961/0.48901747 | F1 M: 0.44231832 D: 0.21743666 | [S/N/B]: [0.1998/0.8921/0.2351] | LR: 0.00008390
2026-03-10 20:19:30,021 - INFO - T83 E6/50 | L: 0.57990537/0.48888130 | F1 M: 0.44470904 D: 0.21836087 | [S/N/B]: [0.1920/0.8974/0.2447] | LR: 0.00008298
2026-03-10 20:19:38,910 - INFO - T83 E7/50 | L: 0.57831199/0.48980194 | F1 M: 0.44565114 D: 0.22119004 | [S/N/B]: [0.2016/0.8946/0.2408] | LR: 0.00008191
2026-03-10 20:19:47,819 - INFO - T83 E8/50 | L: 0.57698881/0.49101655 | F1 M: 0.43821840 D: 0.21507447 | [S/N/B]: [0.2059/0.8845/0.2243] | LR: 0.00008069
2026-03-10 20:19:56,730 - INFO - T83 E9/50 | L: 0.57630349/0.49008124 | F1 M: 0.44188696 D: 0.21646539 | [S/N/B]: [0.2149/0.8927/0.2180] | LR: 0.00007931
2026-03-10 20:19:56,849 - INFO - Trial 83 stopped early due to patience (3 epochs without improvement)
2026-03-10 20:19:57,143 - INFO - Trial 83 finished with value: 0.44565113603574424 and parameters: {'tcn_channels': 128, 'lstm_hidden': 128, 'num_lstm_layers': 3, 'batch_size': 512, 'dropout': 0.5906691134774169, 'seq_len': 96, 'lr': 8.600435272498405e-05, 'weight_decay': 0.0005190877079187991, 'base_alpha_side': 2.5933277075566914, 'base_alpha_neutral': 0.6522038764256005, 'base_loss_gamma': 1.4522068920766271, 'base_loss_smoothing': 0.02495940472003172}. Best is trial 62 with value: 0.45076414754288724.
2026-03-10 20:19:59,377 - INFO - SequenceDataset: 152966/228206 valid sequences (Lookback protection active).
2026-03-10 20:19:59,378 - INFO - SequenceDataset: 65585/97790 valid sequences (Lookback protection active).
2026-03-10 20:19:59,802 - INFO - Trial 84 START | tcn=128, lstm=128, layers=3, batch=512, seq=96, drop=0.5793, lr=0.000091, wd=0.0003 | alpha=[2.65, 0.65, 2.65], gamma=1.46, smooth=0.03
2026-03-10 20:20:09,122 - INFO - T84 E1/50 | L: 0.61941130/0.50346579 | F1 M: 0.43375643 D: 0.20537136 | [S/N/B]: [0.1595/0.8905/0.2512] | LR: 0.00009110
2026-03-10 20:20:18,168 - INFO - T84 E2/50 | L: 0.59763341/0.50090194 | F1 M: 0.43646017 D: 0.21073780 | [S/N/B]: [0.1536/0.8879/0.2679] | LR: 0.00009083
2026-03-10 20:20:26,839 - INFO - T84 E3/50 | L: 0.59523990/0.49965018 | F1 M: 0.44124960 D: 0.21315034 | [S/N/B]: [0.1651/0.8974/0.2612] | LR: 0.00009038
2026-03-10 20:20:36,252 - INFO - T84 E4/50 | L: 0.59313763/0.50061549 | F1 M: 0.43982139 D: 0.21736561 | [S/N/B]: [0.1822/0.8847/0.2525] | LR: 0.00008976
2026-03-10 20:20:45,020 - INFO - T84 E5/50 | L: 0.59127979/0.50102196 | F1 M: 0.44367181 D: 0.21634702 | [S/N/B]: [0.1881/0.8983/0.2446] | LR: 0.00008896
2026-03-10 20:20:53,478 - INFO - T84 E6/50 | L: 0.58959785/0.50015587 | F1 M: 0.44017744 D: 0.22012645 | [S/N/B]: [0.2147/0.8803/0.2255] | LR: 0.00008799
2026-03-10 20:20:53,702 - INFO - Trial 84 stopped early due to patience (3 epochs without improvement)
2026-03-10 20:20:53,918 - INFO - Trial 84 finished with value: 0.44367181387094523 and parameters: {'tcn_channels': 128, 'lstm_hidden': 128, 'num_lstm_layers': 3, 'batch_size': 512, 'dropout': 0.5792942288361664, 'seq_len': 96, 'lr': 9.118926935890378e-05, 'weight_decay': 0.00032566919370940946, 'base_alpha_side': 2.645512301662765, 'base_alpha_neutral': 0.6508666283981921, 'base_loss_gamma': 1.45839341268632, 'base_loss_smoothing': 0.025395708408265383}. Best is trial 62 with value: 0.45076414754288724.
2026-03-10 20:20:55,614 - INFO - SequenceDataset: 152966/228206 valid sequences (Lookback protection active).
2026-03-10 20:20:55,615 - INFO - SequenceDataset: 65585/97790 valid sequences (Lookback protection active).
2026-03-10 20:20:56,193 - INFO - Trial 85 START | tcn=256, lstm=128, layers=7, batch=512, seq=96, drop=0.5997, lr=0.000085, wd=0.0005 | alpha=[2.97, 0.64, 2.97], gamma=1.64, smooth=0.02
2026-03-10 20:21:10,123 - INFO - T85 E1/50 | L: 0.67184968/0.54395302 | F1 M: 0.40780452 D: 0.16681250 | [S/N/B]: [0.0901/0.8898/0.2435] | LR: 0.00008528
2026-03-10 20:21:24,764 - INFO - T85 E2/50 | L: 0.64521699/0.54447587 | F1 M: 0.42183495 D: 0.21204242 | [S/N/B]: [0.2246/0.8414/0.1995] | LR: 0.00008503
2026-03-10 20:21:39,179 - INFO - T85 E3/50 | L: 0.64024060/0.53795632 | F1 M: 0.37646605 D: 0.12915962 | [S/N/B]: [0.0000/0.8711/0.2583] | LR: 0.00008461
2026-03-10 20:21:39,367 - INFO - Trial 85 pruned by Optuna at epoch 3
2026-03-10 20:21:39,538 - INFO - Trial 85 pruned. 
2026-03-10 20:21:41,353 - INFO - SequenceDataset: 152966/228206 valid sequences (Lookback protection active).
2026-03-10 20:21:41,354 - INFO - SequenceDataset: 65585/97790 valid sequences (Lookback protection active).
2026-03-10 20:21:41,696 - INFO - Trial 86 START | tcn=128, lstm=128, layers=3, batch=512, seq=96, drop=0.4436, lr=0.000084, wd=0.0004 | alpha=[2.50, 0.66, 2.50], gamma=1.16, smooth=0.02
2026-03-10 20:21:50,117 - INFO - T86 E1/50 | L: 0.62787185/0.50924999 | F1 M: 0.40366919 D: 0.15252505 | [S/N/B]: [0.0328/0.9060/0.2723] | LR: 0.00008418
2026-03-10 20:21:58,078 - INFO - T86 E2/50 | L: 0.60397874/0.50523271 | F1 M: 0.44313201 D: 0.20922887 | [S/N/B]: [0.1903/0.9109/0.2282] | LR: 0.00008393
2026-03-10 20:22:05,307 - INFO - T86 E3/50 | L: 0.60078147/0.50474430 | F1 M: 0.44180805 D: 0.20683734 | [S/N/B]: [0.1754/0.9117/0.2383] | LR: 0.00008352
2026-03-10 20:22:12,184 - INFO - T86 E4/50 | L: 0.59837673/0.50422526 | F1 M: 0.44156308 D: 0.21159638 | [S/N/B]: [0.1805/0.9015/0.2427] | LR: 0.00008294
2026-03-10 20:22:20,518 - INFO - T86 E5/50 | L: 0.59638966/0.50394751 | F1 M: 0.44272772 D: 0.21273353 | [S/N/B]: [0.1716/0.9027/0.2538] | LR: 0.00008220
2026-03-10 20:22:28,745 - INFO - T86 E6/50 | L: 0.59412388/0.50346498 | F1 M: 0.44463223 D: 0.21547373 | [S/N/B]: [0.2203/0.9029/0.2107] | LR: 0.00008131
2026-03-10 20:22:36,943 - INFO - T86 E7/50 | L: 0.59173737/0.50410605 | F1 M: 0.44662356 D: 0.22135306 | [S/N/B]: [0.2062/0.8972/0.2365] | LR: 0.00008025
2026-03-10 20:22:45,362 - INFO - T86 E8/50 | L: 0.59009933/0.50543291 | F1 M: 0.44405284 D: 0.21132928 | [S/N/B]: [0.2025/0.9095/0.2201] | LR: 0.00007905
2026-03-10 20:22:54,505 - INFO - T86 E9/50 | L: 0.58671652/0.50629284 | F1 M: 0.44402830 D: 0.21646046 | [S/N/B]: [0.2229/0.8992/0.2100] | LR: 0.00007771
2026-03-10 20:22:54,599 - INFO - Trial 86 stopped early due to patience (3 epochs without improvement)
2026-03-10 20:22:55,430 - INFO - Trial 86 finished with value: 0.4466235630318727 and parameters: {'tcn_channels': 128, 'lstm_hidden': 128, 'num_lstm_layers': 3, 'batch_size': 512, 'dropout': 0.4436234239781732, 'seq_len': 96, 'lr': 8.426389638559298e-05, 'weight_decay': 0.0004357046133958246, 'base_alpha_side': 2.5007710179300098, 'base_alpha_neutral': 0.6648502771207573, 'base_loss_gamma': 1.16076505792583, 'base_loss_smoothing': 0.015488111716667197}. Best is trial 62 with value: 0.45076414754288724.
2026-03-10 20:22:56,420 - INFO - SequenceDataset: 152966/228206 valid sequences (Lookback protection active).
2026-03-10 20:22:56,421 - INFO - SequenceDataset: 65585/97790 valid sequences (Lookback protection active).
2026-03-10 20:22:57,440 - INFO - Trial 87 START | tcn=128, lstm=128, layers=3, batch=512, seq=96, drop=0.4197, lr=0.000069, wd=0.0004 | alpha=[2.49, 0.72, 2.49], gamma=1.16, smooth=0.01
2026-03-10 20:23:05,766 - INFO - T87 E1/50 | L: 0.65490298/0.51964890 | F1 M: 0.39291282 D: 0.13332802 | [S/N/B]: [0.0000/0.9121/0.2667] | LR: 0.00006912
2026-03-10 20:23:14,406 - INFO - T87 E2/50 | L: 0.62025291/0.51732253 | F1 M: 0.39484351 D: 0.13610586 | [S/N/B]: [0.0000/0.9123/0.2722] | LR: 0.00006892
2026-03-10 20:23:23,330 - INFO - T87 E3/50 | L: 0.61635581/0.51491410 | F1 M: 0.41899902 D: 0.17283957 | [S/N/B]: [0.0760/0.9113/0.2697] | LR: 0.00006858
2026-03-10 20:23:23,579 - INFO - Trial 87 pruned by Optuna at epoch 3
2026-03-10 20:23:23,739 - INFO - Trial 87 pruned. 
2026-03-10 20:23:25,193 - INFO - SequenceDataset: 152966/228206 valid sequences (Lookback protection active).
2026-03-10 20:23:25,194 - INFO - SequenceDataset: 65585/97790 valid sequences (Lookback protection active).
2026-03-10 20:23:26,097 - INFO - Trial 88 START | tcn=128, lstm=128, layers=4, batch=256, seq=96, drop=0.4510, lr=0.000099, wd=0.0005 | alpha=[2.88, 0.66, 2.88], gamma=1.04, smooth=0.07
2026-03-10 20:23:41,191 - INFO - T88 E1/50 | L: 0.78351717/0.66201809 | F1 M: 0.39164153 D: 0.13718459 | [S/N/B]: [0.0000/0.9006/0.2744] | LR: 0.00009937
2026-03-10 20:23:55,027 - INFO - T88 E2/50 | L: 0.76765235/0.66101525 | F1 M: 0.38736930 D: 0.13604685 | [S/N/B]: [0.0000/0.8900/0.2721] | LR: 0.00009907
2026-03-10 20:24:10,004 - INFO - T88 E3/50 | L: 0.76425462/0.65811926 | F1 M: 0.39416394 D: 0.13823920 | [S/N/B]: [0.0000/0.9060/0.2765] | LR: 0.00009859
2026-03-10 20:24:10,366 - INFO - Trial 88 pruned by Optuna at epoch 3
2026-03-10 20:24:10,613 - INFO - Trial 88 pruned. 
2026-03-10 20:24:12,710 - INFO - SequenceDataset: 152966/228206 valid sequences (Lookback protection active).
2026-03-10 20:24:12,713 - INFO - SequenceDataset: 65585/97790 valid sequences (Lookback protection active).
2026-03-10 20:24:13,913 - INFO - Trial 89 START | tcn=128, lstm=128, layers=3, batch=128, seq=96, drop=0.4445, lr=0.000038, wd=0.0006 | alpha=[3.13, 0.69, 3.13], gamma=1.13, smooth=0.02
2026-03-10 20:24:40,369 - INFO - T89 E1/50 | L: 0.77002949/0.62963365 | F1 M: 0.43614646 D: 0.20613231 | [S/N/B]: [0.1919/0.8962/0.2204] | LR: 0.00003808
2026-03-10 20:25:06,805 - INFO - T89 E2/50 | L: 0.75240685/0.62802672 | F1 M: 0.39290743 D: 0.14030118 | [S/N/B]: [0.0041/0.8981/0.2765] | LR: 0.00003796
2026-03-10 20:25:31,778 - INFO - T89 E3/50 | L: 0.74947277/0.62469033 | F1 M: 0.44478282 D: 0.21473754 | [S/N/B]: [0.1727/0.9049/0.2567] | LR: 0.00003778
2026-03-10 20:25:57,929 - INFO - T89 E4/50 | L: 0.74646991/0.62602229 | F1 M: 0.42349162 D: 0.18481550 | [S/N/B]: [0.0940/0.9008/0.2756] | LR: 0.00003752
2026-03-10 20:26:24,498 - INFO - T89 E5/50 | L: 0.74506886/0.62562563 | F1 M: 0.44539409 D: 0.21574731 | [S/N/B]: [0.1916/0.9047/0.2399] | LR: 0.00003718
2026-03-10 20:26:50,678 - INFO - T89 E6/50 | L: 0.74322756/0.62952930 | F1 M: 0.44461808 D: 0.21842947 | [S/N/B]: [0.1901/0.8970/0.2468] | LR: 0.00003678
2026-03-10 20:26:51,255 - INFO - Trial 89 stopped early due to patience (3 epochs without improvement)
2026-03-10 20:26:51,747 - INFO - Trial 89 finished with value: 0.4453940932743303 and parameters: {'tcn_channels': 128, 'lstm_hidden': 128, 'num_lstm_layers': 3, 'batch_size': 128, 'dropout': 0.44453274052543984, 'seq_len': 96, 'lr': 3.811463180218329e-05, 'weight_decay': 0.0005919834678250801, 'base_alpha_side': 3.125680437947398, 'base_alpha_neutral': 0.6868405192687309, 'base_loss_gamma': 1.1302030461802657, 'base_loss_smoothing': 0.015882079499528034}. Best is trial 62 with value: 0.45076414754288724.
2026-03-10 20:26:53,869 - INFO - SequenceDataset: 152966/228206 valid sequences (Lookback protection active).
2026-03-10 20:26:53,869 - INFO - SequenceDataset: 65585/97790 valid sequences (Lookback protection active).
2026-03-10 20:26:54,814 - INFO - Trial 90 START | tcn=128, lstm=128, layers=3, batch=128, seq=96, drop=0.4347, lr=0.000016, wd=0.0004 | alpha=[3.11, 0.70, 3.11], gamma=1.26, smooth=0.01
2026-03-10 20:27:20,411 - INFO - T90 E1/50 | L: 0.77149348/0.61797694 | F1 M: 0.38309863 D: 0.13114175 | [S/N/B]: [0.0000/0.8870/0.2623] | LR: 0.00001550
2026-03-10 20:27:47,001 - INFO - T90 E2/50 | L: 0.73980727/0.61321317 | F1 M: 0.38801404 D: 0.13498040 | [S/N/B]: [0.0000/0.8941/0.2700] | LR: 0.00001545
2026-03-10 20:28:13,095 - INFO - T90 E3/50 | L: 0.73565259/0.61147112 | F1 M: 0.39223210 D: 0.13681541 | [S/N/B]: [0.0000/0.9031/0.2736] | LR: 0.00001538
2026-03-10 20:28:13,913 - INFO - Trial 90 pruned by Optuna at epoch 3
2026-03-10 20:28:14,126 - INFO - Trial 90 pruned. 
2026-03-10 20:28:16,466 - INFO - SequenceDataset: 152966/228206 valid sequences (Lookback protection active).
2026-03-10 20:28:16,467 - INFO - SequenceDataset: 65585/97790 valid sequences (Lookback protection active).
2026-03-10 20:28:16,968 - INFO - Trial 91 START | tcn=128, lstm=128, layers=3, batch=128, seq=96, drop=0.4610, lr=0.000038, wd=0.0006 | alpha=[3.59, 0.69, 3.59], gamma=1.10, smooth=0.05
2026-03-10 20:28:42,978 - INFO - T91 E1/50 | L: 0.92013321/0.76754817 | F1 M: 0.38973291 D: 0.13550612 | [S/N/B]: [0.0000/0.8982/0.2710] | LR: 0.00003776
2026-03-10 20:29:09,147 - INFO - T91 E2/50 | L: 0.90263093/0.76429930 | F1 M: 0.39525444 D: 0.14863797 | [S/N/B]: [0.0281/0.8885/0.2692] | LR: 0.00003765
2026-03-10 20:29:35,311 - INFO - T91 E3/50 | L: 0.89766181/0.76291967 | F1 M: 0.42375937 D: 0.19197013 | [S/N/B]: [0.1164/0.8873/0.2675] | LR: 0.00003746
2026-03-10 20:29:35,688 - INFO - Trial 91 pruned by Optuna at epoch 3
2026-03-10 20:29:35,914 - INFO - Trial 91 pruned. 
2026-03-10 20:29:38,244 - INFO - SequenceDataset: 152966/228206 valid sequences (Lookback protection active).
2026-03-10 20:29:38,245 - INFO - SequenceDataset: 65585/97790 valid sequences (Lookback protection active).
2026-03-10 20:29:38,699 - INFO - Trial 92 START | tcn=128, lstm=128, layers=3, batch=128, seq=96, drop=0.5696, lr=0.000043, wd=0.0005 | alpha=[2.64, 0.62, 2.64], gamma=1.14, smooth=0.02
2026-03-10 20:30:04,397 - INFO - T92 E1/50 | L: 0.63781366/0.51978036 | F1 M: 0.43657903 D: 0.20834501 | [S/N/B]: [0.1749/0.8930/0.2418] | LR: 0.00004279
2026-03-10 20:30:31,436 - INFO - T92 E2/50 | L: 0.62160868/0.51781477 | F1 M: 0.43849538 D: 0.20889962 | [S/N/B]: [0.1940/0.8977/0.2238] | LR: 0.00004267
2026-03-10 20:30:57,840 - INFO - T92 E3/50 | L: 0.62058816/0.51689108 | F1 M: 0.44108996 D: 0.21560896 | [S/N/B]: [0.1650/0.8921/0.2662] | LR: 0.00004246
2026-03-10 20:31:22,934 - INFO - T92 E4/50 | L: 0.61645213/0.51569735 | F1 M: 0.44419540 D: 0.21854688 | [S/N/B]: [0.1937/0.8955/0.2434] | LR: 0.00004216
2026-03-10 20:31:48,865 - INFO - T92 E5/50 | L: 0.61521101/0.51591493 | F1 M: 0.44471267 D: 0.21931348 | [S/N/B]: [0.1906/0.8955/0.2480] | LR: 0.00004179
2026-03-10 20:32:14,426 - INFO - T92 E6/50 | L: 0.61364695/0.51562479 | F1 M: 0.44524758 D: 0.22130372 | [S/N/B]: [0.1974/0.8931/0.2453] | LR: 0.00004133
2026-03-10 20:32:40,138 - INFO - T92 E7/50 | L: 0.61290667/0.51651428 | F1 M: 0.44585458 D: 0.22074283 | [S/N/B]: [0.1903/0.8961/0.2512] | LR: 0.00004080
2026-03-10 20:33:05,877 - INFO - T92 E8/50 | L: 0.61052361/0.51741597 | F1 M: 0.44392592 D: 0.22364820 | [S/N/B]: [0.2015/0.8845/0.2458] | LR: 0.00004019
2026-03-10 20:33:06,012 - INFO - 🏆 [DIR]    Trial 92 | Global F1 Dir record: 0.22364820 (prev: 0.22331753) → saved best_tcn_lstm_dir.pt
2026-03-10 20:33:31,550 - INFO - T92 E9/50 | L: 0.60936027/0.51699707 | F1 M: 0.44664217 D: 0.22516589 | [S/N/B]: [0.2116/0.8896/0.2387] | LR: 0.00003950
2026-03-10 20:33:32,069 - INFO - 🏆 [DIR]    Trial 92 | Global F1 Dir record: 0.22516589 (prev: 0.22364820) → saved best_tcn_lstm_dir.pt
2026-03-10 20:33:32,252 - INFO - Trial 92 stopped early due to patience (3 epochs without improvement)
2026-03-10 20:33:32,433 - INFO - Trial 92 finished with value: 0.44664217100370357 and parameters: {'tcn_channels': 128, 'lstm_hidden': 128, 'num_lstm_layers': 3, 'batch_size': 128, 'dropout': 0.5696284252195113, 'seq_len': 96, 'lr': 4.283599229880263e-05, 'weight_decay': 0.0004557980818954942, 'base_alpha_side': 2.643235181902651, 'base_alpha_neutral': 0.619503107491618, 'base_loss_gamma': 1.1405364883114728, 'base_loss_smoothing': 0.01649536736118795}. Best is trial 62 with value: 0.45076414754288724.
2026-03-10 20:33:33,936 - INFO - SequenceDataset: 152966/228206 valid sequences (Lookback protection active).
2026-03-10 20:33:33,937 - INFO - SequenceDataset: 65585/97790 valid sequences (Lookback protection active).
2026-03-10 20:33:34,277 - INFO - Trial 93 START | tcn=128, lstm=128, layers=3, batch=128, seq=96, drop=0.4405, lr=0.000032, wd=0.0003 | alpha=[3.22, 0.77, 3.22], gamma=1.20, smooth=0.02
2026-03-10 20:33:59,944 - INFO - T93 E1/50 | L: 0.82905058/0.67209734 | F1 M: 0.42869994 D: 0.19332294 | [S/N/B]: [0.1209/0.8995/0.2658] | LR: 0.00003214
2026-03-10 20:34:26,115 - INFO - T93 E2/50 | L: 0.80398695/0.67073790 | F1 M: 0.43712466 D: 0.20335912 | [S/N/B]: [0.1435/0.9047/0.2632] | LR: 0.00003204
2026-03-10 20:34:51,967 - INFO - T93 E3/50 | L: 0.80131748/0.67055090 | F1 M: 0.44161723 D: 0.20528573 | [S/N/B]: [0.1719/0.9143/0.2387] | LR: 0.00003189
2026-03-10 20:35:18,055 - INFO - T93 E4/50 | L: 0.79764385/0.66615901 | F1 M: 0.44462330 D: 0.21528666 | [S/N/B]: [0.1992/0.9033/0.2313] | LR: 0.00003167
2026-03-10 20:35:44,230 - INFO - T93 E5/50 | L: 0.79364199/0.66772970 | F1 M: 0.44225452 D: 0.20887886 | [S/N/B]: [0.1610/0.9090/0.2567] | LR: 0.00003138
2026-03-10 20:36:10,341 - INFO - T93 E6/50 | L: 0.79293369/0.66623061 | F1 M: 0.44430033 D: 0.21443083 | [S/N/B]: [0.2157/0.9040/0.2132] | LR: 0.00003104
2026-03-10 20:36:36,157 - INFO - T93 E7/50 | L: 0.79081995/0.66726337 | F1 M: 0.44636593 D: 0.22064356 | [S/N/B]: [0.2104/0.8978/0.2309] | LR: 0.00003064
2026-03-10 20:36:36,433 - INFO - Trial 93 stopped early due to patience (3 epochs without improvement)
2026-03-10 20:36:37,242 - INFO - Trial 93 finished with value: 0.4463659298072547 and parameters: {'tcn_channels': 128, 'lstm_hidden': 128, 'num_lstm_layers': 3, 'batch_size': 128, 'dropout': 0.44052842227301314, 'seq_len': 96, 'lr': 3.217129527181836e-05, 'weight_decay': 0.0003233308594431558, 'base_alpha_side': 3.220007526553882, 'base_alpha_neutral': 0.7698920759968964, 'base_loss_gamma': 1.1981191285181674, 'base_loss_smoothing': 0.018275800519897325}. Best is trial 62 with value: 0.45076414754288724.
2026-03-10 20:36:39,194 - INFO - SequenceDataset: 152966/228206 valid sequences (Lookback protection active).
2026-03-10 20:36:39,195 - INFO - SequenceDataset: 65585/97790 valid sequences (Lookback protection active).
2026-03-10 20:36:40,295 - INFO - Trial 94 START | tcn=128, lstm=128, layers=3, batch=128, seq=96, drop=0.4234, lr=0.000039, wd=0.0002 | alpha=[2.62, 0.76, 2.62], gamma=1.14, smooth=0.02
2026-03-10 20:37:06,213 - INFO - T94 E1/50 | L: 0.69522562/0.56265627 | F1 M: 0.39434581 D: 0.13416653 | [S/N/B]: [0.0000/0.9147/0.2683] | LR: 0.00003865
2026-03-10 20:37:32,414 - INFO - T94 E2/50 | L: 0.67361803/0.56089300 | F1 M: 0.39462920 D: 0.13518281 | [S/N/B]: [0.0000/0.9135/0.2704] | LR: 0.00003854
2026-03-10 20:37:59,152 - INFO - T94 E3/50 | L: 0.66998982/0.55949466 | F1 M: 0.39611213 D: 0.13659857 | [S/N/B]: [0.0000/0.9151/0.2732] | LR: 0.00003835
2026-03-10 20:37:59,542 - INFO - Trial 94 pruned by Optuna at epoch 3
2026-03-10 20:37:59,780 - INFO - Trial 94 pruned. 
2026-03-10 20:38:02,234 - INFO - SequenceDataset: 152966/228206 valid sequences (Lookback protection active).
2026-03-10 20:38:02,235 - INFO - SequenceDataset: 65585/97790 valid sequences (Lookback protection active).
2026-03-10 20:38:02,681 - INFO - Trial 95 START | tcn=128, lstm=128, layers=3, batch=128, seq=96, drop=0.4436, lr=0.000030, wd=0.0003 | alpha=[4.00, 0.78, 4.00], gamma=1.55, smooth=0.02
2026-03-10 20:38:28,554 - INFO - T95 E1/50 | L: 0.94237515/0.76363350 | F1 M: 0.42647441 D: 0.19320614 | [S/N/B]: [0.1237/0.8930/0.2627] | LR: 0.00003025
2026-03-10 20:38:54,669 - INFO - T95 E2/50 | L: 0.92027721/0.76166382 | F1 M: 0.41156727 D: 0.17204700 | [S/N/B]: [0.0744/0.8906/0.2697] | LR: 0.00003016
2026-03-10 20:39:20,365 - INFO - T95 E3/50 | L: 0.91516857/0.76009539 | F1 M: 0.43455938 D: 0.20377973 | [S/N/B]: [0.1346/0.8961/0.2730] | LR: 0.00003001
2026-03-10 20:39:44,638 - INFO - T95 E4/50 | L: 0.91242098/0.75901518 | F1 M: 0.44045389 D: 0.21318441 | [S/N/B]: [0.1661/0.8950/0.2603] | LR: 0.00002980
2026-03-10 20:40:09,632 - INFO - T95 E5/50 | L: 0.91198213/0.75919625 | F1 M: 0.44061703 D: 0.21253621 | [S/N/B]: [0.1633/0.8968/0.2618] | LR: 0.00002954
2026-03-10 20:40:35,901 - INFO - T95 E6/50 | L: 0.90885693/0.76114957 | F1 M: 0.43953552 D: 0.21851186 | [S/N/B]: [0.1890/0.8816/0.2480] | LR: 0.00002922
2026-03-10 20:41:02,219 - INFO - T95 E7/50 | L: 0.90533169/0.75882694 | F1 M: 0.44179014 D: 0.22045944 | [S/N/B]: [0.2134/0.8845/0.2275] | LR: 0.00002884
2026-03-10 20:41:28,505 - INFO - T95 E8/50 | L: 0.90364894/0.75991200 | F1 M: 0.42978541 D: 0.20983033 | [S/N/B]: [0.2244/0.8697/0.1952] | LR: 0.00002841
2026-03-10 20:41:53,843 - INFO - T95 E9/50 | L: 0.90110982/0.76340120 | F1 M: 0.44123717 D: 0.21646041 | [S/N/B]: [0.2268/0.8908/0.2061] | LR: 0.00002792
2026-03-10 20:42:19,565 - INFO - T95 E10/50 | L: 0.89969283/0.76286585 | F1 M: 0.44297248 D: 0.21910442 | [S/N/B]: [0.2226/0.8907/0.2156] | LR: 0.00002739
2026-03-10 20:42:19,949 - INFO - Trial 95 stopped early due to patience (3 epochs without improvement)
2026-03-10 20:42:20,164 - INFO - Trial 95 finished with value: 0.4429724784957135 and parameters: {'tcn_channels': 128, 'lstm_hidden': 128, 'num_lstm_layers': 3, 'batch_size': 128, 'dropout': 0.4436023363153773, 'seq_len': 96, 'lr': 3.02792517253978e-05, 'weight_decay': 0.00032751077585977653, 'base_alpha_side': 4.004404867822985, 'base_alpha_neutral': 0.781670616915871, 'base_loss_gamma': 1.547497544309117, 'base_loss_smoothing': 0.015389554646817365}. Best is trial 62 with value: 0.45076414754288724.
2026-03-10 20:42:21,410 - INFO - SequenceDataset: 152966/228206 valid sequences (Lookback protection active).
2026-03-10 20:42:21,411 - INFO - SequenceDataset: 65585/97790 valid sequences (Lookback protection active).
2026-03-10 20:42:22,103 - INFO - Trial 96 START | tcn=128, lstm=128, layers=3, batch=128, seq=96, drop=0.4426, lr=0.000032, wd=0.0005 | alpha=[2.72, 0.75, 2.72], gamma=1.30, smooth=0.02
2026-03-10 20:42:46,934 - INFO - T96 E1/50 | L: 0.69820007/0.56475014 | F1 M: 0.39001667 D: 0.13537523 | [S/N/B]: [0.0000/0.8993/0.2708] | LR: 0.00003152
2026-03-10 20:43:12,154 - INFO - T96 E2/50 | L: 0.67449262/0.56009585 | F1 M: 0.39812621 D: 0.14075339 | [S/N/B]: [0.0091/0.9129/0.2724] | LR: 0.00003143
2026-03-10 20:43:37,720 - INFO - T96 E3/50 | L: 0.66954971/0.56042589 | F1 M: 0.43451404 D: 0.19941192 | [S/N/B]: [0.1239/0.9047/0.2749] | LR: 0.00003128
2026-03-10 20:44:03,092 - INFO - T96 E4/50 | L: 0.66698350/0.55765827 | F1 M: 0.43858622 D: 0.20017097 | [S/N/B]: [0.1637/0.9154/0.2366] | LR: 0.00003106
2026-03-10 20:44:27,900 - INFO - T96 E5/50 | L: 0.66483968/0.55820661 | F1 M: 0.44145976 D: 0.20752221 | [S/N/B]: [0.1671/0.9093/0.2480] | LR: 0.00003078
2026-03-10 20:44:53,907 - INFO - T96 E6/50 | L: 0.66329285/0.55943438 | F1 M: 0.43919397 D: 0.20270159 | [S/N/B]: [0.1538/0.9122/0.2516] | LR: 0.00003045
2026-03-10 20:45:18,467 - INFO - T96 E7/50 | L: 0.66128997/0.55866553 | F1 M: 0.44502585 D: 0.21359916 | [S/N/B]: [0.1900/0.9079/0.2372] | LR: 0.00003005
2026-03-10 20:45:19,217 - INFO - Trial 96 stopped early due to patience (3 epochs without improvement)
2026-03-10 20:45:19,502 - INFO - Trial 96 finished with value: 0.44502585324404836 and parameters: {'tcn_channels': 128, 'lstm_hidden': 128, 'num_lstm_layers': 3, 'batch_size': 128, 'dropout': 0.442585432906033, 'seq_len': 96, 'lr': 3.1555679279869216e-05, 'weight_decay': 0.0004518241604764064, 'base_alpha_side': 2.7235888283364913, 'base_alpha_neutral': 0.7484533864996599, 'base_loss_gamma': 1.3009593991318034, 'base_loss_smoothing': 0.02100340182256727}. Best is trial 62 with value: 0.45076414754288724.
2026-03-10 20:45:21,989 - INFO - SequenceDataset: 152966/228206 valid sequences (Lookback protection active).
2026-03-10 20:45:21,990 - INFO - SequenceDataset: 65585/97790 valid sequences (Lookback protection active).
2026-03-10 20:45:22,430 - INFO - Trial 97 START | tcn=128, lstm=128, layers=3, batch=128, seq=96, drop=0.4049, lr=0.000042, wd=0.0004 | alpha=[3.20, 0.73, 3.20], gamma=1.42, smooth=0.02
2026-03-10 20:45:47,094 - INFO - T97 E1/50 | L: 0.76339527/0.62223847 | F1 M: 0.41184382 D: 0.17138422 | [S/N/B]: [0.0703/0.8928/0.2725] | LR: 0.00004214
2026-03-10 20:46:14,316 - INFO - T97 E2/50 | L: 0.74556249/0.61842932 | F1 M: 0.44289076 D: 0.21360292 | [S/N/B]: [0.1634/0.9015/0.2638] | LR: 0.00004201
2026-03-10 20:46:40,720 - INFO - T97 E3/50 | L: 0.74177217/0.62021478 | F1 M: 0.44102157 D: 0.21206870 | [S/N/B]: [0.1567/0.8989/0.2675] | LR: 0.00004181
2026-03-10 20:47:06,493 - INFO - T97 E4/50 | L: 0.73951806/0.61985730 | F1 M: 0.43389258 D: 0.20239731 | [S/N/B]: [0.1353/0.8969/0.2695] | LR: 0.00004152
2026-03-10 20:47:32,531 - INFO - T97 E5/50 | L: 0.73756746/0.61990925 | F1 M: 0.44225950 D: 0.21795557 | [S/N/B]: [0.1746/0.8909/0.2613] | LR: 0.00004115
2026-03-10 20:47:33,223 - INFO - Trial 97 stopped early due to patience (3 epochs without improvement)
2026-03-10 20:47:33,501 - INFO - Trial 97 finished with value: 0.44289076482068873 and parameters: {'tcn_channels': 128, 'lstm_hidden': 128, 'num_lstm_layers': 3, 'batch_size': 128, 'dropout': 0.40486297153613965, 'seq_len': 96, 'lr': 4.21793842137694e-05, 'weight_decay': 0.00037957278374167063, 'base_alpha_side': 3.1952623295083917, 'base_alpha_neutral': 0.7298964240798778, 'base_loss_gamma': 1.4211636751996322, 'base_loss_smoothing': 0.01703846638034922}. Best is trial 62 with value: 0.45076414754288724.
2026-03-10 20:47:35,852 - INFO - SequenceDataset: 210062/228278 valid sequences (Lookback protection active).
2026-03-10 20:47:35,853 - INFO - SequenceDataset: 90065/97862 valid sequences (Lookback protection active).
2026-03-10 20:47:36,312 - INFO - Trial 98 START | tcn=128, lstm=128, layers=3, batch=128, seq=24, drop=0.4600, lr=0.000023, wd=0.0003 | alpha=[3.01, 0.66, 3.01], gamma=1.46, smooth=0.03
2026-03-10 20:48:09,976 - INFO - T98 E1/50 | L: 0.62726423/0.51650856 | F1 M: 0.40979868 D: 0.16231967 | [S/N/B]: [0.0696/0.9048/0.2550] | LR: 0.00002284
2026-03-10 20:48:44,610 - INFO - T98 E2/50 | L: 0.61025034/0.51490647 | F1 M: 0.43360860 D: 0.19720369 | [S/N/B]: [0.1416/0.9064/0.2528] | LR: 0.00002277
2026-03-10 20:49:19,859 - INFO - T98 E3/50 | L: 0.60805305/0.51524809 | F1 M: 0.43882750 D: 0.20348536 | [S/N/B]: [0.1533/0.9095/0.2537] | LR: 0.00002266
2026-03-10 20:49:54,055 - INFO - T98 E4/50 | L: 0.60587840/0.51366476 | F1 M: 0.42546249 D: 0.18388481 | [S/N/B]: [0.1039/0.9086/0.2639] | LR: 0.00002251
2026-03-10 20:50:27,955 - INFO - T98 E5/50 | L: 0.60427606/0.51333421 | F1 M: 0.43389834 D: 0.19665036 | [S/N/B]: [0.1302/0.9084/0.2631] | LR: 0.00002231
2026-03-10 20:51:02,137 - INFO - T98 E6/50 | L: 0.60307975/0.51214077 | F1 M: 0.44216560 D: 0.21147237 | [S/N/B]: [0.1746/0.9036/0.2483] | LR: 0.00002206
2026-03-10 20:51:35,981 - INFO - T98 E7/50 | L: 0.60131262/0.51266377 | F1 M: 0.44486526 D: 0.21403460 | [S/N/B]: [0.1930/0.9065/0.2351] | LR: 0.00002178
2026-03-10 20:52:10,219 - INFO - T98 E8/50 | L: 0.59971480/0.51402283 | F1 M: 0.44256731 D: 0.20988155 | [S/N/B]: [0.1670/0.9079/0.2528] | LR: 0.00002145
2026-03-10 20:52:44,798 - INFO - T98 E9/50 | L: 0.59937117/0.51291077 | F1 M: 0.44426550 D: 0.21325350 | [S/N/B]: [0.1906/0.9063/0.2359] | LR: 0.00002109
2026-03-10 20:52:44,905 - INFO - Trial 98 stopped early due to patience (3 epochs without improvement)
2026-03-10 20:52:45,106 - INFO - Trial 98 finished with value: 0.4448652575515688 and parameters: {'tcn_channels': 128, 'lstm_hidden': 128, 'num_lstm_layers': 3, 'batch_size': 128, 'dropout': 0.45998864964694824, 'seq_len': 24, 'lr': 2.286491245337739e-05, 'weight_decay': 0.0002975493854877409, 'base_alpha_side': 3.0084108476178093, 'base_alpha_neutral': 0.6603920310075156, 'base_loss_gamma': 1.463093043708445, 'base_loss_smoothing': 0.026316381197823972}. Best is trial 62 with value: 0.45076414754288724.
2026-03-10 20:52:46,572 - INFO - SequenceDataset: 152966/228206 valid sequences (Lookback protection active).
2026-03-10 20:52:46,573 - INFO - SequenceDataset: 65585/97790 valid sequences (Lookback protection active).
2026-03-10 20:52:46,901 - INFO - Trial 99 START | tcn=128, lstm=128, layers=3, batch=128, seq=96, drop=0.4722, lr=0.000028, wd=0.0006 | alpha=[3.43, 0.67, 3.43], gamma=1.24, smooth=0.03
2026-03-10 20:53:12,129 - INFO - T99 E1/50 | L: 0.83921761/0.69230821 | F1 M: 0.38290883 D: 0.13264961 | [S/N/B]: [0.0000/0.8834/0.2653] | LR: 0.00002803
2026-03-10 20:53:38,650 - INFO - T99 E2/50 | L: 0.81700143/0.68831681 | F1 M: 0.39274128 D: 0.13770447 | [S/N/B]: [0.0000/0.9028/0.2754] | LR: 0.00002794
2026-03-10 20:54:04,267 - INFO - T99 E3/50 | L: 0.81393437/0.68307523 | F1 M: 0.38771626 D: 0.13637970 | [S/N/B]: [0.0000/0.8904/0.2728] | LR: 0.00002781
2026-03-10 20:54:04,487 - INFO - Trial 99 pruned by Optuna at epoch 3
2026-03-10 20:54:04,687 - INFO - Trial 99 pruned. 
2026-03-10 20:54:05,532 - INFO - ============================================================
2026-03-10 20:54:05,532 - INFO - --- OTIMIZACAO FINALIZADA ---
2026-03-10 20:54:05,533 - INFO - Motivo da Parada: MAXIMO DE TRIALS (100) ALCANCADOS
2026-03-10 20:54:05,533 - INFO - Tempo de Execucao da Sessao: 3.23 Horas
2026-03-10 20:54:05,533 - INFO - Trials Executados nesta Sessao: 100
2026-03-10 20:54:05,534 - INFO - ============================================================
2026-03-10 20:54:05,567 - INFO - 🥇 [MACRO] Best trial: 62 | F1 Macro: 0.45076415
2026-03-10 20:54:05,584 - INFO - 🥇 [MACRO] Best params: {'tcn_channels': 64, 'lstm_hidden': 128, 'num_lstm_layers': 3, 'batch_size': 512, 'dropout': '0.58765600', 'seq_len': 120, 'lr': '0.00009165', 'weight_decay': '0.00122086', 'base_alpha_side': '2.08703883', 'base_alpha_neutral': '0.74889878', 'base_loss_gamma': '1.57771129', 'base_loss_smoothing': '0.05866753'}
2026-03-10 20:54:05,622 - INFO - 🥇 [MACRO] Best params saved: src/cloud/base_model/otimizacao/best_params.json
2026-03-10 20:54:05,671 - INFO - 🏆 [DIR]   Best trial: 92 | F1 Dir: 0.22516589
2026-03-10 20:54:05,672 - INFO - 🏆 [DIR]   Best params: {'tcn_channels': 128, 'lstm_hidden': 128, 'num_lstm_layers': 3, 'batch_size': 128, 'dropout': '0.56962843', 'seq_len': 96, 'lr': '0.00004284', 'weight_decay': '0.00045580', 'base_alpha_side': '2.64323518', 'base_alpha_neutral': '0.61950311', 'base_loss_gamma': '1.14053649', 'base_loss_smoothing': '0.01649537'}
2026-03-10 20:54:05,692 - INFO - 🏆 [DIR]   Best params saved: src/cloud/base_model/otimizacao/best_dir_params.json
2026-03-10 20:54:05,693 - INFO - ============================================================
2026-03-10 20:54:05,693 - INFO - ✅ Optuna Foundation Training completed. Orchestration is now handled by run_manager.py
2026-03-10 20:54:05,693 - INFO - ============================================================
